bit_length, total_bits, random_multiplier, rhs_projection_ell
19,231,455512,62345798092640338250509977934475881131541839907593387691097790551087155630269
19,231,354173,84733063026611476611313820825683352422096024827324136452504129119729935471801
19,231,336437,53273066567998400848936725903329654264515674281847283721669093757875405054215
19,231,474377,7644701155216228083626801152287517932150170868438579013929807363053823927572
19,231,460544,14202756707244146316283060998175640779185631327048705399159722496387788840295
19,231,480496,91291371750159038155169078671491457679282903690182271142936039876924387851414
19,231,521704,47766166093548986398689377091581011496166872383610826141493947786087871947244
19,231,292824,80184390582587169361029120837915057466497303599224882626060015926199298315679
19,231,446558,44083017680136976101813965657591778469976094764621094393677235669947328374017
19,231,417748,60413798757670003338864005369710806880838715318105359174423327003680566716243
19,231,458510,65306392854684684255112948035327641452139643916753286319876604657768799630918
19,231,278115,29913974356133211915744278236394798557490288632994345482276035293591082496366
19,231,378702,58687339843691166213505100752993532314518039581518935513367363835261233786485
19,231,436740,101574938195539548734074853551474589959559081314799285635434498478943636177094
19,231,447111,3086907039185882485679799662833095371325304001973743929860264096120507296878
19,231,376562,65269284824240629516942725269892002322004675670535410165451931319328190459972
19,231,524257,75854653370683500746325824602914176365643095454720652288355337983662433924581
19,231,313668,97197180737622264381434251226413335439545446066103964864875712975094055963836
19,231,408749,94631326882893360917136052299626604938175160136989607372851310170567876289996
19,231,447799,95935739704382644174003176941640927112036605240560042782143292367094773728749
19,231,334708,112931375064156228155058702568544440972401715491230402858234796482530134274392
19,231,285661,78113960260493676062790231138500599262277765643539266537720016465549496185705
19,231,264031,41804278030980184718544078418804134495001462945528699704200620152118381020194
19,231,489218,2756174593476702162864767101044877469760845338281133248715926680442630275484
19,231,399538,52605593573820161874976020978817701121724690552967684430141142575344669396366
19,231,423434,33979247721763169739358611207605063966334495084381451801864939752882444076071
19,231,399776,48094663627175466719942430411842210583589705260468152217824287114371989949249
19,231,464492,67488566158630900515099879237642152991553475852519805265998911869049423872959
19,231,490311,78408857716375438261749503186149469812901625554209881504824161414593487530416
19,231,475463,43445387401025354991966496027710864739361310626899197115266672169405713288664
19,231,303704,78477800810758091131538374483059153727195933302786466800755002257464046535326
19,231,292795,6676714568755846631551353160700504118257714074717542529181991825843824509775
19,231,486422,88146916652204408110343666951432308455521025657890828787482013465983935449145
19,231,266890,2107160073118626680521559263814842328118707820629884832905809882921528575892
19,231,374481,29748338837369098782912890874505073125085720276557074140202372164182295067099
19,231,309833,39538950732115548957907460444776970321037759631979258762793666448275554243805
19,231,515177,77020258734068700369429319495304764930606822048353592811332185389823916593822
19,231,266452,3790010194907333535241382627389849586940158140084644832330914380270084095917
19,231,323341,77990329499258728720100745483655433880544349080873315189778927642587193290284
19,231,372147,62377119867797679678974886440702821964941990275213914640605972201959664440977
19,231,415871,101440240019611878703897331851902623927536770261821408230579533530822529862959
19,231,314208,25891390771792288336304942046149458784047837867999364323723028344226223227194
19,231,368110,3158872837957796809015955567800930073890342215642449750122686792409511487524
19,231,440050,6529035895594132153481506016626383988445209408831006116799372544953402788857
19,231,392464,24151114067491636153468831215812352002589462552658316426329385220684198155836
19,231,476415,6560555585863415399975763477215126431577784114427685350938295597658390513425
19,231,377822,44737010633195461547667152195351879476940859570187420191837980614298587900240
19,231,460138,80352068728319611247480484892278632010236391489778424187692848332760225987236
19,231,369013,100861288772637173793234905296025080666521948083892864546576693662456411263084
19,231,294643,57609956986066791838627311931171192988680137680206533159577767661535642709149
19,231,444658,26806730472464547288435472490549768615415225836546093024042348839373442865486
19,231,343052,29928239464647390348629361611900923798915921579988650015194060756652324933869
19,231,286478,28472114227300392179804538560609914955386335414859070267223874848241325287769
19,231,287348,89543686068421750969843479112068531892833073602319492663563443772583996140872
19,231,344675,1384489983638842687694255355756745523215501325621986593278201550652994487186
19,231,443474,28948460918348101196508173432290609146234701887522295815576802339455358679094
19,231,336552,33473565684031205650588194199321299949567928741106550712469251739592589842042
19,231,518886,1631130420991213796618984675730610388324860570751104484102027859223547361438
19,231,463256,23430842428690898376841639253501913150276050491222571153388939006365455119684
19,231,447149,81063711560910417680336618843257173050505883068672064325296702132499125956339
19,231,291931,77455937148393289396282082851299103741616708255904548507752722039592580551592
19,231,277480,77783876003621112047440555782027507396837748280765365277963492108952097656834
19,231,422382,113768124204111630037278040758070314331962959939374779370849846989180857327985
19,231,303815,11085803461644781101477248069954484555138150657737005229263966925845546708915
19,231,465597,48112201425380552347855016299382996174946071941398213249757358160584769017305
19,231,471693,107777804577386631346106522266725186601282857268243358190755646228005612665677
19,231,519155,106796225699830911458563207756191498656084916740973333952966995661143849205464
19,231,271313,63876361606794761437223520621557054120579902859963609925236076034258349522270
19,231,459523,114043444931089988995391578830824739385704388401811380193276088665780336289081
19,231,305734,27277475328430746905688097848247936784634200621661605168494220177737883319110
19,231,313527,72645131106345370035739483022405146637043671238720321394154958579055955103076
19,231,383668,103895770578385172412672313389238753610292466562539058116197421528133223067445
19,231,317576,94389128536970933913138005698348642825599746985089390874067719078983823170349
19,231,356600,101444937768963741631965142040241015433844128038542000817133914862932739962993
19,231,476643,67983799108532396655338784926062341373228873718298120369834136018450223040234
19,231,440527,41861016529233061939453651580842172086488837856267478345136590176258316475141
19,231,303989,33542833802978519330338112298228944546532886736696697540091073772719923304981
19,231,320928,106578917979409076980105390049621205436797033734650717173599865167960288826684
19,231,399471,42749093829541372612345782303938550383877911602502193496202605058835046306157
19,231,458815,61748060611675364386174856320282345703422961164270627169334444708181347204652
19,231,324987,46122596364804765612392566285452169679906812336639546160035921376150536401437
19,231,415638,8091043963612243291407680069249202781026323967043549980278083370455493307363
19,231,467687,101866293749066748213201514633593499882919895518774652512969269781290983574270
19,231,440059,68026454542917515883617384984107031585742400427692415808424965656652706416460
19,231,521050,35620495565483570251296229766892027308523271841481460130931455421631545246493
19,231,333200,68656621326697610061072746042779692137334594656511007818588885802712244528747
19,231,411463,2478274330554331944270991830173197899777844051451623790468703024305031654293
19,231,503641,106210952722800949266029474406912809176173299300825293716518645915862279457895
19,231,411113,94647415984940931166048772329289640545464747466725006784615867083062264074508
19,231,404109,47225759098587733310232115007827570087677691003295470447258984039664928423813
19,231,508101,112769040346346707247773293197272559114112503883673229532244360024284723078870
19,231,422510,49822606010437653324773601401484557312122420153848174338792361402843522858171
19,231,302485,8423763583077964820404355990399425014160507036138822927935056701739574472808
19,231,443466,37325379154227192353617394852365705281295925212483806929342617953479056564966
19,231,388811,102218317663612570937446729941166346096612693817005136117931231601716647555557
19,231,451692,108304138564113349034705430428303778339090722438136904677513238664321005881834
19,231,270910,18564764747957675856553195216530572783972888939235936121966420866297278795683
19,231,518898,51376326149029370505840489848392768107774659188825722286712888957898958210764
19,231,322968,24126137920484028747742775039295976679165004451189858708293734510758088159297
19,231,367412,82730296318354099060788695738934991636316119237866545686261862797871372630848
19,231,377138,115260468049674375319091255692682204313878333141431189101422001174368800119110
19,231,274630,114254312900747292947864575347621167294058183196497825275873628870350731142782
19,231,496746,96649271045669670082850423320456570785537618917252562718190148933439981421371
19,231,503241,85653550056399861263445162637333728487731444599788297825174372038362642073781
19,231,463656,15866323838992419172239627845983531574120938490892555274711556028040017700601
19,231,479400,55255831647698906248225174996441722671240580182234955403685683248326290534512
19,231,481341,33247402739600871514592864911376302294072134244120588000724458031694637225864
19,231,355494,51698381356770004379377121134194652959878293856886604824526993406604604160471
19,231,288344,50872251356359928156306343341351414528259760967281509222316330305349291584138
19,231,290600,111766123259296752359688071994039988308241977250279847057433152625230352839526
19,231,515239,105851153900767731523568382889200663453808085460078115196964852725143413061831
19,231,456300,75065671586288060373960073402833851081170823253343924070684330617171758098908
19,231,472449,106188119718740180788744798586395424042071275095045614893482070414081432669985
19,231,500910,56341296385271841679962722289759100856414015198656025028512535301390668295113
19,231,447135,1237936283755916886858915287988536423304107442291591861236869078400352000404
19,231,496337,59665644091173535317092994659928997265073474811957344254308281090190396235013
19,231,371519,107119055244140692663402110826068893099747594420196115197419048169534055210109
19,231,323613,12398865252150655085607060045859641719141128510394179433101546433588241006740
19,231,504894,1150674977308483463052075892660709660485079268507670891697376270843659654406
19,231,419490,114312486826020190687454646088770146650283604951645800679588094680034590190762
19,231,358172,68871578495689371575358158428455087097408207356265790967834948841779701006055
19,231,311180,78132268915743973461706557094230453505447733327808707508111813389992428571710
19,231,506167,10211856169158904254102374944110556237359028591058016098304788408602175503723
19,231,325167,11136617788629324416002973360828035406101631822174118884514776568004841686592
19,231,285497,75647072075197335996532165963299413220896604126022038709136256393974789814689
19,231,437951,65493756849150598319523002079487974082348312703741995910811957766534274750349
19,231,323731,4722987612215696404997094346734138829715137747277480330763323655688921591083
19,231,421116,99381237350188505665781754424490008450523514058078404566594546406559961216440
19,231,321401,92415298102294269118192585961149016050219356476018663079986207596892737643726
19,231,490455,68644962874042050552840926949782831108971480360783653334648805606385366254438
19,231,375805,17645160256732167628490604658625954611936411763314229960749292082169212603180
19,231,334019,102250070482488851952492588834039414714710082327766628058507625757882145196881
19,231,454912,94668113607568489503297130407650827111864798055630748443106678093936732021117
19,231,519151,22251694598173016200201008034387633550452043300657765371234251963891057944959
19,231,287726,67710669790098892004612471014158395166283877961287144301924677056509083532281
19,231,481826,102669473590006391547211560860528738726978041434376956137059491874811366082559
19,231,369055,61268249981833240436734201642954564402075839270532976808714726390459629672386
19,231,303486,67316248370654900297594414033794108551541394161874948649489210531312715871230
19,231,511902,90032729175757971414089288635678516389774792258806021681658731686986766395182
19,231,359635,50729881792222259366909518358604850302142512217214575955175290554042626491550
19,231,371137,84079084374881905390837576553419031469015209413501680541657459894870041206981
19,231,505002,59943479957696423075641604686642270290980230983073806410773800983709073738231
19,231,311186,32831272347816320605551599381241869176610625158936192395147107167351515772050
19,231,288791,13073168295018366904639378683399556784743585550366477408871326660356656136879
19,231,316130,100608850604919728538566480097086072683755828568111399004758410257107233529081
19,231,457285,87850584206355676182946078542289689509342767886423738220011771019507005233455
19,231,435169,25758271194578984194383641749392073400346525579273290187489167111256481439834
19,231,399367,53199923174910722981953636667185886428321204589073480420223250713979414589063
19,231,459109,14178917461129761125089685345255273044233887287650480720353883255193897671533
19,231,446475,77675444093832481576861904796977314071977347942924612940305977446849945653973
19,231,300177,11963410217565892712277109686535763387817764310197665766105153170437073271904
19,231,418485,91777941883923930609657556020865465792101038613903218629402237989712798291870
19,231,460840,80943391459011886220888058461898238063767287832749480441171813452253615921085
19,231,316536,94990842142794661971523638040121462823671092840723934916230197385239467103877
19,231,382733,25869741471498200922418207417971091967271945004274332366471859472940458173451
19,231,280789,80916173645584475938345170878133562234549431318100152515306633688154711051243
19,231,409204,105230535121818535287446888027742716658258982761865988289249350259702781416394
19,231,465737,41704152762903787984669957818548873225824167845273621372164441149095862877565
19,231,279142,36693490838849928054701224557118160295395324829676782566536727549205373416018
19,231,501086,42685368642745865873051922310920897434466444479784492615978267719290256900651
19,231,399651,71265267719613699910721387234026128125937245234781167002129297921646485818114
19,231,419608,50219288258846079118778670737107778785415845392977553044922578305171660629451
19,231,387202,103587459372342769990426167995616962502377077400014241706963578139212184566331
19,231,306095,16319929404585003521117930980524433309196847728183504134288806485769416593805
19,231,476688,9308826067705185268036220796005789359681041553009666258894398687984950792596
19,231,288972,77317575058893545015505518093933308808948205895988437678967191181606214096539
19,231,482302,13740670032287325467381809145308852077044904396172637425604654802987464718506
19,231,303739,77569768102491295015046799061850741927391812124047244871008846235723675643205
19,231,393304,88263943794620305837309708562132885326432321672213051198754532802755712940032
19,231,389255,68861754312635950607501300867803237000829281071163046175369112744223241073054
19,231,298192,41568438156551335877316677398796020595146703397914501241862543670039881369408
19,231,434357,62539298498660869480195508167568233845180438737671179743421808018742652134871
19,231,361954,68051923179604474512993437354825822474613204620253107389769166458667011811015
19,231,367849,99070632793982544118933252547288485598321776183115730855412168340220911907166
19,231,346278,6719460155255440407443351976028100172023502914960226777406943052386983839235
19,231,341662,27826450114682250022332776026034635229146904548129653754199026559806600605197
19,231,370446,60363030281050597935275679193414619454095796307326601825534100140896756930873
19,231,337941,97997704817294803609671842864031935662423215703648128829795696488577250297601
19,231,481954,10511909202784252797750471887867562040993171976930397558705260011242595968828
19,231,418658,99311606891457431805349757200131700527393885031299140094292577214852191264982
19,231,406563,31822925674662302823752465010790541378802938352025006377440467494914915794499
19,231,517605,30964115863585003889712415449244408925579665341441994878185872169364757203514
19,231,320116,45527164511208150685266822883664251931247863446474853387722567639125127356849
19,231,461174,42755379250675108123920513306409002061888009764585116367884014414101863605673
19,231,427329,7152772951986727801710194468060915638961077912274499353922834046543333617162
19,231,476675,88541759642403633373015710708766008186452378868911919218558806572438932821478
19,231,303020,7276437149710351945724379450776098751377499047697074422869210781882557144880
19,231,428584,105026894760032050491855411696998098575761842920397726474815779834335892824001
19,231,456077,72979566084888769138108358099341214662853375835994410057737878604225543035549
19,231,325582,77662290623882657458217949088850391143363210967199864053080161251467616124867
19,231,393943,101511478450346508801463426862024665542940278442830355837733856608266255911645
19,231,268564,44261271343635812352190418854889667052279704430015319126382713859124787582063
19,231,341481,69921540942986086325902653548997038723309157407783724851600925696428198043420
19,231,322503,56745921294557141476549313346159905258247462393814603047406664357237902121961
19,231,384884,1008900601882968233362408819338983987276986786835378405089732147521377395354
19,231,279145,83199859500923979452480320641754356957066663890906568741003553729610178988558
19,231,285404,25008007041787748077389195771162500966893596379672229699674443374075754885109
19,231,518528,34595898396049402700550397699687915953516597649610874028296967211294487258408
19,231,503527,41946892540254265595443226935625202575738284403030997537896994428126210519504
19,231,402275,16740249488206792134224321971942475364472752716209988205117891396183363743954
19,231,348148,17236559383607472904228659417773115686416743491667709921199258749163567602587
19,231,360318,6167614630625456594029246312509803797515976318477879227658197046170725325256
19,231,370029,60904235258056284713248037070047415267288120898590769471970346989475093136798
19,231,284386,62359925268032463697427401647981982261235110861529934116223997102054027126844
19,231,495850,24403324518766976707723952221382878802301841781702451895851165213417414895852
19,231,339516,80528017534271681762181003531048625760386329982410493510770992665845665267520
19,231,408563,45673978387491234037038989252172185592387751546676044077569846704946064841636
19,231,333372,23615419066369249821522026864121933326933190470241772336600786528434482799487
19,231,300801,84188359640859168369390802175563459926773913731324204465069917173485266914163
19,231,461624,35027398796224655068142929097464589882271910840808972932255674374153558575085
19,231,338014,21328762503254863991495104899017916063869423244172204537901552459224341921891
19,231,398196,43917264009273581014852552095777036371509845440622008704608888497119948007850
19,231,419401,48139968795279266807198444167067636556487161563999179058314204494961519086639
19,231,327854,21435327740971369282612220625988225018158901819323497149626694392347540550409
19,231,377352,79885675513560965376308414058501136014062862774234294495579483541688718250128
19,231,454606,108334849686695104344436514188920021494935682803530160865569591945464221494427
19,231,306292,63301172021144167664599302944958398610632887237740646697412804708741696213542
19,231,264104,43744282957266187214064131903791725066158908453154048366570845026658545086381
19,231,444082,32096007519369173628389367255130973367807504343516208512358526832546471016677
19,231,294861,83323108148492374826578591607125081983820103744710675798256156641855044453146
19,231,325785,32454139672043209906297407750578689246144705012309010706656393596895305452937
19,231,282253,1361548615648817080632290723926956818739152701738985654711604711057132240996
19,231,415951,73336039745096706821358103686548195818426270737170242513244200475672259297397
19,231,451534,96809588051004505849003280926944261817750676732228752344201888426209628656658
19,231,333329,62263589826814102566127467779359087625642116176260624102052881540167769456100
19,231,461006,74856264745070164634822758884638454219697909967523133942167049961269688551439
19,231,414709,51995087095594543935872117328036717794869326568261527332254623668746235876225
19,231,363014,72404839639801460962131281000511830071332919128457756947977832073894740537638
19,231,371066,92130668924330187614577169288897519307847032609339848160499920445881628925608
19,231,375475,57949826202985098988605916011960206301980575952288842424816878373216014781877
19,231,445821,35919430783633420600495210158036852203100675016974400805468953324276305807160
19,231,397291,112195629217877324452538980556992057490350190490342206537223759112678115812399
19,231,419235,102416961219756909607201381166885610603578686694596519660783270894752006533936
19,231,505987,12105970178629659284713961406014961968052658743017695701974491900585372956168
19,231,483917,113876184132398658935975882131967565476725450179879741495861302830228180419849
19,231,366188,55585994548912603705531053123604968120056786736491090642617888554032271572177
19,231,287328,66018478844553915689339817598939009121138993338228212033111752043683425952537
19,231,522660,110231461805978887136417359882610846296998792716425672178243717376406846790087
19,231,508911,66694948360065152624488576685089175859358803766927561312243781611100275531659
19,231,509964,90674388717194036137053447001425522068154574376038188790945455697911189109436
19,231,295578,34906869947319235112303473583357855020193720835941416661390934005026687376542
19,231,434085,44173506451243729870922455133879315522638428936166732224979296155873978952954
19,231,414187,36332629451273588735696908089238413882174583451361257375306545916178943379837
19,231,357787,29885154104336800261259842511107382401298514859318605900487900974336797804849
19,231,265299,31401701942692523197629852140285927462311362469336347341485767324236627920305
19,231,410757,28328469536816490775130528983992608280972472581581770703630877017419529887969
19,231,304434,59321700695377591819778468495188095401820137222484466071112010890425668761711
19,231,270937,33964338046042838038346151839096682168680080618421015082043624249693556167994
19,231,481004,15429806316808424902752683122469086729140418214303097622688523755334663065781
19,231,387840,22941926862542267129788781624036425231526465260660487431015482806196956102575
19,231,307235,84934770801277630580430727296497308700601536176794367061477804347052381510106
19,231,289426,94861341698634894545563817886480148665144061087864453184066068494299961199869
19,231,428712,90472385642836021060720907042490984345586316921130367569451703033447230375662
19,231,428099,75794019785790696813377413736604968922884977545184461198821989540484050077051
19,231,282665,6790449669615532606471596862322254432702085781376485556281113945083199254626
19,231,497878,4117384012409577341788295512499839354087801078888199631606644828679755912930
19,231,501396,106898352608458766364843438757674345518768483557982211524403619053460216539799
19,231,515088,30440414259708681017950829434105270382751353952844695935157602017481307180816
19,231,362722,86610333676767649862848965091442375142091202763736414741509259330944285739126
19,231,472613,36564306159461681573526213145579207239057158458462606350788265283265974035399
19,231,417073,43456069671047649932218581678367198438813463491879712485829735626170295727896
19,231,478649,100908424298642643374765690981937934574268095470879543433297975585575917505023
19,231,479630,7619873333375393393381668217889136093910055497920384813506916361538808565112
19,231,296276,28666988562414036786696559638622701842765017592526808038913139181716361102712
19,231,477725,37507530830136779286412270800735232741626419152798633282568576037354731784517
19,231,392556,59633172428409276364526023619574832929445757772160356033787715724720475774711
19,231,334826,47933813735369520428444350928281596855853693412646895699301111779635528860000
19,231,500948,3367032453267637969549401360243237331961207139728970334839640097304712904137
19,231,335750,83384333567161785084902055304410979936952303736990234661427542912630397059791
19,231,479087,13528333833733091828706262126098497130747006471082937236935834393699128903
19,231,509193,61837365945164919560984496432028925160254413878080527380773591047343505996527
19,231,468040,94654370351526681841660720503724516931564033603240727441269238745044218588660
19,231,482158,41073301935978486869961588303888645562781259265669963440247326719091077955945
19,231,329028,34923230572599275918507833102939743601027658018482441687945755060336899346673
19,231,380733,19787038303688299299688862048094814670490014393822264659898246822267311775638
19,231,341907,72273788654915946101584471912536294086211872910508506647796119609664682622381
19,231,292320,31924632157959941832078989703395876059238915213241596159184968232905521441768
19,231,326112,3306885197901545173279321217885848342236932784929887233849904376203654844361
19,231,281255,88521789358454721665446015911181100484288598239168057875913213476042756837509
19,231,333915,17084017973326344414509147357647955094385915587174895863961776838761297125649
19,231,339054,38025434575326746461903130567467151959327580878211248951572377397624280975802
19,231,440282,63984656080886827514132106589125778315952005960012827209189183277500867329911
19,231,429069,17740577780686793814990753648838525461621245679363338396252470808836670982331
19,231,262855,57044060758164064501404684382919391054015394628775897252370947847690126914329
19,231,272726,5259076734007286453491682934167681356873447450683265691653190568669059672822
19,231,422281,19457967443496142455679324080539981099440144320864465193856193985854434415948
19,231,285636,77551264010917363091379190489539297326205284131424945568794281215869567272709
19,231,391243,26521674494608582600057161743591699867593917522807833319996658031626449271273
19,231,302731,11729391635539591432145247153548274522178205731993819682606071355829544350551
19,231,322319,99116554631990551185139830058196073639676731594711263419215117872220631417959
19,231,427394,62327944646672142388100277984576398501026869921745067660773834156505488642103
19,231,476454,38818591644222977250707541542719726963425101612368228728745698738150720936390
19,231,459687,47178518735010411275506409690832838797687143547487079433296949035693763703313
19,231,371237,17118628029718947915166399512384387324474257984903763830372286146298878155307
19,231,467795,69504158926827526576518138460984746802262694192856806100538709218884212941732
19,231,296377,111173163179768700954627247281031596227624652376722081417268014210749019320804
19,231,409388,1651644378003630838825782419559723409571424296673915093088422030185045232357
19,231,351282,32020766989341053594663784359814953775762552453149582117566571672844646465183
19,231,371492,78042689822327285875108445027885229704970401159193491738595667360930548020166
19,231,486021,17584660479482404738384196887009835865653220015625920113890722800137770109187
19,231,524077,28257181927297538035469686743906954482195267791420124820220567761071690253872
19,231,392729,11531492399206951079734859747841257258645056704816600816991217375998682140558
19,231,447428,92061145442759097635865649392404896790669743577897722332183245051570799544501
19,231,363270,64065019766037853739740717864627388559387205613862264534887153855469790377393
19,231,466948,87146998758966840226267011012351790061977718652115352887794915006438865124414
19,231,326493,2147229541816792495455469794219952831288001413429120393261949527388524329176
19,231,432280,112177201028159996178066051700107684969920268927942998641467950709957626028671
19,231,333641,95526587655581967568821473644513917710895410198350888449232820868584040298436
19,231,433766,111330757117710335982126249018607005768194612050924806497929715175766895903365
19,231,492624,99203830540070883308147793985557609025867297995518626989539922889997748304881
19,231,458859,19496421605418444385070230663461921177292130074560534836662659678755029784619
19,231,422106,89387521725323481917884873545390832439835066640736684258839748316789544226948
19,231,358431,1194261065335711977463848021694059756198990485195835392931649645141418252749
19,231,280308,73477489550210384924048589335401661182745281071491132290103423118692906279959
19,231,288359,110382816776313390449598277266159901888322396773050229930554551292358157919859
19,231,477305,111830742237524590650659857809264213047423050773300979338014455666099827545938
19,231,353776,31025668506190903670325717450964422554524983248850443872283750534529127892556
19,231,514705,7057596911534895919506537670449260395347214301006310206166462961705709988809
19,231,412839,107316722313690581323110366351331807612058634053800088831273783293537541812192
19,231,321894,19833510009811782019700054192931908294921423292968075665330965430375326142189
19,231,318239,680732130879136609955609749256819625932010101233668883368809839936825499804
19,231,267801,104486475423217451910376159246109405909245379152572071494955670613610075139440
19,231,440582,114924190824424757068605024365099902517489415616111893468062136712005608734922
19,231,383852,10194923789030140876358034819551220859049323066397568703491233403618778207856
19,231,282257,1505702777487887769406723487126345883477957035412399573166222259219640045187
19,231,282552,111442693900281604307728379200032404097265368536425523403897182315166554402322
19,231,385641,42754402692812590624091370927853862992782336117697162310238752923437995210102
19,231,513061,45776293862031087539469275542480144502049623355221745728074531198241444561178
19,231,366309,40173807224390382087210824940904879527343369859994737145025478283024246804184
19,231,464131,80158919930141025050775994434123034093157429463813786630086288681994229248593
19,231,507469,94452896897145916155789656713195129312092017397896992656742986572194082856926
19,231,405523,70254875938980579982735344497205730513886978198192068271868468043196612481663
19,231,365920,99659171116046225305175362835456298594305453039765472595045080092406051065261
19,231,368347,107962864355803316818746094286921611350730128238102110793127817760274112663369
19,231,390119,78394924689721759057164508587008039129680846264115308904738499005463825818165
19,231,345573,18104916970504144182091603878939140829058307395384971592021463923890127401514
19,231,397821,113048758263269614941267007239011375337884991346916651058875340510725765331941
19,231,351314,12083423899689947822612240536029944199339760566912998479553136145150444259323
19,231,399581,65610489130710736683448049221936222228924593187240080684698599410537494398289
19,231,499062,112398415865669154599695800753085276601115368802974094618247757548365859063390
19,231,402134,23178258787928047083748526341755953428301170834039272304303379048836100982060
19,231,283167,107184729601344157315193549123316977983941335824639408451883248021043436073411
19,231,501638,50650871602135644429932057528946764267916016166281226958134878427135641321943
19,231,274329,25832796350956521866775043011028993655324001317587048119866203436178113023205
19,231,506801,26525695487058483065697016319520668345442025257193724262365801769250065087613
19,231,337034,46109183789780103876795634325723507418597409888348112027227847061661146119700
19,231,333674,58044178505839167704628392928369122265220047486389583860146102289890730717028
19,231,482313,73793057954223986623848549331653632923185421833613915683641128652888384172129
19,231,353662,79581863336445811235475665144829635630858101393027366278027132000594957458544
19,231,371271,55409336631161854048569768028376537659535708957452000748555510100303124811219
19,231,435244,463882032884343302453040745922913338892863830130613897432335681544106817945
19,231,408872,101746805691361355899459552474678255538945042063548542623262665188261938559033
19,231,429982,13114548816849043211457220636953427300126425888816633721786025610445824508958
19,231,402083,26551436762856366796997762675167011240823041877003034879326476998690946064985
19,231,265672,57402725220902119921011377458128584897163576454172200536901078409626464760448
19,231,269813,6354922946284221847068384536313708428109995034297033379490370831353397398445
19,231,304999,27893828135859777453271643384468981410591525854454246492445423712879124473243
19,231,315039,48041275208804031642357040764602251054833842200062593568301369831515065220761
19,231,390603,105491731853483195416441110150937556104247781064256639515634486596017848189839
19,231,504982,36936456852696760321853518717592243484005137633872086293446917208782036885674
19,231,318113,109624198069866239274185694357731525957031707117173288619800951976157436496488
19,231,439479,15380419828499845990426390626366246222134167574597102075793004475867073424931
19,231,439474,64854721100030885865676750578852086516669950741703841733921174393804601387025
19,231,477858,88797070473613370149882499216437478083058231474243259602917344667086711829154
19,231,482142,66507408286895909115617930446941378434490311988554709734790596449672922651455
19,231,415977,82625041655354619925095516204490040403847970806978087149011946692994762263772
19,231,462362,53709580022837470308605342047441203672158712319593078285523974071931264825394
19,231,459870,71797556499068781300285048851358068992383296385287781531549974163669313079818
19,231,519837,106235708095470806926482196002087665681081398314635964440846317359361573250370
19,231,276234,91555893074659415157343978276657377096869133121461484478755343072907452398349
19,231,522366,98893959684081550437545333222846427970737232353247363685411999857661152544349
19,231,517036,87725410593856398209008307111918127850204336400778406441021952652873219353432
19,231,401272,51806015277864153729234633875459496584663570079385122263396606905035544944372
19,231,312741,48732415359682417581303036477426716297732544672817526822941641642749293040694
19,231,381345,50678616557996729526342247462962483014843561891889660677055466239520619045648
19,231,380505,62644666533894905909194566076127628144475612826910628172712643389006431783760
19,231,448612,34830035381745395564700849554371146668933539196624965559990861609535234134808
19,231,289830,53818962755787778312762586303889487706821357968518738030559365308704963201253
19,231,325704,27037977279775483016421897617060631919725500257254624360471101814926475058921
19,231,472012,96458620535084106125216869220447934213431457466476534211356126115522082238935
19,231,436490,2851343425564414325850802387807182145810322988362479381398102872231547659034
19,231,377857,74175673940021795530124792714559963988808566728262977508875267489740059289247
19,231,514679,54291371805633293846847537973381148277569621585522239312905428640562498742030
19,231,290727,49093411584686868883164852175696182798986142813969201348604421470686968712821
19,231,454471,80848619433277687184287344960324344307584546005456666283762932616588266826404
19,231,479897,82279203988156163946214255624395518304376248706307029556502483064596886405530
19,231,265043,86125087097582380758400621780957205320154645851479154783569779798175460329417
19,231,472622,24379868444563499439214217805920838134710418118567652252840748710279534577219
19,231,382219,1313505361052367778379450333143297692932964311510447669730471704224845909972
19,231,394509,91397142243373292032624561193707049977080244761015379954179503046007827043091
19,231,430361,31675275108383392837561476771690140060687778883279786866191246324790108814901
19,231,356497,36856434129778586899721006994443594467241362582074327439455501576482946132884
19,231,481275,112231075833710549194843691948731260074635866679739260646445399317373982056896
19,231,290975,104709855719978112650279367834850630574243295096008589700350281159473100708508
19,231,473762,110889400959351369569374988200135572008635720118824503729760349748718087526988
19,231,388870,4405330758829805818150022419277009864531295846831231896683440280282768772910
19,231,382432,106727281520463344162063416809981652576636540301031633027814543359698479709493
19,231,395833,52615276079196890883305898853907768555838890919339125929826994256287858088160
19,231,491844,21342225715582307846888802790107615011774212034284043714028833935832123055289
19,231,460586,81804972563041224408988474338231945874518723182493925362835216083608215445238
19,231,291624,74837369875448596415356248739833529858462014065444093304626761632455085406901
19,231,492579,5103100834017383356074525232641937757861269661745806649631738948395397763948
19,231,274445,57451280985135830634597141114887720449816362663368286203463764985977613718532
19,231,347044,73238508164011833798971526667902366167430539828643642418274800840940636496050
19,231,350980,8223825996752549864823845993268721788851148022112528440626266202744167417832
19,231,282149,51623457509391359487470111202415485000350393722697580913939844725990324228079
19,231,428809,12316267332857265569380194829283502362033218979631866319554494496725150332751
19,231,464144,71558446111026791398216491113514201887525780516798611758329088520212188277292
19,231,463890,59164353266298683126367882493307048868164168928394747075513894055784541122169
19,231,511568,22224017687001135019752806017356986280096331337269811216177773857854011636355
19,231,435296,75216839238881401825169535053523470467081357329043980485542273275735660298430
19,231,327619,90300879031657761398081746053566920765596627405638383412299913835170011161197
19,231,312018,106978625882244109554408339518933821082748476169784977787122813343923559236116
19,231,354092,95326426563716905637483071302893664535866002256713524885708715576174575371903
19,231,509191,84418937383988723998409826333446028751856116912480423221767655367131345644952
19,231,472429,109491164399209937011836003517254095449010258511569883353839377864105627084224
19,231,377465,37103975799822683551562455482170093293907310841121589852023657321395664487672
19,231,452183,103456999297388013123910494857171383518085893796587266130145821332735299900749
19,231,278132,73826226144648124677475278204166827226462094491981556598392475615700235645409
19,231,388343,72809521377949252645376298797661991637558724445947670720540894223355951322329
19,231,504829,35564986713822647276333968946120666803420768351419155665893294836457810668368
19,231,388700,63677620959528896620036636643400560379744196702657888464033943260923392227600
19,231,509346,39007798272091718874000958887290788738447365854019268612876716553098367525109
19,231,275456,99471483384531563980958789424840165941734758784062745412865347676699965429085
19,231,300151,24538336322166011015271045185376443207061271779599178081086409208199374874490
19,231,354273,46812742136656396510945889240696397571748969553183701583711993845755164992900
19,231,414447,75674401897395889834798839551895901363840687230023811288274495996481608553120
19,231,482306,42131904163081763443227132074774204439696582936940539765756028718556458271741
19,231,339773,15445587841256973585800368495984023053103433251961590577525771283312162895236
19,231,446078,24448717548118806520000443335766435935410527465763751671045337494453890150191
19,231,450278,78561547195911907608147105004549070453265981163958858710659616030241476841088
19,231,394487,61627575019649503257059877707056777650028104499289339761318201978723998888869
19,231,301709,102089644993410707569683297388666881620184553529689597304121425512552966603233
19,231,408426,48255436005840510332332305991315344850720158823954398234195007273916397866596
19,231,289698,11403584650448706599642195366985835927527898780252195685539527810058845886421
19,231,301706,103315087494834368126963755718613585651887107705349403614573749133410605161362
19,231,481089,31330039509076598817127568059970237723183147931529967225141690759050569723391
19,231,506818,16383449462628401255664219478328141613376911737429440191630762068815092929688
19,231,477458,87277679438468529793344861564798007322566299809905703369865164905690345312442
19,231,339986,106789791404324436880823576249129556203608030370622527212831641412083837591288
19,231,324811,100675987618124634061501659202444184790797501375296690848155163018228207713163
19,231,368869,49364759582726876336779269724204234712539282869523939675355392904658468507598
19,231,483477,14656779676977858840965714859317069529177666080316761753453903394674403665836
19,231,381004,92169387843012187858329323881801492966838358901921953083994408983007830262020
19,231,351646,85064873532195699518343285197025531529538325772463783092381152588571769078352
19,231,426766,34312382634730976843939262199334865026341222479971629179465455007236094555775
19,231,362033,73042153659285042867857279893412918140038213389800443772379529388021398681560
19,231,417372,92979312393692066155567758673735287958505904787470870383235018114572280325977
19,231,481775,99060302448303460333699457271374105189004578175227696213105433279423767447433
19,231,290767,27759329774801211343753052232223093349976981387791901647613147177201397858607
19,231,322446,18628485776910527076808799689579418803204252160861192188766667520424684757863
19,231,320683,18196848342572353784799829778254963480465051656598950979196194004048271287005
19,231,461178,110312089529026821287406447034052788273870316737807908584531609450486394968515
19,231,438147,113465433186904278934118232325249560833024760884576269906175955731459619861190
19,231,268220,25502456070231348842549849210105070331846391742095547932359384831604835369704
19,231,491322,102434354311216718591304667541174468018679278158862446473902368305312016328839
19,231,306713,106808676877740035853569151915635025643907114175208409090327488496833092084623
19,231,395656,4782157664005477474543399123675563876048441360055267533948800557613270432743
19,231,383282,79685805133211015760631108904973710460623402545894684865733092791408478536349
19,231,307341,100609908599261447648097282746843649459485099708235080599710945347170192742129
19,231,357147,109741763737264250791866443897408068022935076958634022725889180388219627446265
19,231,428597,87379233716187448714726838459630734705501817860060663146280378188608848731079
19,231,512690,37703193418231320079076014043816030171213137216847142842385869519236732622139
19,231,521384,81001629924805791123844784322188634425258475693062917370095907495796608178480
19,231,443128,33095875891460925772591752862126415823561861139657505732331540036866841511109
19,231,451249,74648985547549399866038235946433468196984752103755692901543772015279743584921
19,231,290548,31487599982530595576731323547531129319535912274615467141241960878145863157838
19,231,439929,99774560542357856417589623148266756982051023252239778534250943558490503068178
19,231,486291,1983227923371720057292125530582011727862590205836278410190697318287551747906
19,231,324383,21238926579689239641795664775603294732110535084278545466274455256906574254261
19,231,446007,73362298872482042982189265194889177660267739770924055587755176919094700699743
19,231,487807,63467375758314394007757972675487756918403132583216042917849697539687035292248
19,231,336173,11625813144699785807007167746565256012145130345244159695024345758064910189102
19,231,497036,74811669659219101789989049876482047737018769946119035459735152493461391000321
19,231,312441,38572023990619834641255632752965453026243939962537338169524433867508783612968
19,231,420520,49370698003571750712752566601866928228089381403005356743353229119272689705280
19,231,425542,28575398295600172391789343213397506039542122322574703361688951321803728417817
19,231,441561,66192659365181221102608839007611781652121240808302906993929522077827221918780
19,231,390628,66547074636582499697332469320449000627578495872884056981242980753486355972679
19,231,378192,113132166303470940705883541885952734635731782315878255682027011203384401039381
19,231,307842,34256349016151490769739626658480853804067787636947369650399639530285282231180
19,231,274621,54710736861636697228846996096115963226228969442898571684752824626102296709816
19,231,524094,99933340393669318811514081746232643833242512148449336426301211110609719156651
19,231,272040,63930494995072283945033438299082199601297062661484573608433946241367952820823
19,231,472400,95455049472815585626744775466265047696457203265731005113376570136413134538758
19,231,483282,71406221915243172682376205982059106690252607640304502195534120579963737595478
19,231,398027,57956701241275897966631029900405926118761928147407926937326594470919889277589
19,231,502847,705444625058754102689337058934838499127306381321514187174741513063375186133
19,231,365280,110225075517112323916602851071211486437912338506077449500992623013176696232511
19,231,395315,10681278712239284501266238781215561868561867594859826132132349464972432496840
19,231,349667,89104340158582745283536013994908662666634737719814806430772731314072785489981
19,231,281112,16391163446370670593480591992104546501410778585860572949729704799992022069905
19,231,331134,88017723850539371216636301754478114043875318037452639059575411356024003755263
19,231,279294,94412969898183703095640557035181584877315795975356841539793127877074887010323
19,231,290736,37710309277083539286377455710529473504536158323810755835823004384266504110736
19,231,389146,62652136722497902195563405310843950430124228666032069856283898086612788686523
19,231,316528,70374164433763550976769208549895444638353563718074996864350905067714984421675
19,231,357620,91865645993407937273225030935627442340767451086680399815771381849871305764028
19,231,318255,91508829707703011017585415731553492414062985858903601769050215842247594195123
19,231,371360,89235843564136623383516489233026145399464452010468929812020014400973651120190
19,231,377514,13288425846412831168590508405136043051671079459837147978429492856190358936770
19,231,330418,59888667454888959109853114301405658990491492195671897845948002948577542162681
19,231,520326,78563421378540186966104451018078364529168427796367961339785768088800833302736
19,231,498297,22993115479678373780536279404434167117686800701256984206978029737824660721140
19,231,366136,92895195168034107815145282859275557930627550838022687509744319197521522761792
19,231,441043,86609986247858153325871316164734740068593633969276679952037746464107547883685
19,231,305426,107120963392053779012162668794621916272813092315153053752699684859253796131222
19,231,281320,69671241604077752561656127426372594196980996531247862999764326886652053397613
19,231,307342,59313826758970196090996525603256243701178501620659776682934045874672650341895
19,231,365158,21084391017101690383673973242694269952472597148106772479133424528961841953721
19,231,287648,81479487870925058493532225359929153390870750878917464114591896011018038207290
19,231,345259,59249702261389377421366542577632249783069907008579051579362589445765966652257
19,231,514114,38175936055171588860190960980708838964848519594032865289829846603755630214882
19,231,366643,8166195050541536926346336728386971106268831246065037277456022278429562518154
19,231,445382,7646265608866364050215316411146298596224903778260404210410431607939372359038
19,231,439485,111483353508305646946454468028640030844007793120482633368166784611892052046427
19,231,387876,48314943643830271084608703615510124888933319327777675153046452474666701463089
19,231,504797,39901348939229559467947899946221042701654219874630601176004797971696479105457
19,231,340232,68221699034882706247977298420112018902235132413578615720737681941748806938767
19,231,430565,99690399644509319332064880651956695045885563341821690944971133647941078845857
19,231,386777,8686149320045795716843475172801741602845038322160514868092244044582501527459
19,231,382570,85411114294968844140866639463811012200710081497941787894815745866212766435069
19,231,472000,73742765284561219235085754414414072680911483150922301228812652800608742711278
19,231,297291,44574193068979621446300766653386089070972276359247928191434033983302894274691
19,231,312554,115323856670710935441076052857114227518109843626215238634527348851452058834827
19,231,348731,34551086922274202387183691926608575337567315488826599965463115593664042549829
19,231,406314,75427141922729614536168421568359896476984975598848222959219543551465044590164
19,231,459688,42536988187878192826020657617640804139849710406421827760226880439361563288647
19,231,350268,57168633526870881453235198743290012002910601744183301455901390007335009873728
19,231,506398,15682328063825339379546890647186953502489607540544638265601070459607770187591
19,231,346023,84865534986020612182952934586276448747034648303051246988243113192811346479589
19,231,299557,106470443569284110961202337985159781815927401948555178461599020093430427468665
19,231,484195,54383309929216387038282492575536187203354967780919501888162993498343871986677
19,231,360340,113898991973176958998915876608342085737926410247087422713302038546949308314641
19,231,445987,49282950893865540629028364315148792140453683661097375204208960909012124310051
19,231,266927,57081955153650981975954756659821886273367898077418744565588326776115205761974
19,231,297439,30099789166733294692975390980456123072345643932457795575153344808027226496279
19,231,372035,32978359828009527959878739378091592137623732278638327971208760275238540029885
19,231,316613,44499815363608338091879595826510135725166100903060493197166017954717068124744
19,231,461714,81438176117803534073119045508793076188729232103907028682100868250643881459442
19,231,414997,36515410045916460271882408972095462189299802927569384365765469852087878172306
19,231,317952,98810914621562856581988022374772807047093872920411517812081477576336154050528
19,231,273944,105704027260331683199051293930170210730287916725242161083971303586583913575394
19,231,408880,65207520255916432623462998716650166093104771272359442739282510964885714940367
19,231,493062,92339767811220276420966871173648387242931618179480694706764970836781684947409
19,231,397596,112153969020924286834432901177397102768405352886060285975737166433058447601832
19,231,419745,59600521589959037562793184867612015261367455309497174547857001615334375102381
19,231,322931,2055859251312848766220343389431187447400138269055397081356928581859412287861
19,231,449455,21630589258029548786872991794575404995566114329343970456715689496411570177108
19,231,269763,93522241104907715223143111949074809599535421552572123049061348635437682283983
19,231,419198,51075437806512125094109531156124550401354315138895235232334966040559527654358
19,231,479261,68866048614710881642853838353492846017795806836669799276550813881622656683537
19,231,415331,73574287084894007904603986526323313310210665167790954051897578640212024289543
19,231,378780,5292971745633239444470088798499784064098790333791691176914802727162507741771
19,231,383133,45476023968144697297828647112799806944687188565549450610869844216160890592920
19,231,409705,44598050679931131479753741716148197973305725405073024537226330855112797531389
19,231,441949,31756513134116234510890760594304961761697311463740315667187243212137477728063
19,231,265494,60496638623925667711216470422645235793039655660368319725919361306567713342506
19,231,365653,25633914480949076138710078726727060738079985935294376749571279827756026641087
19,231,502484,24086519667360272982800203960269546983722611608566960725953363482531102436555
19,231,275158,28520814520793805397826264502962530488509475094729436511866778556736425119149
19,231,300995,68608399038975788389047706871416561935076219490879549760199542250075796768448
19,231,345109,41157569440791321082219493915000809685580592218941407469642441742983996179190
19,231,427648,20116592938830471962860237071656105903614091222525039272017009460741151285198
19,231,392571,91634513907281985619565556218536288398403219181467317249126203413721002972441
19,231,275533,70162238462909072348708391703771185044495611620010334351458134565880052919051
19,231,326234,91740367132584808468117759724278514958237930401664727036693735748623762224505
19,231,368007,265207720688617960196592462543397330159729519615958651279050875854750396729
19,231,313864,31275820098109110899368403103853100191959415237912782007774279307918314719245
19,231,391974,107968526444986937718443248644502594358478128383025556621853210849397954190754
19,231,397884,71079369727355592836758353100903880640694381946209086877586432489285597056233
19,231,316334,4170704699974328046603719204812806190196594130237391640294609899444162778489
19,231,413943,42841981607240801352753502221360777493922156263940093530505162573295425493505
19,231,453579,44124135834127431042964105760661599854190127911512121201043353689538690019890
19,231,493874,14173947211643901278001831269363004422219490833658160528129046887254785244831
19,231,505348,84989453272113928750179256109245871192977446897148600211239591158624958596353
19,231,263792,16755065533496438610294026911087825934323503863884336488890043886159707136338
19,231,417641,80214008191314826407042844360650653520166150991523956202327742976862803794562
19,231,457859,47057709322077145490074622318456765831079141289905461951952893574880836451454
19,231,427364,66804369691247872641883886902066186771470401147504926131801555782299840915602
19,231,268731,24406760359417788890500919765155552046642292594660211648916187378982582485529
19,231,408141,88166985573514831559616412993878194729727535507723679767338205453482473068550
19,231,364896,80071927336193193167585596169701306883454881520765413778785864527910328945156
19,231,350679,85629926524579220530411513030337811065508897794301291742022351801094427894101
19,231,351615,95630766914696638528681774463475726408101353418643180298903893765677355300387
19,231,328776,103941572795240111224280473880118321766700065159372967328180932731176565984671
19,231,470858,112424163468577368246465663481236899336225820513173537662044941333944615094374
19,231,309529,23092143606684690005481625321898842302766586983007917408446329633046374424929
19,231,287542,93647710082904254207982070579052013769863022482144028693706131501358532975530
19,231,316390,100368691205162849611046477705610823848502525155908070352795119100715173431928
19,231,349959,86091480251417888322606206877489080507061673359983239701109078640565156967355
19,231,458296,35505157272683590971941241927030620278883342633729052053251324887713910824945
19,231,357631,46109349174049550911460614625044982602335641902101019397713135980606704405390
19,231,483343,76100072801976689742534317992535757166246462606010193461147797697257383261462
19,231,443643,96494010776569708500204688249728023521421407282459110120638142810137076549304
19,231,448120,104489946973006963865439072338935116549464868433236618412941882289242125897396
19,231,484245,80931531298305415699476113951498067492807726637364095710343979203188092444124
19,231,418038,13435567620503001713039241720276328797898542410034094146588006008237773222841
19,231,520323,68260321861529806620748529374243238595934909644631804414893351068601050658983
19,231,265400,24833890587679651841812341171376789502109865286617931976666590133070379152816
19,231,271203,99205426270523646556552585719696035737029229806871185010635834652116749631024
19,231,304886,15290118199995777089725674742425280758945798132493080463640348271640353917014
19,231,427960,63234831437041693799173179663666711563731968606765783128624427214698925541948
19,231,508320,42780703760664838080809834717386601753797055156095519663175854264725158330834
19,231,351508,63943880964087199647066572365971402769251795329938411789264145459287025565356
19,231,410009,108888102512450295652399148608330822020132212079790514860027600252887044168224
19,231,515955,25004802732454202893211347279673676681373243909822427504459637102231130303262
19,231,315152,99420273524654480323271657238840968216139323771028114005873008037241236013206
19,231,322706,110636937785327261340232356105925217389836861984776858796526355067805770477138
19,231,348882,32140953493478833551117056271425731640015152178093671886333151345417369859811
19,231,485964,105820983478123227397257486928534494890582746920304034966438314018223152912591
19,231,387635,75698521272137723263891186649476550042910143130353254976900934879670946647842
19,231,483326,25305717839676183925979314382277013564068746590807352720868849418414116125513
19,231,398727,60223282146511894623914215875976875262222483922052081894307321379704234220465
19,231,364657,22809518519198231272707204077342123399644968592341777251980626484148108291175
19,231,487102,1421303260232178434796795208458571406932391094042013396912344660085038153268
19,231,420601,56271468029987844046020460080802447975157007377438641554392776701377899900804
19,231,375177,1258604615922342108537764883410555922340636401666416227591615806006267184610
19,231,353084,71022868101492383389520045760039280509762942439343775439138678821608719982074
19,231,463441,52873424058604213012808276953971317361163696347206768136113992311027381902643
19,231,464226,94934169426394841236858820181934654291457273134520713660403926086147281129435
19,231,457436,15830821461858616803930801624327314209672950875981451690933603850962547591310
19,231,420596,59863243608058904829290922479903761103851461262245364928674353142158110643900
19,231,461400,98368750587107742855693838043545806894632145825783638069334228276248637895143
19,231,403778,94222760970480439123876774962790056526127456928272829110294541380457197394555
19,231,324029,72424491526056197265557668888311694354310044672526907033785034698421482945202
19,231,432365,84312954689615903484354093729084224450464616174194816619845468490241200267206
19,231,272693,77429636794898500769846804757183322243204977615971168734892639707542799556220
19,231,402552,77667001754401575671020355743289419102210644621793453226743761933237711544161
19,231,416763,2868616017011035471612017568579280387002877342034337252980996245387300847734
19,231,446680,27749247058084423094914290584445015701025050880822356786570474447654964869550
19,231,270896,4441693593369459383327240718437868719854451186271154599048348959179181449030
19,231,298677,60672997249292362861009125760564876290117429208483783155308904285369746146073
19,231,412395,103309354436124329152425529217842976975283374760109302496764491019281562014874
19,231,367294,31883996667198049536253067970752922559735451223165620500445883560830530418742
19,231,490906,16038965077574337898260169198740567168868619239595951614661841725051406818824
19,231,280599,56705999745876521616234406886516343444101631509908119693857475545542030198241
19,231,282933,22047254570483782029839139768634500704746775328508185236779070359379941773677
19,231,513943,60118752628392733450590401164733818451096736963761804008175558753326399342714
19,231,336716,16631305640946286818956001578134987124537064272293824650399639675280868312501
19,231,467550,9258888151268615917785646421077677665132046499313793036539416165145403745087
19,231,513776,20182214904067266401617532032962766436930479320043100263878723040342455926915
19,231,486523,97368443826318561897915503845731042928703754958444950027604743888058612690768
19,231,337672,42693198714806775208723956201625664946920945960369003298078522526766981689319
19,231,395411,30581805434296521123226320636116575883981990119557647228770568203621958490241
19,231,519374,32879773450906483937636274899279799467952403829500979503877670418577304755295
19,231,303161,27666703268039580704342484627205452764758195893642119084483575932504587005480
19,231,285461,3890565126400237623606234808702705003758972987216528252994098145968201393739
19,231,509193,61837365945164919560984496432028925160254413878080527380773591047343505996527
19,231,521945,35162955529530377663271043255295452985990802565356333418869952453201840214635
19,231,434754,8205061518078884191696073837350808706021838236383182691935793095224834791487
19,231,450602,14242811239250547898652044533529064084512103142161445363379262990245567562665
19,231,449760,70160304386825092671308446057856566352334183507543882152823443799406899020254
19,231,461549,106827770723923982566081736132578857625455327422035779728854345718721843587777
19,231,443828,92948673016035725404471007500696088013218318523012840593225843057442410145288
19,231,378393,8947630395613568587881647038096071226540351208467449753881694574091383559633
19,231,298073,80592213332792269386861089469141601458533240833928431442968066304907466209863
19,231,518569,61391166610095472881657454367856848004780750265797662173382342993367384005294
19,231,364376,20339687792208744377248386909822460905185320115721914067394540040373377070833
19,231,464381,30703585697867593959972274565362572524782684272731487450074759414166707303085
19,231,356821,114803238977337073178035577595003067243631204112291108286884185216882968374050
19,231,458847,85544051901707577176848708676863403150581475478180801513028718614084138378867
19,231,458129,50639587383277732203520593054346083804400848702216342284832838091822283717788
19,231,352395,103943049968022836794399578559206324286603238340350266946071222031258859083674
19,231,323820,19286984636685470122211714971298543135133097940237197840556635625164856819681
19,231,408565,96463844834755591451007146060533509245061894138013321788403453742485668204569
19,231,303187,107816510492714733203833090100877387311415357826260654134085436975357315464762
19,231,483271,60637012904590553006037881738879178895111134301332824261070383996444931679326
19,231,396199,20831886177365942543601359588031204808254329835974591932189241984569488481307
19,231,498419,6730758714627347671463614183532067705629588530469757570040872342719855294848
19,231,281303,46672672365602875675259313392842906777653021052214029158541291052715079851776
19,231,328794,60349208459607903172356695700494953323384655431053693677592093683776600198012
19,231,344188,100017874821074773397238964460448646750051874866286694928201094524806056310681
19,231,377235,66599475493896639936133686655163822056914809074740962632277327554724316750853
19,231,428802,106475727379799063573601886249790957178592204625441299538845945211684750296991
19,231,423645,64941671991041651481086162383034187137531107706644651550168955276894513298394
19,231,268145,32598538720854598422981058287073193516856480491957111672274833445876810395626
19,231,461569,108284190429524148889475106498937475573473533524319789428203265354138079363360
19,231,372493,30227945449286143747380678409825531377247015928359138937119985123142223170984
19,231,397687,55335390592193553970680598936349282104357330341339995861798015087153816588866
19,231,454107,16579465360073168664703860412614673803805090212101373475676465207276403080711
19,231,301932,59562030896830117745052707485166085037960678951970006388559513180039003072401
19,231,268860,88928612347783591177961339198398397078803828577467563464139722806202248862665
19,231,501624,64722547916295665215853549582271438184436168173120679722426657143789157229701
19,231,347479,47042141714685182489653272983129067159303711196560853037067952764729402976652
19,231,277739,4198332032005458043735796243875871993549273353423420755111852883421010716721
19,231,389474,76536460547337015647248605557766982051006717069572566380423761053529707797304
19,231,298246,83576434428253290511017140991346415406604415173403506974155107257906958111720
19,231,363812,36340402683589421098263115095916887437733218200728857033484320240201732141192
19,231,448390,16487049285721682573021488786468358855605607741333557875969980012198434808724
19,231,504914,107648735643188389796761251910471102641271281057960898823573615975840375368828
19,231,306439,51558670926767808958329240747249090881413530988492088111532089898476212762508
19,231,404814,90741878383114853572332490083023016304106318981563986615220432030590812126858
19,231,300756,6914006523856673595109157934497518617778106140513311335488454326431033491966
19,231,501018,93696888365856639732082310531955030748811383517886835956491598790502669947416
19,231,264064,59589803397290964915427659567156732097726849154672326262175399243986094077717
19,231,482141,90317603773713884201858415699069785301588606733988609583267678137852008925477
19,231,511063,77664741478820729330657575964305929709444119230310469412586487236601826346515
19,231,288943,100757162442248142350334008354499968148174611124530350847368855954132535985877
19,231,499617,56738435200188659583506619632939694220693965945154278736248281173195364125212
19,231,451946,77954500720035769250598145306300032723942674847637357505048751321975650917600
19,231,408818,82524619186819745308452161950934052500536947227925940615461442186316453162181
19,231,297907,74146683878712333042376596615894370476857920672952300636031789491537970656969
19,231,423972,58829244451851904353995592127083892827796283378759959548938027646838267716048
19,231,338805,1740287009699791183274995665410487214627744511816567716680819219589361811425
19,231,336179,18836435563663362535678168066903242093309626644398807075742037753491508846851
19,231,359019,7006021647618849819769321442523591858228309627443604282788560967364655631468
19,231,489063,19710006741539785728170371364086083119327373246502457149327713235160204755523
19,231,323869,92452326156192316446896422401798127100069677390254486187293137317047742236153
19,231,272699,72452162731298320676642667564639361637064677109059851984548531402782920722305
19,231,516426,8034365780448480540183477665499744183399934058044876960448982652452759881344
19,231,292186,93741624985826781248489662934493785607714317113395980398764868330394645695512
19,231,435365,46505085819942492151479481443929869585735574539331850199602941360335074602795
19,231,363298,33500675787534648458247244464439036951944767366178058200014301137171733301466
19,231,310667,81686958277638122501436714340755103332221920328721298346126759075343075607886
19,231,376731,33003221492881337110726422067249454079610139532067649462132598104722699340961
19,231,400135,42104629181643442524208441162907109575394924584170983535042134415784429325098
19,231,285148,102930469888373189166411781396852640404041023039618123654834300745522920669784
19,231,397880,111807285099492085424267631139540076083831202084568088997511997490498473530011
19,231,398916,44512736776767888708439364875652670175637549285323533017493661144434205025209
19,231,304141,18136264298597086917415702094778528736319082892713072115759710433723633358910
19,231,381947,33775790384526230697797243177089569603832735807313190194095405919563093819270
19,231,295056,29535319441062993318287279261981614045111273695495828432948313082633718402034
19,231,519050,10395683826170750154632753371682944951619105367383037125522539363302137782947
19,231,313313,23756050568293755979196305585018578708814646571885115308543610253078667813634
19,231,296639,84340717294903873776988682742467851113769996994878248832267517944829738584341
19,231,277179,106960109739482236774343186937970239858835703272319485218862975884888845810364
19,231,488673,41751516914314925316052515659157881490850730859372379851737789004033578919454
19,231,349901,64607737763421136478340312881797728448173175268011356258342655323268697158416
19,231,361349,80353667643515717043032354190038841690523660282770903542951013392022120950879
19,231,466918,57683826126351763896030908397149770095508683533492750922507511058060958756222
19,231,342576,19515066013228227147751233662540354075351831244294532238574685103317091313881
19,231,508402,97300701986506937919253671883632607787943387128819628987859281431547843105999
19,231,460201,62933036983472403760954949268573418074089069967733991200449988362065000788180
19,231,474695,27996568594637848418148585617382664755205835566761184235034206789661125698473
19,231,330779,110875705383165046166340180212348521514424736093850009480937996617616949627466
19,231,492294,30308361067526087153142693628295925027110181576490510467458984102943468087078
19,231,510725,94140866219340441032940203293489220537228459122189176277052671522721411816669
19,231,322246,43153148144699503621511826790759792669748646011037173716082351192981830834240
19,231,490723,55926824828370144720718543243603901255273399664317724955294268741400642225982
19,231,474200,103065541500518660203855736804530989336854907249554544118113718814543977445290
19,231,343594,103939137302251412769129446720889968562865281717200487931491367362660285151121
19,231,444999,54320184870944012651009934502369020977371783809645517487120252915619843397901
19,231,451962,102569059093366766919942742821443490910445992040644499293113693390191715179675
19,231,489964,54084552915866010155862610941448719258791401764996014123727610676788833432854
19,231,263461,98908058308918581259367379547274461124732987898121951900051023079718890720919
19,231,494257,98313468651913369989669042926895605451446636779613933745762326053194774879644
19,231,468246,66951510224459138392989919151597603077796241107085820630278908307569017445061
19,231,294672,83788143141545250601251954033411306300086125842422178870394388822123837579885
19,231,340515,39685426186393274254620632616705247668857905106880415579459232351827458572099
19,231,512524,108020573745074052049247533987042723810015281671378734051470891353392666499836
19,231,322182,68438924230033869865970331159816466965098403299137015563562202318563813817711
19,231,262633,28489739561482158336145598719629425167912633626511861922457163254505217181965
19,231,507956,94155386236081071831218056119269058518699387912544789798690326009221108648993
19,231,422584,67758879416912741910956599559230607955651840396435558422247197455042162330550
19,231,350843,82453018092603632499725249978630690369075102237013092371907436497034493586652
19,231,488953,101824406583909848331757337724591047794131119835470803215158685256511499997035
19,231,345540,105531500172928703882490495598966037619045384593541073020854283587511997785672
19,231,406108,6067286088481717152918571919964644480994518529424489223922636770544075913046
19,231,417069,66409293461649968907278862938489656748242877828475958174213964661349487178890
19,231,493644,33742228980235525262502471509930323371757537231020477039348978992273617101558
19,231,428023,111094065685503620342556775746350800138987660230184403457740803933014943274420
19,231,307266,81521444388141006693393172303104232650334569314998182064465026808464270159208
19,231,396811,48094798878627639937230818200332645321109695250491759528464413286816637205789
19,231,490596,111078975198712272105031179327642094850719625786595546477706861997725136718377
19,231,413152,2867729296020071415442021129775784874389443589511986740421115440488319296604
19,231,522008,83187200056878158844413926433637086693207130450013280115533692612630661746859
19,231,443265,55844131142479575777782460501067103456724179511910700370596366713442957125803
19,231,484274,100089780213469140126286913616902159032972738279204511337893287740857527450479
19,231,313878,38852851717465919592412538181313036925314771337329411972015576750169061481816
19,231,433808,91453188655877479209057871964283061559205223889493314870437305613637691210856
19,231,512258,13474073712783176730618375978960117686158420400392204140132404393938750870077
19,231,423051,111668466432590951402439638485849812281703035606208435386668501761513848406711
19,231,493689,70985628103153939417073011143494607525324291859748423233445537932969169709239
19,231,377577,12011145597409838714696244724935068933618071732567342310715559224878587630731
19,231,419885,93767804458201485882744127650782501771929306835279965732422204722006743503310
19,231,479293,56052500034375984172704720743185766849769280694857336629667530315091267617649
19,231,474991,41469953834638203938722944964388713563828215202262245354900087244064877790599
19,231,411943,63324218908302786644740940082543998994749265313146901963333246484861069845093
19,231,383510,106048731458508949275492344985474468784641067074415522584679137706337390872189
19,231,479277,85044791433437324449218086229023836513038747838983600797720794658192231980220
19,231,461050,57801261014569317199132961757113809965578666352097804328366723813664775184530
19,231,427420,498366761288007778958828558431489535631463770929085946737405118482290558318
19,231,363471,62160326031694513390719345864896836588093414242564834800618981866341648223239
19,231,268142,34147301925501724659026040267314600775998472464872257436272951808482603671663
19,231,374358,109726856523505124968009502695841725823376837961189706271776140858292953197884
19,231,373400,67725914917324096382521122892065280106094085456616906182472144791770543280555
19,231,310635,50789521448191988126166943659410645597428793715725203018739197401568809281293
19,231,506796,101661494071235665553837371728064699607830461306996165653078193657759231380346
19,231,323786,103309397713883144597864779667441775720933856351549395143753075243298024760702
19,231,410974,6425593644429496242359943353422962308182639753061728835593093638046853885214
19,231,299543,57223908594359566553142169540226677050600897571993039512885226019279038270671
19,231,354485,1006563651268305622209229566263913578228293154456901051706214215046430116631
19,231,325761,54292195167152609762332686603454444002646690710188288851519579118501651158068
19,231,470829,91937423738443692889456785500394395597395474140857522968531738550208102154549
19,231,415937,109794466943845730865338025969046910313545480641160967638125952674280852148570
19,231,360202,19838828811910330478522598610799046967572785161911721341499838932860419792801
19,231,449603,12700185232587289282904899799295893105614405153999848232680886135447747415834
19,231,413325,111746006742894953201363095517867533784770523041804735515790376911118567368426
19,231,458300,96622834571276830605394449768980332091381336298383097281142664370721430943988
19,231,521336,87413852089811076329379148584281615438239600983896228391888318512164533686720
19,231,374618,17283853652365254661258046863929531732249377857507812884440572772797485055247
19,231,445709,20967837138865031938640379557289888071929914862012248260655950102060800702191
19,231,458322,45514004299571962757187316057631438815341412554653802169090255633545383488729
19,231,284699,22529700236169991656529324317847678666165010953234878881570994037850337917136
19,231,499337,87943115395057967795963084484305431963230405759863631462698825996943565582698
19,231,394742,58395380234484317643332314868843997353636814489860152235983318192816094585805
19,231,319875,26104736626551363729687748183223820743517552265917244267253147580867603874169
19,231,476151,55671131965530232956479375197555167712494820921273062349711289101419287368694
19,231,415760,23912732741742328252349164530144806285371026960434257613825432916569624568921
19,231,458748,9398032672839915284604815233709889796636079845993306917624879746284704404632
19,231,310522,3653936374229201956365350314816944168634161763639610255918504615261804719659
19,231,500621,93555309600998333201168199793657249940442462701598693938312695761910778568866
19,231,440574,84156910238700484794763361188291224951400386988056361619860457150122990131949
19,231,500039,84543820882151657409296279619633874950443863570107756305203300972855312713449
19,231,452726,5035282157624353104423232470635185986286662254850456461455141945229239245670
19,231,441622,91051302169823864331227191121224097223307626587157861324154812635104722248788
19,231,416440,81591263864184480082759963165911202853254966221592928325036549928453561127656
19,231,410105,57873709631094566486057432536748592459625850751715359670644580618785931018786
19,231,316246,93263854485015687993218881727384153515214501423672877021229433024739471576557
19,231,316281,42215870449235997089418436917002422573101375830952518866580892305294117255916
19,231,418008,89122666351512028752428469756975115101827145310553819726945142023180753552570
19,231,350398,9966356088475030810425978306607194538858170574445792420131896618155135437271
19,231,329795,93861435732428558383384042614882366302361652323076705721869624695788061531723
19,231,360529,105523858188169758301737752786913796385896515026085218963388331486271723501243
19,231,450455,22778672367128534516650198906225204018333020483237267190237951539456920888412
19,231,477067,94385981742103792385885555174085211751786655249604598094191328980513884312890
19,231,287022,25957676783080737078399021123242915228487928018420608264168864254995710481508
19,231,395825,65552244335003789415633068212771597363823983217500947340002800814352878334586
19,231,316249,9588423197520018645781723271653776507899335169017046111344221953337378394228
19,231,479978,30805525377728807361840364796884627683777936081272686188542484973804173475209
19,231,265072,53323884881376622403038645103827277021406039369642815685040426660971402171146
19,231,443730,72711657573564103016405427765224313488194347422366389896104196894085165094145
19,231,514190,114482778594115875169396537660467612844521936020260109952713466976728819023205
19,231,377534,85362462993693557826866889978075007287182195413404416726741615630160595448758
19,231,474820,16236000869469922064587688530074399133697353019261884454968423253050754156359
19,231,337270,18849900882746603208981888792730152770166688461745428296228676423284639369806
19,231,522396,19443198703251926601204391571586703662669627440369124979961299179952922792888
19,231,311666,69661157813357498273669064602403477654680254906138516441307715047101506245908
19,231,333940,10482758194288758514192059263326653665373425561829982598212986443969961755626
19,231,395263,96760629212617655272091185704972250118479175692446714860556106860828665932393
19,231,431043,49960164954000854323424908091153497744151693483580245924742567578843945736722
19,231,280999,63244857750587904203036260709970967585379001235471190644972258650369140559686
19,231,481267,9429644820895320648693582961518617410360770412780778653333267558918667608443
19,231,518733,85850087879495320412151385213320874145872250416268028693814180247353354826704
19,231,353625,60536846199124285906442757956637989785554075846619443584241344025191800351781
19,231,399233,115104717669766803989797454590773709280827720822483728056850657441354763782600
19,231,398280,31368124848653448334946720672348527603436943980059906996027979142360861081351
19,231,449367,52855638697990836030846728293663882724458084423817882647513227229510469541358
19,231,486080,89190032752256257795595992953293652575314056243199853408574732960621981268606
19,231,372505,85187315698902069424770618275584816029884000836614673998894129354727716023855
19,231,486911,103930407074155019224991898843888880838312573355816820180269798032905775397169
19,231,315473,80494943023516695613007343330579380447960824061177865726637080450942799633935
19,231,374736,26698742399521858095985411486554110105410162854299435757124213061579811344600
19,231,291071,86014995066768435187254146113110289821982594870182386322691920785354097546738
19,231,462122,104940251024028339882708004113185815934128975900658043149571136965408523310283
19,231,389837,41129927981522265998162297181774895770466548962104440492044353413437102631903
19,231,519561,31594125197259116773943276274806211350632739281116314237816742647035438049495
19,231,473627,52042288293633791491988344055144067988544560084897172160909808161007415764212
19,231,292203,78153767776640878175941611828692212882007360963313165723077917097429537324698
19,231,418719,60552157593905500679405549430671822992522901497377632313709144624945151668624
19,231,484856,48010897182687315561256824244869446048383085063111383648370073866538926187561
19,231,297797,240589338635064211769056032039900853057903444298964657734330444123531174018
19,231,315425,85644515116985799567654687610310199995280625544469933141348748448743980480538
19,231,376586,24464294273700206251855110298460059908202776494878589485965559209285705607801
19,231,324080,87616906381896487259713542370431335599065501807993905014553614920138109322158
19,231,302408,45267308510363484436572369644242568942242728320547546131627989009547221221186
19,231,344510,52128588726928036817970895673691732919426845522044470876668119570197215009691
19,231,399691,90469404491200645629595818117637261055940586840486413544965591843002371392659
19,231,300157,44653253243283699087467376128004847100418935090463327697924170217543473955946
19,231,302387,97745871213641530663349476041375704676118591142910080582741848813147491801620
19,231,420481,105822357204264442596584221174636909134870503825218909536955905338873033042552
19,231,418615,88211364576954183245279943155090958170296468945033677961257310593001472756291
19,231,282589,87059925964275900044945857497374653255480793995119992203915165470060500811637
19,231,302981,56367266200187424632923469202534626357070679313675597976537413800463427720889
19,231,349829,97005990783920092467068866105231776216501931340872143690251086703862497493676
19,231,467573,48359071595496654769412155721752302978981219396199484651488448677994968746112
19,231,471249,60999885986530809557680695228110784001516194107453708627460663623813133902701
19,231,341276,98201671812868191904639495117672003127903404492981067161612797124430405044526
19,231,449243,53372057197811780504700561705890926956288202729503983217706552824362581546460
19,231,331444,42924156689575982085374164979497864218310195981764392017221951244298761811927
19,231,399151,52301241991766178393468708234391371213983683132110037435005045913495139792890
19,231,477402,21552318586030690784318657077534982738039360718490960571183453043439979708251
19,231,309862,3466562265226122824408977256976097016792553179151497427214240765298705868249
19,231,461363,57233589026460551174432828299615915958578660070936760499737673286935847096785
19,231,442150,81794939913077188620767121492053883012753228788063465603883639801887709741530
19,231,407620,114003439285716597669111493983404920254194133936294589759250568614086929175351
19,231,326601,24137048342753303303272281456016212941202741675171283404836122810655511232193
19,231,455347,52940627845868857310302695099391599487626294760194015717823474691823579622398
19,231,263416,84407504784937315832621553248881342126988008789537611916071221993802246940647
19,231,493315,26609979288149732215128252355994987623865492026326010717498073678231884582090
19,231,359591,3236249148202169196366799405994300037277944156887146118146775832081868118618
19,231,382836,9779868137056336789686867207505948914700080704011538581505867289097557261494
19,231,407016,3574975596583768206558044002648421265131140910261834472019430699013279038646
19,231,366309,40173807224390382087210824940904879527343369859994737145025478283024246804184
19,231,283012,46009691311005244820583848213162454893389744572248171669453608759341161616614
19,231,357632,21781511696649733611603206589688567423630053085609814892204890847336795808230
19,231,352808,74569306862767426398592972315110069439639071349626929952564602778760380853530
19,231,499255,19012952998245263817425876994770781128600061112056272147150533158927041433546
19,231,390838,97151162802780185287126477583423086984269889055323224513845021218337583067661
19,231,373796,78573024593787095219884996086553295435407956161036799796893373991799004552120
19,231,317144,95936688477013408459756697154999143484841686693772748638953127546086979558700
19,231,281006,7426981604615995879042217260182289234072430332916034047447279399667217261009
19,231,447759,58113048585261360935656337363250735896525403372080312036605335711361881662485
19,231,491529,114211698405644220610463351152128111938787055449106762600706806739792049182646
19,231,410133,84540511363343472295635857639280731337895894868557936038741001540132616072
19,231,354783,215982403737797318583949818098875793598313771062965383633436389108408374533
19,231,514096,99640895637289743469937601000197806710593068094173952654199223117307625473043
19,231,317862,61376157469202106383752358390343193810362390415400550149454884879540620160976
19,231,402572,85442321068326796862597584793068328985567970909081104751765214618322022269667
19,231,458692,82933508240844784925495170891523878057890928718185505320316137373075115391219
19,231,326299,1214919600770418672942118728428110684142822419241427978332322548104330689788
19,231,419660,102410868833340772945342803054580740275284821251371558163252062472224662996432
19,231,512529,56670770502724295978125826333804971667409377020660730058375300643792129610981
19,231,473097,5285935502168860991911317618137106716257029238610534072669633734774398649108
19,231,374612,39520336403052646489733737358890671457481866558557004154507304366155589225483
19,231,277090,25139539936038354174394607971937294542804472645619100692326637080658105145015
19,231,266940,20640308555125655154487863914745049825102657893109497230406060407814340686211
19,231,484935,104201400268708563511048373891607886704428251031434194494141207961875448071529
19,231,322328,86700371042177293373374585294028476067333726889346687357738416054510189432738
19,231,516687,103821882607929844269684991813500239151747889560337723101778580101920916763524
19,231,317740,80330065291618630229095299758910131264845643711233397771256371245078725803610
19,231,368955,83922187006649073087478534567734653716679825585076763715497849190662862122188
19,231,263760,57699475070991218055425644512187074795427720242248635791339379762077405068916
19,231,446739,92366705935896666873868429498572789874979280889704261682750376593533350518334
19,231,324724,32285809601541986871827728420607971054128739213334883364437350451125544706419
19,231,312104,63573614956859093410217879170450747442873701167270446617409873019382268200802
19,231,398564,31140715660779126172728461109364389971752119654613538199269103938459625356784
19,231,373169,3049293600434932449568824042117054089935258531638428049469002607580955419439
19,231,416176,29355688405144181939988071821599413006318666004703147051064311559426665850968
19,231,306657,53435771785686743242078336363383368520116105690456620458563243145665172339792
19,231,364600,114929489515982618632279138775955777372804088432653406860962866495001800001774
19,231,319822,38965534346797368397454209070869034448934156029256571359836168938945836629953
19,231,270897,45633668012217999634669792926333692910675217043995820614612676961117692848864
19,231,362724,51686161330452952358171819111205574746179869442147816825231116198172573072508
19,231,482155,57618765188899394599600272083980015157603155208744459842689278814581154402430
19,231,457221,2591870589183235290530517567988274857975542120407480753522431849417483600162
19,231,267180,94296779810989805785862538676730458719345373063254498137561829552542088475528
19,231,496335,46353554443821488456807527026020566610579831071692377839046572334726954281279
19,231,406627,106289404795601482369565111057369031999708451589225959265921319667309164627319
19,231,373885,33849709829349467798332283599032776055594939122415005236016820088475217653624
19,231,359451,105601638770452876364606267551309239775375337948107521365021364962767920916805
19,231,410985,108193022303051021679508851283637500991223235458576778007287120628035683737852
19,231,397375,74171295470011406710992502715302008813575811951984968929772996156191204545401
19,231,465415,12420543092494352652068138958751489193871092560114193703952445872255581214857
19,231,365056,9756173073112511543282332954147445059219417109184469697103642000856005364875
19,231,392329,38736779838204256722871440594085820710492568555370915206306124870198234926501
19,231,499586,17049336494642551675962726328963612056059047573893200998111563384841098930020
19,231,375407,9127986302768590614768162688858282442217266087974062439952549933202088680063
19,231,442951,43681675381897358096759642692663659098984273061264342039727824011917059025657
19,231,332253,34068981974598974729260798364507878276141439133986596575302640966292201625748
19,231,523604,76062403394730316403119109057095552543387627031322604943443288460743549896777
19,231,462330,94204121135414945438730101547248301432239270436716006454399542051002646670738
19,231,431016,56940916986914214409325408840860508471547451083805371452660377660407687506796
19,231,349731,111074569634293895289766458753469247175913320913707048920865381015373883451135
19,231,340096,12397482187709156048523857220103738182870545209982462724400777183162435366246
19,231,340619,94759932513022853912531125058687152775527462612845799212175875154999715648108
19,231,346469,12628246208615337257892983666088772511710057360313007529666051788554333480106
19,231,293905,1139595878276636515428203795915536062891082343403259402732787842084176272536
19,231,277218,3939552133949031544355463978601890973276155818705116442476242530111634134324
19,231,345867,77366085133352785768004824977667660896624265103945685047391236298292488767147
19,231,263379,96000620784206318419997358242457130475138281583010901199454922262351873240290
19,231,458451,48852518400036468136100286962046672713666717763114085315675011322918771947016
19,231,341779,3447700960764162609058982620597850785368100021846719403119646163378939011963
19,231,403488,100989682309377819509316678908360154377808856298415943766228432388331787339696
19,231,348844,50072002668507161741744912662662739983785968596714101190855592901707523889234
19,231,298022,74438410332471016001051316761052819858974016876140291289841727412046774986177
19,231,495909,86650930516664982359599575191628720927852553112419112431729663621695813918484
19,231,370571,98195313564389279740909202566363326156429594127653386970350362468588200452067
19,231,379577,46676437864550475236204654342632893157274183854358040716200683467345359464242
19,231,487806,40769245425893352505648860208254545292916012706013385823547685314143556941322
19,231,477968,15043416288589394832417175213546071590924318158937231152128976184536450629186
19,231,327113,1958030667563909310536283439716152805824534675082777913674764568501358514226
19,231,331676,84437695435827404974139210541284965433651278303366207439595975023295410217724
19,231,414752,91757045657061394886165758599473438957607280240847807097171485450465261283535
19,231,486246,70781496664888723457745204445489274930342966778494087284849297648770892672022
19,231,483713,1781160790749978347235396710543494400215941994892976186789341074496277666857
19,231,333270,112645345585668745728066459268160412983676987974204814801339444242210638112318
19,231,364893,103918980326237617974207368481516298927718986360385853168669202578090492780716
19,231,417055,2936205823630766884705160718799051254611832323383776340664993915315828685324
19,231,340504,54103905382553471991308666823209739782282741092824486367411599334943287554369
19,231,416919,16112186513216387339242398819352590015789932949714068850425695717002503749881
19,231,312249,94970685500548217438704727588330437069938751690390288968579493378961545816206
19,231,378841,46453054636138640029520375318113400413293832671463885334982911516691276398364
19,231,321912,107447635580539237010523125167750950742747059573905194024296723624562670810622
19,231,335493,81552624609265108552683521572962172809377315240921105444661099668331052326884
19,231,508987,102828812291711636760933790210967198106664777344601745995771718527936663967380
19,231,285109,63815603211442726238828092914404040739734598215771386671380102082882321845045
19,231,491435,96942254606533140646025665228080723841095669560781989743237403451895895742076
19,231,445758,103922196635704634353826277191209180966598142244737794746647236963076749579791
19,231,297681,94896975612782489654800814142533638894375351167378989281024529644281643028670
19,231,503082,3283866152072533603990776752673202540939997080620242639195021232308664103223
19,231,452058,30191761277353638561533218276659002770297112033432675710696012512741950564294
19,231,376668,98855738750697043559340441267524045807977321162015823492927398964408745879976
19,231,432786,95650192590065889712346486386315298900970916545234712501268921827842560533476
19,231,353569,83473722374670100557864974711547292716328465696856379890505264265464792958183
19,231,426934,16746901238423946779353028588899507963605032285669136881703557866889770339268
19,231,421540,23969061470392074420299227220497442415516558398066952074375165547405964835159
19,231,337791,31586216357445504997395882010293603540370220914394393380949173680657929478580
19,231,366940,24880637842732216861146311289364764020525555377184464956293971626108396250228
19,231,363641,17769018799105841412209167330787259054034049191200010369005110819573970228823
19,231,289608,34697670434360316027124438482671718644421513004029183219280553788663056704983
19,231,297586,109514548645579837752985710173474495093148333006094978177928459568587658330910
19,231,379719,13449884762128485781285423595511680560151111949744013888644469614258108277339
19,231,430543,93173368150092829978076523958294692888956310186944449916311876598938752752652
19,231,375970,9411786653544054695836380458373989149690995437564150081771967415916694494209
19,231,266973,91797987536464830846860143452189301953881351311535681065326385008492950927291
19,231,489633,65320038520634781091665185221189213987142882672912250522985560515651531760281
19,231,439560,48544388958339053334985157880289026965380645118570069074525863540513638142742
19,231,405245,54777614466096962404904184977662036374466017551639017669546351476062498121657
19,231,388024,97280164940097756867576968541882227892709923603611886209455730724615800095085
19,231,412526,8865554210012681277927726599053261629778829926324931476655975923071794920664
19,231,372620,110741324145404401350151976927239882074527746044026556354967233681869003252354
19,231,492102,2119556392026277660688547060173503363379688279206057135247452449206201136738
19,231,358557,64178247487792412569762418146701126085527326124502825976924349801927762797446
19,231,370104,60852006500470956199136734712500737056320224281642490410232278621573935905173
19,231,282783,102958012874616954228600650285191431194054569404588820909542643824553569741905
19,231,373519,109741278873616994537785575095487261132183496192416672881792342158146049938983
19,231,362363,57694391866148701317095872827490315713994994131221190301028559357934645899328
19,231,456546,60506848789540840389089291055092582722960938625064183684266382242254602965613
19,231,472309,107583323067587556459199137459161783710335153952216742190520136166455623874192
19,231,457819,38858243505191081930659989377264707255592994430644806407989438547328694281637
19,231,309568,105834082340875419560384350979578387964450811916958324196305794454236021212000
19,231,435049,46472648246773252689842585361348068451486129033547725424996618648008692107960
19,231,268129,82006669432066380483021850274990856539314453554357744799311329176273461652846
19,231,435881,103761501523947879014413029573059488999676372365621428463006713284645624693046
19,231,305752,14972215561804661022761801991438143967780475040311158477470068571298084385050
19,231,380612,8243367564030971346179402027537121572385496389167574613222631394900444950096
19,231,462276,63582974317868933530406957356330463012165548070566820551031929985979520219028
19,231,497974,107155959753510763452270712148236920353064133013302369342681678518023058564726
19,231,421219,25368157250254712879973678590784019066726883690136426313759476670711819885829
19,231,367519,16122221840534452925214839862273829935139573317250806135156358769073708938545
19,231,299027,69446601613852301239771953471914865020405093853349063289398358757383087275419
19,231,445467,77004585035170273952275543447826461004004968919216895095954533464000605692517
19,231,379020,82950672805373812645916242195222568164380979997421013872637821996277540807233
19,231,486379,94121747402758797406243497518218607440430953389201244481171092806765988109372
19,231,436569,19302151744692266809636920902497917338502271243608522840918563365110233661221
19,231,330789,97781520854694389834402697470256782390355498390825468177796317836775144891835
19,231,430291,63418225576858595347957821373332849210025597358199735237407699127036567692289
19,231,400865,7723586862804424173246772252014746750688373920738317397682479998877081336833
19,231,419333,93410015488381716709717838143143807253733996216042343415048374274913926011258
19,231,346885,15774369666342767557182407267232949041813350376080539135061148952302730354431
19,231,388658,92918031658681312906867173738978720351995188070211862615132306498449148364196
19,231,325099,6638279265775780375699994227195759705981500096162866797320291363108892154784
19,231,327699,3016121567658883155757005603477282356240094725642351220300039453644841030173
19,231,273034,68923545843327346265272198556476940284749729837229695346807246957894701863703
19,231,302890,3467666177611918405015730315704538231858544099651365670338552908534804826734
19,231,463968,24392589840379676527278683290826427060606129583985543420911430041831035746205
19,231,297848,67910697782346827088201459837008508778604139772215466862292949065834595817872
19,231,460490,32096801649470531955003500040046809127702592994962120878443755494747646886724
19,231,359278,36916450130878796014806389831636428717765849841235841162141643867772581221968
19,231,433724,48191215226542623484149283603763834113874690369209737292457970895067226057613
19,231,436020,42833259489449344768317525140882510080315077295360234461211982096602121744531
19,231,426178,40250946272172915143904088592199965406233241776798111725519767419373473165991
19,231,488661,39075694288815898986159248772817770237513130901285749466741025667351417237227
19,231,448259,105353968974425664031980834509890756964645482235020857246281581611083919017514
19,231,442550,115009805877343160577724399895349305831476156373063148185392685259007778119592
19,231,467416,9430143214978169661178542412405550771098334760456601633174844912483697513378
19,231,521183,2985524476325725194695138663893064505520975163193850816492465791427762417292
19,231,287897,101856348688978485272551487505693904518300131224875227503961650296242989707289
19,231,415347,106976300266093373841056713496622440031794440554682189491047583082290870127104
19,231,440838,41514479158787076366066443543274991992753709850124504082776579631964569675704
19,231,421302,18302057903702492811411957003223702149831792954875288116135538443121371564682
19,231,301047,47024306335932262253575306979595870910927707570333014792396346284314131628694
19,231,505041,79213555708054077261568403019664278000287860097258752889940875049176097385674
19,231,360770,79815980877619057390854379322729408510996320857556561550219699770746902970831
19,231,391908,80581502087283288526425885134905084587014121974294858438976581514404705211606
19,231,456891,112280152103369559716750648538690092181055665222842295153525282371145402550133
19,231,267449,50884783187239962259733291502730272000398818813641057155901997816884141689745
19,231,284915,15318128129185412137855063488081768581604770908504538346685194684528595433784
19,231,495273,78783888629418696746581250210312812331237669898925387644302534880754666993678
19,231,484688,108015692014018677098068677120838332891993638806391994673833349591691974909041
19,231,440692,57563894904442256255478094100093247349854397133279609935569860659900385709855
19,231,359010,33583188168210216253557308892303310135253878792015337963512409493608760359374
19,231,267497,36770001728332409344909125545559904687542166182489529249721850456358226957818
19,231,523757,88323461597191315004048334454928173501579469954178140367505009253683998720107
19,231,296344,7227600589295253857228657181708477695809403128074380878573677907366623089775
19,231,394378,65706845667976817767154375133780803674740507740715365036111217806589371102875
19,231,445193,11983581569563151808599045063956468462770872386873491850533830557448370046766
19,231,451090,93479029630966550306316817104960411295288017706282358401439425618868867871575
19,231,458499,32717393231809033166036176811020141562152615183340896479961235242803096740699
19,231,295366,74893246531706647539583010183054144384375332360564941653576253305425534489630
19,231,397285,6911842450554074820093825718373442258637273198067822439253922300678506034486
19,231,422280,7736252311594852592089245713126853817778230408811244572541048283669020851878
19,231,368010,47594818882192590829272661390803025801791970633031102021763552846679568927570
19,231,458166,61795735996056072375881287793501334700181403904052861256561204490420010351588
19,231,503435,112364718897165002900015403530551705752224655409532782142410898316568093959191
19,231,460172,110884383150385496308413664346235055180023699384304477568118991925171780144699
19,231,397305,95269106535314138027538114930372402209600496613213982832976729429392897838711
19,231,405448,108878069211945737803007221061375841563293048055899587251827584999406432336025
19,231,476136,48359288582482386999713099163232602103960380572868779397070901179671635137965
19,231,273138,112277897256480422659286895377886885296910860296999178202884303780834870982880
19,231,292267,74465437689118080489072656651384637278591115379566595780395650625806414623300
19,231,423310,45473344613004025251154589257175780795941987279536636230295493485934813760147
19,231,365338,45169275519578914389474907878812372936466261674020565719815596982087938518947
19,231,380620,106221209450490349891478583826019877218551257572993943157095026783225074664646
19,231,523983,11480365435091242972447656248997593911961391273909628855970862954132566688674
19,231,422778,32335077939687430712947814125242912083186288709372398158535739958760222571162
19,231,429162,41185968528082242035918675777954429856007832487623144187611070514494401800101
19,231,379423,115367781057039809205197738918777337055048153562540733577956267382324476489255
19,231,405238,36194399510592240487301843334261045895475063639894933440817392440650659389571
19,231,321283,25120196428556733105545887396056568497152758780558720548329398725846694851207
19,231,402185,110856225936963751799864601434136858960905867134376299485366728435728059968074
19,231,471133,83000742131015120124589832485220770558474347793948241007525440261729787566649
19,231,409966,30676052718672878483892814180875532672142092175332321718084149154196393476727
19,231,294035,74152026322367628606851288916815678284240520706369431697519612731651176196695
19,231,275870,47273391548678701857201283789947000348784010205053420968602983779237517771174
19,231,512974,30138301960519792890313521407313990339742616432806220568399728194986019127050
19,231,323739,98786226534047580736878298716599405176216652335573122414795280704984574682219
19,231,277966,69154913455251078523240330902779497945829980545466543460630833596757541255600
19,231,286242,74825569047372308329503065007371591270189988304716096592555702289321559202075
19,231,351154,63941415338500278617026455410787408122735900481241451421450415749017100936331
19,231,315625,33259021873506365355950068699832347677510278485254005940253479579686999989952
19,231,319564,82955836635308722174381070447911872509943034387896385899717140640079640843229
19,231,407289,65056222781731918164573471287199072393350886916915060155616495490650535816312
19,231,379881,40252228837127888362208085076255551069807306735594625198513069563612254353822
19,231,404854,84436760442151311959597785074941235711022152029931958872905198353534460759785
19,231,481701,87431044058381532699265454175391635315522931620254662348087270907110904357381
19,231,441768,100719661547311899502309903946378369680182073363813411453136794438682921462052
19,231,373904,74935915300087777062197046124674132065598926820174415185520898955604052508923
19,231,335557,36663870789707793658327132913660969509791054047038437041530354833661379226038
19,231,329056,105100031422931201720145148659239006710520890950496392383125846312305753400748
19,231,515790,104705811485797961977549630709839635906086112940880819728669475408071352258635
19,231,367730,39863949951348004682195541726555241935143398924249732930759791756017652414281
19,231,451079,74844796027508725361357015289575426753044304415739148595546337726335187300631
19,231,483349,49512650032424194882077073868814690712614611487508166280260053432329331995957
19,231,376017,11148698906222164147958288884183844186122073963898461575807529741571708716151
19,231,422852,46208833071973835047142519255787834685258025897095723573988899312670635391955
19,231,511252,74558973171324440032403900910116348974499425857051937417355479896267402885083
19,231,281506,101277091172957218332752092976851361426770283830207144580786435421003890014364
19,231,390141,85672785619630502498892883974665518838262758815410620936739042697855324365796
19,231,457392,59119872904171046612582838628465551776691519625963301477256215915673162494386
19,231,396419,46575808880832819334911415453525401224983047162131889461433978720185697201498
19,231,360028,8138714430145700948966001250962667703897087126984046317878901383728075633097
19,231,309700,33708840410804345990564312038259792315414741916046376083478135585998561886091
19,231,370703,8188070964145446546385402580272013833791476769832361336763269781913909939522
19,231,464351,98619538432066752402716701648297157757828551584702197510790374925872879911210
19,231,468725,84857372423171949969309528016522457391134595911650128242004440830466299142620
19,231,376283,66047942365631400876138984901929277020172203638097386218130121908535543295962
19,231,268090,114303258632284555625869806815634093513625130053927362030078119639043612681268
19,231,349827,96336239982083158351587020317082603101705778687801865099271191631593526395356
19,231,399553,63838754051112461104819733187619848832184385617027601994650100546393713638547
19,231,428026,3333247202714185799831273075580400676888797994915144115394089566812815170352
19,231,304223,11229985935848408416245383649337873480137501148641801375355630670707542451609
19,231,295406,93485225446752927200088383026497168828372808235999900827799458450451887797874
19,231,313944,23080216428197257734807165573996713871308017758060613713994711585286623950913
19,231,438962,4117626953786099663861951969051955474089482614028013716969280282443860770453
19,231,319864,60641921432055773641967530092580023458994507922658356838800294340237240905271
19,231,490982,48740396124386051353714425557424816132571243388727653550120990682850781663145
19,231,457898,112047372542520111146617346568946006542112578840063866164666069913180747280
19,231,291359,89326058957975380855689508691250174248912824454049376210399166484110768981254
19,231,283719,1628657253472180057296914117432864394386772962231306381839109043328561081521
19,231,325711,102579162432498419192597046474311927787450304072335319880139266646964788500518
19,231,453707,70556129367975243206872792631915610476597799711645452604278407624907570496093
19,231,362693,24283994797874330833122999976123002040633090028625525980652953697951571160152
19,231,421853,85978335425126692655452556819226107307036684879403250009414418922613814176835
19,231,306195,82748256586488305948966633577313177490838282464071672979290278119606413165146
19,231,488629,28313182786556973205924544950733252060271082193948438571435098621444129288386
19,231,337295,80413356921266665084739418293931170341918914615004395150351071167531428435427
19,231,443569,77283073406402879541324115006407087693401316831090204238808229609419132738055
19,231,320241,100343634670452808080894083419746864420608408910555262989951535206086894400031
19,231,290090,114543559433743202331526757879508259801198442510280184452606370709207540356129
19,231,521227,72668751099187217881024537416208333841891531559286252216415536466226656504694
19,231,418524,23179078479372696935220388222341692766715135122568465890056532003903695427589
19,231,326524,1285356847406669924647478477239647343912367773925121564720955492612558095106
19,231,475243,14936949748682492928134605011907803772492732986753336347902050087959251125046
19,231,297331,105819279487481957699583966684442030916562854343523325982285548768154501537926
19,231,320709,18444149438655558022061557129054437460310221226446221578507624896568319778849
19,231,421630,89930480206374426750262380211514956572545611119849589172549815438001504647808
19,231,409540,65412564574808158475469002616848762233707159491854162376284053759185885449083
19,231,366678,6799582406568438295777537734523979531138136153702518440247933233019109262675
19,231,325370,73277902627369984584328677401560509026874379648179510089830741885008748467580
19,231,451082,72720999061174616112163862229168915037558563567548362974355570221307601707001
19,231,399274,60969550109761069327263695401301551928681356036890172991077128352780872338127
19,231,405976,115304558132880336699919044975745812901762510264671854222745408717631289555690
19,231,397423,87934888035150074093239604785968800653245285301656953633677239412196451335672
19,231,296237,94154479583322606980995614731901600036517975940557592850068899606005974062973
19,231,313728,22115661404425964658006593840581597015025280936251733914970652770373020262488
19,231,356402,107439471714197712538019515652330642251283065983285197144619575590691883690690
19,231,367093,5829723882801433627074918727097696306133516500048999097937438703396758608669
19,231,465713,113979566801488527902027775253001707318447431831762184340475764250924001157328
19,231,453474,2470586744052976183016958867526063386206852212013519983391663172000915222671
19,231,405449,20413206779176647368810992178951823008437616718241684312279445151229140399536
19,231,380826,50049000146036107132493286371108483130544874116256115184596733573500948357109
19,231,431125,9782374632341005787157477085851511854487180194829841677618492494672742182575
19,231,276151,19356880152351087494190240849908538264058972166761679989934715572004151345556
19,231,382235,37139046297348731186246977784460116357381511991964841423702557018513409282974
19,231,377460,12388969527550599740195424695178186462474624791072417538824860636449234362841
19,231,347247,94041400576524544507326349463091398665980114784775498909113960297736195681518
19,231,288410,31351194737717480433635369777688287489804998297877678442840213325982478140386
19,231,379816,19649298387052392806932422883753622928163452650199551211255143848337707216982
19,231,461880,86618706507901394081572983026486787699459374895008597556101381830132967308396
19,231,394712,8490619814672611387468631739005950246720213108667996075964185134497669866379
19,231,332569,53644573987093092161360205102563698832107179334859710568104403870664706065713
19,231,281751,38173497554741756245040138824455870119179069589403479174857512074023152769961
19,231,369238,107423228726662885861009105839493780295029295315835833275389096210705456661841
19,231,294613,67417796540376508733536159791372010416699865090089407093192831432470211003083
19,231,493709,98856366608643174477458475744823794506301645151960227187628832519263968866612
19,231,385707,56282103818428552387851624545392607316655697275806372411625489238139721275595
19,231,426882,88615880254789023670139973179688248538127238593894885184824352204642611923585
19,231,344615,46270040238163908198441010884439363408816878243254699525901067031807707798973
19,231,459894,94811944594342348285857754909773515238402883022943860891691916945906747054209
19,231,407391,100503834991108554926792944029646411625425971151380316168672308520786504710298
19,231,293539,42923844865256020459041865041196445377345503514799987635569386583462315693050
19,231,339384,86588255197249560824492121726779562465145183758583273014449276366244424924569
19,231,473914,93536463178978340010689245627827236030673093945578299698374675269303908983100
19,231,420593,89380026262981635522316483515022239794640132383393941028654533395672872602455
19,231,405628,57391496532454796116051472881329156061840649015583853555934789201488562190777
19,231,445426,113252840667273993466115209122818001830889188136301443920286024673568772906482
19,231,339844,78118626603625401835375167812467654280356106185285886070554225827377095663780
19,231,384917,82108062428790778381294364021659350741308940067310404589778612321111987182980
19,231,269289,62580048930097836111090154829574643473604728644200106224163112314039014186375
19,231,363771,32713571983863025961955098382883738531176599902642840221591016565498069971888
19,231,370842,42718522820076507092338750625594589053622902955277802551982417032261695935556
19,231,263311,34151931579051782287589150814087872280843166947061956247967659026803037628218
19,231,360588,48828177633966865131647580109982247514724717804994141494788310257792754973271
19,231,430746,3993421817933700137768714039470850330749156052050384512536261818766645850683
19,231,324454,81305822429725028808109714550272549608962692546054526095339021262827157670369
19,231,406316,38870763379450422835663275501158953826550789466568880870329271464586439240950
19,231,271237,65503981818633114470283379800379496510067164092021339460003133083886155184255
19,231,431643,83179751582795828014552960479310621967694311385242019697105711033680216553707
19,231,512313,35239294143918780298238292096240188795421762748774573760602120669917459759183
19,231,459380,52139358749272507212736377758452148765527081253180377757480348803138276176921
19,231,489209,32567678675386116262941823259769793594690175804618746334440138907383062493545
19,231,452134,95827998620208757215326002579761585118093605814179787625528080039442569199289
19,231,425049,45611311174435725223095125247274275208457130140178747712622866383709817248277
19,231,383671,29145576155874600103641664341589236268578496972858588269605035405066706232649
19,231,502247,15974568662666135133439070132970615853554267603364087010761679758698561592479
19,231,344274,39571839479670523398492514524611344913125236227921841529395818890715272957679
19,231,391202,4765943924874744773016071715835003573397638209356294682622767325019145674346
19,231,265862,2882747345644519595113442239204207883756723958315550180921026550007530947196
19,231,489016,101420313520135381947930321609957754469988638271279336900493028555047749313288
19,231,396018,38945934807290199738269273175167823066175979918328583075286650801753243044752
19,231,383445,49908949174728204172633359799637380282980885549690945558934358692902092563487
19,231,360190,16840728980340900025976992963713206699025893085712914062400371145898601012512
19,231,364313,103913422301493946919645917222500605463692730041593803084605481162844333890112
19,231,422290,71612185431442726414059508364505897417038420298313710125638892082328712734547
19,231,377114,99317368679032916986190556352952739316846344844582408489997591584337980721342
19,231,413788,38592603395385028467811877752215682383418035905229162494828827805309470572817
19,231,380060,44528999009350601271921281722259305593476304904416913940309092385830246564796
19,231,397673,76519586830160344106778576022740610393830209520050749055927706090529130142382
19,231,295184,82347003484905706930886236287691200591549177748017093054260020917247774077714
19,231,298750,77703977741840441222695842729465516219465724364416872917700451379739509355706
19,231,347124,35970290561130884435098010723146338944404330640774457834016278698238545426714
19,231,286915,28216826290903677399431254129346684443691951035990871031980149036557473919049
19,231,388463,62634637783800873249408487707937924182889450733830714356501570699797634678439
19,231,383614,46469143929178109631512372586187783317280480404796478513999015259441832657579
19,231,523606,19187914332333822170061278960459228440615505734313278900720821620455933777667
19,231,486833,59082971810275895680040062295588178699494917670993665504546786401318833459333
19,231,309831,1616210407027468266347264478317765163474542581755653550099327303285347847017
19,231,306646,1546339015512998874336287622594939167053557268951673127183411193796195626167
19,231,521063,18344143924639289173452840213437013942577933051075405132750453584406170718586
19,231,519803,95304419696650947994880665889774365693712666951547036425158494209876814398188
19,231,521843,74768750763082739583720636378073709520720266655508090500438071557244805130058
19,231,318593,63216987696275774310002977078691759852953052862136024383459875867486552789652
19,231,439809,52360590086641607195611349094394630754786330625402362878607930521915736816687
19,231,363261,48570988208080252209910090601760944168170695530847540468366304772142682078646
19,231,415075,8388218453155096153753880648249912409164826763590571657268369395908373392153
19,231,306643,18754559704097600073925045458686345543120974650309374272593223977384174572864
19,231,336797,70270849234370734747949285364701674472815030034330816632463530870396356714225
19,231,326985,38580746244901427646313152014685308883446050380817531014761267614962660747558
19,231,404411,110325910586070217984711473496536301255870981639355628249696194482285184331671
19,231,448876,16526363255097569964070887054739781210032731661669756813637026778310082057388
19,231,324075,99471188267431152895922251100767483294655437396525991125523777054551523264379
19,231,301974,27879132215074648498698949801335769110305957369338454249067715995813321412140
19,231,331095,2217181070466771606225513129297720841873959633790138743337931508792124869134
19,231,451037,90428005226932562967659092381289181106235024899983941298965065155728376191443
19,231,314313,12390910246124440863975508659399216455382874621368005341257373187140720182411
19,231,320820,27538348559735721678672661073359470362073984684139428961658502885520010783659
19,231,485772,19187801857178697238036052156770030879169440523589732184803139430466566818034
19,231,283267,86790553557534648212179469392920858956350385452967368989593496184727329120199
19,231,413915,65401487845131690131996372181634815124703791298143725339122540104020177620637
19,231,521986,41441868195346630081805430545950276917199676088553119865441203902433000524428
19,231,291170,77542395725073236970735646718175547611369353807108802513321699021779759412833
19,231,360751,69507945956913389885609613248110595986881828404863365143301539348221014127030
19,231,318126,98965918932560086722852259591774361278755556705867659731290472812326296410227
19,231,470627,12708288515314323197961602931555830808016236277412404318703472629251286966211
19,231,316452,53558967821647310071892937174584161933334751722219055216986200483086770406248
19,231,434198,32340344764034316691041976393884838797172358483038264847979254163230901781350
19,231,367826,14201762048783091985153750381136712608231085385895935997177981216157871796428
19,231,352354,65700981741758514193652752128385606011975719402780723740396103269125293804988
19,231,512503,106926497819657807288064758163274647973385564143554906390529103780344578370769
19,231,387112,41254294834527261981169542924788871992236879391927789916839617896544488646427
19,231,272848,16113682139491424272300596485072285079851857474509839604640603129810014591902
19,231,277697,95306642611795372809886846551299357768740177885482703871758317262736160716441
19,231,410934,41156566234562469880989855168200014859341183910509075290891836819095130526911
19,231,334671,54300432817397054541162137924816440595226961149738476482653582911669524417945
19,231,285814,5479762296186403533083509009535457367214258116112009127151774559627512934373
19,231,262622,45023644072896294307568479349054488926291829040455072622618226166007385767059
19,231,284576,112002814895783160953289115486405175496939833444464348703632336849956575255113
19,231,365920,99659171116046225305175362835456298594305453039765472595045080092406051065261
19,231,512348,100556895352353608268314851924765348798603829767578058102700448509450881276820
19,231,347034,111428444074772436910760406243626002590433448222775242269398655751243479453299
19,231,493214,22633708764960182108552665940833056365513822890067965720430437221357311157626
19,231,290199,101484721118344976640843090949443329132850980514004094982413540909216574418067
19,231,500303,93267908607169965864597827133587657805733697088999264992370596230309949144008
19,231,395852,5460679390165716512852756087686027410706538911340012071191139310798515985811
19,231,412499,108467320774991394220595127130837512003175685378912714131825677000396097454834
19,231,360007,60345046913958534036288744190716479582263052680317716402444691357439931792082
19,231,425995,90696328950216233800396049180832367257729002229231852102605304978979474397290
19,231,462335,71561251019895288186976527836318631233320761013456465593472795374666781437946
19,231,281007,57642798512189975679829241917879835196464544405368767535658806697358007008995
19,231,452594,94153925778450815695767190840756020017636812582325827703307039087631021331652
19,231,350303,48332742076130063248395006035880391190844873621351977154131818934440058914559
19,231,403745,64983898934162534493864293624050907370437702858677001490004854135619898773370
19,231,320501,72667937720254058401720365444509599670593131481786665315339959274198658247892
19,231,387704,40119069157951657468949286419913984001448865378627273857569039379569840237433
19,231,279290,91953665352867188281197855130100862951642099379275182403872865355817144185258
19,231,515143,68577397238504014656631227421584715749379116482050413181996779688158641318963
19,231,470558,104810186832042176232436715385653610736748141540172144499754191549128855982340
19,231,478655,24228611253406206414556424832371727188698155490135859100509581275410384261222
19,231,288647,57321946800983521420365213190544059041116397784049563697066822158334928976621
19,231,392243,101051693138419285104869136275108139708061005539836223834472579428377063713869
19,231,341898,54703862371068996603801605117738591040106285267058147925580786732021969995012
19,231,304074,95214512305946878633876172599178020751834163493333096355936608474596653735255
19,231,326477,2603858470236768921467815754149682888211278589182390961175277401598598881683
19,231,496239,53645349612438633168577537390811459752485742142999247492066668496889415617955
19,231,458058,52558694557320575770096294085825846626488211503097393095516245002993825183519
19,231,407720,112741350079281765031627744886382656325025922101035656573356084299588509366961
19,231,420141,35983887218875311153188579120264822803824521218374384489476682363536397392570
19,231,400510,14935515392600154275111510810390931910049552432331792391295259948567846918508
19,231,322626,84991896892117747735828218574650752225212940571212158621948532700450357899443
19,231,397671,101563812102342407594391532211793267850672112232615624438175997869319896996177
19,231,281240,83944752559784879075431470250424173372510695260273576318521183689919314966138
19,231,364142,8102951973442866278494064436422514195623360825075258925115097221215049643295
19,231,370586,56584102706813830019213538816705520260484081572977360968152989107672589132891
19,231,494738,113340440637463680753548917913747853319583679840916349275225746867588872990818
19,231,501991,65507963392126878369793868947433433362593114219408114358388457638554862024737
19,231,512275,99895902167377319687318975725701086468119723243031306329341688496514173390160
19,231,487629,115446184805321379124457764510294325563784876134761952932802313210847157656942
19,231,364904,49686763042816246618097980422929045476605175727554614773054405665430072266732
19,231,274817,22154238949716339838059051412182329769511451059705741501140896034816412203139
19,231,510730,11296744646994734940670116431956673749872901519073326612363248959064773833004
19,231,414107,111513536061611790542073604719499105572539777825469846136240468183303961524091
19,231,498965,102968906151947009335798020633469157757823932405647966526954403393865648055685
19,231,379807,97787250107437043825684926769531398441974174993790141802763058033850703276519
19,231,444886,57639307769859439341248897345514137728879161501877932544913511975595820741326
19,231,453384,48988632009952196383524858187809290623772434592566170538427516249915507728571
19,231,432134,76072637920519147752638267125354419359894775862174761136282348750023744219838
19,231,347068,113131615552017172823522928428505304567252486442245387817395786130635844031677
19,231,517310,108870184494246844080940347777028293601300485643482953265359605321053848123723
19,231,482394,114899031287987999648200296748637241848092641637959421849001474323776716243826
19,231,426274,26454850240025145473293065818908496475406214756455144834064460876111824953032
19,231,446619,51948832675984004204266089274498574116403585284311835264638791102588022585292
19,231,440737,99269882507205425007928932379452430134738349492522463642643729825960847287888
19,231,510846,13695474744362606829425206723746263723941839445148324577669695972486823376738
19,231,463404,66143631611009066200317065400386939536485975096956204607393366229183136611242
19,231,366205,79905224662378478461112784933004449547720132533754387627804757072434123328411
19,231,487399,42531404205400558841938185893961583789498857022286481251862452527365909481064
19,231,337880,50250547425530689060356851924834280714002648942865558377096806030762250446185
19,231,463543,97603289781417487210940540089587776634023093976921456140825760998817812745223
19,231,313010,79389102119886374517458567346601538723135783713847270064277629865782255091476
19,231,457755,61797061840846345830475899656484646725229036459637424963172302079412001082696
19,231,473268,98470778436810438249377750863469203534352535792590138680235725752679423315047
19,231,416616,4435904158297339958470684204512969118671756866593413876819194841860749057858
19,231,318259,103882602447692663011939948248804677858188638100910364807422637749291766753561
19,231,314805,4640831052946253112075179771689405690059631331855913614983229188231517090286
19,231,469572,23893345972536147924465742159241013273685863621471965896951839296881174653314
19,231,341868,24921445252611694407524560207341633814844066570917306602053961254618456859938
19,231,433254,112643875135457916997792692184935816567525686878763805600245619218788750755647
19,231,377762,42914421451102098296823498375410946589917949277440300989644188402118628403191
19,231,344275,7473932471790856111366204567024598695131929070635457625773721026579307645879
19,231,332806,43077353583822979355588886003632151464192301704058321367063238180931308540462
19,231,346676,96893974188923768284414728549963128748858037055795680120011150690224943591569
19,231,405647,48761795327004540453090689902040859878768331401502214529351562840153163344405
19,231,321407,21601593503769155322791437988918266752460105504923716674417831718884960192250
19,231,450960,16942825247317857156851786709658588136822544655909797213614122831685156921103
19,231,521891,97744660742281679598837890824998842901149582843432583307632687251836966593221
19,231,351982,100935119987327742848743568428675919085891287049605774055357565231585520357720
19,231,476368,48046811875375542895888109651085737908334841743061329490747074207207497939925
19,231,272165,28328758654673497828592346352807512709368954522936863082450969733010243128974
19,231,348174,79202004959161886167486483521148164495410226263275825515575502537623767900658
19,231,265514,94396066157959798875663329289857147139291469419087435441039983929397858285803
19,231,281209,40865183985519802613751578120791197710643336075609567723460634777980166398563
19,231,492262,70337144434971181216957125579131409263087190356042863762075465693608723862683
19,231,357362,58533292147510160781327338969563600656751151418799500983123518150048682380601
19,231,498019,575932954281945414771989766224014042973898643916625102331305205736803478587
19,231,311144,114119696477690782001984485564160586708221310149566693209368060073589601122524
19,231,378423,97538352025350814565343241758237541437313560275767841004353304202610216537335
19,231,460600,31161763651927531808883648229337862735193970517145520509616816071233078598840
19,231,436677,110311877378363505323779478331822374553060237404682211094453533703724999356033
19,231,446559,105236248845134484850677960344475351892173367898167705202615243297023851994981
19,231,388804,78978352202546866038824564676119608100644813636676000234469580349748500508970
19,231,441198,57938121920601204197030281022681914280737982235760428509747644331900581463323
19,231,316577,44397245837340446558871328036349500636846794508395542110269441298989906357129
19,231,309968,19305988748864386688508167744322441726315232123498564009135703997853406463004
19,231,381911,86298142322278155629103795619400393930373223557032039101596366992692076332261
19,231,292029,5236984975295670789315278935547263065268915695281306295173917384182015581573
19,231,316942,51459748152615131968762879234445613873288165838286001669873831621315518092128
19,231,323191,63844091755911352637850196834889418161928635748712558394187259355319020033731
19,231,503441,17245126181830368698094758762997324466835940781661851393489718424093286985156
19,231,429054,98651350202687409141983460344737948990491907403274295310855847298880215723872
19,231,468655,36679369183723512388810075669992727935050064981850838412761413590350770788742
19,231,517889,26234885396315093315617413911700076073326537928366547660040053509076289466003
19,231,496971,104256449937547493114591808932207519680781925038114000655577868689759410199064
19,231,456767,18864909639419558205313384747856439234444997365293606896465555976037793872635
19,231,365301,31306108619684642125620346144761118155096915765498288265540814420880987526614
19,231,520059,74534669419640891885624535745506354644902488817704365027796237116908870963269
19,231,271039,115002926237440275990405087195585193976253965412404834075122504077853802701245
19,231,333472,87071938467160018287664758309502076597992233868749521563442078236806350677423
19,231,386968,91396921773274216087039476882099981855115171339556013909419161452597154929365
19,231,433052,101733632986057037445469473164994615060967403492998530545542859410948151526951
19,231,510768,109714185238420641403846905031501857959701216033091283663114703073652435502429
19,231,307679,82996272666391525354713825118438391240238090200896206324224357090298719641250
19,231,489997,62807839646501852176199616858404893219619718348069105710129583190046898198640
19,231,364538,81925149942470642607484991368322716221189635058835377190986387159941120591104
19,231,510028,78632807210429187451984874721121662427583297079739453121575672393304890740252
19,231,325152,6061444669938821953479807186301590863373106698032518655639082486695388678586
19,231,395209,12583686140483813004545216890655028442771346060140348601721605854013139075673
19,231,347815,58682172409271846259870471026279515607682692352526396571819753098388691050238
19,231,370289,93644759575158881673313558734332289121710058434542429507640302516656489628398
19,231,517325,4667022697923773137236684278554827323943231544711024785243344409732993363353
19,231,472777,64328152066067748330508530305169454048347085364932684730255664709125839203136
19,231,449867,88984363498111881239788747755601710398873014364771742178426673471928482296749
19,231,267368,50178467138013482494167278326191428705387264268717288886109093826106635395323
19,231,295488,25545170455004727868302053099284771275581240196408592110080655271571323153183
19,231,409787,11192600496001280289527722837340094279655669761613365027544048021633432448601
19,231,442744,10386565185750233667773655508744854463224238429906583544645978535608311404037
19,231,522928,76400189567987253149497562325631454833616939743677013506219678169725941134118
19,231,489185,106486929445590736667561979894186280902415067147385686692841426030610842007247
19,231,459319,8563565392755773806535817654713307971228406318798172198285438980664619387002
19,231,408219,108691079000792232709812358631172116770522549380392154419241933922471164071327
19,231,270242,66198170631121403425912898260891120004755197109985095637503726187416623137068
19,231,333145,68161992497857359081033721637321109114267854628040265439740687054195490159692
19,231,406884,28297253940535419555902934575518182099835679783436011977781110885022131262495
19,231,501184,12037619792615882478465493725852118824154218828918879738572617031782657432424
19,231,420563,96814058390729032820085597266031908502169549338929107362730358357134598628173
19,231,342416,33284578416896655096101268012692095839545547379397405142463229736585520439737
19,231,515057,96011229331997135739648027983248882762778186410847788987428454609436803717780
19,231,279610,19434011810303306133032635572670052655784712227198364413379533405084703766997
19,231,460584,8466880334287583491398626884509666378359168787722884980656552725354795740337
19,231,302090,13796619910020583993071494775842222688394516310036871240537628124750080040282
19,231,308996,16906263101437919899778773608716260632504540080081100566293594065757760972717
19,231,313140,97516458779057064130079536994915028143766577132762379864680261307832221318516
19,231,497733,98275051937395873935909031263054201872733643763438489700601584739170769302524
19,231,405910,63257242852150441357242160562627480253380396900266278797259005703424397691401
19,231,273783,52448351999550594279501113302431065683394186152363176148305109095551752672697
19,231,276963,22079303889773753795819679562071623375929651928191521949907603801563115825676
19,231,441604,104190923742900699980025049788725195060811836466417444549014328121856619491738
19,231,467741,55100296172900436375669829548746183097507671905596355240968614600382332147689
19,231,315133,33988918654312598252189973698015044115771396361247032323984863617821501776139
19,231,398590,95685358329808930479260611090648569660661659274932137533487822408661421489158
19,231,331451,31951313979587971031031400369316454872627852621521197515011660693708114898713
19,231,296038,648761903970014677744991670739498852938809046231279135891087105555622251705
19,231,298518,100838988099035498342778506657364840774570792946720791570085606368395605279089
19,231,319151,98563346813776628413931926117185461085172553777914943341466061595920470236719
19,231,448735,75072378025025559312041766435580906268290646800273765330429715590456306904704
19,231,431190,14831209253174241084403804924413119932417244992171595078770408701710374794043
19,231,504125,32831611617470705808311640960455993088164302227705571280789007731135837546014
19,231,512612,80794108673490480422675112316638460602563099035922951311544983567026106726270
19,231,302796,20393996676114796881456001288115835686295163624157672496005063606940316696431
19,231,481190,78211626558909553810524581922960040611419876457178192482268272480629848571883
19,231,371298,3767902299374781396520650300021259630973940253812773088082401755111890707702
19,231,486660,47883046349533215935186566721319433533171812859440577967190523760269298205410
19,231,506213,54289568925462798667511733752530171621582182335276709937232902187821404050835
19,231,486807,14914715738574650925733184143162903989059912923933858513918974536908193546097
19,231,456287,92266736496687622476351276867789820427941026386927514422507494407340101899803
19,231,449163,113639966587768275433239392989221059242414732779642757618161400282754880424475
19,231,347282,46571702159363650764410547449605598589702559355268773035126660776222965795425
19,231,434756,5631110401492463525422229483463712314454987795312134954949496211978431065988
19,231,408748,85486861681870112640875875582451618960463819414130376406416424723560933746064
19,231,464518,5112892942987462787921738811419213693302563620991100585806648057285984352385
19,231,421803,107015997544876655981453344311514560377851715403366909859585616398196584041258
19,231,382558,31591105643327869552794000824886049721476535697818252125155682490952022541071
19,231,493513,74449509799077927009411247172885009848074015271391836800810148303689290942783
19,231,407250,109913754910663917965713863750034579957359950587324272222033929631244238418659
19,231,523502,110405215877748627653093530412765465780336273916654894033674250320084830945489
19,231,321763,48489671115020389012100194305106394624255102140815865441912001291510640255134
19,231,302268,42144868615954095854517679703525121304797376272200496118627752518621344725950
19,231,274656,59200377815938746689461590455982117869781850100926709655640059093146646701569
19,231,328492,115321986858867707401648693289368473755064829697880941324783690743081976715439
19,231,416968,59386902637013854746446033294815341189124818457879024632380641699620109562768
19,231,402914,101702265442583289357108441628988085092594648577955018029535470442821738222253
19,231,443332,71564480224279181651097611439941778494474946881546114677436785327822248573765
19,231,348562,28153349368560172815289262430111492900458460133937407153249859651670066698558
19,231,353393,7339970289632399181331748802533749991583055473650697177776678989667363635203
19,231,270956,54166375715376819383917003814407947943294381669673542403647163159137354672337
19,231,507444,114347867273455536128856502833600180869209532746305322082805923005170888110140
19,231,385518,102296776978183369969347472164111801214668555917834873028340447509424683853075
19,231,340488,18688967280894016850502085058086355523436706590290755482269093258081275912059
19,231,409576,105819908926461440398036301053642512916930654957228894006558655292968294276935
19,231,274272,21419407558932816203901518953576480611048750372779025109097252766594973604496
19,231,391790,37172703026678894428203542772590415281975880974320268726050929199073392952001
19,231,470459,26677016420431238138710654760990845540316547432601325566538926802842837270882
19,231,473088,70115718492240125456056776912691007462173183906729188869922154598086141430171
19,231,368383,83872943565804849299437973672405391009037886447062996062171996981996048838201
19,231,429966,28935536998051876267034418619392500981048968157116500104381846381598689979764
19,231,279726,14479966514913386102840316971223612711627219500299109665218651965637223361213
19,231,345770,106297481123692652794389629459212944269329861557077641502099608242606924365529
19,231,442298,63727221123171952917436289755913071002312420797889263059879011850138785685520
19,231,465305,56686743325538263014450769224898496853048029694054961129061194784671652380029
19,231,286293,113698616379484867212709234281551427998906113517148143348370883614597241162210
19,231,401002,52279991267112726238624354283922949636094114944008872251149200079596322903488
19,231,274879,66507505945326571333655870380310618886835462637254546084801169404167820714848
19,231,480232,43071366260979027258104415521355286966266911898751572754557395951086017344643
19,231,357251,32118040770593399645531282233999715640395517074018661475074628122559665934599
19,231,454884,91937097427352045765186681523458394735713723679910216909471497230575460388441
19,231,503440,92841723161667029980739692686111838000464473165346261035537470778369287556569
19,231,330033,38460724346134956584962416041319632106432327980893015167388078294639044009110
19,231,407599,61655211846707526760915264375761697658872811457677704595482171278912415673088
19,231,266490,33971223550563677122496385613566443900557608216167073515089297659851011447093
19,231,512768,36876852765099996223415603371129443401627498765408491865194183096205725817028
19,231,335011,80318318151495316502762963064758326747053267126297902844246628354529257609197
19,231,267022,69592588807208005564951467748037091251911288150193414143501707578563771267771
19,231,446894,3402401196507032453585470685724135326835765916744341391883548195711565290618
19,231,417809,47970229470346509050068326147707018458284956363004998540006795556779003594329
19,231,472333,90816708851500005713639580182133554373536684677944951051589471784412403846718
19,231,456160,58818499077262479920052290044423563220192561726793419492975261618110047764441
19,231,416810,109554107010942651236971176527876358775931503842923025277003930904437958358824
19,231,281722,36917528283805965366885271949276243627319513706007533321797357689770153385524
19,231,273549,38869259707319488191235050434856089834374056957411469669232811373495324698400
19,231,283430,106312371102593235900191672104654315488421517654205396454997802725867980906489
19,231,431711,35258528107493761765299352253756073583617581415041176893572150208236453119592
19,231,287541,107423545320896443372964485953127440574227915798020472291881974214376307641317
19,231,426898,76290182563636104868785940109390319795080705213602448188148602010441205179395
19,231,323756,66089973053257906752145359160221739945333972872580883539754911291996822962526
19,231,398780,25751146269575249125532985549871510635200455814645077950764022592182326222251
19,231,486234,67383666487592110591707985435716558848846676521578924903519352591495657824887
19,231,492245,99405240343767052205457418062096152882251230671947001105074508870504685814553
19,231,509544,15311537356832751310844043652309878170468884377279488809443250153917250639239
19,231,350693,38509317800659980686430286282671313525997763065342784460060410903373297479196
19,231,384300,50875233135542898278605908200036435672925813494986924058916992317579722862808
19,231,518410,22004452152345071451215306729005193737542308141046720662941301552634276012407
19,231,378110,59302908390305927763080846043632725288353731186286544369241380564256412467999
19,231,508220,8745538996528236750236875482575281738308884242320874904248523738879241261322
19,231,473283,9368890793544147002030062180520374586277974691922119491128181066113757258343
19,231,468070,44518119867470690887428787693680495089649383854942977576823866180143694501987
19,231,291846,39121388596945463431971416818263352691837927750618218118823783913958929263503
19,231,371785,25509860027827649821027094259405832389331983478089117712972039054212771779556
19,231,515706,59323412648096871589655692887770151759156113026347450258407777133009783119860
19,231,313897,33294498721996401104484233727595944986932383710853527007091626774685168814652
19,231,447848,90474260444774416368690309316160105848816624006759919681219496415708282707701
19,231,335600,13204496780921167795098370185687286220984058713349016225803069325187579382766
19,231,360597,31786963053940722349139619727872798281651020346261199198077490408449640064479
19,231,361373,3039156254991754516935756485605038449838333446479597636787641102843432599460
19,231,458872,30622479620805241264180701108142542179140887611304695530326120112697914289187
19,231,453784,108156990507570686902372574028554068065027118830686517346512107631360665455560
19,231,386840,96749707507122874463917732652513173665746430717511591668869739657930376855926
19,231,292776,22258658251074897235795227076403337924913143010496076441649768864211331952806
19,231,512166,61858652913960278897572190211079742038528204834812252592547067334286835009483
19,231,273449,66563636992360967350832337640174146417912569839984817909343544007873380779425
19,231,333785,23998482251679973653289494420288769841283519881006086595142485728689813927363
19,231,413545,106631777849004823182686022962646794338643356375993910891681324862228297864344
19,231,521384,81001629924805791123844784322188634425258475693062917370095907495796608178480
19,231,303295,39895889291164679274629810255271726649282349165529056025732845878876975798712
19,231,416695,43788651377757202146116543285494099490473654541864434779156718703895942158464
19,231,372817,67722725394511086580790756113864068367520759011812274450536957222181715137873
19,231,417356,50217311719988935847777775579712641293478050122375835512988682301438265221968
19,231,499476,62756436582268158972963312895905190223442680758369333510567223028706255508874
19,231,492567,115502565242574355467597993352972697792454823925105532509778531822579691244260
19,231,479547,107654333713639367645489004216374343325326618327856914847119955037434386664873
19,231,345946,4061809527048556081457271772149861500414752027122399367049739350365998672418
19,231,501566,77711870120081572845482583985986780438468706593081282538590664175399678410095
19,231,520809,30934979875530656974013226250667720782859282736173210240181537309008118373053
19,231,272085,71218153154451137539736254537667429976960847188299834733708136830758053622987
19,231,383825,93732751510607539678054125049924232856572556432029800204763412883927378348233
19,231,275560,87479684714903582879167708700262728012150793255602329308323051081488877077903
19,231,376009,26606939114240949429466850134888562636193536183740337156001682762360822674017
19,231,474445,14954264001252980744224882962890269758954197287514654432294072292981045135862
19,231,496818,86594184499496609951128521311159184403950219524580346593026861542633649169047
19,231,270227,45791435827436989775879941138474673578899482282841914320147038584777354184722
19,231,420822,17417206351222980383797021567461406680391388607304387957324972101540369394576
19,231,421026,92702861835980548649276241335722111947621276460153887300300495769888142795898
19,231,314269,66755903783268533238491306544313578198803389823412443856346161812821810295717
19,231,508293,22304946626758932801927305876391924608527291742543579353928623989682216255439
19,231,323820,19286984636685470122211714971298543135133097940237197840556635625164856819681
19,231,369221,99940259997228465759533467310494578519252965558969278853012936537731959703566
19,231,341903,59066647590849516068650657375669898148356961149023948379136799906940040592192
19,231,376866,59720174247095789916924894298451732999467636779783222198029481847854524797096
19,231,369501,20546380345647088291899249149041088577054547685208566437868319112695979180885
19,231,371329,3972219039531596239453859246054101707429500032078143226170683449909431128975
19,231,385049,1453873029289946635285621591993320758727638190375767122168788510796495446334
19,231,341752,69710379893574909393855076266871813148474504133719877385923651426667735193544
19,231,364210,19932057873844803869227128614955764303631508944897482746346135484792792958996
19,231,409384,57696510180867912655524914337230047581265119427399788153855171374706161458450
19,231,485213,80581741848515262510341714821793251393129908780382621198868559318414958288179
19,231,365247,6754046008175603240277748251320320146231523864223198556133307327446074465351
19,231,347819,89581576676878716826909324319220703936705591322257034021940331939770338473099
19,231,447481,19393374612350706667803824034055466099938204224434672833007810021347270453932
19,231,394264,44802119429977973584933536088589807829993893992691575269918306455050017924185
19,231,302468,58561090568688209028476266489728661988133371988059489670022939174531859887916
19,231,413661,44346190057382294530678649966524416897710801980612144221742755001213563215502
19,231,413749,22894294971881029657133091711596322524469152252986207704592246348969761647957
19,231,491590,96779391583480276051227951621571024011811112394184097973236394538903961012908
19,231,418939,49645904623831409189148337681162414433375765599952212136604840906014618184419
19,231,445489,66565961209039711477663764018170951129853679714995593802573167937079081304638
19,231,454127,107905733614806809965222932060707183660861427158439911055718224936034227583827
19,231,352904,17574780990200799925827404082558692671219350537827080296392997116946711421851
19,231,279034,39399501863506758731719568859524188227490781232657361788175411589075616676896
19,231,343760,94335723925205766293111108020997706168502759872053625144281041936095440671681
19,231,415598,107148632257774889918769191977292375826874419019335407198339850762865500343067
19,231,375604,67072523836667010914874510853906623564066455782663795617404045562748841023968
19,231,332083,68479277471686399948699177725603079811689512918677558700582807066632607018384
19,231,330836,18411794016990052093128061852037107723005269910891316195717527399909541467406
19,231,326916,2382718636685871079849843863156300868264409211076574290542966185067779454133
19,231,284931,105925529376381491917064895953113006199038014456006798702973768276318412411437
19,231,302433,62891270212545973198209578468583928782134650900598768641654995097045760060082
19,231,311515,62504998109515898738191268342477517371691565551853658732323399113890142844521
19,231,456741,62424507075870239129020428149209291175069945751958181483673161602037775768520
19,231,300748,66329548471547049308582244068288507900124811860645149319671919591026644645250
19,231,330190,6427902688589543384953825235405541087703576210815126348163523015354901681265
19,231,515066,9038717197745074059791446851816925099852289230442223593831943235428469804346
19,231,519972,16822952860160515271194618749849968821038342605762600640372102679145583848888
19,231,357397,97365018181637368497563843294174494689712595927546131712372653830568983536211
19,231,349967,24025065334606714964417852453160162555730887507629058002781001947869180909941
19,231,311459,40004316971226899322083382427827156088321120211833793127575377342478570027045
19,231,437505,94159759599771973569767486208032238267253781430305112447412215987825413344624
19,231,416315,62143339232032674225588246912674750349761914078199725411778016467351021542675
19,231,458553,38096937904508734047464211522352911730155140732555565998989410420497813537696
19,231,316963,68287522603887842306400129712661583484806683363076199102873246408518578390577
19,231,363309,57462753633463877139812466106409619312369052083458624243633802041407705649226
19,231,450746,26690668260456073525441400653810308509794122454992631602713275285489421035985
19,231,310446,31630460324176844804130080891234829375322039686102886051668217251597512736382
19,231,485261,18995266228366230410084782553937657507374935312074478374051775957840855739484
19,231,397459,112496953982774898044121393236952981121017263615145491774601822803825469939873
19,231,336843,25472114359781171532654255655401318495299895832200573035121702933152320193476
19,231,408681,21377949367542156271488385819622957622049329060223417830213963264922378420790
19,231,516814,40328397436690542472631112050211392845982752790933593830606581781749334839350
19,231,440610,86358728221668952014280325418579155320096034905322528824061964534009363389869
19,231,344825,107607791533487832509253509417469372481024864981974504430679188518352059787757
19,231,308317,102245753065507741460132057301652237424440108071477454982139414949199772785522
19,231,357930,85675437270218456374841310497572258869882738332403359676818970525323069334011
19,231,402220,96188722561597750706728327908943325531070641261016768882452406642876847928228
19,231,449673,104888107805806503472045658334105604897708156909863890328945792346576708354535
19,231,279148,94744148033087754312556182545043498122472055792644922421460811097613799747022
19,231,269395,9448686384517893921987990744328692019911507951214058515289133231875009131539
19,231,337984,84340880821603913477163507542481497763508701793466758491843350913152881534968
19,231,512518,99405886219536637275889754148152566909260126049035598808442938939636043683174
19,231,454283,112527607542727286434876735489816639449760621784765636912341379704509109458343
19,231,472017,8375411445312264707070804638705217267619602116510314919886682203620924178915
19,231,513767,71373068924919321236833420846976995988313943176135159656886409919654264593818
19,231,295849,102714580886887251007189614671066737169805087921333322413814302157800346042964
19,231,342094,24491028997663855735268042392865509752911822534323742149830277110063918608247
19,231,305697,59549431101432979454176434238002007748504501560265931677607987832106541762815
19,231,506424,51076429161375937234094428007180293308600568568360230380788641776846988796247
19,231,332929,91431964910917205049996074559139196856898994474406849391657383985533910694228
19,231,320084,74341333477652755326344858199567931931195907060220320621274167387287282939827
19,231,268353,30519913993840139103978423768838149072189702354453614282542027574666688166078
19,231,333978,14950431189926351775772044621987707187778208659864734996492358769471821107529
19,231,496924,81956359030678986408917439770352480234481257517927458234875107502010855258551
19,231,337980,87633936373536580898973887674908262602669365026451351579704582553087993135531
19,231,303712,81942842390697145207651565887134813048840144529312485999908177350240878685455
19,231,368458,50535587918836309770677957599176484176704296322992754414168520399112331723958
19,231,413046,64124193115434233940144546338746859863626375327010714574129975254187154189545
19,231,384478,525775932727223892118078507287434305289429845344763825513633136429495277196
19,231,416610,111652895307501780591182366615138676726154611135429421014436111819517528341257
19,231,291823,40800032048361014576395296986728983693408713210858031951034550199187161470720
19,231,369584,52203781365091036324841821485804965404925563860646839486053010797037874362705
19,231,279478,4792082248279249931047467958884010275916308230602266958108101018634357316087
19,231,447937,101272793630325528619933812665629469844370452024427245717409401514773455450145
19,231,438476,14674608137464093311172842320082774523203791338375401182471771059761520320477
19,231,433692,28563918634488780886287432375483881521530836693918874745528483914044897830999
19,231,383476,37158347091682169493586595731113541395220100305087535200993902302571535432663
19,231,269797,97106510300683492831962092764410114741176347509458380760769127324220599075296
19,231,290470,65694563677577342285289331249879005753573192979788652645861667762701711528114
19,231,412549,49330814672320067537639926763166563276462354077756637547628077206902429570760
19,231,376839,87487306538269779319565520793349714606136933829458282274058155279982634823437
19,231,326309,39440103997462241342027394796333264301844581629108648948825051554629988590980
19,231,448610,43306713246252306564155158262158362244712260947675522939474585780144378442367
19,231,305385,66997641233761730110914737523792194474780180427731459982047527568793332308760
19,231,391138,98162337314217022253996202763027747315966543755292357978521737280283250931340
19,231,465417,60817808332993676740759479211342155040427818616630052560160789874407482611383
19,231,334778,90532603622349336525453972064455104067330481824414217970740471724799288816853
19,231,518911,63072280660158894743031517896891800267024289884217943489945197087684518983774
19,231,274354,80816257968533164809676746305663680424521217918596087299648055775570333407655
19,231,511131,50512530351530450260492309158418148538954574786809413141259494874420791683885
19,231,429519,91675449019333221805582218805132593909069492623915140467932900515292544407644
19,231,318075,86919375165775434866268388525334593790883682131166198557130961832128007568447
19,231,414431,108235453489400281135678564310011347204664876498008851073903366519506408761626
19,231,377546,115757714895135933645249241589447001404808336278662149473653414730956138824631
19,231,302930,16102912854847570791734076388594052977881516782571671632905297883988155549662
19,231,408369,99075944462544115406132412559109846416297679940611932798523113589008227058564
19,231,283144,34746687187770510445784039062383879378254267952109313602229497879337410965775
19,231,345714,66372627848580798019591178402064118253250289152754954157595258189612646248780
19,231,275300,65074076587774258937007973702137117358166819848826395084399462885237003253031
19,231,356455,62394879341788849512795174347127228105706007514903635410980067976917272321878
19,231,423224,17501022763524512297260453049690446283330689608493379980247028742125346761641
19,231,431998,54969949827343989897921393042105599280317385501348401767106663108197743199637
19,231,347285,503065077171407250951732137591464901686300871364191779512397976201897065235
19,231,474768,64016600348944999875837111943980744667763926670744268289920595689784372931230
19,231,514606,60077373288391118588529077344098656613957751602675644424414549735398186917522
19,231,306332,71573986010216037158779790405796854003552124045816152584633724942017234074151
19,231,444249,64467424833100089573177688962702866559591789359838120666796178370413796394291
19,231,279086,7490421243671854428111741310562690338050441749310331178094338656734529678059
19,231,420385,14869431089340988966879468028916674855392951574560988469115856195629594824061
19,231,354305,102975143386309477069568950058753073512423383969009531031471413224382262501910
19,231,287687,30457523141614441607533168241080441961545837333066131716968935295705337848289
19,231,389499,10608581592155913416373349672444135018567280691077397416932139152965985750506
19,231,293778,48797526187766704939988372900898323386587947912820301381225874738647708385134
19,231,500800,13663694494119342629395206632420094752966941572807610182641813988162711351098
19,231,420877,97027506761933602675066730721871610989506283478596923278692575901907619761726
19,231,399201,14834242367934855647564014347018230279853670325727205113006016428047255101294
19,231,464920,73377186249270089694564962551826335655194386646238178460882479135904520267869
19,231,387639,98919703482820927653681145381967545300466568240939282283438402728243904728599
19,231,432804,109143694701780588224687412168238954795058274152366290086492455958317245442227
19,231,415317,102540678790533280452351540693823820051206245452721346076431554826577980213032
19,231,458778,57022743426182670811330356736387000100799246784783012233095580285081379333217
19,231,339566,100187281325891882453288619033603402134898747536918231584616180609676831218161
19,231,263772,96377383402197749553810604353064636507447592473515737427246125101416725094740
19,231,325848,58263815791319021715419690257596868432042803989205624421152786137739216913133
19,231,440030,15819697475295186770330359434164536638707830608283777278366359340433757265994
19,231,437657,100506969973806351601574704521059436537939726910986614067583557823288069549720
19,231,291860,87526965557918508509961779558333180332948769647339122621688428081885993568294
19,231,326832,40409252416124823248364682555498857623606433686582473423509009623671492306882
19,231,444396,104733732658321183864337340366541172924997223676474370673732774573101863308230
19,231,387744,77507249825697068885038395042708109538611644371185365746477308875699062812891
19,231,290949,93391698714557796799028911817827396531411485604250178799339468107072599045059
19,231,273842,111700705857321749851190753630089177140589043711765184158459177820331532120818
19,231,443330,90367653162061503669611995886413942613625783427406088868128731464826538857532
19,231,390590,35429912974967929140125043912402709602118739562801509536114852994069687269574
19,231,481969,59565915694191098212840493714575312289689338158200573173619660446099340626294
19,231,408309,42483670319520547320557958028301400042137690896143997126169239820772328712131
19,231,473070,99199209629989222546686164849623914036771326196819812263187437655264402451633
19,231,357181,67526929328667805197637306608976238488479979199756961937363016721697035705125
19,231,433664,23404097935576381742078249009411067476415451876096179432277390262030301073895
19,231,495486,61606612038107645618568224891966870488686787989221309957790784290638072309261
19,231,415150,42722718302072280865584993042305186269486603838822794411883070694334708686932
19,231,349778,21969551231505573412696608017370683542881905870737447116547112436247452288375
19,231,394300,28204842225529269978886127201437534379646911857056350699554147445190426866696
19,231,394939,113683553460638046447410257445810299402753169696533552002283535845620938521500
19,231,293325,72895697976992538991591450913696651362339647295888279261302240112765435196102
19,231,392012,27386663899786431724584130170337826844353344150741573065730098418099690435161
19,231,439491,75016510090243361244120920977196400555641943804897921283738197535941900379974
19,231,447178,100833242284221102565530097985567327366187030414481746709473117694046898900402
19,231,378510,113736904345631961012059296705402386674370580270713454933753786333425809789993
19,231,375532,78909438579152476498386628600763547904529809616722410213919138189462637002187
19,231,294421,8162270489482612601462622793328659311374614789145487342085795623622189017749
19,231,394615,106536173234791630309912568571924706087797220992014070506703312895421230275663
19,231,282432,32036818849028768350063173539645630324992075667393942872838310301919389629731
19,231,354830,16500361779383363339209247032957183590528062026362586207918402502292327782065
19,231,491962,30214705855854218371595650126250670627258773065477837248420270549773075999433
19,231,289615,84910740642982508038620022855438313704274958256434190465050577044212357966775
19,231,272785,83461170487427875337801633943522969706566495829229911779591214087374508880394
19,231,293523,35721890147917239678611582644392048705049250482963145468886794156531942332846
19,231,295604,31708374794218705547403429314286226003204844308288243198055641737582550230897
19,231,467446,6276792602346829945695573196382644933645424310305062450389470499313918293711
19,231,323216,3970218511827706615605807907104904579780674555727020967917433266654327768293
19,231,490274,111866992338857661833016396921181892023183918369446913809531226547463066384000
19,231,504779,27965437438003330459254699316694426714065030544295666741675454704443922300827
19,231,344326,58862665203965081035862118017809347633773024360808805609336135100806258697348
19,231,519370,55870132560542643660214165536992843737107405565859942404240601224668606464703
19,231,327916,65911996490604566659280359260700959127239244828616343588240765993101239979173
19,231,354342,32975231294050187968401866435348314007604137979676011204067094943737686063432
19,231,475702,110133196859105476777036691652466908842550816995645711018256376855961375387798
19,231,303844,18972456371709171335357157588518082653100571651102040142056285085637555215468
19,231,367450,19759149144948138868529096669912321192725284077834537788993147699236593734296
19,231,336973,52129937916437018645198052847449971330815406254657312474639523908248651210067
19,231,429652,96969616438006057629814502448614924904580833182354533105535163523069867714372
19,231,406188,12128413381842059182386812738245853681417843541925619016528025024849257796543
19,231,378448,26342514601400022211449713448779536937227994931791110872192222583754194352060
19,231,263728,101511248752623522374570645575105382868627140820310366011622998098925278463091
19,231,375072,26714846267774132466455536922173590341003832117940981619578896604869440810992
19,231,419848,87801164671281282804384150139481148013334197858145262736281657275292322852258
19,231,370330,32570538755181572015739112974119710668390036208988961628263389055649206598465
19,231,294568,9310508396119829280516214407306186112309169117804611656014000753323157822377
19,231,458792,43767636780083055451060543254860433726447445698113834746387691122534877426999
19,231,428857,23245959358505602432952091084387375656161501482688364060969229869888342590419
19,231,305585,34795305824588737206196066538110821121354124385092197475651438586791987223857
19,231,328180,73741522111809475803379019596260622879951339031253819712232269181962606714128
19,231,523805,45361439767009689398688513710714908900983174334149886412540341793842977303365
19,231,405296,11631377420526680323879827224184720372678871583755345971258834575328892588855
19,231,511452,86015058864773708943217492529284931234976986069676317931100929047855665105618
19,231,297108,66673858446725554412346923430668615783965602979000709919235024584196196964400
19,231,379338,53076721706170812740923872710740615780105852060996905023165231000852627544321
19,231,401826,89827731327437934127731829334854027539490160200705655813603283152250312288439
19,231,278781,47626364163646901805973358874900311002830594089403724034386607921440609184602
19,231,460057,95875998775347999212845400163882582433942149695306008599389306941527991811711
19,231,349740,65290363422191716173665867520033991012586043528217812360894754713674386145033
19,231,350777,71416878898018730352085533498560234094700829986030653335144776653301473393957
19,231,371551,61525046603301842839851896942880222049371367159807931931927913082131213993076
19,231,366253,36822936356406019671007740618734660579867483179296054986556543707331646838702
19,231,395896,13054383607707361132607388222602238953224752915570271485620681141464374415239
19,231,432082,106556902557788198596970271676003355515737088657068789970316795276765293120428
19,231,392796,8185346808058175961163829237546973143557715729300734898449038523332862380631
19,231,342661,86552875643296247220715617141653505994969735946039466640595778060024723346306
19,231,281007,57642798512189975679829241917879835196464544405368767535658806697358007008995
19,231,278705,27368676825364187580813306460927648319046570130290989791984594602889348634219
19,231,495121,76752796630362578371503555348417157569802070346920146574384200078234383844292
19,231,390976,65386096406157607154981686296200474106310232440735072407324830555235854019855
19,231,509599,97555297713562545587545012101162318024714364087483520219370707736069012631345
19,231,381584,42657166790352651397851977792013444964610627513783388224145413760483923601859
19,231,326576,31950160946496040818135585511739685151870178449064835982014646737986745457913
19,231,523243,9786341935121958522200723100726816887042887187617224536093543700800449295192
19,231,383167,46393538594100484408849474283451249260884698546353888981936897193306453301108
19,231,329442,95635525795951559081806008473309214350276135268578660594852775191982790060158
19,231,382291,38500024660663077374724779999139952680129351013745982182906613735337888706820
19,231,303053,44731034515283488084829185349395868586219151366266089457707083121070403270947
19,231,476149,34520512022876048204866087353344282922314913459822285276232140782145909604001
19,231,418785,93318169293006586028955952861894401225285539246745540590135006826986079705240
19,231,339180,65559282150251708490269756633515021505523516510685523250671230795979656106461
19,231,496285,80939534043408901533195336274001329207338438189563289255031101671634093573561
19,231,432237,52668743483400054618480992305578264465768028276371003126341478304149809922056
19,231,318855,88346172108146843234665161194451633225653432249630669415834700199460630147806
19,231,408571,111362363478739828447239754156655769593478079074561669932493541256616571541234
19,231,392164,30661323223426083039644753731798367589817576739203266966916246603885610988220
19,231,352219,23742228663360674460563907068302239128779697056779552301945462484174864668380
19,231,439638,86914182507379571578925320517832123683323838347140897783797684574688634805901
19,231,345050,40417599963103032165546510095578481794667077107524080927991138476213317725149
19,231,290297,10392432169790345980899483452152685614050709792106684853099276766097068596260
19,231,340493,112166402167111826412381317701984226408334797431672307893999358693027234811476
19,231,415643,18197774957876123249290094276909403106812109592322720180828234045660470425691
19,231,356507,84651822250353214993618145301320636228812957274732311510823044147845682653488
19,231,358723,89183209819033759879371904544712831422034771680326517932533976990547900291689
19,231,489164,60421932229664043443864504513928724374241848130348067470769909541619109984499
19,231,360089,73274655146364465769899041013831319688836313886344147473627215229197105442696
19,231,454825,114592674898265473444687548466119491037117606281277447929753420279447570765664
19,231,320272,25898846313774368339104315218226586958083427629155268098696608606159844525754
19,231,334362,105748498678857628920167685129316712491294408736032116516853169460980068714425
19,231,391176,29282995164960397680916116933874379489639559759324553967192185922544097835872
19,231,378013,23972813736287792902667936347618971065093911758977569828864399283961562894559
19,231,440970,2600533682937584600490376021791468003426218248848494799646810182078739915965
19,231,273637,37304306909388074297037204890446107705335724347137537820445420284007246479190
19,231,329267,90133497689809625369364243488875562823103578167136876355107081355584676066271
19,231,364818,10495422049139086197016122008876782662848252106258277760691225842876234470318
19,231,518858,105022141669310365307088689594012453715031712846522908485345646483589679963404
19,231,521697,43672607825227097519905536610798993470219652405756497649973251754750608195334
19,231,329057,66164042673744008349221331147877100149893814491475846623079375446294243510839
19,231,483314,109008233285817597699072035825776679122285071195854975719263576330807115956527
19,231,435775,72659969673338638203142159448937272048619596045685800237978001755139429231096
19,231,338756,5728316591521732935705005021201834087491208021071555756807191095604852453539
19,231,499211,67958205982345777233189811758943122126546039152521760924950310990464044958196
19,231,440454,35483705563827028513366997429077085885054103685222590114981467169227242593033
19,231,377761,20815397095632215507325974741288033651301900235013296399832659069891854113763
19,231,372139,107870270992096443833942217609438294737117942933476475073112177049022940051385
19,231,452014,45008425439875092234438515488964300709005872792129731113511919469096298373565
19,231,460806,77328506602951993489928793248416375789854484005867086040903089450975677010987
19,231,513577,77226160921909699579747563443004203850460374051870897782546281011425214798588
19,231,345628,39268704971773324391134079480811786215931862594032444632519267855686630809097
19,231,415277,82699299143731214342738872041094695303077715606569073886648970723295578448394
19,231,427650,83198940604783327421075394519872252189405934271200021513284929837663614640200
19,231,303759,32262968683777523151067946853568869158136488389295140743855028581758878363300
19,231,332260,90038616093978533873654156013290912624613839515149025348116187259358081701699
19,231,313715,27021953678785055411183932131806618564933943901428534507373569233158150664276
19,231,476907,39728981707764500805507270927986050906088504666277906078718825110233905943362
19,231,270055,25025502099112049937636398034476844109337439190755853245554346084046415645493
19,231,407248,5721045048804917547954895493419826879417972043310566986104348620198148758830
19,231,425407,39052768260031377987192837482459442031161082968098059329643272448363396910494
19,231,521697,43672607825227097519905536610798993470219652405756497649973251754750608195334
19,231,441551,41362004524613546126979588490426291241456003043308224250508340367117494938545
19,231,455814,67571426806187895113348090124059273537460597942849941974697118900354789117111
19,231,411269,111520754160008070700191310366566646275375296250528222174632585586047261464872
19,231,289006,106994409646698188737050773931908525806612889742974677799562341798089885123083
19,231,474615,70179758750034257488807397581327390850227274061120424752528245665274286701951
19,231,312573,49082923058059905431590651214264615377427128732256068781335373850494779617078
19,231,406168,43373511827439605087893974991482756239008624664191767845071794887170733967339
19,231,287647,77171480153882209525465898288378199858453279728144916217166222309108475100924
19,231,400875,30261823754632218109735798104519585754742138103554770613909022872151563153081
19,231,350872,57203697558392259448019824114754685528356343494152752630710548769883924301528
19,231,452373,61478143752935215359410127166186926726535849926874997350347090909941212133562
19,231,374140,75812118664025343347328500306019687602141200720989484653937315325767183314872
19,231,447948,51799151210214372506467087493887781360399187481164368103993713985960793640162
19,231,519794,10381232547825419075837830572844105204884666826185189970299606865615702519553
19,231,460803,59124643784707871500653082786083800307825762778983523567195868620502341494749
19,231,429719,36253903384164635756711716190840413220321233492989239902854662729145957714105
19,231,424541,93161994335003890854851396074664194739185855974057376049607662345490061262807
19,231,397060,49531762843029239535182016054786078482760148432377763377151247205203021414025
19,231,303733,42948809153188542015794301459166102594091062900322841423367961082489212374425
19,231,481895,57655766673456178613411009338733857856079640815151320817685761029839085790241
19,231,292510,76568490519562545055259226035163796673064112348684282858266350010231820380107
19,231,464240,104446564787929702783414152540613594044135311538444063244451441552355138994602
19,231,422641,22637593031243956189659918355765767675675674161457669715145497865962612881194
19,231,364906,4258656141483992159980809322388197918663260340658843290865829937322180971773
19,231,483693,93318573764776298746302970361713870626473985117619506426503199764687479486974
19,231,356572,66774525296960831457878588856315317367952316267792952623982952474109522170860
19,231,347282,46571702159363650764410547449605598589702559355268773035126660776222965795425
19,231,283749,112599991682141244575068013034953726699420349852060941964392286186129990350493
19,231,288168,72923988916401537400359273856068448916980875942251081708744567970775362822449
19,231,351050,86896814620579255395074090164889778167562355554405655322240484184833651300897
19,231,374057,91801418623900006527269332891301713177859062579973614088598230536158540337121
19,231,368361,47870937516739552789317557300009722892382692760530152144714759433048245825577
19,231,288492,45265201664506493710861218101314398866319764716767599813631471942241614132536
19,231,372740,89038680448269263816395348357810097962931746451533337819568086960269261996759
19,231,450691,61001277191362654695489679589007979248304825588154256124628780260256537279639
19,231,417782,3348691728315118406573638439065505271995479757484170434697270728226908983356
19,231,343981,50240675975751976240944146796635316649625150485944210483359353406319489937174
19,231,282925,58064554289293369861449654323818092828951413544923165845668492699382470744215
19,231,418000,36270248150645018558887660126892728134325030988118214959098702875817605632045
19,231,515864,28047258820152241753721129143598188042434314823799626730908022741301926575921
19,231,490445,63838970179030931571165412621972263458067600563393688205970016751542784245720
19,231,368789,5076155015709348596308514367114783979118503956492372766235968890130962301995
19,231,515722,106613251884039231942661135819652346028154898580704593710396555175445031177206
19,231,460365,38810624603513572856748458325411458803888824354933432903590505436417662793019
19,231,460049,107743415442362445716961364407416139854689276133686814777555202505347155645178
19,231,515967,31474635951630314244157784641658724175485509707307218985193394863755776048538
19,231,339926,89180488736292386575440536612923347175875587432751937352278101659761362310688
19,231,367540,2018290903965573316326619512722758930412208477322194272349891532309187608683
19,231,432192,67038043916056179161278645867371554251944975243741714092249991099236820503357
19,231,316744,114866232650456368329059885588040971595417471867686034909414411635135296297269
19,231,522231,63887027867172305095330241838554376463199052692555425445681535454994915310291
19,231,449147,104280178081759055357481933129922699893094231850826593801354639007938551972671
19,231,319713,58749777939991751670677023751055491998342628524274710180019748994578912301422
19,231,440507,113472559102109275619030410749894180942027795607033930708717621176560068376831
19,231,273758,12389858838554971006265276168594249066659430522572836800912335735623674754515
19,231,472576,73916497997535488314790773884846418471727878372503034706819056498794603871375
19,231,307960,20421910988068328161118104109389232826326568304546402911252447513896859307538
19,231,288416,103265562818714965186703916209895589522162839119929597917451977608744025520376
19,231,270911,81848309794862340554491314299953222966142654300263977526722400174560480646768
19,231,308912,96490623580920378272412464900038225487127021122805095462136691648785162391193
19,231,263274,47300273620606148530992175339537725933461639398858593566413339032188233365163
19,231,478828,13158080992213598439639464765491970777751050435014544462057539091006962343596
19,231,431788,64505894017868779660305292106160198145961220096704503437776826239591800861909
19,231,366662,66393953539684419307270650791777078379450631895298653194832472073728434033720
19,231,271071,99678178560167894104056915325754107524312418188249231243069785576322711285010
19,231,353218,33041982533119068201363371962689191794878664659836300088285770524625994981552
19,231,289786,51700133795344364453707251778215036177684532134329203637988848867269920187814
19,231,400490,35486063458222861800997572817715184072298118056777669145308039790636583058842
19,231,319875,26104736626551363729687748183223820743517552265917244267253147580867603874169
19,231,488574,74136361525781275231706909638157510611396062997782422538287761868450109329432
19,231,511845,68695677119682443321613108546460512278483336696251503288593528817611969565475
19,231,430619,49539158585201615057937753674364321807955597597189026143550520055405415368437
19,231,344471,6008473369585436987109456922292952450403161044843104379851088279839797806225
19,231,280636,102045200479269032152356770537050168519390142912100452541744250011456751960789
19,231,332495,97753279200137266634263515203229068053949879149876626189911846985056893937248
19,231,437743,22066448953190222874259409899746700409677809490329626019937293286101932834955
19,231,509883,87256256880837419549283155609289873945614225940989636339944381439426528347416
19,231,456956,72114999450252996461300030463874519738998839705012589049171778998775622062375
19,231,305133,19932731157071790828176552222363113853479253041444349411919183989031347313572
19,231,433637,109394399199211187065347808039683668757246351446662511206593594346642471996843
19,231,362167,64069590583319118416822146198330154041584822707181119500491295229275721305946
19,231,412093,64402657503275922964184794846298059355509589063668824817483488887997951603611
19,231,446693,52340445143444694852317626057022161383115110323007791821714317904076655310222
19,231,273180,109822115811393516211085099796203823361928651648267957863800777981554620522003
19,231,432273,33242577636874168113075092834700912090014106906992763164370024324037456575580
19,231,429950,88689636720479994447407234155354328725572935495891222948979035682694466387462
19,231,306837,83748858023769693036576891391694335496505243833657001875863833910664175885837
19,231,263881,62026672052346879247973539918142089101277627414900346113105701247307781743475
19,231,491658,73552225444412009163097595488035137989295688847479278802550374861935160965711
19,231,470370,65834682644848858238285997402003597711643497549112591885028282018860512620607
19,231,456790,66536715321552718717325526309499775832823423209022289428596240007496557706872
19,231,351868,70432259191694018727856032064109817974872233222802346061330678327152684582501
19,231,481209,28111201123523984828672742483092455657682756662918295949703260757597332949386
19,231,274431,53189617621888662045029845360506549312420194040856343241774849234886495772805
19,231,341962,59544014813466735364334148544299399647988177528608008719983848256692843715879
19,231,266829,110037806823633715829401855301995244869933149759169397717261036224279594135046
19,231,405346,113416265861604704093204583526035322810552687709012097046733141044143281363507
19,231,329764,18856211939254022619706002265883339671609269648796115604658807849532562299289
19,231,373245,7550157003443489025472728049029385082366336938954311703184122438138613823810
19,231,340065,50234474004171023559040308751194197374918405549095036328841234067384399710240
19,231,495317,32713709861310371344359350846445830990219404951904285364408413489014391985540
19,231,452512,66723946632092553933535629857072888869440141712105010827163041334994399207476
19,231,425496,1061090582088994449196330814732093875155859657592430509148448276102383221351
19,231,337006,34376689044199268965157127974731686894525132822759018488371048705269664241458
19,231,294800,22950187085914675880880928119123214083197216641160479728739199897070258538860
19,231,280309,27224195702805322099044273071584680972296188094027167882302912470904689470803
19,231,297396,15729277861474793775472114372473351649877429844945183421985085760025691193691
19,231,482912,51428519887360300375985547489378147949630578923704668100840379452970372549970
19,231,387604,69963707060184725935238552016482157890192664103645543047322933996907463531701
19,231,507328,14412102992621561058323229725385995542260296881731404834778093234861652785014
19,231,415627,54083392788190914848621581866247609699061837021840000327162087321019131676915
19,231,392195,52468834616979144816183138165379834593000799433866227261073015384606166593967
19,231,494045,8551904335086552757155087712902920665137543791645438735258511581984617929235
19,231,474622,101158163333477087267265506480168362915420470657836863837051115084343680070185
19,231,366859,83277933181242254547436096435549663267520094532494432412461733517557070151918
19,231,519855,74269158752443278188990976195326847689200299875394871111878183665030588398582
19,231,460593,96831594464195065672482389145045773587725910958545793304523145912357212445954
19,231,516579,74970306780423875769613429577169683573561650482765152170053210462669245923804
19,231,445523,86227022944102451499433631907030364724565279267359139219856607295276438972924
19,231,280359,46802232776091631405633989420620052195017066253608731326230553108016861312680
19,231,518796,25751406341932501898068070109134911374453978651051886194674505233927489055898
19,231,264895,55482710142119841655930047730937241727933286332668217180194605257899470140249
19,231,418211,49805079347378512537737962160814178079654790380503988709064185494986191023885
19,231,364851,84198306588068964959327884624762356387049623256700698437811432649005617410464
19,231,263834,79367153052355193933206904326177715219806737123343552580671973238192111843074
19,231,334930,50871238725035075189923795245066550229358745700001080406133418049091648052191
19,231,395851,114082825765051413936682012416605486640622729319393575447637988456334745018358
19,231,489993,79660301680215940758017968262211920796034917335922827017344950585869982213999
19,231,397031,54401404056992821215126122100100907720095460230387764326510654969496255096560
19,231,344326,58862665203965081035862118017809347633773024360808805609336135100806258697348
19,231,494293,31404545499418383390537753693791213682452456535733177697010534333263507327200
19,231,327223,2094054847121836059338788549537188894003906560205140232461635194407722628473
19,231,388475,58088558043450729939578758123926492908676044958600698377903141884857335486225
19,231,310172,52495372458488573008020877751999215553384720575720824120805070734389835346158
19,231,429309,66079548019671336167653915779107466520115844712705634841716514605449820159459
19,231,484951,95880477850475220345704524873038590584257123780717365341108744742383569867895
19,231,373482,69743602646316871023214970727068048804945204956220302399938643717327625371869
19,231,317942,102793394303059213151455626169882065453440783389472129756970388942520759220942
19,231,413484,73364716933276037581494139689822243510219251195552286933380034496752584941067
19,231,326721,111493762856788872523048648167240676607114264240783004888180826908061455169392
19,231,355332,28011749130714952962923436545333067700885369479439685579813255545961093707926
19,231,511153,109188382935659592305614068408864249295154349906259361298702541483746896224669
19,231,370144,3402662300067225254527122186786722052670554116107444206449681519795185652288
19,231,439320,16161942555692739076053597292490362652873069957521146287647119215597524936014
19,231,274983,37206795452210138982554269318105768691450735453352665914518352727430056554136
19,231,492402,36416995265975688105920713209545902435082827055908364069058628887654477188722
19,231,278290,47303973443061899086327127516199616938884820369340752488841575774059200631439
19,231,489516,24948817218278601900105336896169614855235310980218777528946899531741131943188
19,231,422280,7736252311594852592089245713126853817778230408811244572541048283669020851878
19,231,443255,43315748446750034315396737971462390653489492760878167627251930251888007451933
19,231,450917,106303181467687683930791397805954584606052785391423501401989917883310996875425
19,231,292115,69174864795648917397823633841727335718163137339090573935967191538584845370726
19,231,274688,61836567418270674624160951597008464961999892275701520180021954870984594901362
19,231,262924,104749573563922761052326389718792276145678211516880141620675546962348688927323
19,231,447328,19045742649350397620203336127956257124217557534647352255177352952956737307175
19,231,479083,89667371054176269917431333263804978485037307826417961016025607986685890000435
19,231,521022,69393769624520587380542705854015495134745175893970214913900526522550842211032
19,231,292397,19139730878616111497293532589406115337112894498470564201426791174526453704976
19,231,325793,98078100904827774585437716947456517703012186292779970891559665246473565905356
19,231,484515,114199130398775160711624490829903197677527608141776094222530713484783315934532
19,231,509203,6333449810951372713125124092330053801938344265718888416571406460236952189627
19,231,393312,73748014791631432809871491383834791360916145342815613554238541216660703166420
19,231,327143,99099094584051131447094470272867238034610322419304532374962428483850624561070
19,231,368897,94329889323428292493401691443222593656831390360400070811606632373965796682692
19,231,418184,84253933589376207987142616185331493571058969580919975212662355156458965873152
19,231,321532,110111780272006210366946795455214954334804924009564170931719272976589793355508
19,231,395580,12417300360786894013891307308322306725242264590281602264632907041473279653833
19,231,396731,63684365160617731074510169954653770143012322070051438473648163700481904070491
19,231,341054,50211042036670567531468816076710563397813717440776306804057620228322303097072
19,231,514512,97637644870170944711842558350943671366727699789901467858224442699802629431190
19,231,490829,92031940495852588925091219964043610107485534144038941149564036183680606723246
19,231,521753,83537663070193343219647903382902211931857644787909040617554766058104671609797
19,231,327262,97891544840051675874952256814861726277119697189755943928041073771797459780789
19,231,493298,86655247540597662141107588908418031092715380161959420439662908526718054759611
19,231,455464,74491692646971721652054017329923795373411207503069849503632984609760097405597
19,231,432965,63946100345593110037747263496796099248827940510736767571378549065276956851975
19,231,264201,49802565789298682267273566252369259049604716364020743058120867779818351158184
19,231,439062,97562630801822183762783567247571364051666521222552715433237310047634148714813
19,231,503535,42634786406153668940430874165945855618805564190313745008420645443765167880999
19,231,500582,87404988369796085956850758494927726445486182966699685602372239593512491940561
19,231,414613,56853880562146269668973283528275493186310373835522065962670761620014464952682
19,231,518697,32966207569013698297781406371856044529875533742238531515050847782516935762454
19,231,287995,95423199013571763705792675025465824064535099530804255309689392559947545548764
19,231,269392,67042045787132791980898005846876317174088218048227776683831114828457619531511
19,231,296327,49481610676600365393287968288804022474299872739155066924489164335964528264362
19,231,467723,11081319483965301319604079817675387824476660818956910040183279862714681890157
19,231,442421,108455535661792525395109931535442637693197791136447880493935820552419695579116
19,231,448925,9463344067550764921906704071249301374135041748356114185725352515018839125188
19,231,503497,33908160128570067640698009966955332660357859526630602949859053671869334755021
19,231,334004,62139991057157579256582513562441046812278238544544060734493749086928938029723
19,231,431141,21368035754630476139733869003971652262026596066956140312270788145214200070845
19,231,385659,93921012647831380797558083582367489570163673834307117606217886986672420584393
19,231,512101,76016892435245807333027969029544228949543595816572144967100216892998307859296
19,231,485206,80964204736726159745003178843155023419598441983206285236617850888066782157859
19,231,443279,13959263482456049981809711040796645135465582377202343829457422394940109729735
19,231,290894,80738326980568861111616486808833887949667296808910640083179728639950769892144
19,231,313866,53036471671599900806778698529856120454197629763489329076459768507374077647979
19,231,319726,105633583387888426345133289134801099938683895531811930127865945862344021079583
19,231,470923,4211625170908465780652199045254659552490281392538286695864699271113724534702
19,231,285339,41746458515965054070715526583098111247424542149739280234564760256838774493427
19,231,356099,55213549019323609229357884171907530937051815887526395091695787532058525656784
19,231,430244,87246191513036717588484663677350625053699544566851247746754742465356288298759
19,231,488725,91943069858321063350188023209333824816911006112434698405850095342541367435458
19,231,369592,40832350677381768694502309447118603766387496330475659258509796770868004108454
19,231,343816,64245200701760943945356484842521614676508853002856119319404720037751380478149
19,231,269610,21662920973797021042059929152310250265867316108600641652322756231169856666948
19,231,279693,2540225630984369392413462627658958586781786541507324093798590510145130958360
19,231,516121,49206184768074610083521241433091713897897694495842215279776318286321839779191
19,231,273006,73497770104513833484620401146960686730610837649778552880245907224997774708152
19,231,485305,83942803589911709665441840694348183062408334420818087800130732603960918852906
19,231,283277,24638264035875804007331307959704753437330131252413585767245799406152842951838
19,231,438860,77162218500640204362458305111015110170177791891308736182260881267576694750238
19,231,480214,18790712584819761292428443399766396545656167152125645481776142170813120060399
19,231,388835,45318740062668026461836341930267624489695525248869858702698240056439439752446
19,231,340545,96777513459662812562294317458935740211089251013190790412538116798385930466625
19,231,295060,41650746483546538176369465231726126766341601707391737022750857344298404228125
19,231,477795,35031612720173430282762178462989055838404913020385939754694229590397931735490
19,231,501876,43107137601153177612611775631215252531490873805313613542660548852444557611942
19,231,357329,108546707052028503593581891150301390665133894055164978548527320305366997248177
19,231,409365,44535014671233955989086992216878149441633461802921844925015210737916082563297
19,231,281923,104478170857200724370084089824773699277398749515770299622374802833936150148389
19,231,371157,50672905770144971521235555383587838304223315896146813689969630827867208193295
19,231,349700,8652093719166489324304101767894354861390011842027505869980838853896904627010
19,231,285113,91005520927256043794643868189941819889902237384012792569607917712690741318829
19,231,316260,51796452597985164970218652815348409070091094889186395578743112532402013008489
19,231,496960,45796003338266360749491412025439084759061671591280968532332946368874195599485
19,231,492811,113406306985322264878746604992420098888403223207211856876398208166625079314065
19,231,332908,83540397931242794108983880119806607462297860354251437777958607163537813226108
19,231,291293,22802007344276532468835854341012754993778416556958128855198244669770723727305
19,231,411007,38998744472595461713687224747091796391092764403887656124547886043397367788320
19,231,371353,36388648428226796259941384958748157195302895900920185342853230651987865386214
19,231,406687,28248472586473882647277168023140612054931359580489836496685640258229957849601
19,231,421438,98932445730283205421985070990846131477742303518933305354586052984404653163518
19,231,370840,35744878893568315451197416130411875985105090030925635019119993511541178713009
19,231,286402,5563969131735988376653009656203775722396397031926108035957714027768685527061
19,231,468195,12598369999653077215971600904851597626481887139725540557038806178246909420649
19,231,266319,110188631326380295079697232875503309631678229188518177450011798518784103131185
19,231,468908,97799670169867029932594165813621555383947461632068601497767558255369923939916
19,231,381128,78523788886784911626668468286510625473761652711118193795931000053475564429991
19,231,427130,11827907331705219614988350428462207336573971567918361672148978000037965907127
19,231,369266,3355340371849410258154034057483439205604265399239071767486646230670615062754
19,231,491019,3969960375687792938732217051417270219447946229357056197901261450650141122008
19,231,404041,87449482080821467838787436307792925461060930382766706930845492098247867522210
19,231,489441,65405177014339784426049433513340137032204392790468348249566121993096676133155
19,231,427356,80486695335188820439692383255218013160968969272213521962209562922357100512870
19,231,459209,101903913095314818178101611759798936214643924297084363345703517463870487294927
19,231,334816,57418449271680382793483994250651658119333424120374982481188368528889807252511
19,231,334124,7327505593663627965172602835294484507689101161632791956129987586904838135643
19,231,267318,12781456779145860084387327378042304766072560671478401686163129893290086206674
19,231,395931,27678059009509685512285914371232992134469722102151626613135189114334198353914
19,231,334836,56234272997576080748196889240782719602488101904242772513093393054894436550182
19,231,400656,41659754665478050403818155181553072147424881671437355618135648715722415957870
19,231,309459,111200030742968685386536320706160210388544814611286308473074430706880362371772
19,231,266083,40623619269083435146027057008851545035487607721257667027033611183668252090618
19,231,465370,68789388047576911749216766863648217385173794421123836241247907500969509692835
19,231,457869,106942489819118190792879952358837479993733576008945891087991327834067056751989
19,231,264989,27654222399606683244651788190622833946345969010701353885643883286149928393187
19,231,343383,91822784049349275093471644103422047482591215851779306942886438025842754153640
19,231,503545,108013143204164781605220411893743915972419574528952704768232262973425037288320
19,231,328232,22924986975137191174571726887905980375301269182618411098303349066852826253999
19,231,326086,61681595716799398869806759511281598595767522937631274872854804155106507908636
19,231,429019,12023844095203952898231732522859914708722256935788686671310380531350026195786
19,231,387071,70359629248315361142175016306624087297106795583378455067641881076673367787557
19,231,339695,106602504097946587015764626483925645809601940180931249129904972280384809040281
19,231,501370,110077069312375439789250412732242683468974039493626620576325909396188373053517
19,231,482299,36130579157362145604345686144976471742127660506307164488168220363936528534087
19,231,341343,39592380072883277831485795720688605401069886135997067913648313060782149846561
19,231,293954,114489056367479736842778177368618192430591038802175593971468755775862144761366
19,231,425138,52732026854179947278877207939860000985981258543762616074467283352789799327759
19,231,284149,40346223231557436333304449473451531111111837464818134158414820854025992930107
19,231,402659,112543320920896484009722906816796369640663781799791623524486100651599758027997
19,231,434550,102912372019354051403817607248187033486531914045982697897486001528323946594105
19,231,446903,30305135988176700935678718847100752324410862928771034938777000302706632803569
19,231,433108,94155339160102941960432151309191736778418751818131863119253114825062385851097
19,231,466591,42342166608458470681461233917556744312052579492892581038425347760963297415414
19,231,357152,57185877203120268476178877283208494827675056699244045740807811910652013655974
19,231,457769,91631361884869721621037475509679407340060671473467354172003949130393175970173
19,231,459903,49041177049351703250231904261168262776870030565080482341003355192936132213370
19,231,404215,39956418271105576108519005418777296462930420740324722802455174849252152947673
19,231,437358,79065016700526936725466609977530429489062950744700459356713259824282539140988
19,231,512378,8246741630154755665968683330174166189051494664078007199059568670442018995349
19,231,364244,63793173248427001280541596588148430387554347674216649051333519957738117028256
19,231,315928,32367175788535529818382712530023465363040263291744447361739985870297120549373
19,231,299507,109573270029913770116799376482862396613107329175892784915674211651419195245056
19,231,359824,110665614836407642162097727059671081281145056843191512247892585586300081063894
19,231,514833,53885586806471242756951795404387829031179774363598029953310290802262745030935
19,231,473898,22106504094425545754387727099824168452573376260010492232168924464892779635378
19,231,513963,72080065413412912833184919132588066863548066158266567506104254358116383775709
19,231,394401,89867168754640967843733645574773614505535580721854463604527979461516128114637
19,231,442830,21518444424080482607258110042284523511179073030982716557087974938504540595307
19,231,474880,19561854214473837396495589947789358844938600566192735804387547963685888323703
19,231,336006,15753660757462500278085211301645477887815314586741728787242414701912520086419
19,231,416698,30332686515447515264584914907984161358968230567416401737477041872620358402006
19,231,437967,22472719415086181536676375116266242927231948174008701481650025738463961560772
19,231,376545,6612296815518205570292779839902753551240879512072778527018148693481886925665
19,231,416112,2054541268787838183179766862997362421350254405563630924765226230661330420370
19,231,488837,26885880223008967880932430492849586596579342996991006835622389938718966027228
19,231,369520,1544858948426221937866941146163776501627113795086963317889423089474877984752
19,231,312141,101500945486847138149228333741980190560496207403542457487376544053132054383306
19,231,297861,48673849294328099448340433689350277173967935268117094222302761741114134869913
19,231,358951,96806993753736868533010648018018553116988149652005484865449540119127038835401
19,231,309460,34300717272278017546190287259365947483634842893450679013671655144863063957477
19,231,360165,11083910909046780375169585959785583513008759330306512673526510396950984881949
19,231,370365,24006014038775676461751707182340378424380994537060363883854375604219234053644
19,231,398450,75686049295708502714853269783672374346143551119113882957181468110001527115978
19,231,322078,47689846721315682575181436068921573851735510462958046750961203367364379973879
19,231,378667,61222098527942219046806775628945288273601433823423732264585149378767747489951
19,231,311281,17269107555024254072210698370287714855360716622184652094664840508626787802886
19,231,416569,99565009401728312362861808174920947784010915638931475823639452284564502136799
19,231,379947,70483306212474789092049873834874369075150131022838986542058466302957707396904
19,231,359310,45371056052065451414905200322944955133442560921696474431782262500480290137592
19,231,335270,64457328643763323278370687497650617002063437008816019463343143798284851828170
19,231,385464,40100235200418655928329711397051388944610046048702245131067752996981891331519
19,231,506163,26728825132661271403907546201949533124543839926346988294505184253751198546467
19,231,499985,107673411902521205276119988925475161359449743806163066837127897850813184894792
19,231,341858,112631059594271500238637294994334853637735865000586886308805564205961857263393
19,231,326925,62430729254686270598025402370263996985026678960570222658486208004731623836861
19,231,357209,42177454186357900159602196302200572434925692530852018922984260882207278218152
19,231,413924,17122367174969151304894226262161711387960206376676459853666185341374694409733
19,231,490981,8175477381797289938897704150345251181389376425410336670665157667887735961506
19,231,319125,99939399641439019415413637924222501290313563418315476812822316504236478810733
19,231,293628,19226579935060446674083060779023096895498108654746530595387828488122726946356
19,231,447880,79893708428578895692307624271118031220600276135682603324041017558093669209467
19,231,472027,50236561063806606077620673261725085715644940733870720256151859548211047055637
19,231,433157,110142417307357859888133999699004212410881627355777226615186240895088514174759
19,231,325859,47091179789478345739633885578905716614265223239034817001034798768896320901406
19,231,343193,8068149163783050825274818273761882980114027646095915592612976798677169586077
19,231,493734,27503994097879517776115830936911798458219989178058041993958476527885758499607
19,231,377946,9981597298243600492473602360664919776677269124614481484500711042173796304675
19,231,323876,46593165274248885720066620444591132496331901034305840833226186207592030616989
19,231,449421,41367330834983010858519123566804937539762964442824870336101186206549655629764
19,231,410780,107737056846115220900034863622810118560172279658661229084113578534178672976254
19,231,401890,54684651855863008236761453109894935940649423735894864345455681669814421452504
19,231,304255,78027929299799433474878441507116908619269839530269842610142906217727142585331
19,231,329812,44230169145297771216224502804909789132675509148392784914336804557184175069509
19,231,348433,100615030856215811777143769656064637621037579959127850719208537620592245086231
19,231,262446,8853401089415051928731784878615471688384376495035874477538197546763615680103
19,231,336649,85644655327136656175257254347815663484188756246146265646434624971905736315530
19,231,277186,15596499709855116434205785401745769345244747664904033916083690994823235923795
19,231,301743,69488600315294325690617849468665580780105045450102875942487068334447613573486
19,231,430000,37751907540947363235614825584638280133410224441773146255479157161349860092421
19,231,387237,68953607960709647579102093984495067114272579565354209595548229094755560923656
19,231,279753,90234248336045434540873632124163728697508924942172730891815807553277467761931
19,231,366966,26901392012415776566812464032669054826565706858565280291727754202319825216569
19,231,428254,54054668009337132774194329253407705531722656169016311200122038300759227294940
19,231,486283,66459495479678246530335043149752453755828153166114883245000495140959283977449
19,231,413174,87797697601009252969947916069399504764994360760014402439689723000468821546020
19,231,432115,49987972558015569191920995748413486225641840601268263944109102079756190529242
19,231,492283,33473246787209246830924112050347380353039489001844734714552307735731970129167
19,231,468397,67631464169939286842551842244325630340907856732992000082837924207991026694673
19,231,270408,42943385253157100938568458771327597314054333072790409541891666863080803281794
19,231,427454,53558307585844222004063296374539833321927230338006126637435246008391009577195
19,231,350666,46292622189235707872239626850716910882377795625997025069517022899862356662083
19,231,460469,36990370997850933586611271147438093755458329507104782542388614857759346153616
19,231,294160,108624344247065379282231705930746034641893407692786393004914230784290569721762
19,231,372652,100409584587039117791541672440923435088383670253272370113175123879418226905850
19,231,411165,20627986047695287458124448209700025887176716449456144207924444608081313513212
19,231,517916,5713918716389878933490468139896764492372144093958748343748126398145738759889
19,231,448093,81078682695966277402173532451826714620084275618491123476107778834091377433811
19,231,475628,10079156290955482543961444510455839471447064816631857710170431443683739747769
19,231,470211,80399871445373246089385701681567683196119816327244934957990015557093186206518
19,231,279921,104421188675960763987377842217333964579963889564497004151968548362480714245862
19,231,369246,94836468502554993898773299867908622571193814482796033280248900504599518226293
19,231,337767,18027179702573612226185186827198678208847572700903160666169431484206910617452
19,231,521826,11371002298275759490208966340452355562541482038389733840073219505593357787470
19,231,282988,37320270800227077001174338951310024685611487980996238770056513716487805738729
19,231,318019,57588108430036492715951333446015510198669652697228038174015414913855320751528
19,231,451580,39370141596015218169130625136098181682268547678651056472934603738136729698625
19,231,291422,35206178150601341363204831387040350547477462260412734250874743469673534514073
19,231,376150,71309455993386322074512248579714459613308505007376860863032215239226179778703
19,231,324523,83683329548795948768939386592542203826494404517837928714471456634577328197862
19,231,520278,86590174687923922546657952153056817077780899473310515202146007307679034689527
19,231,464982,79609870777779131057044384309614816626533266863055914882869320390209406021222
19,231,476744,73076479620903063242486777954216073173363532605606358084303078712740560932747
19,231,472120,113631119493968312478706243608481559047565452702571771568069563959701607892848
19,231,377579,41175544478609194495165592077718872279691460872056698967744426312018564972499
19,231,424285,56313496428810751006349773643182062185324329581549373917119478803884594011534
19,231,336855,107850340576081375216758834838358995190765694616884415604217625011762225712560
19,231,269566,48978641037504471115600871119190781892976625962584343370113665904186645417499
19,231,494449,33192850323577406495457498637295321577522858245691434274892110557345983992696
19,231,418743,5850439133794535253062986474833781916659029196277658974573458312656868621316
19,231,383853,86967489100139919414361351200939039644281939121899314164358224612685756496989
19,231,510646,34254998341422650390822004199096988649369506783383249103957125940253118725821
19,231,285617,27189768014437118773695392803461198616378462973886147160587583775685195056693
19,231,431952,77638869821069546968715876410775700821903746258640745450972295656861164344603
19,231,375907,49861068674056462496599111161582419427570900254346342892326437061779378497032
19,231,264545,95160344842808933892428852317556841720465942269405499276180129873309623248025
19,231,507558,106083296247277234396840461037570471999488826195088981398026564356557384170244
19,231,409150,77872439836354598877146665027491814835535688266302253362592762849063644965577
19,231,300463,79532098359106761500324083243686163980005969116685009361611097049330960196323
19,231,294960,14185816266773150389669968342776932800834768938918537624100152903790635312181
19,231,388787,18614852146828061022792184341480072084114786942929548675129897339225145367664
19,231,493111,11675067877779919079863263888708597864228357665596061574812137760614521972274
19,231,388820,61367241870622591606118962319655654599553933884338064526740600653003595426739
19,231,406861,69917087871044934079264550771986663468510756581588853246916257979890857993843
19,231,494093,76825927443977572332857461957056847665142962753338997991617839179381538178212
19,231,414541,4261163961733642527912862622301937576018671587727510733736783817855518214054
19,231,351569,82489582893637022721941725831548696963143949504981047024282350302554768061862
19,231,439383,19117200695356417012990969093273619947947139520809394791630151811027956098904
19,231,333656,85151554179076727666405604626122534396050539364927726101192854297998070751371
19,231,399118,15515725720580057032743207783586277748161324325904272367150423663742216094558
19,231,494836,41721452431968685663932089209141288312904773444836498413754651974421779412813
19,231,372729,88060782287623396062325602890663699011604436408065421293475122917008529915541
19,231,321456,13912716548295014902240215376983023715523590243304793027820392989646296915848
19,231,306971,8589535982965253842445292386938118327853176949970947063083166660706614289757
19,231,421035,84162114249899041111133697198849134002273267127035026432362446004830026139051
19,231,328949,60866216627422635855289430585589487544214401943293934600979089637387485919038
19,231,345890,41723702247238242979857795526214419029343510233821467195664230468948314013658
19,231,416486,75405972829622138621689515968282741669977728575054197665871978418347705447926
19,231,474846,56028162635502684581767235890081180121158252518682342556237124923913087469469
19,231,342437,89393640951908190866292112532528334486417720213789814250171715842049103393609
19,231,427265,76658193649936899058615567290665281878654970623898594945157787512673767950618
19,231,329876,414567694225543722253012188744216096182394338993770485644640582484168587221
19,231,323990,51333801427957103776413621037496261607909843605567978658149596115603302953776
19,231,303210,95823743251892619458458561249105885106356151101440266638257978402938994990977
19,231,305759,58188406552048875983021720769021670247801280227534760567390464253326667351566
19,231,271382,84847567704627211380771765019640524876482164533937523531140744236430347330919
19,231,375134,70971753488407626987322534389390385040701934344073908965730858838281490022425
19,231,380061,80981419250557159584990763200951636323803648351439262141013050004653667637703
19,231,427443,21904764211346344746377497064762666714386778592101422691960002394422863579313
19,231,372878,84847861330730905354420421810382834854867986276444931179338274567120776434955
19,231,328186,37569025480520633604006370727696593211930441000888199086415843884536569412244
19,231,413567,44338971956611164390408556336176955382213761830380874687750916616555127313377
19,231,467554,90713356728472808852211330026804216857521308600326956914380682887124236635946
19,231,425481,43281717385229977420965458435225453558030226080802750800349441707028586462277
19,231,375993,70531089295839415350958740795060644036086972266136447747921316113466734322405
19,231,375892,20922372978973541609748944384295169490667058777209479582605436584571375914082
19,231,336775,108784998119722701847948621934175342313182958864132029677795166685936214731614
19,231,479891,57970062047976036574048793350178524685716067087235773215549556984449590904831
19,231,402473,95967707847535785082655772855226667829403949079779046010798760973067804309826
19,231,514721,79505871717234837345018456951723112101993410825048981812906809589454986503478
19,231,282914,106835287983750246760691670031727278237162284764996861953966727510769016772184
19,231,291265,41635119657099944122092888275906596105939722087702063713512694346449370162847
19,231,420298,58217742748350057069427132126442432140782746256468032585265718190688637967621
19,231,352305,92494316095358612113100590894595953087863497820874222532394317098825948124664
19,231,500118,4916380555820566160984812054458376682883830011612897044851998142754471913771
19,231,469039,99680890377413163817504388885933568376524271421397603821729733680596037887690
19,231,358803,70968520675030374181709692778387054018795037167316856333666790879609438417024
19,231,293965,71337515956543498008362848154135899385456884241996457764580662872457234693045
19,231,467473,69867882803574374977548442250942862868468470562231628142330132505064319009555
19,231,511408,9309877059020264190622395911131992512031848750706066948116563979236089346846
19,231,500390,94659760080463908193361009274458821111688215927370836429768718129400333950472
19,231,412308,93013184669221835689168074070473615655552692750028450411355145796498574682619
19,231,411154,52214756729261319447114902113880155327708144945141852015633337250568559732897
19,231,435240,82529979465401533869698560279914729831512075023932851721894875147686101885411
19,231,298320,73345624049576482940375760149337091106705323556536617106474119372330820327712
19,231,347350,94075266291750421635426146886821211094372665767049619400397492989607922221253
19,231,430135,77011470605648098295096124227642189860273974328610026434115027709952560220661
19,231,291615,3038238795118729475766736061039712018147032320539940528038463547924663679100
19,231,463615,73195098231188456690607370195319532842045008879955882816513160295216330996990
19,231,375240,89182082889008107640192044299009024140229061761513307326176527619587923670050
19,231,400970,83878016458416233392034334077825414644601081651137865210590463801212373764127
19,231,338661,59983024893991972271888828437271986964843953233431405024851518359622212003833
19,231,287570,81719121342717678578527001124273580927207525765306696115929776293681484798029
19,231,431071,60273459111805794353556914151540355688396019929211853438999944839556265666456
19,231,284777,34589340234830637778723941789860832883060188057501204921139668113230532648463
19,231,477088,89509851474678126726791781838481463941382323106764199188985349495291645028632
19,231,500979,55716827951045270238497315485714488321161018172704485669224202805690441391774
19,231,464662,82289617737117838316208442346311071444237170931034426225765972065737628149853
19,231,395645,70172895027790997639927480003713280086795155717459267165781746283970856715405
19,231,456321,23260254874371069326794334510444488558034248197019670320912639641136523731912
19,231,265743,741708952579631084034629325832192655345781621932010742147256098640538002657
19,231,324770,82183969934461272621143153448032109167850377144377286730222914212370748989584
19,231,402739,30396143166479752926130144562252463134800972438163530538216009726521246590269
19,231,411043,73091665607216044605704401121803146863617023104875290559544030186871280954683
19,231,326396,4970223671411269145630438874116554431721728102204339088362466684776463625147
19,231,342767,98132019729255574989853219092600608402145802532982949018493435452910303788246
19,231,296619,10083471296108289509305219193247334192157876860899316038863521130857794047619
19,231,266312,66371357829540619972988739285029510878129802242863881424154388410748944405855
19,231,481603,26123942479008431808395062721103206372150167096597044957533983553722599746421
19,231,452924,29869086560318848170887073522029470403645499243936007623344606659798405675806
19,231,468047,108466069375836913400017594123506573769520109012697030254991779820305525963645
19,231,386775,70406578969276193538409752003911758967024008924946557823702671167827532100559
19,231,514542,83038761518454804622747829007754978668319293061304018876970373928734664548929
19,231,368071,40383136531763204104158544417935843369844295115131431192735681618057458626920
19,231,511586,53476061023557569267708958936358662401007492727257906197047442784277086338353
19,231,400397,21394697683690933395063311919014238518561916328255521014226673149587242410938
19,231,502565,29361120989642090811405110586321735227839011264850245001397663921012492871295
19,231,371928,98969809958874069741467079028992756828767105612742466991474920766976037537159
19,231,416491,82391365261302225185837593340647923130715444226712603507643050009005264098991
19,231,274492,46012633483942070071550488045533630915672895315265314694823166066617058734581
19,231,384769,38447369485291098294823243667782664126743693981735291849035619730271450932104
19,231,357639,47653584489807021960203639178535923971238468801221656929032447860957543882611
19,231,276866,11809577301029174982728671416956479689534307999824189704891677552187078161424
19,231,379636,114014560333934135172100227285557415069242946541975583201006331889650097621363
19,231,310071,38022791477246704516625860071742240474072179170984969335501052106466063019308
19,231,266899,40992884912185997803143944041543769402230308286008510789530642194456815634848
19,231,405211,52121879380728331273038111460436634391077163064836447207946619486239854757176
19,231,517756,10736752979397749530100883915423311555748187249273646953224014110422120026816
19,231,392724,106772716737813237330339414600716315860489333604432466007602807437556576950906
19,231,491706,29981000406809329446629477774519397077179585287208805197214108555725668269037
19,231,312366,9480104237608327901742888281563016309798506851651344493684749758395869910970
19,231,422913,19160541999553341382162431959299836789666082649872500592654106470911367664903
19,231,492163,93523199136372341032975300166261124537047529185356046025545906402967919297657
19,231,460808,39627848465217876335431910844391824208617810968655671233901543813659913561295
19,231,402953,41569440463198843452130633459982002750006174005395413591383096567777565736136
19,231,283957,114364007151900309434749554461567019884445545829474781948489746905563965218078
19,231,322396,59195718718072611808995217948926265571218766439026915202005527104609616052819
19,231,283347,56685331287191358305128982735764956664258706451950809441600358722203393790102
19,231,441287,83109229289108869497856052343984685213124015651315364495283947164179352163706
19,231,464341,36211817561503740539478693467959094906274000717962946615559404178983931076837
19,231,337794,11940862157621818971107933764154904355523832804554975113731592750570934322434
19,231,292898,74625009394794927756891422527237361214428346097124038815947342913743163509582
19,231,473461,7947525117624993594737314565260449659331823321076833171763325271583618213724
19,231,391933,10782381851108306271330747385552818699299501412484405888603395645852324011053
19,231,521736,64718097448380444201865356883547106023274574986174190427114969068583070364582
19,231,273214,55749034106444623311416926035536316507881356141722039623452602269942527233825
19,231,503386,58137571117081123556986603464380367722992992676235440304122060633905939874355
19,231,308059,33497920940026346551051236278701356317319451273054697403502554030033921813827
19,231,350601,102289265178586668624091406095044653191256412000088731482211846464887733294267
19,231,431267,3415946391506271343017286117373511987565224426779277694143654341949651143602
19,231,426726,72481708455741142834390970534671361404534437639823476746697261476175051516374
19,231,379889,6565713761661059472533873099068497316929496278646140798744813358478439254866
19,231,353892,43086291035610010659247022934033646786480725573411128107058267492577791644701
19,231,288389,100614866402347611693624521392412866942299184629697161155076638361651718535144
19,231,396210,84015826994748807657024243096716984289473661142296367682097174227506189815089
19,231,493773,40797417440147672086103915803514122998038336045473649708832943423100720795582
19,231,304725,65347710896212607099819172059012043415667553368824807273277057258411635857001
19,231,381717,19265995431579524334357983475135249995521237101100482482224795442160742366083
19,231,358037,52367029926823299280820159656076985318578970067986274373324880978099259666718
19,231,354244,30054130844667542122486340865148190635473936649428811217587893891953311301564
19,231,470862,72711500695887023308681246638601748634697434723347802546410919154698544338725
19,231,404363,56852420943581984018979867978541747679003192517319659081885058262498340282242
19,231,374304,88424554025091924829332509308571870656550453018440601740064627947830008672624
19,231,460800,106900347537640671112275452836086643564519786693685682854448461390274795054552
19,231,341419,19212094587627999585077227216497376437549587281629562756110152516746490842432
19,231,427379,77937597098150810528474556533259022205535282710241901256498332038773731356691
19,231,284585,75342207716835807745051086053059942113957463992699659642316469503792886088718
19,231,329228,64774730886398013358824542778170789796431678988656751028466109795973612203913
19,231,308556,53118646996407255188688134457478934770943503953475055838116960643746081148351
19,231,479707,11989683567918248575514375262960009577126113595200062568383188720666060142268
19,231,480352,14205024303766810765054804519461914769955836174752761780405419570940920289969
19,231,268815,83031546615453187531424429309408452304902254119666932950250896062503960820758
19,231,289630,16992857393401908936913361091297559300256432954652115301302604048276157051576
19,231,499431,62545615631898948686083069058471772629881427598781936997722377314981002710185
19,231,452923,80792419171944180739283228248293926169411874416218459330370724562855289043247
19,231,305886,95262338986489717390368869148544903791387236643951321840148238409630826513454
19,231,276650,17689492703817129229284724042968423881568842252726202717709576767610117080017
19,231,457897,65426775588854604786168297912819544214280238876601999169539426400746943376313
19,231,456941,58600770501885015408431012983966801377649331871377619778334371418981345123053
19,231,516873,67865108972717090513751891122605637456934286026572508392729958242405182606436
19,231,332214,76751763341408535007237351066076653709764623351054525955814939044138791529525
19,231,503141,73382806544832030068572556210678655615191445108023114466636231788863495265982
19,231,366898,43545040136441632133351433761916914864258712513960494512837396176942881937925
19,231,317993,34228162464450041859169488169401358944387369492350084875002839214521308698211
19,231,434925,362624143223370724303073585407479231737972717117352671735290292732248669617
19,231,435335,83104904763465250686829263447147687724052366579705877572754780904219216494817
19,231,485431,64659207632000182747981619018163879344699267251956773543472111978817306705153
19,231,444782,38927090706289265513335114972924529992108579955539205526461986780836284187592
19,231,445854,6998244407226681534018639163879140033572423740370940388708129543454903168279
19,231,456831,3349187069613063659929198119343561091834309757454646850790269349868234475811
19,231,369962,65385357242021814830764159517108060144394664910815870725323177587788156318606
19,231,369338,5264553159833355079001575636053452469547792354730304826411085676002086936847
19,231,368815,96613687563556005983517138280130720912522615698502551388034468582480467115030
19,231,491153,92804037673122079490133360361577525717978181524685819881624713143681088036315
19,231,378528,87400842617996409064050481771373104086430456555783470982673914152516385751944
19,231,493291,47610368737190512710074177792305308110541225823574143984182415931525425935236
19,231,275751,51745264023595374820721032453889942311564385393810195767861197308729672086107
19,231,299078,96446592093843142155433890154542321545687575503500272625246489534538606462052
19,231,422234,87522482871329741532172602357072871833632697115354729321148805348399122662083
19,231,343136,115380252996426500392458233923992182383219952913362890502692034394521688273194
19,231,415655,40227803642729270525858025230690258231070829076263080043289422583283586099807
19,231,476052,3793995660372381945708987100872920212917385669234373963811267239727708425017
19,231,455327,10905720749799418093825430932962389799455739471905688099882675343275233808665
19,231,314006,42302347841451885041181851776704361660285346844911324261917852178143296453256
19,231,417029,107676814826152838871085490549290363761187460546072856558830611767906767082277
19,231,455347,52940627845868857310302695099391599487626294760194015717823474691823579622398
19,231,499423,5952594297623912520187414683759384541396544438706624734941444658822389910230
19,231,423493,71578988132284620030978312737440160061154363043552383554195365419721370461142
19,231,287327,31754282321639342249427302469060495481913193392914628565129215975338202453331
19,231,353033,96044994135280799615094367887725503424823342978461432518123215755339432073824
19,231,387342,89829200982626936918829322334606891838807889955462279821941652136760897764079
19,231,270228,22446793496363972611578075374172307668589248667984474203672520426574598773419
19,231,495911,72628343334135915354052595278292410963606447687335805503370960847429311955217
19,231,347918,110744777098455037360767634193909294913250815175142602519993930036534130086653
19,231,270776,8158492265348458961406765134899027581724998881853402393322402847358399833757
19,231,368668,83680138811392934148397549923065952481576922254200010964006873439647199126947
19,231,299656,6325794726768396568485845815336457056246945900454417503178231363808433291213
19,231,448272,39358617012835371527793638002137486564025006027513406805234487526481244483921
19,231,432830,104928265227210866482206759876500397557444460288145477899756425776683957976805
19,231,445568,31572946945481001638752973206865018040043243980407245840979113822927941256544
19,231,447477,1967988336741031951399694726870854511599389509397953308613899963366676952972
19,231,394217,77115167217874607616116101721043765351118194834313652235299550320485785511408
19,231,334528,44059214210643539597969564644008918007566129684320492749586802326460938901692
19,231,281078,45273364057417825921360102657111393369870506793090002571561002146852563928417
19,231,290851,83190323444088295962933709973371174190691504207063335606527385934851543847382
19,231,274779,47818375050905296275841839492588476912765467218533288990856806321019840080990
19,231,463977,61838599415727157315174075209858326222783539865200559973425530608155240374842
19,231,299664,8310386366425734021344829348442284295472118328607151184098063549725548439575
19,231,321197,73548341309592258545163135731353403335418025530708775714260414992593335969236
19,231,351150,15115002981396007569823173508733940540041613573391666885849632480232882390612
19,231,420301,109436099099293481228544678618226523700210598040979760044567408922487809967079
19,231,262529,72730057511624267685408022928800408489704212013832870410663256946098940799990
19,231,378424,9267175086388475147225755671674713694934996983299198053144795748067259202065
19,231,351196,85485381334436649112053141278756550787314381343663199710292944032263345386159
19,231,451118,51521090783821000662121315583491581643290163000993701358925041457643786925771
19,231,383927,75097037877277622195958670088154330644702901867639594514418567455312582107990
19,231,311977,77781092154350242095126205195779350061158353434814725930922430730660148824143
19,231,522720,103079981527533430448859704164224404323502559854312990539304775711370869841033
19,231,509295,95730732696820622244859219740386824582357685163500221741291583232066518674878
19,231,523084,17049149483964267605054337585976252579958035152114484881711850943183297196985
19,231,286135,62774789616048532624606379458772857091229735294700046783171397476320863010343
19,231,487976,57247584165522130306128424299003570007023718684275140404298710964834876165992
19,231,339233,99867792399950411282335508568130499078268538270633386250081281583673016774252
19,231,389628,83192562377973773040350343629608255665647690393296021591088312279123901347228
19,231,306622,103414321866686881472828731823295262039321347489991513609701484403291028421309
19,231,322920,56018485988524515082486981584390159869636222527295906469546324351212202721344
19,231,341633,38469752600819403219554667723321592849295212865620804001034091992213781224795
19,231,418992,37565523682353162793823346315188092610053308574453171200882150491689802754632
19,231,500555,73336901258300599642529072456984847919335239102566645864840208401309715838098
19,231,410409,38767263380952740749329312935051443863267208400039127880947705463787375404537
19,231,392157,12797457310344835956268429664198906792253593623429911904133012103823632136408
19,231,293783,104982291836194441211864169095629894712923089206833374356852960252776349492092
19,231,412344,20679022922110967829417708694103929858594595578942026380443487781549184146792
19,231,348068,15459651395430141180757163362540288020186705662469373989725526386829939803790
19,231,441658,95686540109604557432097541153732708422005719314073460282022536451243842484385
19,231,358268,40308120190041135263948242234770187995146169050475820625009108733224537674179
19,231,439632,90609791909773040882773157087536111884672629158622673358361497326438239851693
19,231,282077,23282803298038321692248220386258870833889723071129953223365358624732990102869
19,231,506318,51169442421349762818137861126567790577168864567142551764319346658544586281458
19,231,268034,76223460881526336267717989368270694007655845847122423170229914577924078381887
19,231,327284,88789376330375393157981070010895557373546566671812143801412021820403856790267
19,231,262458,93144761056304795439867691970225793267192771336019899452847427398924841973672
19,231,457742,15012549766949537730663800008365066646055386717751335180126570969839716538659
19,231,389762,2786004141130882240807456602663160887099354906306199522854983736218378532021
19,231,449406,46626768179438710098372481682606667276093076691670279214606339018197601673081
19,231,380039,105422686194998304040649400904169485548287042766607416122792176532469119922590
19,231,271211,41969417873977927923157559546242587741380187002903579031275074884356452163713
19,231,519880,57980499109621061293677920953718932991487004915007159781455809761608476675846
19,231,396193,75763589955151639721038917942041537864733753089286714163600127457852812974699
19,231,279319,78558089483856593664220506235688577666104530171839425781214305600943298249410
19,231,419731,91462819961193398922011905543241048649618709031387715425674159389525225667563
19,231,517941,68089716814385064364448805868665465337642969579261610908987068275139321015756
19,231,412774,23220810503155330673678606014540246648778531141502049607430704808160726209097
19,231,274328,26438124999891680308425458301613131998707684679131682216172332160170760344738
19,231,423227,92918319802504449135874071372553212247744745391648452890589570160971527823186
19,231,479762,56455961065045578460491607229126407821730462146244196880836196790183301214665
19,231,431183,77862812406023436782881923179521178641172724431341716461391944518487985165687
19,231,501638,50650871602135644429932057528946764267916016166281226958134878427135641321943
19,231,466388,54781462946238910211374520343386300868012434191910056524343525053304578623658
19,231,439423,70978312442653893611260766788798352618390793009830770175797750161120905620991
19,231,367544,56490305871364169600784070756902001126205509255415655687484288482196351080075
19,231,413602,107932840971922798019641564749655626504338422564562093685705544381212947273546
19,231,369544,14239269036004528654822167567552691218708662783992158653730044815374392600477
19,231,432995,98491474182019556815148402722595176972501556269112922308787075184665835896294
19,231,439136,52067992011369120681501097210453080030935496509636505010087817658966153453077
19,231,427946,13544940246624538840293895503769300792558630907022344506418430456179460750165
19,231,350939,63860743866833548122126408080672609039322593389564841311476761330286980689473
19,231,299511,109011470900867296678814113079361067587635252349082713779285154603938222180135
19,231,386199,22994228706525654463391053121303851721225443708847484882125702525550795603335
19,231,519074,23863303526102113303334494738831720833887294751930773409379277054830337131885
19,231,473328,75732856666577849142525671886688338153653553502686232347415889582455863653495
19,231,277308,52888900514559090001344498994249503995966051030791752395166436263981448386819
19,231,481464,65453407520853543666702268041959946480162398803787435574411827498729714205349
19,231,347940,90272895376991809164455734330742967846047054903192621642649983261052920135792
19,231,489667,23249181453754117189832094478299648461414560817875228890257690598603963396149
19,231,421929,81441696616327672193597922646675584761876850373897844683609692864683761597760
19,231,351605,48881028397826934963907619641589436095191359430212664191060560848069292798210
19,231,272309,79383518339225380136938231896426330913582464614810236617655791929032786996176
19,231,275222,103588450832938858651271294070261656124251969420566288634634835161570480479618
19,231,305839,29917292065536181315408873463328340331110777939859131514987709669671830644443
19,231,422672,42392250673617754500582760701777464675137428875770074702552724717125550825380
19,231,347838,33712703906755359163721703102205010250784551873473084736522119685928968811587
19,231,502698,88730876137296998500503190437051487633674415291037663855586888679450921339698
19,231,303666,54252572348190615257566424486201632624254076226032438190030973083868018485284
19,231,301814,40089250750755665497316326222237222210437409328071191573683333893697822037531
19,231,382666,87982397261496307180502008108154815513901125929758709837765561584321290769107
19,231,503737,69545228395534606629557979500659874850035767651044971689937260207357432757440
19,231,434292,40522072606289653824814695246903431148300687443119139849039240330777069976084
19,231,274667,34918894205701041932301636430670968239021494060566212025471799200349500182875
19,231,382774,10100267305863212481123725863718554700000091909782678017845333841248662368528
19,231,329852,51985052271181806085423995572856006269863889224754770875904817589234317364316
19,231,320047,55508945442193532462514061328709570583838914260345465707114370787341346497748
19,231,299362,69368149576506205137914675315910091641144719638212896469056244347929647377259
19,231,430836,48640602034994268186359916472261027236935433865168429762732868143710672632497
19,231,418150,90334008506031342205053191066899247951973768193403132037078621041462316457309
19,231,377539,22427467878294807302430681360427595334179974104992428940174111035374578356397
19,231,493242,10186961975578991475317484519861355015376885454121415650243129545816003312541
19,231,268797,82980662713765543504958625101138375278975316176965792095212276702978971856823
19,231,457013,7373421145584567827638892733078828442649780925572102310472630832448903753259
19,231,341373,7718695550509806149644614644101315196402859658151820304723816177400845361365
19,231,268666,73609398929169242510727673974712465727749650037767769555333786455914555296069
19,231,474162,324148912451361095826084512256827745635330244480541785158627363242036139614
19,231,375120,66948369463221409298020609072790034052951382654648893665937714341841904080910
19,231,325444,73060041558451701332825746492188056725541516077625767446736842860203369724639
19,231,498353,30122090310899506902881608478234484674632221671361207428685385876219426500738
19,231,511976,56017220102326635005323524870564661671454263201022162227574938753108345135346
19,231,438987,62520508792657107545860012285143216692514772608494338301693309074211776654756
19,231,498335,59468778115735423604171493220308256133993298345867334418731343483308375700599
19,231,396235,10690968916270264010775315240626287880875819496784627745054417918938301571175
19,231,454433,6417503225309032296683645792094848146729997359695586924535778481733931955930
19,231,388745,47770359081227743224114265001320075685206583057464571368375992037484775560650
19,231,385585,74382115046668683353718264550958477067683159424385749996356617767148660092714
19,231,342085,68242340917921181784135521428633974194079084247265266911765401037246328124996
19,231,481824,89336733774854859371641081429231648761953422714531111513528036583153203625753
19,231,431392,93655435207245100516037783045114478221705257468141051503306965860192912173727
19,231,458022,50467345679918035708184059208807021868323273076678920531996386460101616689771
19,231,483432,103832762673090807758623156509927550769291922074653054823488310599973915992941
19,231,302989,46726572852863935839649815312502674932917028992206080072947441246208640211728
19,231,293870,112038733669210878251196023050928731691857348967907520997507160451978576737721
19,231,320417,85159102283434860789183474346498580326240948835356672954875044182228569849126
19,231,431527,15390247294037310339471051467803261310225344838188345299274412133511476501377
19,231,381040,47802468516799589400649501006327107480258561507063476292862567192160870445183
19,231,415814,16777134335953254949882943619560232714013587851923039159764072676775037984888
19,231,365628,85286581863216970733376458597874088649628592493336164966520407407477727595298
19,231,305299,55540102940924264171098345292702618054802251591235866968946792095124753844890
19,231,334567,53186746795410028936815521653213968186763882513230043599646363467959898639045
19,231,296720,79806969335247449968982492688901254583717369039752693027504281122325529996348
19,231,346527,43491785304136119719649883015514137109082047150395908108192528472170900936462
19,231,468726,100177769805132989172191529831953931424520277492208282778696041204985920524958
19,231,499222,42872498870765513756344208608455767064847418118971740908447922840670754019116
19,231,281661,109680316761108199086616707782484511758319457760325744522546110064070674808236
19,231,291294,44535467164791504028955245713931456794712064623583458639349719185707670228573
19,231,311918,47386095635779036081572414533906656008443875171327645748889164892603286034242
19,231,453613,18285935641501929207910245867298059240378340398387087032508758431111247601389
19,231,456680,79664486748033040406557428059340831751205295463616401990200859512634353363286
19,231,362310,47534442303170181639682060026045636460058159088752930765948896938535779496028
19,231,488163,82891074961035793809140546334668957049831766568298120550377547828963146407765
19,231,324072,50042336229666698243822366002520694744604468932219374461956569327224312443534
19,231,464910,75351401887284149498419459546639630422112582173968230582157989098428682283516
19,231,341180,80710877172998512432049539056942948845198186983904464394630257414417061950951
19,231,433188,68830261189162088312831266340478698320462681913241074354548372712463970366985
19,231,478253,66094829133263207209331752830059594883502733147791126281230287290237493054711
19,231,316728,61129239257749254442341401820559742964409851061713982786676467644502541286384
19,231,426231,115214926594789962681003311313374544173013601276187925672135738348501215586484
19,231,489964,54084552915866010155862610941448719258791401764996014123727610676788833432854
19,231,518834,19172821638052984220596403954263566185259228943983449288511038588974080143051
19,231,484017,97675365783161997720398321919895080750973239921598711794546775246756072660972
19,231,510754,40375465240185018678190655086130616775708252237603639089685461565458507229144
19,231,290169,43950434578576997853074016297899470511438258369862594219194865883662225354674
19,231,465425,62490241370484290535756384021206091903783209248527302980130886029483028889888
19,231,319259,56268903836290738924277509492463636238770857878391950510408959196679219370020
19,231,431825,49909285705157612573909953700273311437701003525751937111421835183798662797437
19,231,522189,9024546694268543158175724986584305234331083140106255213362504912706301893845
19,231,280514,41069666103214673162971697493240217308464473820457737648873401273463935585131
19,231,358710,115128505475007266230846384717174030943508883604640243210054293887382483188894
19,231,497823,35695832695295099580413345837096151347363425305432433523342595776328483969509
19,231,441743,39732792991224182332558663407730011456433484698588110152387577092155435933922
19,231,414142,60082149264277883158544844473107967127020757428700181959908142428156024560456
19,231,412440,108249108784023041445021784172820127771204498196333696166778641858382152888412
19,231,418381,70388624122934163540402015669182918586792935698192158653966403115532577881735
19,231,417511,52666930985552054847736032552165351316851595987218608705668774427928639889662
19,231,346097,103737285036017007756006290158671204737248449347884820750785123402987926468398
19,231,326449,66069681024439324655466904394851388736850976848200578225931856018620195579544
19,231,486799,74104357307456691694656147988225438228926411659336889275922750832247807042172
19,231,437882,68813046614243964487311133640227748515556892333310847129209071228167516456590
19,231,515115,68242747404628421082103786921869630489969917262648860854599460205518261648366
19,231,355871,54568353051419013913660104670668406310959070923039065927483549330832403311327
19,231,454012,98061532057306907025055062684473344090084854475579172223267719836542393536525
19,231,268989,6582502001222417388413400357928344392793490270316274653010010314562119108899
19,231,368428,35203429948964556949633565699894429932777935989699755685076403404023429712785
19,231,294902,12977141157444112597110446142939128127593829610811830953334797131047011694004
19,231,481789,52899732585465176759071172471119169137731766635824183118868511033056511970647
19,231,289598,90084200314191351815016280494411143837407553572436323836923028011515169563977
19,231,414156,45105589879328948794321060245252866858556285277522441668749253055432186582840
19,231,347624,32101353711908366015160944266090114073560796655253992794009691498147039887791
19,231,505005,45200440776612303627993588694350491305340905523859117406618891521487914632621
19,231,507331,81016594500599640786231735559475307728775299115043125766777237743695381050624
19,231,436080,54102775327946749357633976124110372321006947754095769249272699250684710930824
19,231,412656,73190649974111498802308837480144862163820047632001752217144573337901954305243
19,231,296114,90326833249397479409166883843283772757153059447856580511028170629018379405262
19,231,374450,59997320468083902753728227298358341811611641265356645550864852579523994468196
19,231,341589,95947802995799640709347221677207006364059874843030656296385528252020665293785
19,231,353742,93727364077268676283647379284759664775305925445574012584662138566986789384255
19,231,449152,57562010627094773629493442347069351232874630829775035561742696232479478129137
19,231,515611,50698436782204250781455637508777600713199330223031000312844751639026697582014
19,231,522536,25510004759006606505443465020521388343537630874535035226676707543145305895790
19,231,469311,87115293866118500778377161445951310583359554306276597487517862003310766478878
19,231,493593,71671137772257773737888082756309409738058915403630704668895508080843105257259
19,231,408084,94782524781597148209501451894414628712422207478655737467365573120022557594587
19,231,358528,90774619393331487592761728287863942978519835736409803127283499486681230408301
19,231,378063,15304115136336130634465479835242634613667752877081174778605123915495897871025
19,231,284796,100644571654464792003293757523616005526548689974179424281706751053149490428401
19,231,436270,62342376145385310415768257200883828386441642981425243530660356985736156256344
19,231,274401,71803613751338776455159588101236231118729040060587954300193893369815991272119
19,231,396502,100521059928395997685114353450238202072143190281595521499002308758726315321017
19,231,443003,73038676431838797715261064124399625870621787012978280182192565310844529323189
19,231,435051,14960197393358951850763982793851193437787542386820458370443656776920018810192
19,231,367323,84296577856886023286353928043766988058368967965476285760166395836211648510496
19,231,279161,49952639913510565006383070827141133944956960011987838847210403553390544098998
19,231,296996,25023886849716993320195718906800292828459316200342663383622148610914324663767
19,231,522288,94693460985222094687488115218234240881093460317437845498926511853277854014346
19,231,371257,15949340231150669938722639468348707566929179410915385191845480892091799447305
19,231,340567,109085848924883581207222896651930471274184579539679946225911656388483925442488
19,231,393739,89899173633548728944095492413617267223399132746274371301914032562863830277805
19,231,420613,35823068389856656830647207283607264495049760954017190568375531911267996901112
19,231,451359,2701334900833153241416675281881386663089944875551922434165513764500962960071
19,231,476063,14843340386635866107402578624174909803551822969018124226386366598966545656683
19,231,265417,10631333513255068535223749996229461639700080843072792547452000919591229767829
19,231,334302,70977587964387264980559026676135950532979187053983056576950035987618184079484
19,231,484367,92237118425497041197022155765105909203326377318136045961909716325638793997861
19,231,450271,49218575998161289479588766962043607058195172826013591101128666243293915136153
19,231,409996,75217043148766129324741072567113954005857584364341800624395053275838175970026
19,231,275177,44239297669044733158396376714234080176488191690012375006370488908822873825693
19,231,402723,37120583712769815690677121042395812588393205574475846468423555217238855547601
19,231,519231,54078172630383190457616144704607609147005494190393734457187501336711905574262
19,231,478411,110345278947019031603015591134236131588553276647756891001461761239510654724812
19,231,456852,52612532893471242936237010687156035021132476018458720992733228640015531180313
19,231,271112,32831889005541048110744527229122847295248574744746538217570916886798938257501
19,231,426600,50274617045108483826141362791244797448825541621840824212086006606030388255396
19,231,294330,16424218184458105915261288790194992029813970059111764586561859374165718893550
19,231,484497,16440292391929866589541297309780049751323106680939649164281774176378809111816
19,231,430379,30467747237159060934602252535591110006462921462662482691656965830922665549340
19,231,451296,45043352069567918548863050973842453282475481829446273071833487173577702049852
19,231,327508,88292284374544080534436251692180382637882268828639663105461439912537783358582
19,231,287500,11195963736051679043819858495945704627923938572836774620334656317804736532209
19,231,510264,61567238787611352308308073499663986133747151722635818130308231774557144425315
19,231,437525,5767418402172187148944381055036172196598030615695053086301683342719607650687
19,231,278898,3334143443220626756674087633536860214654913125486849528056574847255823604755
19,231,479982,109912882626867252414807387139271710537207692453890240808862543705352198362737
19,231,374375,111465338695913977670655181523677606430399467139256987495817744851918937049621
19,231,354975,5828024671527844548677437813282361180911345266599004728208101041811802640952
19,231,522320,55851247803806068886991803836939589681256887642892221883190700511834830987905
19,231,384336,12281866430568224344305691197082944418145443467155196789954342179026586873833
19,231,390645,65802109108923558187616153269544301608032668401369245245061967416445426589942
19,231,434995,10704781868420577020086540215648075135383074479456952436367909867826607769586
19,231,338690,22229850851891015896724331428216358240176720353578447686240384533179585175853
19,231,440795,608486637416153442770051593121100039340078792261305781706876875309599224348
19,231,413400,95526032861765540377795974050216684911396143007424624666097593185797436567025
19,231,465818,93530429037585948018833140645722205900567223201415340759000786955979396624408
19,231,278204,57598891300848546583486634065049047146269042312387747031403258373318149671882
19,231,476540,93819415728473731521930663629341047040920612561854092665291796117076801114199
19,231,494555,28694047047687145461559563631822857069902101239078603532935161252905215846003
19,231,352620,87429807791248733106658511623582490650290098790818281288432289704741926850103
19,231,476156,64017306568294682041940043452691377051775115776572738667252987082632511673068
19,231,274371,98640909443305121753623127428955581490476128747267628364241987302868640734228
19,231,410980,12628368748345715653848013503485364803295854356090300135270315527076382870150
19,231,466253,43682852543329034581625252885389861927899110471329957324645938871178575949569
19,231,504399,102340181092179381199466652920067471335035191704246713173910434367373344593867
19,231,385941,90053049889251484659638525988588741531502985178514595486517153465195921872150
19,231,449117,105765120312918002839248815912906537418013071050817027984934280681960743809107
19,231,301408,87481205272869912969164507070692958285104035810525166615759662049271798030206
19,231,438381,24018398477604420061276116976199077827075321759936056597608514387586528192435
19,231,323019,115337361362139200893810817198490168531956155364916187272016615066821299059282
19,231,289203,92902894236234409684673607119367594142138260578282268600097123078140879966188
19,231,468584,8745454343389991134874972798761670293186098986971929568558296671583995186963
19,231,387980,53610396770046709041739751838715780572245152960562523106823587022846864099653
19,231,321288,81818517558656574941479612796800296781871473389038826396389270367939349322793
19,231,517516,6849159581908538880585496287811067105294027732736010208114884954567633578045
19,231,347893,105516047441663029813707635821785402520739797365855161670973346531334070494979
19,231,452261,30548009376300416780202266147824238174930557627213484378898801107033297596749
19,231,325860,113430650128855634877042938712696033016001179093199250511272974253951743035029
19,231,344555,31997402255814768298581770669006203146764971685123404723538012047659615001691
19,231,335824,106527997649031767401817871870982495084395314152666001336580930039205035645081
19,231,295565,78384702271206508693340491085989936159460775285630813620331978613954432132283
19,231,387477,87205746868393436410055016247000411102202935349247666236979356252638768218593
19,231,341131,56954154839808472647043973642527360807540467510663362789795872042546566630319
19,231,299371,16991924464218400906555514562259211914111546011760976994744903858743028856360
19,231,284160,4752142620085843250816279177802148323977993964238503036130737097623825530176
19,231,518814,25893385007116761172823519863868004224820444117656046749085706057865558579814
19,231,353303,51159671548084198772056138948633715197804051509104364601294287688679224289903
19,231,461767,28109976134184201857438134309042690364094487795495310733066589313310864417756
19,231,381845,91525967082552637091343758872900552960371857010594631088911724890046819394696
19,231,380869,33694170784026691840483810722275824627765270035456333212342457813641217628704
19,231,462584,45869813725624862944281287676930186329608212901780709694333473677835070689148
19,231,271641,76328496483206720851795738086401771519895495261472937903829307661546917409007
19,231,503294,84536655200070375929024038433175396207753622560633128009555208120302460970195
19,231,434068,96662658481419494757523166168935501695480672921695118170017048302595169436446
19,231,512152,92814736392753492026131250414130053768758062339465159690140591792858566789290
19,231,505309,10827152408270272450332170595592072635018802881857230315781571233760929233452
19,231,448033,109661575293783564760139671658407744088153571899074464682717203779086670458633
19,231,499454,82501165267369680250863258210105201485156685649922029644966896306363069017718
19,231,330567,3180033151546291882570998565897012680167796195763946257815080351752155214140
19,231,385146,8975791526335377292523956471583947839684574365900563831655191804375716589515
19,231,319690,67541537681101792968038199887018359598256639565518961255234317310256445655526
19,231,344980,1886214318504388255128367910606098369234534291661829810067057475980091389428
19,231,511448,71676379364673150166602757931713104538245036087797254350975190414612298791196
19,231,286792,43622026427443875191148346946843325730068646663532584967306143698363085855709
19,231,488819,113282868159464938799792073974448073268095067661857701418446663263908493629949
19,231,357867,59905968456409670713430895518484411034516838677239353360830603049800681269241
19,231,381049,110332358424685205051355843427471355140488880829277428679379969673604946828959
19,231,306031,21343767575694884182230751970758259716030278411934838912291177019154444709491
19,231,332725,97194931570013094209345317704869729134478684005654190728412591528651188870927
19,231,323292,60869582141812449313718907302354966010409365945325938583624522235520451325555
19,231,450340,13331198181155684776993333413938037121354570712304765653808605063983115633771
19,231,431217,65545488310817165337301649413246321958020750789477200494079535422392857263746
19,231,327844,109130408275006053537722872483149053262017546935288440882134767407290934386740
19,231,341898,54703862371068996603801605117738591040106285267058147925580786732021969995012
19,231,365462,45586368543171760081645303442357860880837708432918345153582977039058082212277
19,231,370903,4698181282432218182939777630744151214825849413939530124119167363279910579592
19,231,375811,7246768792042184492543263512110572104383841460133798030744356263615470617523
19,231,361908,47573965872079384186204736669051339744340857037326028459803693640750763412553
19,231,430745,18303127848842415083709678580960499991703198174304648878370402874551169251160
19,231,347439,88612739223394416814076897059116087189336167834149400009181326054634648694494
19,231,410451,41044504036597051498790990069761586600643895649744492033929246734963126452250
19,231,435359,93084324001517676602556063556185347140748083979152379928845669455629773859210
19,231,288164,113912361648415441664367612898357153603669439856979202323330301320581651910353
19,231,359744,94621294784529906365129916470376282480017424521613142268092643900759128083685
19,231,494406,40157267224528978071646673306833791900629236744994117424336890334133952921807
19,231,451760,58039129798782387647209863477211299531148218890999349231592205635129311374585
19,231,444500,7297642456435583667976061629300454929353970389674390961599440948353520430271
19,231,434207,630682111465737487745231377450943786382495222797655853152824916831011779772
19,231,339190,24137292374579644312068660696311965161522330042891824554511903138668133669057
19,231,302534,35645549526794172609911776177700000150568118224412166031067720260148950679581
19,231,347248,24017727833244797661085506084857996744936064981240436061049913344573277212321
19,231,316756,91109224101864879549354061894945019803790138025477612887867557446224100765346
19,231,331223,23294345273915072391182216709315882694046824133039194680830058012907592172712
19,231,341680,110934480669683718740548216243212227116495350946254269267591061176360295371913
19,231,431498,114289704500706662386527855113927999767712552669705954501303137114164272510092
19,231,432696,27267108506760120300091769181100521190357083076280841232948445076737757779723
19,231,497827,110335924831596413620880582097000736315290085376136431331699333494352617606985
19,231,508146,1283563632604657164317356168328625043176977770082007097709151707166122385185
19,231,522054,38263854851180052936437824927108056564766479735537220011010952972859176014389
19,231,389895,13550935888121595657794037270552051659670917854811197262145123932801100138031
19,231,424775,109377122477427377072432824070276344296157966224670871742325751386869567067852
19,231,492320,69333517584426167497194325959944814472792559851346752731233747790975328258509
19,231,293797,108996725438172637935261397248667627109617972424949463083697306342558624536221
19,231,433316,10964696206958133370750643195867755925984277468957042615426394534123292826160
19,231,353986,18711308864446411344336118725907361146858421729008323942894998351598353758949
19,231,435878,28272560864068847818468582233741666001327710053449527378305519735261899948464
19,231,466304,86160915986389058042187986032716621856025075298688773691160046563904639683190
19,231,331939,86442860511886227383873270360192847558807012136480830731175001722197944154127
19,231,360312,9701666186025661751733341448653280804604002040688274967393812660489135594572
19,231,511696,59052987747387102266202278246004948703239448552753644268428589304919741854832
19,231,374818,23715573771291241614619291906402692254305782846131369527613173929114920198967
19,231,316769,98020082905896496545227113814643408612667898217653022641236086726352550321765
19,231,478614,76295971864062249258775158306633690201777244240238895768504116398793024472959
19,231,390778,90705969336850896509895406637744043407531840787951561088581538637145922875519
19,231,489535,36593867450912813082758961842445554123883177060811762177811569797018961976302
19,231,420911,13194239448465700775999394746653583267287611163714973868247459967078760609825
19,231,279356,18488016170108564921051488810465391893292934649481652845191022792016860942843
19,231,508344,91721108810709810232848926956728442151622497223234407302750368907347317666378
19,231,504165,59593234483851645174361341166645289843231124176375866421312504779769045375348
19,231,373826,3107799440968755277814260198064140622711100767298067775937774230916455515748
19,231,412402,78123764605737672553883330574355437153671536732024097158009608908126650786096
19,231,316651,6870178678785341232716450698757347468623509048655232341650850991178649952111
19,231,399853,98096389997319443097613748007384437614403737383294967914704660511845839100073
19,231,355423,111219364117035240751278060994186501506044741439210936337532238680575902939288
19,231,360645,83853049803320753019162309227945229573638858267976251097897473617564252222751
19,231,342676,36970764032284832960680849017016023863108127203862258020651747468366658824627
19,231,353014,53339195779401060799075963719151374845923670001889589541520475769453489939291
19,231,374020,18264165816577021851270860375219728392758692760030212808167551489414227212988
19,231,453129,35133171186861342759596113883790192607796040299592334194332643280417739771932
19,231,307906,91020313770966690925353012176042365617610273503686092950181267540506191510000
19,231,377443,51009074810369986253304678308576298322795973284383206919925318179877419630799
19,231,414485,106589757422577587757511087662809363416094197545863970205577149373458655632777
19,231,341282,533202754069958315464392822261459140841557466070878634451395789361486160383
19,231,432612,99541660254684736811598973445179198110039050481166490896587528042408858240125
19,231,333049,29638900866480801589594090734705035095378549215592509165177696843876474544356
19,231,406498,84271798749734023142538611322369427411949381647492297552465346869392653958862
19,231,408415,72118031255083954406996048834383906794022719265125974727223326756984141440781
19,231,380746,5497999347256605536546968969476960854147730108548680062479190831814371589998
19,231,297566,41100993675185082593582690746635611644730739118628597370097198770394472475492
19,231,369832,36804420554541197896442999670458462562740287723446075896321607776981110583953
19,231,398243,71903736020057514617865660914625884385907433933824632426579422638977630954614
19,231,504449,31116929496871623394319401419186961936665024589187509725559750538466843004084
19,231,271256,81626578366282978088740366971753240885310611340292233516301080727378934936295
19,231,443579,18696946509749257167396482939027648987651981877433250926916508963717787021672
19,231,356575,107043642665658695778641313275902300237505028581116898543690132833150058405454
19,231,519403,84600775047745469159200832647531697347890036383326586446837089057675495020603
19,231,376616,54749292196621104465400124051020185009417147177396870739426730634327884718379
19,231,432391,11049905143774205191418340412956771588942903610874537691230767420609158677124
19,231,358054,2891554432725881075205260045033912088330133738770751383583938697253257484595
19,231,288438,87566584112230911552215003163986406817475502873582347265892205149990748580287
19,231,412371,64147057259562880933964060218021471524383445196010395557189564131452520739207
19,231,277257,80309638005304875081704070449528114648962922087252724202421652973471250358326
19,231,338954,107017617711000598751863519238746393076852787084378757601770286233788428113943
19,231,323780,56079306136985793036866684064835030858027323399598688572958618585789333169937
19,231,372023,8802778782735793390283304003420928047549861297599020098371371800462455308560
19,231,455180,91250473317428032917670249331167115125415584607266422963238731069413031444083
19,231,385813,29884683880060101885717457871571255047018648658343544416048707361967488352708
19,231,280299,4722635053107879815338756832199603812029990496719089304693225272796608085238
19,231,492121,106397789809495130424044171908663321544739149054448705196653456582070506698905
19,231,450946,33200416457188030218094113341458178220878256542672908069882749784375191096888
19,231,444843,4050032702016664593961939720659742776683450586580097360255602731536824854202
19,231,441080,42556812066425771990550297376020478721463367663100294835912707949110923528267
19,231,367645,39199991541185073164767299000968796158525737615702088666416710626052806912217
19,231,311644,61392675145265685141618829034478196316639806243935155984898528251140006437366
19,231,321855,57668596348705929078474015958941774765151442701070397450735744292125948997668
19,231,355045,62135230831569152297570441576240394962043926457725275559555644721340255475089
19,231,282288,84126724692357557586508808640136803424322389411826347111493316309252319095760
19,231,300083,64889500699612806599746340235137605249263310428238882211314190961898162465921
19,231,376417,35796559111937055962976460330320984038019170924362314066086227188694035948073
19,231,332302,91046920513552599226570680196463954371994879073117392004855827227137120160788
19,231,276701,3750933973162674120505598571349519164691204307785763843181215687971517671678
19,231,397810,43712854149775503682565818652794424773965951370869914236518855219108277632870
19,231,325891,30848413576059688107024518102215946578398314176741356213111579769679078162675
19,231,478238,93344634080291224882995765889812200338915933989810550377151085158782691736196
19,231,521234,1924144670978196418999756429585918537051132969477081639895471513297946140374
19,231,498837,50018668017475664863919312215937517528739896770713890304696126490058371148330
19,231,374867,62486377128632420366046062360788134340635313968317688735015082126142840213961
19,231,464622,71712729994505020634200672901238716427808749711604873400849001266930128851297
19,231,349581,110705454157037170305955218265415433355101694755380206070017744842419880855861
19,231,435616,45782329399613246445482229928128486579834403861149068437333836525540698740117
19,231,397286,43183678619167495415198036340452592473546618852446278436332661602173751031286
19,231,280102,107801030231459873574071806207765928479020954633598091130004690073139938910668
19,231,496049,46866149297329588601680857483403313780402185462941915556036082911316242852258
19,231,340858,54523309630099758813031248512853397506038147026214794792945035043020137522045
19,231,395265,91243354883222279406283763293981910265951829890724988721554453352732626073946
19,231,309802,94100503613741166534046370401065935018946141875459266792746889592452503273050
19,231,339997,56707314383367691653812538334224850526721281861797625313909928641006740056160
19,231,340008,25392436596405766895203168279914627248782894574194154378054937079363655529923
19,231,336802,79323003546034625201734992169462118222336894302745591916311331634096319636609
19,231,311898,113501522411331319809584319474827206170854775384422873938863062288882956721316
19,231,318603,54696993240940669844315358746996702127552319306960101122192976791080521057259
19,231,472302,28624963782686353433954308600923723156170329338323334452006793060830561659715
19,231,455339,82984906196387360398510409611548780667209761880849346140260611262345711352208
19,231,469385,50740089174978426598021094142379411218780037330191458081875640210190142453832
19,231,284910,96076221565720769620170509810281413051589874960364004857681313007491106708903
19,231,293192,111947438756573625212200914990518548078875693255673418116012642070199050324794
19,231,340247,77793784238543384205454953194205871664043814904658595545644050051214719604740
19,231,409382,29456950666200845254143034708343534273618974203824047238449433064611944330153
19,231,392267,88371370813691798403321487441577693994962805081291363149368748363515049826961
19,231,411310,28098633953860700175904856853496676040305477375844089180557253019298949514160
19,231,282693,84014522994583914833741256384081772938775882426632930124781726233497926474345
19,231,265507,86184761858943656464795586017460534230847503594821349563743255521066869894447
19,231,449159,108239799882672760028752061112202245251783235909502131632318070464375262702132
19,231,383197,23806767742122656366778853816449339431677631200014067733372450340819030559391
19,231,393099,107343571426245270750140503650306754486202740677803529584204736389584359766976
19,231,428347,6489841118456518706818377997596288941109897026011712969805721956462380176841
19,231,474675,60261143085313694144316597236560469466491053232523645368050276242771412708205
19,231,345907,8831762390872510880520785168205262823062986739663081232264142310286836064847
19,231,442113,69165265868658651736834770692573763762752442551049021693134064069382165182605
19,231,487773,66062550909697359836186427882650498651516354968429163643664119967640915161971
19,231,514348,33255251585073386418316254102663126839139150243537216089336794302818068911249
19,231,350603,8428632671977290591328638453165709166396939195842482498050891119523632314985
19,231,437190,12621182857609480718664678938400969154035370213919768279220403523409069000286
19,231,320060,90815266487667574939507409270367768140874222868469879653493199331456331077816
19,231,404913,72383557930475291559823884593222809861796284185222347763627665401810429390641
19,231,520396,3112529761223368970029375588463865435289300706008033333715598062649604911963
19,231,501307,9554890245199638015671596974243294421036153488266013447656709770450393635619
19,231,318897,61232912729175085439054789218913972369337151583512750527425364909102036679786
19,231,494742,101974465814345560636223507386315990058094163157445009725155734893262048164490
19,231,482302,13740670032287325467381809145308852077044904396172637425604654802987464718506
19,231,376546,25651519613403137013692280562388157209831082187749562946237128257227903662729
19,231,459491,107364663364645495452310191055535574304268691394973662198169851535074956383606
19,231,344589,19904625966105493014461084349997676439689449355079857962091664431594033377539
19,231,277781,56948901422876748371219763346542149639451479575150563398871898731301673084544
19,231,320205,11470570874430519529462884232725823092742550813589523394158785493353011367104
19,231,365481,28065767176209160830815367865246838198569648956284777489579977217149467867545
19,231,360043,75114442094425865478813982096737154189613473815870299838966568577064989968811
19,231,270614,115025318048105543025168600776817879578252448802285428704960710028466034915514
19,231,415510,58329948128254562747203245036380687520432521964808045343242177459486383731847
19,231,491264,103304401623664536966632665430577389653675178663289896066049995985308157361864
19,231,425341,55686921872763682875063182539815357473707402909032250599730797667573005686769
19,231,390567,76604369364313273323073100281265028605108843647424596803887839811024863065926
19,231,487667,67157686340781417569105735068626892461860549078778160940063761894980556293011
19,231,508561,10661299675510202206724792048977555782863560680045480656759742815251680067193
19,231,413797,48601536693161877564899959226336995518733224410890096897498227686856818345355
19,231,487230,51288180321607852390361252039218756006155954884312957054069066608401893685425
19,231,314237,75668168143958915239579430172491343914603816527606720243295083110474874365274
19,231,286544,63058185884060248994915492751401129123587874611472794153253486038616486874520
19,231,405601,42063849838972214286564678545790987139097478810519806597672462907287778086628
19,231,330536,23733731985533122983715375200589330941104085465763090304244335154385030443755
19,231,495372,87119756424474358292237907975184200596755709836201795262531130443342637833479
19,231,466536,5537691108872260992963901538479308649782796243980066768562758909025199780504
19,231,502444,36835564179182823292003649459484914275724503023975427208955093043590367539905
19,231,408429,61270322757531740248284928776335665802602869236941946713607173856136271168732
19,231,418641,18447672003290764605685827722446945799657978334094990591054418349223077311078
19,231,278731,85119950350622081171622330438341715571550553807272056565942383364775091663226
19,231,465629,102196372363120468530509488007085416471891025408172703481172871659077839582162
19,231,507645,51026852878727457059865876965656604041325153826429635653000476492955688199770
19,231,314294,80754116945903640110692790328917411347469427348952250106973666064099808984151
19,231,496610,57305316401371980046826089666648179784761699784591728656785688712242585605244
19,231,442794,98079019000083396851241625925891497479638730350657745314528568042780265280496
19,231,331671,103492551754720473171396770661116363143138431543532741659730064598539240372033
19,231,507067,89994778501975975255297445351091622392277743374760561558079652552664412488470
19,231,311700,10956161398101980131309614204224086059096737306346606288703419923662506208078
19,231,399424,45811913967512721802843632811828346918600693066970802563153232418701216671090
19,231,511108,60277067187082990115948208520911511953300463493659024911586456957809141001573
19,231,493060,2845678989403556568951257065385985046275445831282465098944294394656683303256
19,231,346297,38289298600254983925481512684174847498798369462673115795316759762729842261685
19,231,269839,27101185426837207887130328666241721121582408766741004781368084481648186792184
19,231,278999,94423591264617803706382886486699459327206580117552357726782256129260885050724
19,231,330728,15371056179959632632236834592536687295632712074236101002081979034739463571869
19,231,282124,69585665696654143722658346804109416324311197036140934598333015748794487560752
19,231,303785,68190818685830215434634487611568636526573544397329570094370335096683826872792
19,231,299581,16854015657970399305927321844509416717804313770597538505409998140162637077071
19,231,333592,80256898326678020041448603106277446217290019911931007222727639930037782240737
19,231,450789,84930784380569766394724762780505368940406277497427268764046061214621333466160
19,231,459789,19714211522725084903648793414053368145933070250161524935254936852889220051415
19,231,395612,61323923528319021153197582783746849793006878435781111937683937106235447013376
19,231,352785,86061821932216321626865189040316563369741487911657716799544546869456537561829
19,231,489215,105121021998468377661436487082439445777180211863151815686125757455312723728403
19,231,342874,16963062482191792330988023718679073150994281754227014972517546160942324923504
19,231,483038,14702355648316368697705658918304427382533826380104593476167598619807387275236
19,231,436643,103752581450726236061818065313696985038518020836296751307549178285776557999227
19,231,340955,107403616556631150827489041883235256813569607844594761730391954768507531958587
19,231,326442,57477389662551267992965099871513591966702985993316473112032822142798483201994
19,231,294258,17239764153131675179957452124669120515466822101660733179714871129937999916155
19,231,504420,61914005868841767982170919806544319140084345920941524464178007143342722422293
19,231,504330,23120338367927327924552783267478901567505328804430050574299846282132476576005
19,231,481470,45927422340951539224366468280325420377498737473590673426580395990482031929204
19,231,497502,23931117425280598839145016054744327949909345607411254446134887290552760738975
19,231,509477,81646772720867721558633564182265696012062688982935714386631442805126383917207
19,231,520034,43479833646615557403163534106282952832718623564517439098423058947293371167127
19,231,479154,66882339828398324542480649818190339453484766634232394953347307666470675111438
19,231,366511,85709968215365966825691518834294560656900981822344545540791620431980381368322
19,231,466869,29997893086675019065020417406898704859122407157964914647658535589281879070112
19,231,263314,57759202744574657798574403635252253481232699543219056288082968542540830629505
19,231,436633,60711940986742333741949306964095639006893876009697388727428241719726061430162
19,231,509695,113128838676493637027975643168834730893129940343403127994718409284109978530930
19,231,337573,53524997788450508912626634003725769505118820774934996697174132237764629750172
19,231,280582,105443415974007038635465776445987155260047872178480187881742987474525204648588
19,231,339422,62583254862141507398570495029552202244772951791392718984853827270691888317775
19,231,386577,32752389273802234726370408605341032126143407188808733873282396183025330845696
19,231,298863,85021107757533656637161326344091621990787085756335442960608146658310055716855
19,231,496212,43857507252922627253386205179627140961582692779677838398123861896189799165230
19,231,383137,108314127886413213056564530994653732959709173756896369759760527301913473557484
19,231,325212,28981212189409762898393572690689130119826036414269212314096114216931677587844
19,231,501338,33398694845927747944108010675112683748383526032197804996064821883907610578526
19,231,337310,27958369530210412267263826846940919126491784258350132879298056548819005561571
19,231,406187,93210253854699268963614283809382280720039543879427619044236763094976574768970
19,231,366613,53533010147318769668859163343427401128180600272926664732270620846026765364777
19,231,264220,50705247998097603410024216569516476886389291585548392273975853995469421665422
19,231,406775,72247325514800704234425803770360752049976319770660678589628452893031244525831
19,231,353418,70720817727218798211689939587418916925745477087794156629874616366987958194718
19,231,404663,72015078736975313887730074807478908710222017951302609334748149664408534246550
19,231,402027,4904374413835784904217086312014211261366408631452481475444700912834909723599
19,231,414439,95693551002797717354149805768710468018787246572260397228146015210925737396758
19,231,396884,92894591019046281409078522063786508327926729803022477493669850643229619221896
19,231,496323,39651166473906164418925011093120671798475284657784019980744575410201263027576
19,231,364553,52039857475658790544375981408208394058047037495226938468936953103637342261799
19,231,312746,114929257830207290114532414629650422606519937616204942253515390324402013581633
19,231,265771,97483429729880035854712498088010286810550217314967692578195163952803185524201
19,231,462096,53525682205190954968206602220403269901768335972734890603000977235571255774645
19,231,354308,111824788033335637663405510949886128788147125906007848321458275321989200043069
19,231,492009,4390633503952641723473597789676764853686766866589227449496061018418247410105
19,231,273076,28509452213860449795043109464597407016284396347473004237193154088232898390666
19,231,403551,35165458994158063479912981790377651842919154477901508681458063053507749154819
19,231,428355,72827644670266906796978815760454364262706089449753181629089226094039714389418
19,231,409860,28717731560590599067948007500068428815583583586253516051431277381350895014890
19,231,368721,87781115630796604366114913606915899854498103546243785623697791258211352922945
19,231,270838,22195239682839429240849374865552315651146305488789502130948385559522543572976
19,231,395993,61676981938874500730032808296776587708243382443834052807843759310911956367173
19,231,483967,56708651534923363482970589869905926385023266497629965641510227419637252612957
19,231,444249,64467424833100089573177688962702866559591789359838120666796178370413796394291
19,231,428716,54899135805028072433455482963967350486914553267822197027180358565068529350607
19,231,402162,102787626215458857839154581416169534450129679459265018751602917058328681098720
19,231,305261,98407122106512840945519311037665404417171059151422394035074755120910296943867
19,231,350089,29420298980310827313029689865241164719830414753484384726504203138348173198743
19,231,418359,12703647049162714526044051558619471312639077681291939987239563452531978025696
19,231,470102,100485292770585209824915397124533688248585875839960304154889203174977926066296
19,231,426343,41602832855522873717198661712190721998662054942178242559895438824689669350567
19,231,307798,19844869384624115513155316366455539005482850132137455893882976531037944172493
19,231,422905,84171678161851963345411327711038614311733103748798290386279092942122675357772
19,231,307175,27899630475165485297132516291915167895094919325836049993268509241141438724047
19,231,321371,115494012589428083456812467190731692080494462634042460407961953964421356941908
19,231,282321,114953680157823355960216449346082035149075551213624516643327205488125803617984
19,231,393702,19165276213761968245267595994364854476750726986514195830182692676609821213705
19,231,404309,103154048306360291014691589395972725661816589516009890720895032376641017717524
19,231,374373,75454011360407647037012013962877306819864217259154321775430229746343533680020
19,231,512524,108020573745074052049247533987042723810015281671378734051470891353392666499836
19,231,384411,70658629819400034527713260861376645373924311357481224412457566494009217896920
19,231,393838,5722535343367571506402399074325927313049100390335069818775504318882026321432
19,231,362245,112454924978518276410642174819075599454502274203237509780063226036637528803311
19,231,469674,107606917739893894728021368081527863971059615898972644353295173135382829334183
19,231,485553,65606786543777773781946901640800373864949701649728719101727080795001721616029
19,231,455761,101984168017873536592491417122296407191634090213218957454056073247049894994572
19,231,400171,84460421196858688396120890203472119795437039736635537332907641461313720217021
19,231,358550,58871001204332397279381075273235188580325158306864360191442568364187441546071
19,231,518549,43595754729938397109690853858657370391439962597356094210168994895880192324791
19,231,498111,26809603211159012667179806542102824294499978295718188118716060784416348955836
19,231,458505,66267359603951423705486120394181898735791073297909089185428292295884932271827
19,231,370951,11537497102707551435495116364275183958651806789245656344793916773401162089985
19,231,350377,23882395464162329978565896746217351838098879059922004521653594459343239660245
19,231,503133,68889543806134431868767949364643974033613000636850549502244780520819229683018
19,231,387104,60506034170780355669860643461288774888275260233732141653837692972034369839527
19,231,506807,7980374293541567852889908675833322975840531607535816241785695846751783092265
19,231,510653,68523628573769748877600074396570356489587861607726652185287053063333112627124
19,231,271021,75977972868802612985102394040933186342006322548631013505382597044514720513371
19,231,466938,6586150317341135044840465236472944564282310382282320564574673926032041473777
