bit_length,total_bits,random_multiplier,rhs_projection_ell
93,228,9436427776076831520912158690,97724247118214981547111216175059079856377624918864955242140687836086342847347
94,229,10117060655345873612537085935,57377546194306489233419526249599601815702520946415702250849031771458555240069
95,230,35516727078501421527487576073,58664081800755872925298538884216887970280562556874473961113491292267509211915
96,231,77574667759284120705279849880,79732811483801753285011211900090017010464244434017463757574354558700919087831
97,232,127184438410686336133478628264,71077314329555579916144721205442614634290914633878360057160854725693775248889
93,228,7505599269695168744841646742,8025501982436011661779435526293165704134533413520294070683773394026541544937
94,229,17145781484483005381215719302,47493188631965758688744023985726047639073813575790743446266672738235585476554
95,230,30325377440101334906242061724,15016797674000971214732982202218163723944317575615936779473744549308817563118
96,231,46853293847331630864497908650,37250771334950310013367145340671482150353422979361224356940066655058919694988
97,232,146068594084497528223466133219,14295383728620314628454443885074979770183547075079566751890321200588703397100
93,228,8764870898177160493084518795,104577789228216652816057169159453225923757041865945455075726427915485931083622
94,229,15859310922075224731933316585,6874430256407394930486759054013020686713808688970506649407467402300420677212
95,230,36069727742413452494093168215,34729465534351067734727119989510307318614902588317962875063960166229162732717
96,231,40960602047316281042884530913,106175804180266179254676485424706504856792114897317834608263266394177709089121
97,232,113041773069176494798257545326,54643637131866618439546496501559077071281774520057897425300933438349396235222
93,228,5421151864723038676058385351,86939714954396665931657537802582804498907494122370993721452699012288740913415
94,229,15214150421659152544221720515,65245977020459281400544574722485827246093280774565108879102984295876607390251
95,230,25030191224997228264446704875,11669296571209869980513479658972786581019874636664996439584729831608733206592
96,231,61613558662249355413301997529,22024326023102759300483247541849342264104789384186437632619581788390258071319
97,232,117400070196757205714360610659,13714688273043807891399901681394526143776765606612836631510614343341429344931
93,228,6223196296293573281761654471,6892004921726301249139612864067018244016842999758073664971401840014139131308
94,229,17786616207648146677805130470,51341278732325548351139158728791517676911890919691638094418936655037739036211
95,230,24807716314368610919769294142,22795617947008801566819173790994214180350580311353204922409805478233611660444
96,231,56419499397441697466213672887,68078465748572017337819424222321813865284233918004182821623831992531296659109
97,232,135186418061884486397821909757,26727431171543001608231277454081048142472384017178321055430125338555176067219
93,228,8827934945762024863314982415,61612397332738754829244670919712933043629832386602265137344386123638596536133
94,229,10656823914953879342379682242,113163630283479373313921530938394725869341271437812650065224846913010985323919
95,230,27311016839134474774312642151,95489503609292667640824681880026890512858500746223694735273249805950304009898
96,231,45786337198892586603745252123,20260595713864631412936390342018237529837755671485420188748278628330428646899
97,232,131428082629351369702510955048,72394367390555475647055919526709671618295253920723206189069678572923825358886
93,228,9226394056732259158073405379,63184465208863651350101490880761200296069625051119079438969782153140469848142
94,229,14499648861430059004029981336,84710004933125701391305167958683009023716307500271473279737019470292338919986
95,230,29186728564955895794412291752,14298878063674518920717894580930830716027682726522299667867109252073906108365
96,231,53323988398230812200278558269,65007671723537744323885178707074126715178027561297841286848836319434907326573
97,232,91311486702777528071818689610,114036737839830702567069045449573211811206650279811843600470442880893103264894
93,228,9732781138959100039521727613,86806885215010277353264269593420704390940945778172245553540959657899681629604
94,229,18024112928486797815103853626,32339841571999602176710358113291747301732556575325836226233989565501793947753
95,230,35836222719660396055736145477,110177267942976281993227033605688983584408276716366469742627472517114114553680
96,231,55122451870256614837998076847,84675266075401733760873637505361952456951565236545727220019224849215160238964
97,232,108024302293788370271998249117,11867552740096266133328083246156024103248360004063780089262592830083029607846
93,228,4962978633884629485703051474,102492275772923196719204094748805452904464153232526932660660041445129283946026
94,229,14462920361480406957528693810,6077973544164034764237179922935056669455598774355357973024254685690538738782
95,230,38242208021271483387634430041,68901596281180088957115370914306126504968061976373202968626861844826954598303
96,231,46451921427910014957163628430,106885685048253258506917306366231743446493472565922503553572970155447914678462
97,232,128326846809648415901287514096,57311751022551194008993257563936013548884761007877896140474269387991351618595
93,228,5936110895882530841825604942,104985860366955361089622242598449578475454423575604034189236370655701065475397
94,229,16064006663453829854506833042,50683475219486201053475930932863896203432143993195182471224531117097313547379
95,230,37623695527061830841858124825,43945316945629187618955721475923594847591319853921245204379767060879229062029
96,231,73461390906947061852364456272,105034620839759637526828884373078121411915427955662934518707753143848341588469
97,232,147482868069124724343437811849,48796265730083721240587345813115407998558082573160204674688354954676968658905
93,228,7920971826772255645824209428,97132757111465992271569801663019879622937475099485317876882049584886244680906
94,229,18369387912395950764621058116,63004731874407136019632364766211863093636076399457507993284853498151158105954
95,230,21572965572849071403137113575,87213697576327289419428432592342472039442725071333022788840184312851009674660
96,231,47690110897375953002192846207,6605651317914095129434364824029797300364768106883453941084121442155153236061
97,232,91822902171513563846039271949,84797852374221529007457532772901046103955895304232989525837931019542406958018
93,228,5089400661318162131258050751,94042613839911536543321774851578799669907012773746842951524602508835115520472
94,229,15666978263972285951631554589,46635553104990973046293585663801993206157103696709072857379110834905998809969
95,230,19920021289062521554879869477,47251629922477993675393877619417013928831491451621666247624269417574923164843
96,231,66762928457646186200690835769,2419286957215771374758558288973467944229063769056163417079592415055334301750
97,232,126623360116049226918792165135,58984126596807694209647814970942034050482594572741498392008508632541229579636
93,228,8750357532688905409015171841,99638765472767395324976422695301283111281197304392336979398568043036998932476
94,229,14043783530799139842336974468,80917270844414369570326339086191948248718376970744238389479260605614453388045
95,230,32781379730866512549498991513,89641095403197067552684072594237478122638265915639745766587805340232316178555
96,231,59567990978791771893064451215,19767803771325934023934913141228287211611290036184293820636602052203135211757
97,232,110295506556831292950046374816,38741475504069671687029171629159055751493143256691306158870101061663717200589
93,228,5889142932398594753817670504,85117806703948070112025633510385738340849943132884220743528785172518094615087
94,229,18789395651953053852427076602,95707206333702308722367754546334798294472678054279210149875368673005734245662
95,230,26796422788665120593813124726,5177538465666877740292489215405848185254584955366212594370894370667834002926
96,231,73386622029594208773730152448,21635245519514838509925466954527254361116814908606094636877932217129048787758
97,232,111317236389421167249798902879,40043662243382367538769063041873206901037518843998853069297726676940448887996
93,228,7119117209966235448583042743,44647202065146819245759606048478502199106308533666490739642534960118462252124
94,229,10946128376491512423759463502,111421847445150292991289413049719479363885079481656204071556235996246148411422
95,230,20000843507018247041919370920,105959445405857805304436787818138831600511104519465658404205911583412793945251
96,231,78006664293402305732088492017,98905003687601584311409024718069174267466592734605995143486697083296971716361
97,232,138874043921715910011576622976,16711206436197483988113165007094407962152366744853985377045615359629687311405
93,228,8501283333555817158371891706,25554341393485281567786247790454008244718167485384281603739498634770032258062
94,229,17660840731264185674640092094,15456615996954017516099876994728136587908970071831307636296249228044545954822
95,230,19912658852759537660393196818,70775868931861811761409991507899881428020585407984187392004874886248384490149
96,231,50584523606423145989654278002,59692616465943453902715008432046301326965905423167085783573328520673520205112
97,232,107626520657337508145839120907,39904546315747143741345828424470167321279195518513081140723660450217799442731
93,228,9241961168893486925083835386,82903345551700902479658376940328113352658675402834817178504481697474889934520
94,229,18954711750485883964193344000,100432247845929535988781052497159475828900604284726087223784351168521353059103
95,230,22133719133830877441885850362,98872616029156093479387878826433413166670079379637770801876599746560543067328
96,231,62840033724724270377810455093,105943761785928846967278219762508740798470994012602260962116281725783429932800
97,232,110785107853396199931868848052,30882332096476628131948725198302929154922220046562130887393830794247073253440
93,228,6049574626479122674121212909,85375848766116966824227754385228732518218868935598138709776675196877197430679
94,229,11281730196391278131120560246,11632450250458985271620423065538313318573788077823412179110668108736601815467
95,230,23712078161639795570195072187,27670980809983157389691341316065042702848722903131870560544285626839757087892
96,231,61313528150149306128475247835,49208598187753328263580527693684164703868126575290564376789497794968005150667
97,232,139745956982729754420890173726,96493415204501906443084053931352315550615560243429013159915984547552626661288
93,228,5873322562851321742677234630,80402621270254738603245614689831477133019457841007857966042252894834985476131
94,229,19216171331191739049141097521,80525271856068173963695267387597014697430601340349239673972475726835804931251
95,230,22844524366311666456486675014,78351231610465830451815180255197445723611853077718500450425453999381181192249
96,231,77720431555103762980477894376,36154253728185088295333664394200610184801746454254613616227290128741151639970
97,232,120498265258662915270306183661,25289531918271863778208603511512493227506204293641653018039395953244968779311
93,228,7382647106683724943926818216,36207774867778877194353888185714714000262919979807501704706657214643484624017
94,229,14331797717029066316232039416,2198923621654228229839178991209939152874460388796440189521322986654061858389
95,230,24451223686467090927735212561,4573621028174262205392199352343213077396535374995342333083488296211843277563
96,231,71870848284029472598360091349,61645134376029699267224452540897983955652481864869297642032902993438838836175
97,232,120123000371638820591986573384,54360435345306326930463651344587557444992243086019629219937926072703053181690
93,228,5543215723869274581169768259,82244390155073524500341955980462155808230312943848371279797074597138321405993
94,229,11105628461051707003959742092,35385547418501014372452240783751271683190258404121594370291096695686998010220
95,230,19968070213742271349174484199,45483572950558543684565467243649093032760339613443747014757328928820614407930
96,231,53447967655088732363286529792,96432372134484529226768953631243238613692363715329399257379908344413969604158
97,232,126712547757903871822127254320,103547446433570254054770327100619400200134957264802304928518917060057732956177
93,228,7089535488985315944808094682,53000062463970275398138124634601169559062072621378137228863151786172795281198
94,229,15700479274734659700434573830,54783259407723949088490845641500753136532435502512320394277510928178732324850
95,230,20747408438499707159776132243,91996658132045615678957063479635993857317488729866379600265541241172077044927
96,231,68267272011877460960645874361,96556935175268612185267308515972505043996579392056671345099926175092966423346
97,232,109979400709530341316034249225,75856811399634624357311993611082668217030361655798398035899254194699749721338
93,228,5226162335826534849763267375,25997380823841270687971480217383748482291006546047667040844496762621878942091
94,229,12498515783439433707337933227,83137210427227828246399053243032701771331740304641241637439781212659382410028
95,230,36362617873475392287839286978,75689921445791853589787211338646130319419411744654411100973849683696827864375
96,231,79118863953980823144226690053,30740421977086601089083330885204204075496308028842055955483460513464387427327
97,232,135550775032106514121471721499,59059524692517308422322857043806396831739013098639769873621636838571169155239
93,228,8843060430434941800204399844,27964365848720784821008385043752083491803845325786675870768700680642198861071
94,229,19119241667581225771530030756,27934200581096422060519102073516779801375555184335481598113163977280689652106
95,230,33111681061866642402084253764,55834350663158688642846716560095656514882610454167542453390609961987060112027
96,231,49581760264307235861064529056,27941077367763969208119184361070408018769177555885127239619047667684056090038
97,232,101059277642947112044619604517,90914533156025755142148131416354735728705923135249915765601618523476456672079
93,228,6185163651171854759596201862,210900264815214352161458138138430468168230008570682129350032674119173815237
94,229,17747229008588406598150104193,9585629145285083983489159151504281169167527378795705524993423433711693829485
95,230,21680800864402506664718739094,88910429219288313804675689779820508475849433117939510817595723693392820086206
96,231,56486148423280683756075506101,99326248174803205749293428821290470634896263256118313745261837354570987775856
97,232,116837684280737992339578929221,96222249832575108047507160915563029658790978537905406030886227023565470248272
93,228,5415806770394077617584298660,25021680392357748220712910043409838245196025520589580935502784611730316235589
94,229,17651140987305509199526466709,33576441674169196345629300337137097561327390748682721142753798613909324497672
95,230,21743109245122268082742319988,42617012499329441211387479356466774613296791734075165285098476177631489120159
96,231,58922259072139159040998439728,108611671951211026036021475598374548391034498000167468623585732792935584585697
97,232,122684121952702235257082484435,92524532484963105367020869342449940360203729321992209112519475900388035336566
93,228,8173015322441245947473301595,2991402709614925326221735612396580879615643993471947445939323721778272432612
94,229,16796949225427790738910150497,12861146449306405849293427840066226401547388632353256468111175161125972267245
95,230,39349379585662320437925074616,5853684942686660133363621042160726304650261899320928008128774554384202281303
96,231,58076719884582545633646221183,63610275220541209998515217157922111922488077637263607341964232216201570636156
97,232,101587395463007372714744131941,31048013995482809781271124129999854074326426960914807898733714863433923125480
93,228,5750806568927738772882575522,12958461365289431924274920382111507554205978168508790396035730281200291263031
94,229,17456738390218884051075145355,28748246703004471346765563813514055316318634719913024225006749193593947818803
95,230,29537855874915365412418225596,73167297768791833725727111611833526859456834949323869030008058089702678853176
96,231,57144589918623838910030642307,59412882209183517172248477001449507552348521122362432963454121984519148681600
97,232,109520191306652127503927759168,112438273455058072019788815380337862674094871998095966936644726424766569150730
93,228,5138539951719644169336218664,89062449004738221527843648466702032326720800276157500704135905111118815831949
94,229,11829414320847774383028748106,107684845515714540087429998861853399786183133403630598202238154522469868751349
95,230,25356284919801532110887820473,74981820820591050898013178614206001857956477622842188429452943574956466632479
96,231,40752391938210906282573375149,48850845758814279594885471876799854602562998609370350477712788809250302605655
97,232,154414755246762461946212781787,25716058020248412381053260900289437143170328602133053907880605351444564704639
93,228,5174400769180434450376455285,40254647294676056993355478551852265035334361545800794163192087160011542036026
94,229,16549295828856775692725069610,30605427540877908632567063928769049145779583549361315116006041201056184039382
95,230,26525949202858057812128905231,48536742540723269964358490900685881877580638210625314657723803361212573788490
96,231,42854124112032414159926051062,92539502044458252878954296321768626616114537630653732363088158193133586891861
97,232,99763306207334810654861720426,19802722714333066865463747074470540599164682599898788982043088132771102450100
93,228,7719486001838142628343027447,74234690967878601873121729104205082153618917813317278195890394220728057470775
94,229,18477325887591469819504569434,19614110976985875824939711560726116200717889051277994089340519026327432536258
95,230,27505492060885330476746595260,80238078886322887782246273546438652638897329274209557879991934352224437639580
96,231,66012091713393934849156678720,73115281889573006369725856886594337444239939817730252992716317133354376095495
97,232,107603832684874030638935049862,40681126620605575828801673641164037920559104301360620246708940294911653521327
93,228,8455198646605056051224028737,31571910164947621206668936157860496207166099425144881186255105322390140339937
94,229,16544620423202641988320189519,114801925468110077878166336078830476483815971712149969168712173986434364617749
95,230,26585344630988282770323651674,115522198210403527395010177039599328945075477808493928786386751804713195377308
96,231,73937736295893250493755121154,98241894652687234448653651808099613345151211054574449136339516477766282039252
97,232,94085251509587128835376988135,111484683301402789661879914641863083722628505667531519396422026672950121305127
93,228,8006880280376486402003374090,46245106374643327954357282061116235237996899470690128083769835443071141127667
94,229,17500665089299651478420591270,113254350504542901860893544506651641175274494964933472077877818700810801911189
95,230,27618635167204227711951887120,37448344329688830040895170779172469074622622290800449262211504937410306169780
96,231,53999668187250667258548999034,113695040898002010455356807948981966379292211352462802994523052388774098302348
97,232,80241180589784257308492355161,1473129688152865667208721167702093488670386439509085513756129353645092074707
93,228,9772807477306086105159974922,102163128325795693700646686381204789012079523445435582684498330708101695399782
94,229,19272033002296125665846944688,77553046371092237043048881316772806340139266734863678640453712270322011312641
95,230,26855503899946416536022049745,43040561073482097662507697183743212111235899821192136574608988389889802536419
96,231,56987541503338791801364262243,62457607780507734000119682142303046373086476080975822235020250829278685095535
97,232,148247733294417780012987250673,8842250170651458538259539151483359725561640908235297533926668419474444362928
93,228,7994742211722049548232450736,86057954973725109187863631655696130207739128983780796152041770128692669300898
94,229,13933987415882900619358235462,106282280068971510898290384751704742467553610962996910801890556498057345454746
95,230,23188942756664286180843076145,20012532603377033229078087532538267938574538880102531556811524780137287229611
96,231,52442703921878457486596732502,23043189539372881704405856952291309914616073043149558038476430609279196708176
97,232,157803639524471047207150347654,39713212129096211849654045790592418256769859036079653337869867686182106323650
93,228,6396058188679314477109854869,25873734471206780405464252483728579454391179515203263423256739792106635021165
94,229,19226968247347204387697287210,35955071353148849446256877205969081388600817151214135130403636968910269709254
95,230,28895495842080460243054814871,74863809402725178007753146844180069071378553169563529827977927465308778330746
96,231,57053932121187607393169447407,95459856730473764509530855682680666157723333336947300691566109621829975001670
97,232,133326708966025200088637439193,71367112836784369237151968218801692210318766545596850751047734101141090895835
93,228,6919875217461047499747308838,4693141719495112932638268479265534424342172616680919604194937110630209237829
94,229,19221411404130760780164228042,46484793423732457188647517720938350901187163538449623620238634396337627656727
95,230,32987325084873184572438304148,75863889848155986064229566464918704541621345889535276069328309906120139411628
96,231,45537141090071431354221124593,111857526212143661013535167288400932351652673729569576096013881663348276129154
97,232,120668613138298960893145733944,20674065885199013662740346421041707796894707131001441081730752515459158962958
93,228,6806232711149288874296335581,6721680179795941113982443049277696382487886112188401474962325175741701163964
94,229,19536287486381488093337108766,96820440494756655674311127835830926938959619904756938363940153184981713237323
95,230,26356336375475920995533662132,81800517381600689823984129841164505487815479274105480459699377988015501479720
96,231,59059058245588101853749220319,108942212323489266244317133102752647764550442835534660806919686742205429814335
97,232,150029216496670462829685553222,55909534486920582134270720418391869607764370031275972408132153015387951367625
93,228,8580876019619560521074607732,46099195483746734596661607946078212886062338950348203564679529270842154729561
94,229,15505262149244525241510265154,54688499635909707093030371565918663232647690778358785398860529633204607276756
95,230,23022806546173380456462379820,97135973790322697900382438040926403590263379078284133932347303158969634019854
96,231,61322782313823369231241130964,33133998899115481256790104255139989204147961750374653502201645410075250506663
97,232,114205630791729314209559719366,37487090329347898713661311239957903747741676912373909955723014246779435199188
93,228,8053774887641640637624892084,113275591628310052743524702033513756500362960676770102520248317867666119049909
94,229,18834224994950011121985021841,75053016752527786177843622083725055656270309546992877524011846541233063497100
95,230,29253089642296658139522862413,110994186230297648728957629418283986626425743856558888600785319869425160437924
96,231,39975966887533161104014630208,70794473884370188280212430629233866965742520142894705553927315380654681173065
97,232,136242263213193455132015583923,2798019200865980125061534713955325480684244225535366185019720157908535048161
93,228,8402493635116215490725094590,10472431600844111053921279647319911483781912284708512803815990488139581865924
94,229,14978004754676974524962665048,34796693833872026253449886815467875418162190978453714160445932836998828503903
95,230,31974680519578576944585580734,8796787086392051157109519196710304197935021764540998892114811600304678181371
96,231,50355850357058160873765727854,80667433717036155219692614396339217594132001491113498939596531775704676401905
97,232,86363156139731216967829064055,56665979937005322394385906109746725363883256703604392516370964500337258247421
93,228,9047092260786049594531253302,32161298083890661379279960506278938145176902124955962855952627847243439456556
94,229,11793240123407152977030805855,98178032254828602615034278520464990991342952901249375324740757344795332687242
95,230,28275452276256554823126558716,28458688850368963090356333184474622998885557327192811804786579843505867235643
96,231,70350660525498583343426563072,96934730191123198703971547677285386160902541696995787486072795850915955961905
97,232,110088241190227615447739746301,114149629339039076983060546317926581771892111775812835886215857327611863434866
93,228,7226165141339679224445539024,5803501459077908753911749064308877206563890268482775285007962593021389391774
94,229,17845007961984758610706579883,15581772512946607725451821241579809246075992427739630528763907842880594920805
95,230,24981242728752368122284653627,88321522107434569071274760803434023156690316771751355525923965350614167895945
96,231,51117940189097789889923686161,6230905864453672993364565823645391733875794446933869813962873446747081535933
97,232,86646709923193097779642664189,77826713740422066852081149127357087987376894011069387042929628696913551416824
93,228,6160539005421004115002474764,10430672668107289045008217422520901202200730976963461321817658327923487163153
94,229,14280778902097692936096164941,108065970173023466769340377937883389716434281526245084241516457625958365307900
95,230,39544039659406337156296756727,106378732711099667283341451502846909043119288575622830987227301768024117482341
96,231,72601246317536440971474157202,105631169870383322632399173845756412494621205382355840138670273900941615143000
97,232,138284159799789725200155273589,21540803380473225898005462005259141328114714070165229892298478582265948947053
93,228,6245970794251241261191390105,17350135401905282016042227533055883247918955864514514904210283858676367952647
94,229,13600928893591774179271467420,76486056987451259328651852510935369181288939479636542642680323018999989001645
95,230,26580287431910456842535918437,84088700062088175660459491552351592185673646020299019916340096148814300276172
96,231,68064391620343377834996789561,66075664180790215718364753923175086426582871219932063153951807728613461963749
97,232,89260469592283800375817633829,40826773409544317253848665737164713885187385471787128283806681580123330615350
93,228,8790782818072584406442800498,89964161074613281916057136500254419359777376137655768409897679581770729497091
94,229,14023999745261571198276738859,41270341714401168847864995516179280425117058258973079857630865717642004588804
95,230,28073755771864917928295664176,85196585799793737424172335476479179423928577441442143516230052771375544656015
96,231,45297940800807290756896662361,26550454979951769996670229107691660543800280290939330185455803081850424010289
97,232,155660786191338127204627647702,803511144549288435535918251111858172018455187818807182462997416689277579518
93,228,5138696251371760100782239798,16082874209869115831837194870211374509798381112843511272347376944323059326675
94,229,19359296199093519942574791331,65987807097240731164976338472663496094723464960270705522752542506814393050392
95,230,34400318391476967499861853840,84833823192572913717718847757453216770181326868510394648314011848991020374260
96,231,46305754829046949451848442239,59658932892459973158272408895755149090593612367885570958703907308526579234660
97,232,95339479758909485944925441897,84715231706221016122506865097902515509781030398842979876339280347103533547265
93,228,6885328833717234369496204739,55021425564042112779950010866809608740109909913079819431999335090007008353460
94,229,15558015665265811688594900239,87902158825826996760877211807575384516430213025359507539577488291669087005552
95,230,34205866853317685263126017313,20650312601414196798453968127849144928460471069072847737515725440583248126320
96,231,57066296846696431139288092710,33334393993901601608583528380486876441220489610519927060851191563119508200818
97,232,90829580837420857463048135308,79349778326273117108806085270513007536890163970979921927606279226747205986989
93,228,7059359447370025686759472373,59333357047359267066993645237313751963212024858862526455843414408018837085623
94,229,10222207179611314810477626232,19156224325441780041293187817951738157773478113468581197134628653600554432636
95,230,34599933288476029477511205129,97983671006906970322784400847236523583435642218057227475229051943915818597535
96,231,61719756598580343295048091637,108214688112774164927446781506893269364622719114447890350055170190124179627425
97,232,135970473148921019974396411778,88007033252762589207331668218991832423272258329950419846790233923178207797284
93,228,7748972798734513068771722815,102699832234671677799623920345211762250522757663145219673403243336408289786732
94,229,14111353363689188570603058528,49837330071478207592631372678494330987583217593492565584640670273192623717688
95,230,34413661380486473103522353892,111296038750063140693596859553910532679765508974166367338003450405628922656916
96,231,71002268576191158426287061104,31805506253356816148631418026875011954322228649210317440812939949111325146334
97,232,87239346665108251430354104574,96752182491252522814594459113479903832285308693149862628043029524098820267260
93,228,8934588297791799413137623982,84994702682219021901250426308821433943851922737012759447627972731620042249138
94,229,16456999202173657872747057891,31370383565795535080415438585602807420664721954112380194246589974142490636350
95,230,20391393104930781729567378080,64056277009625511773193187896711974613151981449306954998331457726871124015902
96,231,75825604142315688554414390945,78737294258537733267718168822814489541218104035651441109272318277922236611721
97,232,95692615067348802083858738402,13998102329599412518161209678911209955987553901656847435424769372032989032817
93,228,7041621951769524055720907479,44724776871080844448649018861418873029825570852343347596185268791864920151406
94,229,14455935965949591788363423971,81459855061708839304201607849472079777321282094954066770708968283697365772460
95,230,24661592997859974194274910156,75226861452554313479648947786437642497349744529128198221853652059570117268568
96,231,74421205592375605088362329578,86063226911364660762249330030780163152857670084511373399474849940075564648491
97,232,142837469367122016948785523293,91172318224823869554930393126144587544544507882012447176932928436432705014457
93,228,7780677751207613496532650358,37930723732572632793210253973906427234385317470819233863020695260340157329595
94,229,19226234715266259599639648098,95641713885698685793963684485228950075422399076435906365930169600677744949360
95,230,26869642301510439465165055472,79437209057834560549699181175336483698859812753760035742850703357410383176423
96,231,47123487661370437644298566232,85992763987522430043056050430490955131864081302016721543451397897189474637413
97,232,140407667931191129298124580887,103931562605039477289593369087482975344455970164026451822567288492793906281537
93,228,8994917193579788777713500975,81400706400332997085358479100616843077391486354464591522563584882295670319646
94,229,10724450455724078615318473887,45038654318783703022851016253268561106183798022355029677508917639458586999092
95,230,31188433151797311484947458913,27870623930927787976140588787175317970797240003294146818010287287989110771404
96,231,54910336559543805388773776666,43415145299513460874696733087665053217562475172231661167556359269984967944998
97,232,151972942249803465713928446631,21345414369319150376941928575683871717427504365347892098422184165021644552629
93,228,8286732878726510901348864631,57690331672703866623676062992213831334170185857857971449074947277047501035079
94,229,19599382103730174356334835171,27779347192158318653557153750104365265554390246453347471425988369605027078837
95,230,20686145067785280482029689958,15194775468862493001152077871045381995849447379670770809593324923880154964634
96,231,56389384059651253680562208333,60454719829979498079695408559182811165656278589426572235874663877645445529260
97,232,157555487952832688542361454079,76538714651816710510464431702221314448689712960205562963669375727102419721941
93,228,5833107687656142478834604041,76554289661591902074585797176383794827144552632049968268629163861129013543475
94,229,17666533860361096847904678180,14038571882611565914958791272883683578857516787184972301823757169131839208693
95,230,25097972546564244222704790522,35276624400871505446393868054808027732737306442076169166679841734757932921891
96,231,67489291348416598245732703719,86757181794272235800261348210359275905225582163874209949756016552719397550985
97,232,90578232145054396876726306044,53449021816666692830865594292067596511716217598366949460549780810682938452389
93,228,8034793520700263645779920284,6000090729977729862071595648269116902573018774086187063119812700754468728043
94,229,13831428753856340519648585376,88802922210792231305989803708439101379687922018929310367969701185286956203003
95,230,35526173350657306791134196789,104216005491163983019886380202483438814666313199738692925906525712809462610083
96,231,70849214252359875150212042617,84293942955076644530679661777840412628340518852539571470231271585895156874660
97,232,106291495100706795361978109595,72972606553308780415979775171210509515908461555463001481884246401446686762830
93,228,9355985465942913982104187954,103739297278488820504249852876370457126160921294186806281879406899009453203551
94,229,19369747141097088801324370498,26882523009555093461097160557800030215010643365039087196658395511951278345591
95,230,34371300191195828572267175544,58934890740363740164900848636037826630177120519973540146422599536823479350103
96,231,54935182031954908595325033269,16147025342355452634524272803488229499247139169242378810962750865034204860605
97,232,84613965761304181824109426630,41851646056682439551402288491785062371570140206495554228640592614106950395865
93,228,9819074786297817467103780062,61994495051216336544900319058665797637131661683573720544708427690489265445040
94,229,18878609098718656143543267368,84669392548276881347894200928789383156130772222533121494219074914435779991576
95,230,31104164428163011217277851305,72869898018176740565979840106075193485395437200475339486948662952612468503273
96,231,52449211848845219032573908514,46040915716010790099639989830218282589668178572452149950499593351597019382817
97,232,93194592460787717891265798913,17432896755621198408068624204560736649552815508392505909992265627595649406372
93,228,9089161369604565712135294859,66995058340288181899695862961709947193531808242745779984719931681809313180029
94,229,16845940335276310610484584512,54059723910761360782604075541507361814109228706393334625084956001388482973381
95,230,24209239150656371726618062324,35532442809672734609664701834075706484948268789408642407381086527891736084304
96,231,49970724573682384271351113420,10933555674143697567796756969307337474174573943358625203487103877463011604552
97,232,145506440745055323248439945208,45254175031918540321287703560465869951866084823121740891190506182082591481964
93,228,9850429741015380785406435856,57488518163788273234706254904070499865618208665759814274481978487647264405374
94,229,10094298676670345072816665131,113193462866683922491025785347367250863054676932521597905122181538527450042125
95,230,32206582195957119250585335934,32983918122946951245543907446666884653575543748429013901487587878977882787906
96,231,68876635740955999404504342777,73458588331242785939302444816232173866423246070399426707791311845146985636124
97,232,86119197579699863052517200277,49291920447438114476002462178558152647654354273543643489326420907834120502821
93,228,7083486412530951143472214504,10058505648998216287309889517172236706101338508294379982207557222170770592661
94,229,15097325159864488349601345407,57406809116865188472284347113025119540349139101787621223863630339666239415905
95,230,33651938049854079086448359314,62442303379224500730497435638524102716805768545205726320141935888549232792257
96,231,75378665080332763605068107125,109217208907962528897666589869109385021202403167584700769473203430346959948837
97,232,153941577354016103001213726842,25119416179103663784346994424204922276317637900988397874856239216418854685799
93,228,5622564904077423283798447907,66009537023751189227003560296697571662362763028601488636053278150110688538173
94,229,17715462195577382179027935930,29675488291238129885014950938175601687526693277753757579420991276175400796268
95,230,23259889174138702552366487182,44843911338023316716671991268636599665288568328995594271344228982271530036827
96,231,41973197397821854761493035121,41910515652534163034355923597149892187591045708211836373727544460461552565460
97,232,154971921293522527721157447136,82973309798322564925329990855198548718841562429029702282663105870007950339193
93,228,8688699165549999660839442737,73427102795563672017378414080238122895286156616632257124112956667879239807840
94,229,10015023460862792638599142568,48830013793677546332221338838106188005801966966991553304049818979757504757517
95,230,24680248580451519204450139223,62817189837021784874717917583826216771392973816881818996434729436756298637735
96,231,50556900459447109537458198982,42684988321888888830265278745435878082603204780524007850881688984191162016202
97,232,90002750420410088198191002779,92499915409014098588487298612334704086573833649134696545324230634386255458945
93,228,9705196945245426703738708587,15282901685472705300282275421410095572339270130268595250259919768381584582395
94,229,13196892202413501736093037433,115003284783473481950853531013185982645006562087667777427094837363607629532954
95,230,28596454765356018118684532798,109483662489910907853564459666372941346866267494710077560058417226684819683547
96,231,53306412140306799003263624676,13949814843243760362776596647195039549025682693049363384547031244951351013259
97,232,89430177052449199829803025890,37256480809632392587194137417652044270875585080368213102962688647830257218699
93,228,7156580167784819964496037546,37430372583294882503788049273144152956226389912740056877354829707687578152898
94,229,19579264224769010796453509107,49359129810541111416452109424526920424319512013166704078996641442354442705164
95,230,33513170576223427016043763074,45888331085484228246405580304627229909993394288522890420625397089358276971053
96,231,65427696245457164895532792500,9855347187669395558832079599105537389242831062227419499124953143321003184062
97,232,138174898890366106118122233956,82124276070969053954758494651210827227067816301417156140468819152454258147685
93,228,5883172595335922809469157977,34889295037609368954960118607741893633373008900564322419012017958821761706247
94,229,13044387093475336070180531335,37195498477440103137698096664973647850322747361816053292796607570698461618939
95,230,22328022919389840931050708952,85795744937181689734506179729667123273603274983900653824818218470129428466424
96,231,43975312186922538292910777772,11233143969274071621820289212034223021019267191114923941265784551013564020004
97,232,100703955066570736085588712900,26312513936492557619519445538046804402203497529064614406034557038293583144560
93,228,6517443221142253549962828091,83737054614470485134497273095844651542012245479754387516248979702885489312517
94,229,14421558892482231417341860069,29949619426026980264075045025719128553434352048160945258978505103305282079657
95,230,23962029898645544729029865613,21750898260608584259412981862506554162196744103984504337769529425951815261545
96,231,39867012459048656291141000332,15199749915167621445465414461668902989270872381797409386672423758855625461155
97,232,100092169548894236752142115792,93555569755439751613696527885359780281078534881855664491692186316793299861646
93,228,9213705325044676030856681525,23635005653049251380976797045075697327490979257122425144431183291017819741924
94,229,11800720804925263996187352728,1733295070647069528808070359121285952095082220774268674903236889707977637343
95,230,39165018550732694862561312675,35498211508357171280599324133080666985987195537277878051139826620874518959460
96,231,50424986001335105919494316185,61269145815360695205567732232976863745285878428054601641648022477056134083358
97,232,115865339111670884378986896332,93440865768740412276355567032997467591097986478921494229701177650784845384153
93,228,8704241270386393307334900767,106806415908922678312496438137282713513685547876550712127881546097008759144908
94,229,19228800213905678397563225599,12606807249055949943905245356090974478923491613246255175973160078170680304789
95,230,24223582068699852164081004529,106110321419101358428578399554904570239071897556319172509696213638548674064849
96,231,62609025235119775083918430636,29782757610896964863218612140808812286887505720788656986060762631688584931441
97,232,120258890044037394889259336984,98110911787319964890179329281713927615663450617265080562188858100536302712643
93,228,8596478350894550270332796647,107305308083077931789964170229439169261109801477793124697834482325786080696118
94,229,10068513430706116471131536686,85456762090176292295174679771760223605500204549484535101692128096947479111597
95,230,36993738589463913114180338555,78658823510597530143920357503041347916884866353570320995501043393101908281566
96,231,46515725558388078706217545380,70092142607746697950245007827052245796235328170516199820107191137664360535966
97,232,114451695023235862779389331782,50340290331170839900684628841082287963751924571037871885087116304641827008060
93,228,8663091878331841211999408890,3188302935732267814505904607006945335902558360364210381423513830351876153159
94,229,14314418967219831009132672664,1561243925497822594172683841758902253689850930321526413662821447490333682054
95,230,25325833168557662652147211870,38858782082947674835548985736138184726616232682046930921159534496659806571807
96,231,71108107320365035410559129030,106237586859009153624018226460389129581908283808816041723005099127135147226015
97,232,89796923660344377000677477915,79383484755491584451386886453227408975390209383107879883704187570806125675105
93,228,9530581207742154809706967401,1792213700913267237027202395270353881338251485426379430145097707205205628893
94,229,14962123826302350210223290270,77641021146069609025487190875310730077493156256076635390337577318926860295855
95,230,32577220664416478880900410319,107815390018606042566594827432667411743536726655146736893007360212680265566763
96,231,50892204637060886152293391643,9630887104916909135948402472047265930204118900891977289023038484675990106282
97,232,103876083222394772182449451091,72965115561068343561344789954873516212203358225735415724053661480721605994261
93,228,8197587528482969623323568374,50972911171308473160012205694969747129326827504793641314943924210790244935740
94,229,11050058554147682040990521107,61032364390188368215025897624879445170745510734382531420522860352427724829211
95,230,30790181358911543517937434857,113448267251153144641270622844282506725580630448686449752671397993995514565203
96,231,48858899321272786278034793354,77458329992127740960544427551784040957344061021688365333900968588556793218777
97,232,150682651527428026862053205215,53752290646027977046812880765949424400158000938246018831709115208777939650629
93,228,8890488675365073731869802412,36372743880005092654040870658043246180822926890629914090368552255517512173026
94,229,14365126484411879170677254311,40023760674516574911563900792802210259159913604146774912256483928451065732231
95,230,37146949248919044464716925409,21467286241478295071569283562410089266248185627927838727747348462150483083752
96,231,62703719724964161718754113561,90026528280321680805336007878855877639582927395991099641455479552436493301731
97,232,93557612006265276154204873608,57932817665791983146297360864741579189960293905973277264772748060736315133846
93,228,6184214784322011117563781115,73520409966671535292575180607818786732598439632630668057349332487233483105160
94,229,14427725475431673799275751195,83493584686705464620781633001614127477413195298476139618987506112443514377499
95,230,37450504314158323869156923170,3576843810650912167747291539832069117824909194396741785631385302590714692979
96,231,56991028122999062244403273991,50513719703957822819721577648861686386416061798341961751778725534555107407999
97,232,125395126507277946908316663100,9327418725002878382232882712730327761140910439064095040025003260843531572735
93,228,5694967837961007603724487167,60455555115447776707373477845905997148609569607438783013624286555929253600110
94,229,18363856797563031569841904640,87769361454241566729327667675129499969977047455465137606289143100667728250689
95,230,34804027785067976946173670326,111523492582544956049012947321655214198593062282470002832867454538840906134542
96,231,40855247699501683964937919784,75127931302342442114605579680091843114560147342340330106813417880080312431559
97,232,148351077610835674511343858070,38163811693072955064721448037744941530798887781656554571603716478158706000482
93,228,8054818528408347310616336377,64068012729658837786247532288961657715093321867841481356112078259164465245828
94,229,16604889664049592505828787954,355692423667122225339411808091036108966194562898772417746625457846518752252
95,230,28662936961797328252384028835,75805817358291979610221748171353285511079354383157824254107684095381943149742
96,231,63919435871378675972019513061,49656908737635523950332491016638428781296746524268699590273804438936407888415
97,232,79789703939939182175624642077,6826962771742606795095038581597589473779542373542192914333880038166735509529
93,228,6110179786839657153363351883,109205936434658736378453201891372097723021486658640779221020968491042357874501
94,229,17072777856692875093155597973,36009471882779557169322847418345603944268514920687433432025170668852565078553
95,230,29368460018404469870276593614,45059697982428571400418192842072961126096770363517298362608623574136466405743
96,231,51923610444722087311667560609,88758864131065399520815470729763267347747356204340512644357624423473653838174
97,232,99871263767234443893972563862,109702143920725415490184377858831790755358546238876514745356131994987244124653
93,228,7495109162965693165129502157,52568891308668108156958938690221838595095629333614864899753741390453271458876
94,229,19293653696243877083540973273,36347262552904359216041748242496808871040244477204831489375649033984373882798
95,230,27348179547775359709354247904,41711329692653780558400148393775353368028877442910087730802197067615866070835
96,231,64449829569376297563001029398,81750336959152709324833860113869796383632942458997472968328847477712645214100
97,232,85349845809815635693486046364,17752755660841109730185730501588214774758282561155505481206967769844521494259
93,228,6540765960629353907475143200,104864944357431295765860890910751700733600247828594129304675964817810485626317
94,229,9994104044836099049887490652,74635436476726554661558611136077943603934514043428266255780560854184234587716
95,230,24065809999137211598383847399,43612283137837909997409019214259731137479587306103161167119966170686192773473
96,231,52493734542022023275465818730,41803028064983174582756687590567042726165935557021273112813437575644945326635
97,232,95805485106328854611091743084,71059366181839687299317648267645577460650814698675875713469701958260312238700
93,228,6924882284935019364879947815,68222472914283020908995780508867617177822966029021586311068561962929622994904
94,229,15563362974167072272953586936,52260211651530640438284105648354888687336454003914543832628633977466451058379
95,230,29233709740710611345468339721,59903693478450768960871851833409376826756548553021289629394408423062750285187
96,231,57280860923932417873498153030,91049755015200605763347620053418450492434422932296831947306924210207499988402
97,232,143619012125179568587705543568,49972794683757568930246212236943207651387510846710855911749110493927594313608
93,228,7424409899691124960139160822,46692454520005734521763627124487835942794231124369548925184675197500397001714
94,229,14013163095930134428515568476,52858400283227921939871943769521008197337837141420292968808149565324220508208
95,230,36693873866467095050136528177,79667242758292953400883569161253025747676077790863184572100387282118047442429
96,231,50338931772719757838233139827,90676490822532604707930299662994604817228345043212616645170582084096237700078
97,232,126685182769810173912967511892,87147276985748876819911500180963196286475418285210835356313250981781152526777
93,228,8245602129574409366988697834,11247567283012303046960383388747451147598530355123984197722473552267342759228
94,229,11521080925650446695823611006,87553262392109240782052740408437494332920315208161182593581694785508132332387
95,230,34238766971696694666480284009,79760829722408396424306649204131948297381803698007937367068718355727564077027
96,231,43901551706940317204257148965,106538931973577808715773621927200791652602735496792825394360279758784990415301
97,232,106662044212950685812233641755,67593275458396997880971875366755358752883539969471650329768719161026343838559
93,228,6295740784099842089024290175,86774962336439604502741084927577570946266797437325286696851615890159481062466
94,229,13607784757228063914330639627,20492779077653525070135043700505938699293636773035607294114271714549853503943
95,230,23019181813779013068133617870,39336629786581213768559737708638251030172790865826874320716731949838305656033
96,231,47294075347991448817092514288,43088234501348854967021809686578292075462382749038138032583247232367492434516
97,232,94344177115958418388234965401,21707403049800868203656319940446739566968780662212405973598658064132649430914
93,228,6256828421641899369613124757,16330141385780401330082227011551794862752898421136716083705285101447511329366
94,229,19034683578314197741681268186,6163703509008753081821438579423935998921708568188598233059333519899035816250
95,230,39138239088024623665926592132,6346384910258196460618566024011449057243779627523737105400845705517138450355
96,231,51596421568862731203375294244,85412453346740496717760113501365241901249956414254023900532677321666357861067
97,232,149712660057352912554472832986,48804670021855358807192119233200532489005472295329173158508221528641811980406
93,228,7636730572783507268278317623,61825268512878440222860912501028905287703534048851034597267052634500039376504
94,229,10282720749802719022777539085,10839767680107388608628284663378926119414353474812475121512585165454032384624
95,230,37349505957769641929628343341,113913951946352138572389168793298202453674219056327515884930796188445259906351
96,231,45303892177068930013306097771,1514741980938774626722027984002776248215085991488464140965490096916988852008
97,232,85118983577618586230867377876,85465014116719007909000019524727387407690366851043305107686796700830461932865
93,228,6415696083766091930267987778,68566518685348225519977951773771128784044472147814772972027320630509677399271
94,229,13918244644802213501497926341,15207810584163020285397630393972544117865052163941268264215557657451853594273
95,230,28461627446961918072018763475,372384029931034594887114738192017825535314279049544167644714668811427523056
96,231,57924768526975839418177362708,93887183656349527034057055282226937541007402132989415849611784994371328701734
97,232,146842091646906533616750284622,29689347534970624502790701195098390155833946899638330710103748823319564484928
93,228,9341129409756760168994037665,100245760915629197500814779712156619554228373868539359413175049032185425090151
94,229,12782948480561260942834249290,73326338519798991694542814917093047868565572574317844872083973471351806055614
95,230,24015164511701226794557916730,97030738144749165057950359852009889847338865076811483315138297253384128483287
96,231,73199711959182005166394534492,60180623484988687160286241880662643531963189861118165973982030029473610478388
97,232,155968098404334637448322767418,56748188392460512644260437963829181038040154499713515782056801658755136464303
93,228,6547280995090454869114204778,105177098630661435099740016755335106882992573580807532922217146582277975344394
94,229,18078077182780725762111969257,82293861493088647135438073698484351487413423516468144236581096854465523790698
95,230,30666975093312554971594361158,2625587742805757487249610449533850370272707811323241076208657314942629406284
96,231,70914284993941233524713077611,102665643155804369453965842914166015025007093792952681663631278790550458842997
97,232,105855815682581940137221651173,37441441690287535861402699545416656204850904896679625395490417115492740801073
93,228,6138669610695786631226230435,79174873498945017196849407264157437396813264889078888077413584531855024433990
94,229,12055948002141181676164259069,49799462607458876214908895393620641925171423925606356828038783302337986178865
95,230,39216848565215783971766255777,90510567829083434947400990562863267635358197926517088670406679116685580881556
96,231,53199499991857992815424829576,918293156736940485446631323142677469541695227384462607425272475519237624598
97,232,157252237864178822962208790682,40241763575207917240227067420025064330963308660937706362848400985184991753458
93,228,9609592599514443983038021735,27141306192007062579929029209472025930600326967952623098584362243918586336178
94,229,10387049933229792313507798918,53767941178558993764228080849313052859242641724913385208736087075699275302341
95,230,34492701381420598911216072289,110553591786468620427487408826386054593490660682492255258245258723263746792017
96,231,57781872756353129597942879819,115564374224332104274114768739582024146303273275459282691065550652384451896984
97,232,149812924843892530220237361077,30061669636683230448569496971734412314017786831138964009674187864834787297709
93,228,5432645359499794092553194811,2561059641368470439639183577389368999244899485767045463706876123013131154542
94,229,13505753532726000482660590352,20673753469383379142349601821182174448817778360774754441825529983349634911227
95,230,25535249262642048022755707831,30575287027228875528780469587583839122288576191355949369530247995023557741691
96,231,42330583304640801052984964151,64929143615087061638201003959085319192914050335300258011369267074971041469917
97,232,156339559163174027338893562057,97890600964820826976169792850838948494458966648333761369493424152300847023496
93,228,5329075837540269541186799607,79021494488296099920549213155172213529048454674261611046547851871113336001468
94,229,16701155789009047562345805916,46131126952996784901743056478951512036850202141082806345578714289456595266267
95,230,22516826856268602418382628803,67390210348675878741870230688080850068745971302462824970339483309704192550567
96,231,39701883694404237817810009242,984888106234278092728723653682107924057348859256282532761488909706413233009
97,232,113313705829779673773609198002,5755788345132129617081637411849414475152613696425122636152229374893009222243
93,228,6472062928796228497362351039,22751411005775208109963181846577562426082619721053142958341657783013110694188
94,229,13771226773154055874570759615,39668188323105122015907094417561620212718421959743158893860241425483452921097
95,230,20740750162598588418898244426,62690969700899933488833321666584667719496418598265644302152063572927036037888
96,231,70386560420705306721633105211,41422243543968417961575002484826727014759449529909738734829296091534864258413
97,232,133731666964474464533710056542,59364618597296692040839265680224592877975818230213265551133172586983057752796
93,228,9130678976592525853979832127,55625232224732479026220626863944242880209264252742393742394015866364079025875
94,229,11632180924452711213123599212,78856667258505190030031257213294690921269842289144065802882796684104119011881
95,230,24834300081230461332409377087,2906822276148185151837265567957894192840672953724894880427629925588912659140
96,231,63791955125999892402763876106,42012629585334853958501733652964748472451863656479829560576377483601312945744
97,232,142974413117389848353944590002,94806105549426186171680993353202416708601693337352174638090830499444331711853
93,228,5551465483053045254140628150,13629805416739809891828008695289459298315636016023695443372325276800806888626
94,229,17857443371821492301735853258,53526070995563167711762241144987527630953631433027084470436344897223388683982
95,230,31187605717634906939840454457,93900715452386226699169988330135962701109824015756758698154918219428963633705
96,231,61977682476746469217156028808,91051390095424636548701682346267488478856441359880008764641383064730266590525
97,232,154524118828133626007806335772,60923307002084528432894690835040036597055010703438049753503814775924231838858
93,228,8349875043650004246288069372,30080877674060617914901905119330201977047927457167694409835486011744524746352
94,229,11213828215678839631854633740,59898374442524670549367944513248028154667469275789749551362247251000216402953
95,230,28052812301213897194920216668,11982783488730783217911073798427812293917747089400511730198956829687593534474
96,231,77413884991780268056950322141,25547237120329006556486887438841878133021939879473478618057278172905483640738
97,232,145188903249590953620974742798,101995857120246222116041578452743593254463216305502229452903494403967261186510
93,228,7912062465703629972285076116,51999527584081345081041289079190663202577063164648328670048693710206971820534
94,229,9951521396373885846834298604,91278126494698718319564842503808624296615296631466020737475958017696560529370
95,230,24784363242549286664435019074,8238128719634220285491901460425479056333739504310448187660869220058797795898
96,231,44875403325357323183548480663,107054072524753349114911467108252122254253423185804311277549003934041096739389
97,232,110528046360362002290869912521,5448148561797039537138860104733867463621295923411993549336920134314157620204
93,228,6828226981466149549903047532,62949022078955552549451217952797885045500382511185501628409051921018910811460
94,229,12073090807010664167261149722,18639294762030069858156054178330293255612157148489788376028370753393333633808
95,230,31920500630556838288396720133,11839822387905936018210165491101326921423291683680874337898760159721951939965
96,231,53148636010783975196271149019,43011835047223490055219588664667890621490721103563794778061797829632789784295
97,232,96746175986459874659367301115,46571914604574733959076198933946329571509122695800313743704604930849292616251
93,228,9744172543781676876957488420,739894187474106926456707496902171327859118982352132716687003942215691457306
94,229,15113535664242316099050993725,28343157771839274898665599342194115147932964521614960404250811003051976341759
95,230,31213505430461439800840797989,27532767492771505427340626429561942084222410050184410163766372474469478445647
96,231,58640752113351141809034247708,92542168130522222037822423398455086104593402121553379137852596706623100850101
97,232,114268737155124968500177553018,91338268766812284439363312187307098995361299193688592734046297832320393778544
93,228,5939805908992754885006872040,104657614465104439092413833760875568543962361129528361830158802253587988191142
94,229,11005152027937737088181510439,64628454224984745181109740797344839553142539321956511787626981100705338492147
95,230,24149410860898178462234684634,12525614655150498101076529706991231871079737648474309410973818984657996832981
96,231,51014703736696302114341288465,18655332478319786563929934580654525788309972904334544131096344510412997364805
97,232,87837716154788385804225499008,115257749981886748154735614246666298555352791824003226041179106241869264341444
93,228,8442870485119426334796769863,48865759315390718712504956940746312307518051583219549757213446631631290620788
94,229,13085676245575027268741763990,55415342828991124201201507868200677868287494598661157543455680534331968944378
95,230,39226059746635225466984702651,57180480936999206670145852599316785423416762165605832980980263943633864627463
96,231,49899233978877090049852979380,58237843374969786415096613688023123654873500025413130188495856869852208536595
97,232,113491026813879459111863331401,26167546506424188727544559572051157265207940653259533832419496576381463043207
93,228,5534170333671901029067662973,58036424309408074498311859046295250682007173503906362759724378173132418262770
94,229,12548089375161251729450850405,36910039942990411598823044155782208989567475726714557788908942466950950052123
95,230,23445030451707590943565575768,90856955366849965564630316677344346454941727689709168598425504221558366265477
96,231,61929745319234218633886004333,43839180230515663729973995995204866832213065094724879002535613562204526484327
97,232,154736239895235245171837227168,21203518103230001617241940047091325039348562265858059007768643493939494998975
93,228,7593674314672454680454294768,17164510135750610911697313366008130079719530270528023905083631939243283072718
94,229,10089508737540565948192912901,47053025609996623007659172011535746159073422142325257983770656083587213957822
95,230,20544732102253134472791680723,70635747016958379828631862524535078162223387526103317844708166636931850140856
96,231,43983245529165150573548935278,15714777930549286027677130475907925414532676044463051660820399174988595367146
97,232,142423392951658375636111675093,46667179306995686081059408816103047008367381056000717091231613393908093359016
93,228,7280729632963189809796433738,46476910633843438866357332426229409718841920208035757527027758273683833293905
94,229,17962318748200239652459642173,33640454813427177130318094200173653184406012276654247198079739699519831161337
95,230,29515956431857982942983572061,35471643453577054744739930962666667679166311420231572672084160676169642491089
96,231,46601367941077702980015889204,80578781490484947619173627071513768802618278565378331052820878435599496933214
97,232,103047585575287499299955685449,69924001219908554190975258444095430701972945392025441685285858597675181602971
93,228,5686571471382706961462213248,66839698144821367446976372556922305179207103875298259160200624221904482234238
94,229,15641421341118356507340586954,13192904564661102991473923585415438587560267042004464765175586309122263904540
95,230,25263580123190881253972221903,108076384125148067012380323613785916761821727478948073644418617818135954440254
96,231,39686966796926610658687144943,9664104776724128761325139687760505852506076745528631775301638974567927590644
97,232,123908222132916277667191290651,68854316599433223303833735303275847988846598489756694737943966179402995228801
93,228,7553473988886464519432655509,96125066284163790717266815495954592928700500749900544040608806290279879032356
94,229,15658425443473464498041282224,112817106632222949086189919573017973197364717667818574117904260990254325524316
95,230,30737312311875574657457159211,78252711276867282753270727802738975250487255650327834746819916656653293230129
96,231,57675783515775516754665327797,61604930310537559096908090905264673873031383450203545477358348617084959140672
97,232,99740406455855573148776896143,39120662286301957473090183900330572722147946080701726424756226847963521724738
93,228,6054586663070401669581886142,114509692123534784561778959516940135712347675537960950009840059367866602237073
94,229,10259447775361865531898578493,89257089121014881334644419417550182410872957499328186617593058321102543976153
95,230,37658699131949846506573195705,46283064997258795770745163128342393618402189082369705807900020696605962673980
96,231,74687567624981873792100111195,31457089684575128843192637691752505914836327385483158922094261012125923731257
97,232,107613562772293461702172356421,93522367006279763764351159185770023210402227054401616599677764092987528076347
93,228,5173784400722368772565796903,91170786222926350703647328598475181563919037679652910509134366970829643422582
94,229,19385380226975542821144496311,98388310055163023521565008003297706453966594708942599098402928189474579676755
95,230,38344696841691601316376951737,61083671775818121732318822618009380261725398067315803767737257258843080224469
96,231,62225457531607012885179577794,23504946807208959536438586000747196917223949848712259580716062056214899132663
97,232,99945124287481289308586113104,38345432266370507820549215021388801836490058842399698439469527619992885297049
93,228,6502524000996161146704309681,26442616097300684745467521052404724289249269778151496886739462307064487669449
94,229,15911305407549155031448961528,66603523680571854125556844757973925216948879607524260040832946789218481128337
95,230,32679411099492074065454171202,6856665090203489033590439951295896134170118364015512525764096866409672481437
96,231,65984906622734011286340132663,58657625467971155003385958272085217686244752887499859216106358178196240760420
97,232,127038975015171508793763915641,68841338693231497509819461453958841840109010429153728398063877840396186943514
93,228,9524497034301920645070533542,13521217594511725472753041742734675006572434815186795807788041450931860403659
94,229,11209877946623198132862302796,38981972925294218838016647616795303499455154051615486907429142326704962505228
95,230,32649284047337410915581263097,46464327841995355108347062478609175550937428588204225979887416477405812142379
96,231,44867768192762674498689033387,63723744575119073872586214666709566563923022820953859608057575620561476274455
97,232,138110759913604709095450751794,51442427764491680308107382576676676286748821767949273503207716081029284821841
93,228,9494015455925214784190230980,109192604647354151469251148236101403147469735490006405411121637099633992760899
94,229,12453550390429515309711679310,98457889791268904446368908263293338200627790759877537572528986369068137685692
95,230,21289611317575920713560964462,16256885142708190956543061680915251331134320693493710718411792658973416283273
96,231,58271402723015198551008802463,8231895670891278755570599267337241525383749150806643443951278133639308526194
97,232,122557087108575444275964560750,15206329141471635269911356289261377412142012665954983547715377047129138787665
93,228,6192089951401258544754545579,99906984436800393395650738065386858742988996211116629109697138250998363912195
94,229,10575595782117775294974899393,34975970085482419540652333667820405547978829046083203382654381884271321993475
95,230,38648004300966787716533246956,60865657975558617863221551438244352163363183378832148454675668160444298642349
96,231,63922469584935803191872223621,4419474957807368340305488481876750637650386609480110392351885505641101384609
97,232,87040754006761320331838831825,23842382074990558309885095448898283740484533465018728261778807973719727107082
93,228,6122161646918298838604254889,35635797031325709287774057933979023467148174279677481580381383828976130058871
94,229,13612600380856474566649941628,65471421519094218998102682524664720798671048872568051921814962067710616007673
95,230,32586764804135676934223288553,23481516570919197843006838415638784489909843762671430223753513568812014297931
96,231,40828839958532559123685485910,111357181409440987847949751617300899728329014712059221256392764966990064670621
97,232,119545978849880762075894563905,91318862082088423590795560118591556891188589037329500856450854793632390428138
93,228,5742077269578857713116088839,61133375133742117531731076539401847262968104063814228527183061684543351384018
94,229,17049654116074469952119454029,59455500806899700525797088417765951460202571871195160783259057655627078689746
95,230,23149400130964114517117019389,38913772483110657862233438266509780093777293138245608346565252696372841128620
96,231,45283152322113956299243461816,60042793016377435097047800183363783564743616888592805621180024395081855647258
97,232,146652334539022712161298567448,48850776849636855729255968948460558473852249412397496516044368441339377594167
93,228,6460581842158448505472828074,45671253554001011899933572868139380445882284896791949779335431111259513090094
94,229,11860368752120363328457361748,58047077636482707079548326557259519816557061742433887945209389897599685045506
95,230,23203032993746770177501239119,85782361373953665633537435784657354794338489676390810844584526852824947128106
96,231,45458265210507355428754039151,111803320802583175327014406967429235363348201800296395344282162897917942596083
97,232,132442397917757726862198076062,60253244405359220601297459858302377253288958420708901938764520473661477310581
93,228,9540281868767308855051286211,46843534257544373008246570304215269481687556791847507906123876757026889427025
94,229,15509046739739189785185316236,21280496150888859262159797948300728301609886095748291452665816959958590379881
95,230,32152231225052014593577385218,18335452157849056882167365924046301749727282363402625166644282227625231303673
96,231,47770580370790229568466011486,52058624973707638020476449155433938394757916556013322052995574457336757388176
97,232,142884224916539863311385622861,58476315478876509179449686176504223938026088208199790456655697705680418598753
93,228,7231654712630080705405598336,20348600166875729081503977100053353923630901908449670282761019979760544484736
94,229,10775060330498437732360445789,8301643517213156395087880418100249357637993263157624178482928813177432811251
95,230,21005752549421763956772277522,82173053601764441701261813837164108290356173037753716536674147965449208839126
96,231,64038301027611227810521888075,16234472386282601086707564953236453394178994498967655377502358998946500100618
97,232,84003210016968549783453564935,112509016927958864017701267017395236958958904483671522412244169077785137916889
93,228,9232455205529106128375443718,83862265376358200214195651333292164587844032172304594828518117071298035133712
94,229,14391079360526829761811739090,63776995881883837802617599347713534842840445487958267096103837187727326881172
95,230,28446946642287799601894923458,3250740609128375281816343309567606589556259959748468280699166761304928513428
96,231,49463275915504979380349275780,27476289009287213150693921667039748886512397484272105463891391440030573521948
97,232,92605944568906901625923364373,106494814682773250215341041844879688286133269371387202843805009174826502115116
93,228,5245318911831726336343885880,48564815436110823502108320255487077201267260602905497187728415300755239609297
94,229,12057000951216376990973191716,114015729024718290007902376459091444833211573694640271340529218118504766183047
95,230,26362374448989054226010417522,60079828432278235154283695920050662361965801036217609881153781183671320665653
96,231,59105190597659290808791868454,57383706827122825223578757665830815082316775644084288651758976819017053104723
97,232,83583061442885527058585335318,51296972958773777192385919674721640617808806936571781763702412493374485975247
93,228,6018621742987701630716123099,36469548756852964640200071698054704338188582128538209798666263175138182763043
94,229,19563228701971858587233131711,88052516243515354933851554691572209803615012713569022998023510208583018214970
95,230,29139994506243562771807109329,17884351967303167772479924841511536087344525783379703396336649095673307447721
96,231,52124079758541520808409302124,11147713634088266520713301272346074917102198494854430037502509954660539978555
97,232,89261437485900135183947932173,16893077306346746350266310780874395124161864904732158140165300694732567196724
93,228,9508602163725440679297606537,103957111246175620630777008346237998502205239011392195458278962036177496126068
94,229,10621146835967074492113200813,65559286586408523427897156836261148567310895638445862638790677707924568222944
95,230,20683258389807345249781009208,43051071141559369718461641952697680087906655331185800749491558664827603863199
96,231,57497461317870079391799910545,107095717476349791700606774780468120844897685733649063520408749677421176426811
97,232,125371842230149003814033239405,106402935954320602343149843813472591216056635264952892405428187221384148841441
93,228,5756282521251786981914830992,77431722257271185472021084039652170086628640103613503872535867085560077872296
94,229,18870725819854243968421167959,71091571965829183361333547158593706766072066564857635766708007292281626488316
95,230,31523697507466898858138759199,12810277493202087622607592012546990282299420310638948340059860979233565426
96,231,54352936257969459658844499938,110641660335334309785370219919532713531729434044611679403631700619087110487709
97,232,121618231670808866919518602484,110567135477097617580585699325824236262053026358493871505745672630304995169583
93,228,5692104371947321602382551548,23500894788071663172154018129949942543089928881951785459712622122266272605481
94,229,15910100760291481261766793916,22584187843990280997051262930198158019375028778951268997462904516604678737038
95,230,28551835217997181140172269324,7559895841770483879448497469465386641811763090375714552865445140162883583913
96,231,65728534826723710589602124817,51249303086297622909093804678033931124926665315520449367346139178167478456887
97,232,86270441206360289450947596815,18828854283610525762753224195163437294664203067674838145920625596910824029599
93,228,5309941922947511310129821004,96901596047295282946209369901144812051698792807949223268540583083643326306639
94,229,19562859814064119308636384250,91318019124255773245436345799150264408770169278195507970059762301359753375721
95,230,20367219871506618105149710473,25530667344866954932116737015673880414449581576686379765738055855477476052939
96,231,66761730853079354639480238191,26021741091245041045298968266389879298543720153795748512577381757431382964544
97,232,100098510087587690543805955453,26587107783310988250112720637550805504278538919401820468266137160056566558436
93,228,7984615045179966706516232792,91163852375083451562838820057279104423991744732558291101273954854651501009680
94,229,17111304471818860031499829732,101314967066612493220887871747743831178638246620671125196361386016377752858072
95,230,21268003231781808068814043851,25882700772186130792195900276779420644015257960021721582545102175555088957532
96,231,61985405390851044185085673250,87113195883945780356710782892138630391773137501593781232162114780752064827995
97,232,145155823837799722567478947926,81980004158377645201955230339892827086766321947359657064956418327187642189715
93,228,5858612545496074071613472898,16674725727924993350922608129362936264821999796035041435379517334226554720525
94,229,17020683386760223497347174088,27825700414550244086573283587216964971735634609467952371416203925231307031916
95,230,37716511637857548344146170976,29736407980207289709942391511244399241440036661334637189002649483758273324000
96,231,63564449605306591570310628776,69471472658375860790802190057493409577290931372193011991468555365698809233486
97,232,103413788315544540498368577218,86056861993707474655281660303818082659993031718075210080918036723294175420851
93,228,8288807758979162586271909323,59417071031895637750563979689411746111995761179150566432634095273050220463422
94,229,18572539998346306828842240253,59679349999365292901487039058818806400080042485178893060500670096188704002367
95,230,27629643543611237642001275550,93160024638372906781599982000414310803526066630345854652769317824250668713497
96,231,56368789864657502372027285681,28746192312987623323456454434252256622764558716775534332283323869239547433443
97,232,97635580910216357837214894271,27889698041323682031357108914273297736137599210647734456796466483858181076905
93,228,6445190784675389210960377166,49164558890847771332061351094624897946773879528882556589575315148729776779655
94,229,17806892686855997318593583797,21499511089037921660235980512134077158702352054218772906127793034400419840894
95,230,21958072633875932895726709537,13796188261272932938594932368908004965618029744770713701900051520426090969220
96,231,71663020836961795136556149822,54214137916828102034958844292761709131215652509800995115454532063867547956918
97,232,82271632069903215961791197179,58387373115380763744742763077627215608136449961699815504146954411881990339477
93,228,8012467934702189970335852421,87675213304040549818644280910190412242010490571369936490521035498367578583774
94,229,19242497492921288112401416224,7617349823834275316546933848250568404827704009328348429045378427384788502711
95,230,24644638091627068780245002254,81351519419368204407796683790389412748200954122800389161951265437983953302220
96,231,72349608613677668351475246802,77329015689261829831352843481915021375053541981232769143189354201290533147202
97,232,106907390251417616069964243219,48296163934833545524923389445023336214691029023261280717361225165370552588173
93,228,5633724935970545723901751754,114731681614187176881941752383820690982407014528728947370150309863446257815262
94,229,12179513739770850623127067268,51299145484008946271251602284090509644857370889119743822373169281011138520736
95,230,37290522289531836950216211675,17300081291054386056054938999159314106149164774744187936755310348295322876792
96,231,62358329957289721984902813867,14661041527330543615329586720515550431880279554728378468992311013708160782928
97,232,101554616328504518275122941038,75371720184582880126149040959262200480085489968332666046444141974921482235015
93,228,5751075741655776207457843822,69756585280579855146178815467231037953758181228999374512646247963335027217545
94,229,13470418425182807762293774367,50016625390398662884515513652801288486016919436159052990691729379439110915359
95,230,24972660334562581079639319355,55715810075794053748722584702371738308372664010383327974807652787246257180419
96,231,60558815953203542460652615352,98991294205046672090637707743946596800807817472233716936585998749108560865855
97,232,108503976074966619755555163704,42937668061220963478309777421366758691906614547567212827561144768480542076104
93,228,6244188839971560122889140016,79746545862639462611463240243672251915392600615898557785376534171340173250869
94,229,10591584175044685366728009920,11808813485913858967530724959563943151742412743037000038581564181741420788854
95,230,23504411277093822334964364561,72259659979112910688337555555439436303235413384065251456880355651105097683572
96,231,45228390851678045463285687774,10206072875611317529659340967513041116397731357152816143828702788000289955684
97,232,124040791272752931518350217400,8084207205920714676110721562783053556059404067654936982872252262149277738163
93,228,7437226069339637849231421499,51794089246965306385785747913589450869940586601861091423747537471672678815991
94,229,19771448578017153794471836149,2475278429653037647130181945163751475861718733751567367125116252127759070749
95,230,34262618346078070655425479189,66398478619303971883815036606308070596485392435521127815754275770850567519172
96,231,76603277474174997728080120484,109621490415692855329821312412225668150882213781263526095030899747872325105479
97,232,81240174578388647695447443109,34683863110493335231232039401517908795685451627818605410086844089181887894574
93,228,7701924256762932538027168227,71818065858403798829325714166678343048712661010087380461332119518455016233711
94,229,14211611960638310106720462760,58903339939932438674658497420214996676833838459845347863389563405928715075255
95,230,25520056570132154521429008101,108938249790832771233951117777259569184766168116433697838376974611748478677847
96,231,52263180219267279934168833483,26123576572410996379172853802926063522349870851107692787542787558904565122817
97,232,82314969212307178055387148188,108983870577374018751019718426016206517908220888166662895634546995890551320360
93,228,8455654937216766271085562312,103128991827765984801413104237734211575983342677814718365632631435455878736056
94,229,18263325171135724058614845173,37476729699762872018783744251732452688305748110323531400615724306696011914557
95,230,20047646385394002680887151281,16117221625917020855257272216735728090165782783403103658841341784912408433771
96,231,78946772085025786547278697007,15624154883769965019750446650995673895802215780449623871756704184250774450214
97,232,144652054630637047270529797836,23218037263256366052169207473009232006131475330322092788938846374742655342158
93,228,7020819581892144195375704111,82511598314058289621599708027880573794146537591823015238186498202157581011336
94,229,15037609450162556004074777248,92238627497415732169062831191862176891863558087693564270665537277466962965853
95,230,28385740753510114328118229921,94121818938895929494603979047824178909624380410418080118956461857457367531921
96,231,73365590998846400354839656185,14297257101263355796690864774754351947824313280965656203963884430850582281394
97,232,113557225334295062568731094826,38817855492842595498746319838748563774066120119852952978733282542658651671502
93,228,9651098411531703614163859650,16975028000214864094061626214624562571594116876415827634708879646025003257269
94,229,12699924156064546494308100080,47511220532970598692454221756645509938017497506198188052692182118762528291595
95,230,21252216961371309048590984932,35619481831621191582902451089774206482738524700127842415057255815420073517809
96,231,64669292829370520908825924443,31226731057205094100137269519566373326057899382615591303483847008728000934256
97,232,126372676478851903069353361703,94748880376977073685693285143080780308718488685793665335863495389171416848129
93,228,9531168167698476086457088368,48197927660939416435349287309564947457393263066586808772971076111607507591771
94,229,11842132556085386121907880613,35966393063844763172839972452837500880409496442163884250770911271334051899582
95,230,21549005692528948700829786003,56617102548097991129440916659853789846532173509899689400344723190967086119941
96,231,39892881632748405257157960570,112980672735326404173821438865079656865326906919034075291259894429763188789076
97,232,106506433213162080516911805003,77730316305813854838427004970651240389005569591027120507143759796694731895722
93,228,8022506303529393848638778434,79286865456417662503828970451292618434381753507915992095355768496011528348624
94,229,18175815403454843917787386120,47425799047129513837156729508931826780529372089355443416156177435722478989818
95,230,29518156949344271159650243573,69548866684113402885342300141864391416701302921933257137822202953057316727046
96,231,49144909652632440653360201813,458053522824800463445495045929231404774277996636682633219600417167171663449
97,232,109648889788049093556800879928,100909452687321171880810883194338828056988245629751499563522506693752748243328
93,228,7784292586009517981629179188,4899665398692070804678970910584844623174120014612982976480606418059834477687
94,229,10027549800012391728137620315,46465709098848926571339519547786033022111268606682035462388509095485635520363
95,230,37915285988585688659827681434,28156642539572182145198617750739328910074557377953862600224487001258291139610
96,231,69606420238286010914091363408,53467153663169042830074207394006782801010320771331679407320833109868604832448
97,232,108844623167843345370274283027,60629628005523675852038908395196037779806836314614203398836418386225675611851
93,228,8961134970621831471726365385,90551007423971519267699729947870315467354817395260336820408166384061244464032
94,229,17892655499950981336579422468,5953141964772457998630209043517777506650801948430698546861354045337343605802
95,230,23530452000185314196642763387,78102473338991365220955457952068527365564031429672561086691453396540959266366
96,231,41557034441610871216265894046,99829601131484454747524306871247231968486624910624198694116650842049822425111
97,232,98233685795730908688829968657,106770501673986813201340329279230118510404354323022594036340208417988754688373
93,228,9487367364876892168860170285,104166964378242035717005505378052403614742827226787676322966371351947946615216
94,229,11440397234213030573584279901,84068752148431332850715395822818010141634260656320048073510973555171698996615
95,230,26479505679668558080103539470,80653490457752045528799872089503779246335355406916442901751398484194715103748
96,231,47755865175998599287609067351,49510025698610401544783163734286467462802522748266855227964835060739245618401
97,232,121505354489488033334431997206,24686372598870510550930509430073035561947100847746021750273058862103333193286
93,228,6662135540392602937133671322,112768019836762777714066955436423617646603923795105270130397807145279726975315
94,229,10110168795406648020538382351,42040732809783126974618065708689272716353805498022460208686681211643848407497
95,230,37091780805917019438864722822,8900499295113668483209924350911015720596022769766910288009325373750567924529
96,231,73308908476889122918688335606,34780575425951892847056146431090181061454750641881154344972678916700705150076
97,232,90080781712619507102970225257,47390414242459443522170633062814129965916413761275508979276248315082680050994
93,228,6482419121771828029975082802,44919270555292366010896594569902526349994934258568474837006020521707794843356
94,229,13225118198831863554835227179,93535332162331111292600217832389827101228476543052510130309787389160351084822
95,230,23207370337822000912101731237,88976904855424400032090923691091437219572722677612466236732157870871145929043
96,231,40028569035869397276290933840,66457965440395384179098556005433270497469972168428102523072093699515265418937
97,232,146401887276560956627839383959,47164562488131870700710874920610405450702409397789188846592773826516529034343
93,228,6746736816391751548578504369,41246815610331103791849217921771643818321732184899707479484024549268550384198
94,229,16548583962833874919399114067,17022523149650964137475967393833171984366145031241448957725294872531238807265
95,230,35063466410406273961157671148,46273472606431513216283628814818217480564399654681276481730137810191654802141
96,231,70182276081296213244117161975,59638546513981725513485588204809821829932138776434406960082998334168268380641
97,232,107552778402995107735026881792,70225105404028593988687813418722708019320862168983302740748135697758399087947
93,228,5110825735258225255462458855,101872980747205151898353908068866401036737828178567911274710584366477191059612
94,229,12422050495294430094031875579,69145709782394247619165213575132894319840558808079646815727248957041968341961
95,230,37996875528378387732237279974,71588969938308575550263151098499599107993688704667570977764814698576438739534
96,231,46397129246485879795685529464,57497715333660178760828404988876773235734726323981832801606727295111445088220
97,232,79704306479211862800878846054,81548582345283661320544910387427420107355733796808761483926400156073132781025
93,228,7400531851239594056574805593,93302296864460895400257899890980432172446710249903555043870237600961797120287
94,229,15292851021546428403837803975,39654470875622003194862812239435916123535464490736450220228864041451787754730
95,230,35765238885170209371255961443,44289035500127517914441610716516613070469047693076090401301281186407989773449
96,231,51005384326817560617675839824,14925613178744626036109958282227747204858539351269776395370309548512940084732
97,232,114317347721868668269473499748,44328969036798444287337693883907754045207386026562849847047058460703336337087
93,228,5682356135785882787109074900,73770056131985150498408153693674163951232396522823619438800780064889745566763
94,229,19690690674593068859344584326,1551540513328550931568541323473765252764906877542979357802846396057219388830
95,230,22072572685795246776766194333,107866943293751355948660580553529602821607716111902902979410334971915946068884
96,231,66121495176000810776048473989,72698664633939214994338410612566004730115712420443781048291851372787331189832
97,232,80007981246034914655140057317,113462293810524358403122283875248745872582027489058863236377063419462574772710
93,228,5027924628950684188289640981,6837072648157020723891894891902743266298633240608547985243219946495036642935
94,229,12850122340722537972295764188,104062327865302172455570539960615069019502971385701086216167286067557295508190
95,230,23254734162392639041056423691,106316442307236552441503985617438105551193488403343946429285389598672652229342
96,231,55234961284155666440875124258,96191586467681243037284288980044239422259075496048891783732593146357133947931
97,232,103075668532447744673414164544,20735980476403270849742418439830750713326888613031604128933987597969033627559
93,228,6442310825176701417932725704,70624781992194021829469830244115739992267601825671123391279311936859765269047
94,229,13881818480719373728684551133,4937068228256919144643152359150476132260161200894646914703342674884686723794
95,230,26079600035340063604102022740,55978986916615165220911444609403091578201738874952858111679113814441426046840
96,231,57018175050286985177888730647,93521168200845850856889250329200163508646993735951041666923475281809301516931
97,232,88778399897985995629759707578,17205643217124360454366001581684616973568482190679701461267679841332505845676
93,228,9195709819330558029522276020,8389385736707816831753966363410853970818051345095324860163546366563826377042
94,229,13724754331522489724451596540,115394730360131220403380157249411926608314902249409197044221423007722558814159
95,230,36987646758924801277928871088,93501616088144269145592428201280112883814215417424871706098814118288219213442
96,231,76373313189012429470099317453,22965784703584132088393877684053051936739075761544116296928722398835085246633
97,232,117490098176601944336131057787,12820047771890393073450004103320594573244700811431548662952467547267006500726
93,228,8531693787160903931035404942,47317776863675281253541508721783056346835238829892388756318466252420092352942
94,229,11637327054142899832553168617,110939690480160447435413971210210736061224930952832389288424077740310717320011
95,230,31310678323021217645218808892,36696883915408070384460528384011396735414557011750556149265883194888777482888
96,231,60162983144407820756042563648,80616079451479573472031752620144780905744167284233802143738034823199882364339
97,232,118201520429285717774627217375,114275730212334190572748333414728744697699189819231905139794403045574486331944
93,228,5042313492625495480041239186,52138086902566774982612780404842897652640196002530477877446549479413861232919
94,229,18252597857648025319388084976,52940977688805026377857385772053704723344782022794367534561642099321480221572
95,230,29806073587082341505662935213,36194372503261310601859732706808172881454510313303875353773938522822272034578
96,231,43181542018930220889987547794,72650293367393804400839999696774640732703210386089374231090836121469000321995
97,232,147150398497108717406045430618,40055464462706178679688042727022273365454022279571793975838223536704570377037
93,228,5519027332221670145179726745,55252771873452912169602639558642451686363625652837862588802976298349530617331
94,229,19324035552299266230542274895,36075408404378904073288910413152897692863289384563645350535981734696609015723
95,230,30493251552997559090121207909,97862557714660278817408901628818235654367004841949988251267383813716097198943
96,231,68057423473272244451127069350,87874348677799753697669493294400230642309568462013375360191580761255463367465
97,232,87850680444885853447094548063,6491836422942371237609257597621161744068671947663202908881859936437526748713
93,228,6886898948871753211261815423,22753619912812105712764146775560148318695567430841471643018831379111426088461
94,229,15792060875395313855597360305,56595585573312511718209862161290166591661629215711916044660937109197996306903
95,230,35529648973995595195608055880,85408153913594462903784872364583199716463937245736462379056548638336001486792
96,231,60534394122716820881622900381,55039971711791860804367130365867371972640660096272606856970947722094979512489
97,232,145035205954004617545233639855,2402180773748252145431406544319743395716486398950123320946876582729944369439
93,228,9640486331475150988571890602,82392358053221470575046344283450896114781624339605664923181990513665659629681
94,229,12762355213271069210813130663,44248763557628011516812698317019154204153963033408857156977090375814132376351
95,230,26527030525606013508402522962,12559306596903134043620525454323706551644407573692478998537390422791717744251
96,231,77684971348580927383260399886,110078397397542496584321080516685435667332922080883132733272460730023953367039
97,232,132462812010751658395595887947,93915633953704477704104375860921551763612798440769827371526690722321165475509
93,228,9003153525669176901571805687,10634919823831898094593148559080577801713901057671052446651054997637981866451
94,229,11097736162573583544844431754,70169035517246963601238025483550179243153762059962974746945373429745415285700
95,230,21963418307839192234677405542,7258176728614373977221309065351044227428262842371184550651031313606239370422
96,231,58544358465156606499947550830,33252443527259836057302501001438798099090715115925144163739504887558833019374
97,232,80063219285776211551342008401,61880507079305947861916070974086746833527178486003802111992766098758502286407
93,228,7872122251321170537448881408,97400987107269582482453227286544644487443676467567766472446793294771310886744
94,229,16817095777918421264437695960,112711818082683853786198960492566212971982385430493562281063450585057815712306
95,230,34171241551965362176835699166,16058800083894365083825876244706251626802119050370947068502819277416143269501
96,231,60882068132152075596872347794,113150051561029874942374040431485173081435022536526697924313466882935751891059
97,232,153118077576588107305343473824,47554660266148051836248153225439508869354464668134879783839514245195647836475
93,228,9264626635891178902486189943,13177392426284551986081648676141648920690185306334925498243195720670590945
94,229,16024080932722024662179258595,103308141507052566083991219568053912349999084014244767434991524524528486230539
95,230,28868616376816176482399439386,32095492554724459928692291338065307034745374048192882373612384467707506690725
96,231,40488405188569792091826610629,38875784779993102797681825751014784777537155434099993459975119241609531300707
97,232,119448006430979685790071504659,96928001512534754299000695705841609175067870097414852092457477027072109208956
93,228,6715610615749284995766517571,33108233437047871597267826321298139049981346131034806918732680531966413051968
94,229,12308858194857918265706250523,38801378686788193979995790978496577538706902044319852347688050660953005192045
95,230,33416261362084969649902595475,93208080679395174025742405607308159353464342121402929105944972001868894345070
96,231,71034289924068318130575626336,61425176374446395532938999930371625997772864698751857666134671796623988462594
97,232,148488259706642241877033219576,68859556798230089551127378383433732661826356484375620009856667299011454383451
93,228,6898776884081559118942815128,7650597334272930391484945078393652305645450764064053922475879788322302797148
94,229,12436710335318661820032606981,22250574718898376441911672335092290864135225075099252993925570181013572026942
95,230,23659770081031731753446436369,39527498555738209007863176329821713233708159942049120417456044808902224121114
96,231,73974388464214444957954268927,101621441349767086262395689013300081819462266265219845149747109902115892992020
97,232,125963507304901814412928934903,24975850137839507056094774024901331281954189987594459233166239500940692163161
93,228,7316451049970340519059896237,66516915780585203806701510339719123717917270473139650009841107745262772889645
94,229,11468483871113055629801049842,52100896887289067662167902061435780201446755854796095244535307216474522852930
95,230,23188624486587198494427147184,12675869066682041211726602897464627073723678590865266694257177158142845665365
96,231,56211390378788383093216697499,106176233902010528366898568381578435064797663240035303099885948726527041924611
97,232,147358314207881012237850018275,50331811955405264288235063135063429713959062117847845527181755868614904724073
93,228,7424945738947214575643470674,63259274706761337353189756202512246397215161540419888890302664940226003039568
94,229,10096357124814898907359169234,72770806861405604706718420423748401747733774525518020788257218193450193092558
95,230,27753275273717613529562425284,41585937174399627781915113215617533133220920806030859564386091752312241345242
96,231,55550787969657879981040122299,29892508315495689914327807866226919838893994834986177180996693823733253475766
97,232,121193186251539486028507450897,61637410769885500405413735960345234545826797221249580481603645563547342238083
93,228,7525079543865530451892675461,67184340393777485758921177468135523411424915994247129317879235191854584661198
94,229,11032679658239707232413146012,11495428866020670412506662830155927723744764580258125581889076826437566227229
95,230,27917362649021999247520953749,16012718751591921870008377686324219993478832688790315381246474967366426961966
96,231,45608505967174237115151683802,69364274165114398178880562696947906064170111375595567721201383233260976045802
97,232,150389374578737502499278653530,21672253406850131533795059539860327682510792891642927837791937181330826971166
93,228,4953390665716871626057825044,36524669393917185852762610889033339057170434163536662193512434737226058239274
94,229,13783865249070339465634068303,13747293920273748005750948956235173786088533743683205925945823319978363523650
95,230,33268859138702574584781847470,49778312933247442322962917280298797447590697230313625258001381221543755940835
96,231,59838394999829927528424083039,20822821881491253594303282858138990964078625280201196945432288500857937163505
97,232,95573176533461803693975769402,87936710528406150417771698676455228919397073194025381211272548355591751147175
93,228,7735903666807829532275954663,102329871039816217782512474313399096109128956541468971745281001455858905477989
94,229,10605533224729703673085511530,18196664898849937272647248859010701793463955332669102869757452615945845692327
95,230,27828586225248685390137481395,96831568246133851041530570565415021117479795528233586688774999974490153972856
96,231,39985522568269328930547729098,4779847531075956070253251059153521565724635849992626814435601746971278924502
97,232,115654823804914693795141648762,20488434692003815085572500750107241944936287492773372064933791283649123670270
93,228,9440249320393769440067802383,28994510579229386606862852337457158257262347475509538570947366714105903828632
94,229,15119301414375783582260656699,63713513689753568530768177994586742397425972757537557825802604585517406589392
95,230,20412236721333476940927551360,33760240171580125893648244751973528851197709833160786101884977352048183707272
96,231,44936656395409562981121335902,103143060185245849889874544732609069555957888292720439575635034806059354261197
97,232,91897665440961678430049485563,61223430567726482905111064024016273240394284795346054029957736152817126537815
93,228,5314868981481642688471028938,20102525921670778218662448756213730335493656650313970209170798730003167631232
94,229,12840665894138647609877293700,18199090971225947466643449336550412788985263838742640138186092582148352686977
95,230,26947061536378935009200642561,33933236817988233727726435501920075021118623862467978159612408615993897788491
96,231,46343219055927422344053477238,102477888369271593289301254948518851581620556936249307330473299651454968076075
97,232,96727350890373585661278752256,54809269262826433457147270972697572978021863267157259380043463359897761638237
93,228,5993409556575477824819835205,59169870990749381957608472599457907958633179279145250513488819698982859729606
94,229,16078195194850022916155462478,24046378684205205672146109817876106434504796899202743323564845683657131676739
95,230,22609848657511306027048076303,45881834798814324161161161488659391744538152829159833769123961064470106367629
96,231,72149656639550074537886344090,62594221252662404155922671477869279896876952665564035286900907957462160221139
97,232,81245487434824500101274701498,31266205819102048474800897439051178525602620971864833161770887346875081907973
93,228,7954004610777977904082010564,61409198974634385317802644094757425176566562918271273690294988170553341212920
94,229,18848104824963560130490795682,72807703498943490733375628809546507287027790437268054643544129215079996668546
95,230,30501043744651290281051994315,85820094909487001263971683457924734348674598028411112477439708213556920734763
96,231,56138123517658648098097135890,42117150528606318301837400659402729499820486845289662225268864675847800064837
97,232,139649336631982901100925701310,15406195606739966399573012675808239878768726068905613766904449658193806681125
93,228,9310683798267694451851944498,63687552990379493759759231741930028694330570507752404384710806536562630963205
94,229,13023526648850379213251564708,75769729685414815380531341557495522589801982983595764777835476911370532035627
95,230,29506882321116965431020896834,109772071667603322086652164333406340019457924046393536073604903612634192463667
96,231,47970061821021182372627188380,80580789107629492441198701702093391395331601979897666025213968752435189812726
97,232,88355490833097375981592773871,404587346703856594786487276327499329202388789660609253902109170290444582723
93,228,6638572923927475938992125426,90393914264969885667929924936701195720477210732968121792559261647798904747233
94,229,16575476048408721947366314788,56045232358707590403357693049345436071778633352700835484217782248037198774022
95,230,21573398750201288157392086076,107093937751399331148384548402777765107782282744672910742655091672652665032787
96,231,59526388468492459610436932786,108863576409379907981767068063713992030509192384518635087900127939817253856266
97,232,106757114859374950283739028638,87982627105053984231257267366525932289450513076407951590920880532084289882573
93,228,8612677658097830935227466664,27318433003904507518432825075305690591027863706879686121703643134308168083759
94,229,17263978267203157714713478281,21484119504314360253317922207107439133115181684572242251189719776165853804125
95,230,23807277455628934050883772237,74477535695952997415542716707039526594136532251692060016286645789262429976553
96,231,77745783767988921529685256522,108018291557083660550508025971867596557228991227128546389449677709721034953989
97,232,98436784371064007041269048018,113703342455582943164096297735241117324493937565064221475303404935581035021378
93,228,7001089312052184059704607397,32717320149741413172852218877328323196100785242658029159151163369402963516774
94,229,12706556876854995346476886955,29927571188121496590690184942723291935573941223283364527048646369766515370714
95,230,37145753692292931662593427670,57484799814002980185302237910993460134211216337483313606301774269229454680232
96,231,49861850002146193237380835685,101275060078296768027079439088001103498259608177278660107742620670768494028835
97,232,150093913652190538241187237672,84040922179984921084645750770930104464635002417037074059113732110879243586578
93,228,8950271668173423359701591587,109863486399620507811324839385226096505509753243566435635754906373313698019894
94,229,12519060299133451113444018225,18376526599250160215452032348223428185159362348380308157972543747489013390072
95,230,38528039881433781474616143501,79512349120830546970727585191695406872047878823602159318924061024285382296940
96,231,57750015964233626871582832821,79664837218646698869333695962407379862229913609074720892189994472421495388933
97,232,83809715441121577321880174617,94442446800858113241571501943910590735969027514586620771379150547362094026504
93,228,5688431283515221055254773132,71622087211558271998416041204043609276932457659460097329478681587760295992498
94,229,18975711319186985048181445130,79710540742915978927325603128821001574816548767199505628652730058934953736105
95,230,21343113267679116964174449964,6104063639753959361118706905421724715282371038141871354720410957072015328908
96,231,75612655935642288658242982781,70850696523885037621043033306890392087932164597631592390653542464059373080004
97,232,85637144420722810861898057093,30791647983022077465262714947175811278276816669525457461021522991456411604524
93,228,8843062633006845839831555575,4997305382624156398103669093749486302876491104956755208222376263119893887636
94,229,13655264123791602511597858552,69130892390203430240547300622233356984850583328017345940076347771395399120800
95,230,28516953383048663376317447557,74543342329095257068700815026222459423718638183794590347100443026977561926780
96,231,78856679768498340253701188529,66522797859501797106242776903770295566542912161607564225407614313202814541681
97,232,86767515511153979282359498371,65720102087703701887908893972994108484874752473311165988624993274588068108769
93,228,8920794688064955368811499964,62317188854659463327423522401267588644150540794810341714958007418401876696666
94,229,16430035441657751112802096822,72176609639411750032322896485040490341103879400026401064234594806277634891984
95,230,30466303436933377662912556167,26492414901779508616334080986347723267332604595057210457503635576508994710658
96,231,68661286273797882493009813054,37404684685637173569809426517714893338756457447607720421486339574728482119401
97,232,143003488451177280303869810561,34097419454659638716046763127579384789829743007706880772374293285026278422000
93,228,7851770357954159478940980706,92009752593146676935646845785828400382237648363944478145992642448165208424315
94,229,13574725525871081352642252503,81147181747375104437129518529192712242829399706036173677208324840589570008771
95,230,26060406374965709775423206986,3901984291349493215290489140197545657861126122760893929574723033772577834380
96,231,68031741469845780364887641891,111222853249859699103253728431369779035537949265532251925364139032937788284693
97,232,116149284235362486178423127976,41753304503473722726648491561606176340757959279701044892754468050449734110382
93,228,5607095415109468735349995132,89544964161416316928068784326797084712453242159688512001794591099791056689287
94,229,14595144733866089851126845809,84450410201454536934326066663244891697199618625616672587074740919806296495303
95,230,30387085444492369020370279214,112702757138922487658036662412891341516517200658086900906588431766401482134100
96,231,43519278353273277426957324299,110888975430334658206092568100319564989982109354957475623719401150568317338097
97,232,132852301228114003310276183945,24469331800278930078878399053201690355967513942117575271819734891927679972432
93,228,8954838032312980077355437838,45332207259780514674945443769136827924601541395221498298053331910373971160333
94,229,17686773477268102994551417955,30610516844065260238800501323700694322121276948924771222079077262345990151694
95,230,29510662758514200896598992220,102698468046225914673454827221560774944805091005389401283844044044920904210240
96,231,78658508123167387946020418027,83945197148549158191277784485353668699093484443165036206406092863787076681795
97,232,110951588421310736847280938850,38392641160540132909971349083164879377141122670320782437839716067188644977997
93,228,7145276660277878791518582123,66008067742842025726073408216250685194922608362539566543918648153129278541523
94,229,19294170752320435266187008523,37897344557595304723887989866591187992282165364079856628485881116822343213533
95,230,30213703719199546195048812380,65426287788122192005768569846431419283549721248536560985642182305480497686818
96,231,63362994221981860799314178456,24942377097701783112562802641682613531301867870796787943875233766827044165081
97,232,84453929025110376367677558606,80767792278272577611509438595084875121262113218017096556811975315129436331391
93,228,9135779255444436059977421998,99463773871588477075809824285944049273699863909332920442414050622797724023068
94,229,18788037821533055133536470654,27913059640809622540301034642077300044652708317706660473242024888351726505935
95,230,33774857185398823517718432285,74788456289637791356184598298534108874576827840352387529879133315384931158754
96,231,64246426372656634445323851694,37439668449783164292019705821450352428241288658944644377800745716815207873200
97,232,134173865740158330839953754053,2376900592323600717211025384389624615468926144431882196659301719583402020277
93,228,5165741494546060001982569534,85074746540617062170214662250670059178741278151206579742004552946745981089896
94,229,12233539881849340869309639899,196827479185548080259050241881016949969161558886671702542925089391900048747
95,230,22201085801198840826748045370,91186712047998527964852954790631794579955816185206973726601079599197033742695
96,231,45698793219908904567306278291,101288375857405056656167089000749212337627671548085958618439584234384477743259
97,232,119040054130552356553611247410,112303893513741945038191067531866163562652646068892396738281392663401556884580
93,228,7947240343748584991137162462,35604616015544940859531311972512928515104608799274092988855909173703762196330
94,229,19590170748052179872320428679,70330300523732308031626422639683636954661530044601699404545156644405780906291
95,230,21315912380008501197975765660,42254147507027783828077572798667618634944384104759779656994255219266278728158
96,231,42282916649751669623587634765,36241633071970943359542781025289422813890797061475221648492645244116567742304
97,232,94722995632710082495889676508,61285001556169338171804019512266817868530950549938896995621469365449179700647
93,228,9626879254503107538464891053,100174052589654214088665269402842696954685816534367648714807688857463141368585
94,229,12248363907431131055701592484,74472503688445697510789189069309702144634235617065416142920291077526979786485
95,230,28824918108138039078857720535,100200525801648750011617350305352836194932395435118131133549941609662613784935
96,231,51574036530477650359954965216,6063202295599023659186759000474882705859940511379761802340251268560641965355
97,232,121976108379346311359878615830,17761610415983994118561369054659720440042506289278737634370024188975157799354
93,228,9601919534262599445555875610,105584485140074270131754608838613623079243471936647212238258292371581192013104
94,229,18020777660077702533514860412,100666938234682272005132011262729254858007328019771652037875721784284466772012
95,230,28789301838168305273721947220,20173765367760118417626632784093438666218953000214482008160678994492085821037
96,231,73275728460205385174074859161,49235357293606771703907768560573616969270851165838648235375667136388676105054
97,232,109188755319017538809562313351,96718445802027576119382501410463285831321155881803496948019239101648558117306
93,228,9637575261642601112548946067,5485971536398619962523176937416317851593753171823770423780118636186618707660
94,229,12348464114359940589489178293,12981074497263397678809562788937304760839107505039439093992458921156797606036
95,230,32744574965821251761665476169,70115572207287086144561071522798965519949850176861832743741036352496060580013
96,231,76803802869104540549247346915,98377958476365261540965551135991156475206557418100750148657003833260671408517
97,232,109062912217292634765277001913,57544691293338232739644636847710420452468315587183067782771274492469834550159
93,228,9128213790420232890714173447,97915212349024635372124004087391753185165739049772983495131201104486020745923
94,229,19160186598594362784444283681,106344806827681657571871245266642953167697633957074012768961629200544693166700
95,230,36218807057490266925466864442,77225252576857735112988546976085505712640404393395212475475139610675700924307
96,231,52000088433380737113534121121,3045478069279267208180279626703099359152389854940178509800033978105375567554
97,232,118202458345794736117751924270,16175576285215236475636227334387820051605793195432372963294024141532262331253
93,228,8205794904603033639722299616,19748089566967987365804437320715070777950566827042940888422090398107891714652
94,229,17543435733233776676940266908,94358556243253297701555411802542104417019266363716030854301557606194862222142
95,230,33809799449026789409467643213,1110531552281407465645414167738920695647911068927722687923902761481425597405
96,231,74430696063827081858190087786,56506141748008364045301931996214387864534435740291953995551625644158692049953
97,232,108332336254288277872536642667,9262341873385955210446901287666477740596988584239495143944897917700512487194
93,228,8880701191338142563372821554,14957913881661144939319229336758453088512350640837460841306763201340049215232
94,229,13719817847840304086500540655,63716475930055140175380662436998078263647591596134008149343125585965434163332
95,230,38282133902360470033079315700,16428390324298867294819676665791017955982080122901204410140291496770302878963
96,231,79125966353267781508070148713,90535044857593297613688072312831419704788720872112951383703860379905401699487
97,232,85499216077666409843320570421,73455493678019089568497734962661649232646975561314720410927252729291741377016
93,228,5136576159178848332941497516,68026587590311574135501150077536243943199284003434569218484048240133437433940
94,229,10090538637199741460042627728,76672216634836068422526890546571593389501916926596748683388791958432230966755
95,230,23582973868815504810455815827,95487095959650983569599174471426710250745857276192666475370458657760475237231
96,231,78241907318844305944218550165,23914112383451795191599995421111486989428670664029214148142048402110809829257
97,232,124155854739765251394161361378,101444129764916482782636599610078768237209163870031741765631553865610996813110
93,228,7791227770164204494806558906,92868191966633787038486610746695704231990122004452670213879869849445621535614
94,229,13041478945733303585575533577,48305587556271686423754214255480140083980006518395410965462241978093327949255
95,230,36338179554095699152094855741,62951255450826036645210036000439731436026319803844360692488552804750596683239
96,231,77917060617606744401203727789,64849332981452485034875359034978452220971061145379468808940709339661525193209
97,232,154984942119925057323063819542,28315791650805428712513729561161896149539156166100267832491242239130623130369
93,228,7808838057918575419909236723,73443975419501064719060911683397160213257736075668568123344360565802801435191
94,229,11844844097080443880528990793,103612592467210911881438974884683154079235248863131678539221333541214630437108
95,230,30906270819621601428194543291,28563842947549048046016455685423029661563717079949897834865074381407108331444
96,231,49499582287252985258655769045,82576449564505017018605825480719127273582753399507865487036396721333813016057
97,232,95297193272982034397242247464,10229919812821790919469203536889409627175264990859437602525675971900218066862
93,228,5377473349669283506769949329,3434940471303561961686949252969516916788475599805767893242321119308599238457
94,229,12583181184881402361067834215,62967948320969488019167909271177830210417966712842321305341849163507818678915
95,230,27027158312450925274050399357,84506220248093223219677504411428580333320087400924256157878923415802435226325
96,231,77426565206775989626423989074,82520575395869630112334901224964044454368454319170457321677442505641275649662
97,232,137419556216307218749505461879,51169310210652802705105192320614407866140361903765511073430789781454241783804
93,228,8320854169487357906826398913,76309503373754715939086254323837224266359823011881891558737346428008287221462
94,229,16012767958713539963469285346,66496606033952388483209938843352496577423829474792310370827636551982156030663
95,230,37604484069022737852245544696,105163766650909053892272557205388831951309280502356593888449575830602989675838
96,231,43962542063826036174401121035,10014188090136104190630282435125688958146740087451183154520504136761500276074
97,232,119706047923378630894519677625,49791352849452097738583570927695859921270350430708459337329637416201466106052
93,228,9340229569889551182641928102,26055902555864719550992372332094530148707746643968182810374799555918332138298
94,229,15623641367229741715161237677,78928077530968161562764486017863673042152252030925323931828187627484866805016
95,230,23528429164115032342690396815,80981921454466998916466168451946634220226833876424737310725235902273747573833
96,231,53986282796058582889140837162,93095045030494742210361435360268150564060234305210741543057993057191720097141
97,232,152752442004302747690683174271,54221729371427708759576959784946747086755986993836961220814275968140554510344
93,228,6454998842977963513428819520,25399022491508253862057934153277872993062719931926358345845963482924474492735
94,229,10618274535224844706901246152,2523059514699430773098369755052556142159231791867080526495471925258809461711
95,230,28058936465945368894677562088,27417334863063489197759955768289001325875035826542620163237720113576168914564
96,231,50457515556698998614030846033,42648824370410034200910804680326707774670787767950953513543473494149908666931
97,232,108704340703071524782163818859,97180549744989305723496254589097306361109310089666032630735258025672804328160
93,228,5646502494628005205122925850,63398229017190345556298759160804155070233693063201277617630709422660299275762
94,229,15884538297932731266819917993,19220313832993871543334163561938656284853377666828503835988743851828326041868
95,230,30706594304979085385577091141,44123252180098872239389612405691126914410715315092016917804938515091099332800
96,231,53519147335148303713164871967,57460876096073950123783711241569542914162537275065702555226166754128800484352
97,232,133524623653873604745147583334,56568475108853124269507069054146736533444133713040272861177810239714687686624
93,228,6439482796300038003804627979,39613548233683140587801447065092811234623493047691102683792769612894652785687
94,229,10352835312864835742049179144,48854988743510477550030917647053109962102024606785638929427326098311539869986
95,230,29772161186429563127987762415,106715096774096977302645692994540455531970170113593441116996631274666080049505
96,231,65833060794026865432178424695,87901931465308756875019596459511621660084022504667422060375943501446614440841
97,232,145549473880966094784240869514,28527088496627072092433171674726361306920078897562115238598123272713200039795
93,228,9489684644732893560214096548,27736808377228960119899746138780685663140091339558588626716465559950804976438
94,229,13850431184090257028640814752,92145739628858412755919583450926164469239973032216935601439778560800475438997
95,230,23333773389645653925190855519,55851252477693850434715300263289137972951284070518468737375822781543588309165
96,231,76910697274649406285573054992,13524650714895727285333326559361047038511819469086253466042127316376744383320
97,232,105197771249273936560046272685,77803060909153353745502339811381431531628476730633844035241451908734459768174
93,228,7667004633660989359256725732,72903961528272915448621077368904657606314640860696858257145955752456744686345
94,229,10629180310459425869897287358,43734958176034988674338896115117910512231717486532778550327848010958562485386
95,230,24364481097208685888451852337,55288396655774397407704691676658539123636100504993034363178616651497114506390
96,231,65763265753040115244830883741,96420673339138632853235466498037834316584078526977410842201420531590939164413
97,232,94380415322276329313302921398,24146143934737885004536615711892014041768233241120812332481444005628861913305
93,228,6505421159571956915549385118,91685914793195485960856657480723915228474325100048361532434990341735404760970
94,229,13397427809494626222187533392,70879161320079013609695134163350504012252225745419756664200021934708156880008
95,230,32529334474784654682894338794,27476781543662718785689324097689693591102534010534487614733963567502490303156
96,231,69333654046675667388059556814,1905791428463477266311764466909340168122620083243067780506655777434957927736
97,232,118331064449309916018362018615,12655807675951593724147996307391271398361490213438275933147489357590416913070
93,228,6109761059289609430864414074,65689793155584091699512525761062055772275353219656603350022915206250618665326
94,229,18884314503206062351736921288,45102674503599684064619145135356358231267674793198943552056051818298817576657
95,230,39379731304117770853944397556,64877724867955132617859657385028469016095324415695465558901871403828651205289
96,231,40958710867005627624952594628,36415813804580524176383618921153268472989648046214428892418144417859142259472
97,232,134236109722018039915975706404,18640345731789995394052165403513831800389178376998973672408783586165315370331
93,228,7720632495548660709379382090,47468416530767021737376581120947711077804927028508187472435927467171321494813
94,229,13286631038818894792277079342,20398746802709295433053379133299208220564334117289364590469008493815789888408
95,230,24902988197941227323568399463,20698054968244096089696575263789744253686851111752628889845655083196898773331
96,231,55002297923519785396692538369,57511658081268991759524756512776137797856740901412151356152406555290769959889
97,232,116030607132757473517494617253,48091403384349135551385092457244624381900467639960008294888926489731032906448
93,228,7573131025974333568927628381,8005250016770735762089534192899023522119065339123635604642327071350489075072
94,229,17869355468815624479498530785,75558666785520134781668303610665942806991837528953130926354113366556056078518
95,230,20867861311790463017509166585,115414482809700018223109768548336699615992614440049749187072278481152261921599
96,231,55038420586685641394633738046,34232261113705789307201990251766770718978266371676196322832863424921700361991
97,232,121304805573803545953746159837,97807687904791961642633599025721764711689670216085783505103774659200753226644
93,228,5228001583851998872620186159,25137051503707130898328335605514946392263970518647658966519468494226820066171
94,229,10275653528681448117640051541,69557435701872718641676197191550832844651479360357224657636476189038102805627
95,230,32090675518673925566862564933,113252513177943078185236593442792172797540440438451760220659391360260677613940
96,231,56333966512780340821911234741,75744861082122131297177558254034684554541254409886874456229072144670071210555
97,232,131941216672952334534773199712,16533469656938404546370196691358088826476665180980075637338115894550382035002
93,228,8861471736091952900048460801,19356624228167051064956395375213422069941979564919113633640489225624272352395
94,229,14825842638052146353395481041,7698122992137918728545947529796271573129887926064146978560522957089334262600
95,230,34939206407654951688844413545,17051309585230863108019594981458723044785801043058916899743502889940797831696
96,231,58580679571627339688402158321,104669438372325592542801731172922560724504156089026664961403676005533166030944
97,232,114383218704074112758208733436,101263810394141123418500200741647949828889322444295767598203005730883656740145
93,228,7121275817214591557873859798,87712349290667970322609326162483074860209869854048249374052189922667348825641
94,229,12188524427276116356529080095,47543669223489068675160415744685282072252991712539805270724927975235630117908
95,230,37695682465419730742921576358,55690543601054237831820290664556652716364944924084005882237929555061666495346
96,231,40412242996670590558476551210,50184614366944175845906736738326244415991364272723799746311987175133292295944
97,232,150381888193194230462082053689,41470242032999643071180275995601976580499671349793871452545359261890215003160
93,228,8445543693511634227193404664,90978616370244457830568277944650397787925585212668050187533658636230603359252
94,229,13179225431587155904671401476,112963339730676124548941499228220177574975115487417727185376306793894759421945
95,230,30537093538234753628241995809,32448744986853110198194219738364942997778996461993755123707844990548253427204
96,231,67100340898416940893885590311,11373515636174537764238812625994463961378146789189968407984417751431421537723
97,232,138940576771698311207454188102,24517808438154654653707475149064432759271880098522114990176922949544724839424
93,228,6480317489908060104328263822,62326706125289180122105601684804426514497751163449391084907223570519864734150
94,229,17672772275514237059252523160,91195262449452942277041833764911450884447172644369715170990444203377026239019
95,230,29256222988091628910323722912,2075518679810935736179558367953069190820674869141214861708009503536376492614
96,231,74300300373337097174133011086,111920395851094011742379379831937383609225201121282204726607902915251049443274
97,232,92726677511938699076748290423,7998838759719228683008719274721939901752853926576378445363904447149540783610
93,228,9830605910276728329145452463,62834217055810944764689760234441961165909678212330459691266052500394371249581
94,229,18566975726960951170242062891,43629821260683648371723643628726383535722455074763518870594796620338423991086
95,230,35077904963784212999300412090,75483585683418544656430535206205479344512828118474376102605788813016806804771
96,231,45279214861042751395013880536,26989719638717863494997161179751283788431368022289928451877406967931143968200
97,232,89533640633401269184387738582,2657299649788513112459484982698643804346562332059156205010142328490163367438
93,228,6180046092814392359252090534,5321198851273135009562326678372679215655193129234993174230566920414550751121
94,229,16132133001338891808509547032,51552622647741027444515601587790153791871615347560207963700585873747299668499
95,230,26935092418119294976350820862,35883499616495296811142428920609365196107723143780745678933213816047527074389
96,231,78703899527418249683872254055,68288632865262328468802650662184560813482198131547871492950124592023389742668
97,232,113128406109195679346897622831,93140061416745328020623365189035175184748626364525936835662060869919251284481
93,228,7257900434446511550376217593,110046620690162565901359432032987013904553398405015746058468073024345373435871
94,229,9966409690752310925632547875,29304414873269473109749483753110349830906532832798664909659500362536713192549
95,230,21253104390339159853816887947,61439974790320617733280160535005542784226328193645425326780097012964587993091
96,231,52587252064963894649980442154,73237055748937582747007249570476941254996034292270289581210397045165800781537
97,232,132632972564489311383657905376,47691364612803227893407907378525834144684055917389758427447759511457779952271
93,228,9658719848141923780387678488,43916498007476449044682009366544567933231171889830235818642962311028479113375
94,229,15504303622722621702066840676,60292432433157899864350030907184352636355654620313229998217907190418614833700
95,230,24920139687637424695503871152,59332492097604203301930825729729701622963432268635143712083982604755848658272
96,231,68459730320298259318461118592,94131301484203662239312772250300582025766050265349599389406362542073977241286
97,232,147050379469468781964157276779,79943153747220332510257921411091428121522516360501096192997646221706451833606
93,228,5522939032490749800233043075,101156628217400057879565846463366138434346560406608501897715779335018473806692
94,229,18988440632807409321610990820,1759666452434476666018128544948788211850293705215318677912018825515279051998
95,230,26129709794627179475082984307,69525339273904716188920038292697799177426508195276453840791732758227191060880
96,231,46048160906266911728063413192,7769548433139298415445010206347504869187016719406366005830803174151085479308
97,232,124532885819840273507608293048,25701604846302332189872653139061566769432499493598317383520815421168002250432
93,228,9471147048349528138415523879,54345032406067538775392419921480326940717551180407502036815417550413814078815
94,229,12255575214695739723438492147,22183451296863887118039760522419238062668309023798459106870356600485553575033
95,230,38503694743520768930385490857,61698504882760536477922396505821447896004329361152464548890381553280321077134
96,231,57001265264950483453536131912,73682699573012676584698417927890266075548190442817175290699130670489118582360
97,232,110912543424731731926807680994,59126848085380670045448010191203165540967310496206191228520913063504068652117
93,228,9088650606931589448351098239,20505306570929192333977709859954363179915281082652364430514613894887856584924
94,229,14058854097189906045929267917,113330696452917106625144966643807824270876019629694749835016510911643480956134
95,230,20333786537232881514217162911,1470792247568958885675739785482972169227542495003282312229049524969161108505
96,231,62049942605565355212094993471,48434286285318630317152252439765857062372283650475851469937784074775801657622
97,232,143976646663647507488073666612,68036010822310967189580536791458851646102101303601394847030550038812633675871
93,228,8263829995586324316327404605,107786704872619331806217203734987911262734087017929227816676311078761528191389
94,229,12118817401225023742404737044,34960665258868299501318748732663258371822205274003739153026709935037482400731
95,230,27588492002414957849397234437,105230105876699992048660286257223458973727671741335245327045458984081939406692
96,231,49052458234971177199911162857,74535486572365558861050803302667198322879582663641637504340187487653141914666
97,232,154591428734131455563232489097,78710248574701172125444280440117036024383438638954304504496331286582815243705
93,228,5924288575877331978858406150,46087102270603510039584135303851404636321011108074378933097161131159850777341
94,229,16220697044561126735705433190,27751073866931668126612312428464540055882189395207226525028838719917237721562
95,230,32409924301172626741125562579,74304815438598151130074335727847475076380104577393639253448592459280997763291
96,231,50144683634875276190030409927,69633190756351263591672779029461260436409046898687021183239443048904698369392
97,232,117343017843184921338808618018,21380324577631886098552298042458854708768115546406219655899512508730336660807
93,228,4972556738436910884208545442,36660883347526935799671091169327345858812989878060558885055423654474726567314
94,229,11135484468697867564966322646,18161487386084217531331502428927570116882329683652504661301393950624498244370
95,230,35028420804710084779772715691,22534795504397873274826501330853238466386928552516635874255217857618201502370
96,231,56181276506255062659174855435,14747744636906215494734109762490429653077578619904289930337454975662464635996
97,232,122513229949215976825671846580,53909991400118418457436516875029899556535662397141838532838721360153257455020
93,228,6467781635677925368556933611,100934277805361187879540258858512686077595510836623093462055919194594362198624
94,229,13144557901402904111676651339,105786210635202626355775595446574172067526516190614761993260293222143655223591
95,230,35072348486516588852202251440,50007152014582674359275518166819267298442293047187397540245305970581558629276
96,231,52624630539295840076406511634,6339978786207842422534483353051929165536938289050422398413309406513267632988
97,232,126557035907358742507279145162,107906231468330780745850928079163336145709229136347902232855777555582556947101
93,228,6997962032210151035148197262,82616142497065904341373938931137174562862638271262968699225452226842996350447
94,229,18937316064041269885665980688,107563424539914854181129849691369060677147924513081806199440756190337485605182
95,230,22788639149103543037677400004,33243674331319429700419358918955759345475785499010426660082959979224343055284
96,231,66600909914297967368763984867,24079570747581508970542998396168134527008318152458593228856655705112457891561
97,232,115718780298083256707812076699,89134833998986073151075335202218987109884532174197138992207544248300511306501
93,228,5422606639043821466496824008,69712488543146717906390741635170875129170212281893721266689437634522678617424
94,229,14298685510927192133708843307,18006889118675808167807547335480514644097333342259735979665921903366308911859
95,230,28502754274560464036221553376,11789113646277853578145770554408837916581302973540772928309124620751410457698
96,231,69820448909453849606382428417,88133341415526745315470783563736021803140796762896009734103897297141770558563
97,232,118503487511260717054334284379,17235916225536220464348443568652411149968909755386203035203047057340341287917
93,228,8049782368023638062231779231,1301198969402179366209763413532831681007537576089143923450182190732997267546
94,229,15709397289528858770662285257,12655590630550667406827612183222887562462355918485407816430849944788556978320
95,230,28671917200224813757271308283,91746802857108961504951034162542044118191578345842589272801584573980391415236
96,231,45374283755260343839632939926,103664712823005257079496296783143721709106835431171150483321475612229862517052
97,232,125399236897497665360421128739,108574027740627255608362881488448190605092731474227905930242824225772639911426
93,228,7662721560589195358009831138,88550830571314057813975626667857267702834401698562902103172933568655232578474
94,229,15669759797774453666575975548,97781762713021968058727852423478794161630280245859993638921622884550344933427
95,230,21563758680419154089568674023,86741078239122550614564871155933238884234103590367456580842877740244787099203
96,231,40388750592591112362972281922,18168773645513012435528612015970431743028634605317918029178406419952797679370
97,232,149313323873235168157906359647,41717906358303628185039107892241790375011320276535630199396721101928172213334
93,228,5702086188982673133160242271,30928169006731168334466545885765535083228509980902429544140849456030017228567
94,229,17465536437357123391259880348,80901315779095232649973916494948270936086599326782738705110774946894304009858
95,230,35620453372486500995227599446,12509493004016741922485281643326939206640675905740557238021706801638454139882
96,231,69597952158572366195942749204,50106588431532042304049881855461300816206406758581482651331546127955262898562
97,232,146140448515426878962542913414,32940909849283186386083676552783764682886590514427375585861597872435793733729
93,228,6559704546261428033409531645,111966817700650538963677590273068906297071707137946396210273864050412092151471
94,229,14813576197920489035689088095,60836566278010216525917224207895108930109540705108576954621986095115130886248
95,230,34262343385406698907091701302,5487657523905122329422066168384289384174716983841324214046646414149016959304
96,231,40208724918151513811446985120,112322700954206847853260472386453148178414321470774119350831150311870658459697
97,232,119051074641993079987151493902,59067103350466903377179339673459074853033049862081552276718319862559233122612
93,228,9138384638770888952611051338,59716812894580425418904480210955873384911281234086341756338681392334922812732
94,229,18161433572695239198022465180,99608202483279709777034546907502573224501561732781774880422571099354931790858
95,230,29180293991276783182754709124,33156470030907595695827858555589606483028286987720691021046468638127193098107
96,231,78072669662113801669493237955,27600533465304792685975294275952043762540691699614649737702516298554165353180
97,232,115905132600371179320436975999,24324498784686786345334486622951816917594493792363211081121348735523562871453
93,228,8022209651605830299707638970,54539948757217667163776273864848681781269583512259506629876705525103434693000
94,229,10990316631434434171066795297,109108136835766651216691735450588726005441979987988484318487690925644441663651
95,230,27467092087131114010660805548,73285130958442135152317877533203684960262465574663980786456997175352507543598
96,231,68555782197609569130906856345,89922530244854597759511348907254585872855561771316787505443484599769253365718
97,232,120098333610051981047466979580,112540520936469360902278827065561282114443882684802461464405459990487703187310
93,228,5184689715838923120572190122,113442300711647220184821428195790683016471337302218524457554271527309283462369
94,229,13736570485899620683407344717,29346863026010509556493402440103998593174922333242844093676996333525215486191
95,230,20318948989419663552312393864,2400324495359072031573186573058685518220506090074172252196356488925210233426
96,231,59270784246353565643517733392,83021842199601549420382789383453485681956306775624166179821076758298198047631
97,232,139656434295792578620825836610,14960646475536010625086924787178237510237731477173522386348652592351572852294
93,228,9083659045955982899612920945,103687232483477382693457284253244430596225509864576728491723577270014070065564
94,229,10294212966938943907172351204,34449146529187658094373297459933533666529908716460497219184491349541138309880
95,230,28313655652260945190044637415,104251736825251299163140424269573131202364849014257199317976445477161608443999
96,231,68620238923234748218606230080,9076362162620251763104568310672156618918187782553379475622136098580467933488
97,232,84157893426678979253626373701,59145727833209199077092467553499606830403378443352192752904802926025943383580
93,228,6543772681248572678714350047,112907132355077295975926176537024052177866410732500141450217573570297051366261
94,229,11264010564757139884117002749,93305036495466956900440054309861657386153626097969186013331728429968923116999
95,230,29393028782423555359286257593,48878947983683574856663311936293854835820034159335169098520891294547736806758
96,231,71875318512067179364994694027,38728340571888735381799179580974015564188151827303276032039593178767493564556
97,232,152803343016198400042223772269,72871769573872329119838443435421945316243789000105631904201943814151200064087
93,228,5583961287556369721800033357,53204517342689632331685225167457324275997583855573301704162620062479074718893
94,229,12549856183561235680935300245,86436591205586091737239786061909067259058395071590000103940251483226487932496
95,230,23478233979551809572462782028,30919356074695080039930363752766135887261031485407713600479830208084563372837
96,231,59039733786089386846514061662,15624714106231117882283858862294069735667414370938812825642760690163074868150
97,232,114929998270890493939141909798,100070645130457406835695347987465509538712135340853140039067803892808983263259
93,228,6779843889377713894921124655,21053257036566642818090177160331551292289976770443297460354987816441449385961
94,229,10099708613236061823076280442,59066821376892550600845379414175221925758283025327879882725509305508022572058
95,230,19813812282288629027139803065,3670733982750776444566557834411523045877570768755963217457794767510729402175
96,231,59746936330226679015563421638,86945960437210217129556212931280046323139902042881795557706788135037576452958
97,232,84889304918685037101178173193,28822391841063101674120689258157543882157522124989929650881206972792912206592
93,228,8358673163492176771801576191,61695852921482595292850694591828268870575696822964013874993046651955356697704
94,229,13446114839237104892666235476,56470238801063841995762091909883968955395389276115576132238833811121755454312
95,230,22017176654644652921351203166,48236331959165631148789269285342521084947502386529223698155928295976366804374
96,231,51169344668071976726363365800,64876544444763255505014725742626610376669282573121936098488562698117752320221
97,232,109602245549007104348561331965,82800711771629213198490214155938154017296311222208381941681978488696303433672
93,228,6032539575365477182386292647,61067801558452461915714796644144068910130540048767659380331406763612343739054
94,229,11371134580282882017789646807,40491665687515632605312501884059264729501912425068174774891637585323595375632
95,230,35165359286609904727377789142,43632683126888162121548551982033269945332516216522047896565908570169478553318
96,231,78776707276379769462477848564,50035787594152117812281052586810170745424631117131108097295723112345886776349
97,232,137961220694475684441274164312,89110508459619486173347381612164964689836601830786712284984505155975337048243
93,228,9745920924197078405579749167,48318908101694236162488755435245289527994078678284212741170110412354047333146
94,229,13952780296380957632764777165,3081033666328201926466457933358728068238042420789864374191767249815487073495
95,230,32434163996904455821049310545,61092126332914085092626426881650685379612027012299647167465887688324523324946
96,231,75981275821127735924222504742,17130947287842999230472615404442495894691468413894998210617749563991881162838
97,232,80979524521772699046356531742,28431980513247329358487338566852431904911530432716096530896178364621519363824
93,228,5192291344140511809605568877,52580907291850581551479554082678006656942085286050258169833366396942598952909
94,229,14868060393361541008224910102,40455680299479869635700868072465999027021479836855122760026998495020748817722
95,230,34351853325646885694964468163,86905600011276987113336696984006267291141881985633992878625827221181657140228
96,231,78628571272009510140672371070,485790819223117776936610565495026351166784830223934869872347557934965013221
97,232,112275675120738196954418007122,3495742991498686833990831849616202971500011079758643685193117796306735319306
93,228,7267763133001752320160016238,34874539100674182973203180014377503579916939510990968044657136845990076483361
94,229,14373454747038831219341525991,5322926847567789440514724413254874735263496074645934080716485111119166565431
95,230,36855670385579058316301647212,104318501217908794497234956148579400339515880066792466863240206215141707413029
96,231,52112624258907641374040323550,58376821514430412935067814526758730732590263572470590988785149332097610351164
97,232,147357979143683262939360313605,24961942011202360673342402442582786842162735795979822589664274436449251732866
93,228,8915829301725124096047156096,32216531612805266021556915970015945187925745652852109684048614065740985745528
94,229,15931828816545545934972213091,99934022431324726079864681751121102348579414818433704050060517336270111539476
95,230,30287272972493303939982528672,45947363238410589619948215981033036081188120982556190556974028761644589150475
96,231,74478551049650391839292030354,111321906523738732155605093969899839892085858165345698310331069613297224050277
97,232,147146892254271907277474024898,48663608027851619007275528438500821342242222017261172047049106760734306318332
93,228,6599406241641308464296431306,9510620827611095335014086259495022013496170467100087161916012989257369616723
94,229,10642607045360184986069201891,95251750334931850480115028370622574898488880548853454245804657885790052888764
95,230,33089409899459125405516118403,39020350843817119682734648154751544253145251915658265294742409059495329498931
96,231,39847868884805620500681599162,55708543932933967224043402164629505906272603242700024920154892112394211599587
97,232,145409071364826676438517288333,103642022612409866816827702300411174631607584764937566631529715207061179996617
93,228,8806775885117984882750054974,54625797184885845406201336461173297957580185247588574897855626976567344036406
94,229,14716708436745403500832210151,10168095760124367345783132776425743027255385011424465703828656013418091513431
95,230,28181262237452385199119184437,622861425800088128201470135386057970863867881165811380292897949863063247911
96,231,55689708868446734235258975068,18612448720835336666224805026657968331397971982311563736672066998429883287161
97,232,89299781745228739143067094664,23793119716166999463414814606192778005843992540842148387329467635656778874826
93,228,4989137928828205797048007551,37550188200175610224219850603547084437201826422256743846307955368554517098666
94,229,11504659078562186838386246978,71812192578060797764103053430473032656855000165931359327653448885543541319747
95,230,24460327465322005950108948058,96891566942601903354159226587390161480514073515120063781547211380511699403167
96,231,40640019607416429157627304888,26617544419961956184596850778898470009149453814952395467878350360790589838071
97,232,152871538799990872726803388273,91624716996943722461022897001515216378943868461232555760280665053241114222955
93,228,7641820765837180116923727533,56875926458861876562352849608548868105011528165977409471234170640982487320505
94,229,14914730787396976667076810450,88564685190942902936193790553844020204026879808930555324812599907668007769303
95,230,36400847612671582047617774988,43522186326746206551073600465087535407809135884495123463576489693645450949880
96,231,60294442924084972830446819829,19257736710692019618117311956663906339890977036862660335064321370602132941632
97,232,106631717244362527617646919696,38295514754144981675732971998195196338693731610384217990085341659333291835570
93,228,6873702085739602293106612877,8845272569748802242121429216046688251666145324069201285055204820919091343026
94,229,11489864358367531554027415863,33128888905726105428074191095845229908248375534630742358711371684069667786174
95,230,27394001136476564348944072508,29946587047433372958301465772151366633526579832259005859411324872228368336040
96,231,74120548705186599379914351826,49409683298200464488138271725650218938228069718500451140258355709379971935109
97,232,95076138818301180624994871817,63231849253709788747012949191855765032167483716778011608019583108682530746075
93,228,9883765545555122246198653456,30890311459744410572741785598147384928694876146340752281531635534812953461886
94,229,13914214320889329682881989109,10495322624433872801895199620092517218663299340439788262340635615689768091578
95,230,27396058245950176009154895237,112327621120619721879131231656826693133484243542465933471439059344793658853730
96,231,69257744409450035542867542380,4410417459507987690915582117429714378505834567226780872958601904469498274345
97,232,148267981713142452095613348012,65623333021464454613938500179911313613042438065263525218402947184302024044363
93,228,5312395789883778933947008150,52791179233242476952841401717845074057862957311767163503978842225951470306921
94,229,17134314940393724501376337256,104469754124674662984356784242730373079279242330403639055475948194096106800670
95,230,25459095620077100045061527917,45379142731127489030071351384475794034667297306224058938377799515122441537474
96,231,50959580007379981679710463735,3151741017675478708684157200905090810519061456597508633264977691455277239378
97,232,92078733550385055031030029611,71831264605140261504712209713923083960216120581787880042252662365658722700992
93,228,9299333685272622954124530474,60113975118522689768287501401576403050268735722091943855215264862406405845382
94,229,14165775942241249647964960396,29663038369212090489141943706015947619806286932171999361939870523079873794522
95,230,21835692389015127775005246678,43436611013011910374121602476685471755937987720925271093858377266613975658203
96,231,49497412392670336174459516737,21407598243903273705515880239690399854763830279970712716741929583012309188615
97,232,137734228021863315477321100997,24314634436809198876355801522317606439016417378710858525544386669202336507072
93,228,9885115301841455563794565415,68407307374526547385053990729668525017808084776223305921913765977854260590885
94,229,14277931339418797363703454645,54967862848740782164086644484147730080344960633967587625679764235191093703057
95,230,21033608030702775468389696967,106552918103516442500289839060469219518915972562195224730975592068793762091471
96,231,43033252366819835150178995170,104855138738649545240404433456970852884164350201763012259743411952699583892454
97,232,108251707844242263830930616412,107778874911403397252424342986545047831839474644199050414029604388510459212024
93,228,9619801307243680842334507872,30240310371145818939923320166992520336530733650196774535340211614321193188836
94,229,15247258396383745613676624639,97394087095392547820407607087159580571540530348401129205216736537022766581343
95,230,19961993427204696521383565882,62962741994738673397518111536722220908915726590827227478854907736158887923509
96,231,73524387221479476818487949273,19077242949540143839304944685030119643817880346724749324848867708004041457586
97,232,80431562412610096807794172558,102829121085354414524951622520709685815739541875777420381078396195827559125877
93,228,8418131273441340630731260960,94180775499673843306533034056929390824851422456393911597846004083680954374004
94,229,14700121923459676651539282080,85126555773067785251315104075980539508780168393018567115071094663888032595714
95,230,24914390990260934397149658551,29645612048287529353590903197018409276071732244287685157757393239763833005085
96,231,47407570243188585954818922606,70320557546920596920395363898508253587817815353323531697079573010552661263258
97,232,104673533446962886919736073542,90599007988313901942813742026183170204116013774200737702113105737012818472529
93,228,6042394088202881350802790194,3724749630692718562505316947638879180497236855487981388139083088955836068932
94,229,15240029427723781073477385575,82502857347204375208190740457087022800357924158695505468481356925469387707398
95,230,22505109785092530784225790700,100237336743956923033015187670095756772824929707849781277276971877329364735007
96,231,67191801454452301414477201937,87427972622879805684706788609550579874411558811303109832278046990313249117911
97,232,98329425128024450774059969348,59207059797771189505103928175099526752379086319591554103902401668079076197526
93,228,7833824872047056774118392227,12876635483363236392694680936966548139631894888047597337592956582752357160046
94,229,16225971640256021213971443645,76266347980532401362965334281677382026919498962897893523550863578646693956878
95,230,28074615469856588637325547148,17960774113247821798285335607689085888957368337676946158697188721719612253132
96,231,78002084559830894451567559894,61897657252014089090481071707591901901019468756191648179854583326908781964200
97,232,79332508988360083889100546693,75419782151563205501958181161553372079237526745184959581239328168622858571726
93,228,5112647634758291268799838413,52324824140309394421701913110737363705384382597622722199263498223878328911114
94,229,11051002811306363275502501737,26783674598955301791723916968821725035319298513574531273730004750484963668812
95,230,28715258425854051940507527477,23929602957647981626885919818879129099640700448920185583097287715473191468147
96,231,61144759781131276983244037426,25767309416467130951029175957159493830529636493690462651625863435453158400612
97,232,95637532020580968412136450408,31860042424628815233086083452569680798594851688075994023663575666733649311884
93,228,6588723518277409032981424064,36323617494843991682414237873061130156722025297293377748152415237487916390446
94,229,11095725598257489601518526323,27469776926471391493056920193858188369643945917463309866190738153563395386187
95,230,21491603919167970481820161639,29706305413906497399574144371748512030385806127060111199873865809494193025171
96,231,58666450763309653562118489459,35831913753284157613370618978984442296424683145091881828366551721646354794508
97,232,153848650698663831296039521608,104957106287694542505308075976683377336457434125254611053975545317575147837798
93,228,5867784451769677551242812687,29931294679322064336104788346309355222141271993074621225209829844913675390487
94,229,18423491478472835762451682355,98982814634381701033051181917463560700131248889964174908507210914325327862263
95,230,37721548368955291611579163003,39157527661772057674759885705332151876895407840778871046851551642107590389119
96,231,58147923748291178776132850808,47806878467229396832735433554811685620932285069324191858356200337707480619008
97,232,84857725389634126476631238314,93008718936487744174321276221016544719995864225835669897854538963843316299155
93,228,8190718895917669114640179736,80805812839011620055517568218931546294947106694638437527587667192389900510284
94,229,19449270658207638868231929074,70769653225980862687770011532975295478091302095075120321200810091409738282531
95,230,35875848346453068162514307886,24321531624894400740065689116399769131787961178440011452747170317035758055189
96,231,76614404437544961247272132225,662383182892435497022095282335837889313474913704290631682604607205078856645
97,232,111545757055528686008893960721,76690624653249571763168620081401856015592456186713423346485193855493809164732
93,228,9589870876444009202377693573,37132337476537663385311525704737124519361408255698051964618112777373324164409
94,229,10688160864141229702062842259,73576032475016317907379148009613300599103632982712796892289883559918561020148
95,230,21284893786428279169032217746,56388611489107743930726662258678346258667722598933488870266017574369321804199
96,231,71311360288894730804151742096,85866308539510558700667068992325078917513874190861304888702653696359683689758
97,232,113149181129164195925382962894,62336522321242297276411526191709896529120217161843169413722658728625659252738
93,228,7717148414749453327769041136,99771705923351563019815818276335969171925763640725998104126922769584103883374
94,229,13861087164607696467492273246,37809953275815411545367783425302927551429895289226192179191192893306778954481
95,230,23539829864842800645337603002,85656630260509515422401287563860110162175113804678515254249593481931238072909
96,231,51811532303310283033025510336,49865583190911855845431714321281219041307606580423722094315920974176715759250
97,232,134655919899346643676622587034,12938207364478099965969506504325021005196111087139503244700642255036269203733
93,228,5290137873977870646578306933,55903118468060379719778977744625804774293107828524286695333433049816760795225
94,229,10338722751959347702449555033,75538750668871333623821940401341544719077408688635019164069041317237615979230
95,230,25554077761206648891080526591,14138401911631814670873783761992703423869005628427624229178036196278967224919
96,231,51485748094145785280081401171,2935499785599133594177507902208981201220697698798863588237504795470996777630
97,232,86768535055703012149348444059,91156271297912257262967341795220761941786428755700758588441809926830487234616
93,228,7498827774879838366789994206,103199494333542552245296624117970285247366238442233908055096936486346787217218
94,229,19776711917450227445338272667,97475906856022183987735379704555957581513661883654520334947020980099504834535
95,230,35955931048911145814381023588,40447696376855297013992665631320919404222338970828945643038157246990438102981
96,231,48666709553647428716323761691,115231224861163083221530470305932086039826474495609105778537377757720157050868
97,232,135000564273515902602047767361,190736444162183060428786180940467993196613827823203043495454106974868495901
93,228,7687150912151897256707477071,48251580915660599537627804348886783256288988381441495936360908016042564452173
94,229,10444081030057224819966884391,31419874451804174344162131013248128918550014167781066451902166880957444594113
95,230,29391250125677967430425417185,95319740539488479884664319856861074949321307498456644177515105779933631677062
96,231,53515291660492612076910975272,27594208446605628337486755375755300544689828913515658672917294278217353010665
97,232,99092767829602642646991198468,91167574027344303944273146191926766566722478178522782497733984246596985364182
93,228,7495911709676338547870745101,34230302847431372795580616721691432822118520563656770847847313293455234740673
94,229,17231368184225461827905597395,26222467731551382037391858735653501015266405400758283681848863714759335369837
95,230,33112196063424892431620166317,25849422192112176256209638983100123411088389802890991460938384355688338208791
96,231,74639658755980402875202696246,12635652192195775726584884866008729072482414596785763862653343790753371758505
97,232,81139363201903173312004544710,10650884562885156501254535400153280590705687674099883677408256790563046691627
93,228,5360184911195312805503137647,110052996370609627825507683374786660274712262420412389776173132562521301636730
94,229,10259567215013302949978265831,80191963369300435860742646166741517967223661610821855039633086539690752851533
95,230,27052121910108018775775037688,73475547286892017707804272562927676480699247464750982497090955021942237422893
96,231,45520472351002003077614579979,4314242669373844928070660912309387510892400070067851052513620226338547717004
97,232,99747738799531175249171866007,59812841593502015314498031173626932062842449086979789214577976015127864391203
93,228,6885143647312687645748253427,94034049838283589969005124156399433592991084485790237346186999878583442096638
94,229,18235931430875393231266134540,74692642787276754221496347545568987996248099318190874020642659052798219903293
95,230,28238734897870463103392841470,80508038135002928351849114917589398502081319462825927767395138111247449737460
96,231,55996543218647893415964656257,102632019775526161453981845744475363461315134947915820726675828986437175119363
97,232,125806107438758783814412009502,60683085450414098737832379478076475090989868024728616821640450632681546151239
93,228,6711370050419800101532336843,55389023428639531705052446273249174110174758385671637469865218381060467218458
94,229,14187370138485229189931134492,97685118825462347437145803424630220142929603233770114213136635789871923708982
95,230,35150665929541239676340774033,60176854836986657975697691706893474725830272582001834566596409523495488100708
96,231,65922187505621799613851664400,94073216703725055972807288722504463365219454085321636811233834470572387963904
97,232,117735231685785232575803625418,97768247553651466139275170578709184102983734745073120426258513936403360065600
93,228,8335338164792396898586299602,102471268629016991620691257679966846443264989602075411067032533632413209706285
94,229,18992143067531354006116776585,81400964176624964770151541382936800134722237486240426665105018635075373763906
95,230,20011724388355710778822587550,21711208175940409558636298437769921673804575659422103022228505400135528720427
96,231,39631044040396427262528484709,61703996775909143339092925077376880227230594973303724995171302043194973650395
97,232,105912695614971457622404093161,90833793858630162022878469500354273061230664183469589413566489545028595198556
93,228,6022416916258203941938563447,50338182026615090195912646974724883175488543097355100878359843698504116013075
94,229,18439119064914881453968711821,72505086421020380400121892449671165977357405966577619421823683202008967685518
95,230,20565208354779592328364229801,14506213213723150143545697977357883132135672432301862499511767695799770974174
96,231,56708321094807901443586720865,93314720760050397390492442736203922435320947179777265894168967041863407373962
97,232,146870683691344641133788136799,20616909090520964426516300386843689559512450612858928395824735949880430322378
93,228,9860314303375992801795570271,30758276216843777815863862272082962325585032517887287219917422227185564936141
94,229,19164382489801866072818220879,104463262352680342352888228319052710825759910016200128242215169998148834886788
95,230,21525970611059838563063355367,35508891627256870591940454226690269950190441317069446715808532879419424714591
96,231,56671981175857000729047357907,16940668922068242475856880073776682084704873305414750755450132547660452108542
97,232,142664022443972593784750291641,23708979876302444062900399402189478881673481122856477703348958681138551120656
93,228,9466833214586477305693205516,1391516561517619120824207325337100623034026034433397861843931654070519802080
94,229,14593829342991750341000755792,113376868861864416405921586216035868989647749530460413562088482289938837320751
95,230,20073527830660504577790144442,70763273230028987522599766847761295975433025123459404071233265664115943096467
96,231,69453788433048203365397791990,37551705766093011128098129697125774971161740839846283429167562966905028337396
97,232,142191335401817462883143431604,57898976204520360722383606311851028707599384100593787994154911774850041081826
93,228,9295217714271983914928671733,3628323450911660458150740413399724282728472137918535317703629437615041242060
94,229,15530322482717663498506336697,108647949067894643168113133681578133214414445797446757082609005506639428528576
95,230,25440563823970197418546468671,92320870295688699587796772698136729201941278394565154449974232507940631102152
96,231,55688794202250263278418154991,96181044106896994421731864001544868066730197940373469486865879739707691435147
97,232,137730369085804923562047033583,39140105932813500387304423498668344381975866967783366991988247666875122764290
93,228,8888765950922218954511942806,110119735471056416651269728613013046021366092693272308139965153578177006787280
94,229,10839003885630098278511804430,94520773639936450574877475374679660441688505321009191219142444171193873445343
95,230,24761310230103701909568456629,114842796484330954781960222998736639429535161669824283879715347463461009718535
96,231,63455210221109990035903303873,31522416209200624082832825818667414475849916465031238496192372309843457422113
97,232,132352611966015422142669553630,63849831426677538370006593855097577295547458647751663397837980267896091214613
93,228,7559082865343074191001603604,106326746285480113123617198049631748127449604091787093542963663643066450818854
94,229,10783873615195295764106985259,66172123544956179852167949981917346775903522711468147148224021636213607987881
95,230,28650900245309467437856686946,93398453110155616122173081629395688458624778610264448690238385646107172835001
96,231,49450873287002180908641883246,82931820939892273427739876639376875569079890500092253829982935890416949256384
97,232,86393596688137311188891485021,76777257580737038529260453987609479461814545566516122956665401179689526611048
93,228,7038322471762390097060520261,74138856680912385273644508239123684005859285892361066363544226970265900170096
94,229,14170234756950494971010943978,99231886343892531741775751119013281774822807079620708085538044975099813491129
95,230,27646204523772204527334077010,85399948007405336662340453422121869351903247498253215120638664641816432996442
96,231,76799948878673044612001304423,115272852786432634528300887454862408542906818606717588697868154775392270587758
97,232,142580596840006980092782004459,83736614393272509175944995562300257919704062571605051338924562446282563415570
93,228,9060382211000249674186958648,21048699639438180615121765204330544911859038397361107173204526301723722958275
94,229,11873188134990205839040167913,22175293277533764978148645960834284944850768197422569293562951919642731335558
95,230,30848434082773000533201599210,77052373089106112753255541922854376796662493289987455051429040672050138493469
96,231,61848512505298198056099051075,78419643503642560765475267517216956267036214052087942174117696816128932086411
97,232,136899518039450092815036344890,107122437719493721687831405000837128336870717262756970940497521002127129778219
93,228,6010274598043325185021949968,25858230319336874526367864055477471401459992341461693601814665593022562372980
94,229,10430613876566876814799126271,44075781822089617139713173297432960525622049045698830341280686182832590781232
95,230,30807973343440895884798376595,72405556762577838310180161530577289833151830213971797143828071879202917745404
96,231,63201076568216535152598120712,24601525883442863245320552199278254079114602546760926463356077135090594592184
97,232,106751885749419867270998483142,33088530983607200426847847675760408646023580618412787113805248999375310065154
93,228,9644380404111991365156320378,28409467019805502955921533682423617211778890201339497251984196298384507558369
94,229,15824969593961541757732399960,41468673273991937219004615765529852672173712418425926300019831700001406358091
95,230,37261932726142912308038412541,83308549233807291716239286298352744786585587724288199730710708256348428875282
96,231,60208191837136038178379215817,24890949663252204276798002474210878723202938200364477096175712088313892250135
97,232,89875077374375780516904954253,53583494609477313809066396069941682602533517851065689523862285547016988538171
93,228,9697024326412078776906528208,96242948248531660697646279939285837001424955386793976273264816609010975074636
94,229,13937517288788544338518013136,5866226934438697141558038199418910831520665151037197869152820137218166929740
95,230,30304718774776752939512070607,88899566703041428049167310701946902702391702452454172823665716972218225686474
96,231,72884276073212130286474058020,62093103891474609475154309207016852447469397092709905143160133940815199684161
97,232,156555756432252847674864933873,15022438005141864653452543672061262601679149389721824847875913358068270066975
93,228,7216215741474196088876126452,48494992445807172464761445446245843907611424991827489538825737643164617157907
94,229,17384716326287636058141659601,75473936391285799885134843446244487998782329097641145604470902565301325950287
95,230,35510493279627781002936570709,12510567351179165206095493831552597613162237125695029237275600697506703239250
96,231,39676130722353716866719242021,59520275605053972466558378847623375055467784072019799745830187262333205974383
97,232,121161582896102380975876591986,22668010180139509013083689858022333171644157757039172912145467670121707076298
93,228,7074065167800985774676176261,49491403699369421134151297182730420167734320457632389791088421380645148065042
94,229,18844312792880006317402925698,37575715436496693397887818843952471094743820796752274652574181672309753886257
95,230,20279897504346089272524790923,63757543853899266146942857599229900881651428570166213038137760648143372734434
96,231,69691925268441301081570890119,30772039505655480566456848861078059583116446669949375481093959357049533770751
97,232,94923621355637120557074827125,51826228028394930863667832745300958804641702186029101058443523569070611047577
93,228,9055419318105726930891406861,65825840279867070756976976891910761959008430717038604596174762482079074573747
94,229,15251711452765633441496591964,59269382496973375103147914028710346048663090082931064159117870331698156231879
95,230,27062820134593472211268718422,49988806504829806314976197436778438715328894136249060605093121246697195486164
96,231,46539612832369666747603178964,50849156213948259691225295826663016142181996166401904666644861918115820701932
97,232,86654700011123365220462840055,76822670565674764338745520827865136898838769470412283502082233020361253647326
93,228,7856860837420891848303678061,35403945546471471020855124426481273400836856017771074331598994605271694283919
94,229,19057043202370373255149089312,7596433818346860126762982890343778363309411006393480773045197400895396437188
95,230,36275464465545284347528272681,84656265596926369510995168548689839297419735256919260818264167566988021126361
96,231,74887369673134998732494252835,86883467933172320026842790689223832089156488203754492201452888916594292041448
97,232,158445629190150838365710076693,2707026606632376908277806168030841161208206905196794870799441170369773399854
93,228,7284351904195313207454817130,32201415869874192450324225086618952672885766320163264025503127530013838001258
94,229,18611593014323020840642634909,43086905435442319319188613150301067563801211546038909853462561259446233641911
95,230,28316050913075975590018468075,104761940453167131126869245211410301836151517089867789113577631781809208227165
96,231,71541204103972298194963286273,53927821742728905464084918973096083275610421128220369118185333238739708971618
97,232,81888700724088308091372810451,70238561138643912808830467361794871299948979933563920575455417867676796520576
93,228,6329939464842715035156611083,61479064049623651872774416051624579289229769378651012044381861274548977442305
94,229,15454928275303419767474548320,11455789704757896940802037398740150982164724918735016378053002823463723313387
95,230,27212419068164366311942606226,11907903690378913903527226812203732239235235850813512975251467232601563816427
96,231,61682561491139914482702011358,103512578839574562926325904808573081430860641039105965335299333404951364562138
97,232,138124691238078443530214107106,114736335022067016047143396886724793377273469531219203573889610925939795791791
93,228,6389605922140416823567650378,113883988390489596545073477984072619360386763999329131837661383597728105311749
94,229,15260907565429604960923724062,77247966189441257090351030393227570884341477794311011378227580486086899678088
95,230,20820752837791698211345397333,11049773650558342412022933375898523015432130282459032698386387363011716002874
96,231,54005943814998946840158811733,115207057348001379246093286336392068566483368614325099429419232466733744858166
97,232,84476946617383775905839546369,100756762582898390986488404164703657869510868436559283711377665002746121092046
93,228,6182747516831179880691543876,7836586738543031454158134978125574413551567621858581197456536135970603607406
94,229,10052310245918441277408601892,55671038907934985720003432211161982975036753796827270628716698760368385198007
95,230,27766966174432686135964130396,96898710066018691778723215774886892167909799804810537371994038484275066679281
96,231,44750290177189741743771204762,40096540772175935485575444366202917080278002671676498428652663969502022546626
97,232,111044673806505795710078102579,89838693995759701314898012004813044715349548536234695085814891529805909698880
93,228,5742937548814811603959820581,39257347913360375268937063624690735216317243718088697681531451558384883236406
94,229,12955556632081704340345113003,52109001435168656590413242202303590000971283052752331107073696443290601570669
95,230,32037194551280878867613972693,63233040626861049531840333665553865480562596218704237601959848680876863240910
96,231,60118528622314254505203207924,25372989406953211450627252303040460647141436881314818365751964793247181681072
97,232,121631544035176263897817166426,98122500195043097423681601941615189154080720060623754478741783609287784188888
93,228,5424323171035723094089969793,7135734398230220579715871904446739957430989497741159163847858856294116759538
94,229,14668299508354291574364618721,42825516835962911733139168467987594487599405462045059539236278979111630582061
95,230,26446729695162618755956691585,28299271807453946778101840339503794764842954949648359909483115765754436975262
96,231,49368971486121463270062925877,76595475217520325486024703245886783594462008881075383898392334949626263092860
97,232,102189945524835236808186263116,13774323200518833341337023613249950198082562596595981987617346385567873395713
93,228,8744101926242507886224482146,57066008875323785473438668156425204831268113595828700116646027082456286317702
94,229,13757110276450715076374090238,88023267328057044338966927150376444492006970054525761997374333530456280081269
95,230,20359104124142982185446692203,11185025534828063438804899777722752344551286038096591751093454594589258797846
96,231,50536129486607208000952228229,45911551237752078919321952548708149561571138057850785203523417666230409437065
97,232,129720139956400551886593172721,72981544869146390441365617438179730594119316642414646061368122757457062989156
93,228,8676644796367692280604089008,9128944641915017646513439191934040034474306940877422068626490015039411482524
94,229,15002430984655602508245905778,1823876348483796633345985070871453320662356953805278914504713167619645217716
95,230,24431503834692013136331986899,109393174045207479375272083691434186978992249470703699207674673560297007826122
96,231,44588240406003840874217995397,66939128291416704858559236369048460282294654997106446487940574722454866369471
97,232,121512275371989060191869062270,86043704446407119675590575472874913673510905444378701152080874622532943124024
93,228,5103193599335340485528260649,94049736526352925379494055839293830689958001721365367206098987257605789227961
94,229,12299567654544643191000207457,109273238503474595096494092398078458205763715929235150564826979033208853953225
95,230,29275634282208667078179703193,50207286245385748541673221900521995011814421894757973401893158285392126902537
96,231,50212311748978018365963373129,20672734298917794704368374159618653719135166147604520778692032288687224156605
97,232,138894325822437603701415636436,60431610877324650779554422774124452468413659326299101006234852173090055473301
93,228,7930162751685113004991877124,23817470068491929798509511603427926359659112841113251729567665501534319777730
94,229,15290078611034644110915427015,10875525214306946063643618704619660956436186276630734757387888702003567779356
95,230,26312016983559873605626059283,43595817002440465532228126040140306499660565846114466887697398288264719312650
96,231,41529460738811279367602961537,104668658582062374997686742453207365084681824623701320884692997934388298400871
97,232,139916313310647227710830085407,42164230329463150652740477534769361397458507582880835808485710785616494458767
93,228,5620204053796051941849778499,13548024850587441048958640490201333812670239091048926132248167822294020382674
94,229,18348364001465499769477846793,58465168475043864725478895409548101747623074888606755202133917553213788125805
95,230,21069541708207109864104161956,18269486454869236216680155102326227664672983093559486513303126923434470343507
96,231,49169456002343178954059724203,85087368192751974934398606575400657025839477353942683593045546918755073965862
97,232,97479275458812233444167041168,86591614217739159559545386139028311347243367108209692333888534898261102813598
93,228,9849450570883311553675150226,51009061050573284165798446675719065960651991613603037431604358377563873896696
94,229,11378267572522759274960451756,60473391943592364733495697013030777447761047924787283694207457826046528086304
95,230,37994267044723128913488084574,9538405766780247284829915416965080421540870758192512505971608725754404491679
96,231,40089627228775396704543242510,88101268409635635080055770354180331591201914583349162251699913838505821133288
97,232,154366472439356519771432485966,26165361606584050918128354324784515358712606447106980274975619958567466806136
93,228,5837000279406566011681306582,105396360189154243552888664491418832934199339860666774847579502009562089002584
94,229,14838068572553522369000180667,89433999979335091547051810953272295357684447809433807230971593937265041028023
95,230,32741195126469833934271633235,20657892756694814766304108207886449843778271785240981427183200236255880376298
96,231,54303020374912504350227261013,6104007715802050469337935502388515849701578401056122054212263239880290737395
97,232,103733596206213333419665494290,12849650972107456827267492183959322371512273796752930167425577684923622180
93,228,9184981080684723134849519667,98777067286675913284823043413301102858037268935038780002269781668230243385809
94,229,15477654624155973785919719353,10051345334711608065221388227870024100200972842509234845579922686324805624956
95,230,33293843867143880455606717687,31648098861012153344657164565490204532326928312816325546257308314679434227036
96,231,57914337950326444645582523174,97147297140930413605165563073125934178810688734217599968574629398769925906060
97,232,141546138867834080937142220648,115523971015860322223027081660022682911766473176234277187467322329666656162860
93,228,7243641914708765443228403512,42446130492525449218497158324283240239387721955682184181742888904235217770709
94,229,16606965680147484019833774902,65620496854890967701454129524116223694249266169186422162091672789958774249766
95,230,25398893323708285044177503480,45840269305779684030129713205305583247603956100857641460915614690138714572838
96,231,63350205740838797043600710445,5412351945504829412734959929312181717322756946212490529436366440635537115764
97,232,93895627355392267464086752553,41556802945285197692122146284872619050620966684769481157302768170047419796616
93,228,6074497250697292962333794725,79889553557794391809730034871587876229400870867321067102230086322145764350199
94,229,15363682655384330576521067857,48539098594618116115764799937613266935501720836389908051636811836010698112458
95,230,35986856410368534918573640442,18939189433551222478874616477683715065020112152012962756495162526142437799671
96,231,40402494205134036659315822333,55929547598076920533387255681597350407157260297872640665879498082240331122626
97,232,129907029258746904241703625973,110100956691726378675444255862880245441659271275776972554546997962895266655976
93,228,5416131767469841880628095043,101188207637393436517855259782264791603066775965852639515651840991677048144228
94,229,17262426203296922093341449034,34273092974180996779215662564494022229964954999372489087343585363121353202616
95,230,33075121098625469668592669132,75260415707195600400361559602325116722964624460633836546630364259953013314265
96,231,46978389534282800826764085210,39306176827827523530302522164845558474169650148869777101378074598171958790561
97,232,121050006098478910109475174217,26362610338770056573534566369706716505228162608029642862378384082442652920772
93,228,7215200200695667093124083996,16149245512229600165786824892365826240592641981381897346181737161402977931937
94,229,14886948454447401806820092185,51187129105283160579760331256337687776117257453985579293676259303679795817854
95,230,23753285332329656669442177480,61908778773637745416512182762419421206340401683246053794150684013232659378227
96,231,58589545719255675514083542962,92778213814521906534553048391323967107743198542937649629308947501683099249883
97,232,117014442766571579547414399742,89876893935052610513286307914167574861825078238847477404264769436780269401984
93,228,6910162451893875202893632963,89964582052379269405357875920847786027408019520582066374139221455052493926408
94,229,17851227975139360514627947392,78122415715577743994515592517348313496173646091598629589853004926451614162271
95,230,20086661060839509647325066655,192504533001507333170360835365136764529797758500116612327961348347450908139
96,231,48019697162484773707322257573,114871121836828342053302606273884390287598062609752367441221657004845528455446
97,232,155605249582822774599293429371,105672851974559135103412033166328780609132258894820235332159335725093546923856
93,228,8401632884389190071545144926,94235302564524107748886373784920102629208555157466833757791875933725568770502
94,229,13802113573196442854381614937,91869375226551635688234113281030786265112911134528173707327481873780192256611
95,230,20913637291565440731775126892,103733481276822538105290482764787418575579680475034123756666922671389233723820
96,231,74531608711819007879491063107,77917121229933221446982326288180040218565753233085044145494451786770103001095
97,232,103775263262645066864388847064,51361446813512446204905241656568318484318610664896108540897561395744573714578
93,228,5819838488283823561051268449,37993351929074067007250782893248558159287875458981689046257498015837494434077
94,229,12658972224531526518553259519,11923047501676785960736874884965726252935732471879784936896114292976125578274
95,230,31394678767772470139710589003,101380182556492714458443458125011078684076887405527516762351720388917780002840
96,231,54058105533455131990054187603,10237478283807853339110680174678882231476540038930137338816451885912596125337
97,232,140136199998795946752915642538,100162480741694978137114279520603771994960519962515581682936105186078821752939
93,228,8557179692993535123230323174,108821221326629022044059020725358945923629652648507266081830753892462790868830
94,229,11312044778691101322819180402,74581548283337326168911384203503678320532372519465615963356014955998196370430
95,230,25493362726394508495922947741,37447758192732635264339551487060142795151066133339996389586688199773563364991
96,231,43217725102504186722696135241,71177680574837230886646908174324167194575240842641588793334800986013048439669
97,232,135093740811632353875437946235,49609701396480463231408087939001028873633846852989201078940093717983204002932
93,228,7102960750615590554349404931,3076886935104319983229495413367929358337782584960223822303923202431740099374
94,229,12638626059794579838701636302,2196800946020080068909739295436104296894818905337223296019736075207505987310
95,230,34436728317469629209851454385,5356220326249583703113098169093625547359308861380590762884163039816969891349
96,231,43436510976094540609008383262,5962595772072656121619766878512533634180830576957661184222587126641076482856
97,232,109398985955865375691440392952,30538367085056626888060639353417285455882821952247603936663140203558499804611
93,228,7182229753640941694592066098,12370209613010636074571809958387419100080825199638324716628215452088959848698
94,229,18611106890127575297534915671,40361214392582403461814220101360678064855964580654214547455219178003440879252
95,230,37143534468997882876710199581,88635304898147883045304918086961727049049628817046401660756743529054894933307
96,231,62079498746609149252865771856,40961360496080568152525643505155209227934194073811469915731678476741817283909
97,232,130354091211922926046242354576,56959394499756607953565366974827736190086011077559256617431046531080157137808
93,228,7054740106512945243563579803,62131893273499077014824903078145755832505755897338624454065009641769155967555
94,229,17051174786928479450498956306,37766788673639927890448858600544521405534749351353684480092312650379270433904
95,230,34710975681763496748068448897,21651926816063885728306200862937106138011145241846386576392637302152107287845
96,231,56243102194884980249591074631,29586122004098322232898295150278948110325274384605251582302434374152046756571
97,232,84566926984920492074569620228,13169401591220611221179942724791905448681474252629030978432193754825102988527
93,228,5668420014972592269481417079,108738320982909431980923960129177196065536594298944021531689271551091504089656
94,229,14196638651196627914528397039,52873414984724855730759194284174726222076918572260973222951850364306796993854
95,230,26439756092128637178086493568,72731046404057769282850398037796735697285339208020844441973410854882330114500
96,231,63452598552745106450217379099,57221006862053870091226079599088549774786359788376689042299457404907192807925
97,232,126647631683347499119642346315,41612014155467314036128139205388632810562451174208954325983308899425163893790
93,228,8249359303808715787650639202,83794566755449073830812346927882283291953267053851210498269732488235629057498
94,229,18733392302100646273323885699,95820531018986571673992412258756532713938055145701557454339262353479912569501
95,230,28954190714887494335614440122,103366061080821639581519928913187376142808894684914462872519373632633911225889
96,231,58433289727070196910213741211,78533332691090043947528101331640478488939025322799753726796693827367498361563
97,232,98548941378310587009291889974,38989375015229676152915784661973840068292872964259034064185673144237565760024
93,228,9285696905751692891342658305,59230669807418628789792899951209865485011049749146672035263967591342587801711
94,229,19113890597227173364783766024,58035149299904085339593416253787238495215979399457816368332298939571300320033
95,230,38089614882071926476354727619,67690272613814690732459841009473270742591417608830523663274068270921639834242
96,231,45467353024958204841790979280,48792179173908941257496504855050933035729901327640239005151088787004383591985
97,232,133994037491493865573135806331,16016311113425138604382498571512303297719998022450312626157299836580667270235
93,228,7312909441044919147460040253,11537998121178390128754590415623441043965727993556544564246491398432457525752
94,229,19757425983714505557576805574,44235075394527033693115752410453927255337555864986572568780700334418691938107
95,230,38344130667710606982641962354,31764844797383778904426968276438570246729640745558182052211666034397263037837
96,231,47732925764476792418024816632,85216005657964895937049654691584305367782398631695678338502137492250054398287
97,232,135918144919455885943889907164,43653058118213265483815309371897221917650949408754489319383768264608318140551
93,228,8357671167871329179129310044,98149400864213106564797576479576871601442393800796240545903896410825293097324
94,229,19397069988013434787348296833,33519132520611454107444010650644323231844499297692889207587160082664990899267
95,230,37361461781201507320530890661,99828976091808799164272049735324104917853685936380477051914657645303672030862
96,231,67298486135848254661200942764,62074742791154142134687458485124080672656169331622405201133669859917041782675
97,232,100977489135934212773462818557,38251303582162335367391030569324556671799115148650484152521853391313927291324
93,228,5182152967245024162572080350,60748725173967195144585976384060761619830407419811154868544972168981326488729
94,229,14080391493073329422386281932,11331300039315325940201665613904612526596124529252629087215385823657497971417
95,230,31316349907763011565328327297,106164072635362188123724090444358643951602334167482292443983018970016859531270
96,231,70989158636698323224423831084,78115809623046157657474131346382148189281141902067323121413680856856008666164
97,232,154932474668981535483847572454,10694030667158190441465113629659142407863438577985025604270385203565589056711
93,228,6538574234925253723272101235,26000891653318964571750597154009045546843163197438030975590954047254257840185
94,229,12921458137223957522474746402,89730874900205865825513687930754953098612824949921705827883056718658746871212
95,230,34650717485699790081377708650,90176916454951669004411571501737764255785091122282220972848262611655803463023
96,231,65551029051112271989960642564,78450630731364211781141977043487577110540774327792057029085194360353901764452
97,232,146062027911665577958281470787,41209548117466543858934186249500654842736369263611376741292963731450590923256
93,228,6687726920657216453400982672,12082829209716305776307986975801052202065088637252444086507426778727459355155
94,229,18154934787975223919907386420,70642156534196731646801098711400565081426292173380290197860998960750719303823
95,230,38389236122176120101625939302,114199941198169901544988851044719458746044987811232454345974674866256719468479
96,231,63996674693957407302878157732,112283932283228322434540954485606707130118353474610493326956945974314206939466
97,232,131662274904868002085773890067,114591815705208385484865723320774203665987341716206434104018513142098069120205
93,228,8980362087260278560597281795,88153777747299808933647091601401181937670678775341182664032262047469266422935
94,229,19724370589118932051187522266,26447166587731185836295750076865176400174165301520137780287730695286252652879
95,230,28642647789499786884946395582,59990070823675345143057146516382323772165131861645049404908640404950654303456
96,231,76299637235584479954375868852,91962005374085891976301165009216780836153746588292211667190466199736278263088
97,232,157775200522378063793446265070,86331209924110808999554661759987223195130541738502452371505359505196859508924
93,228,9528501483333761302595976961,53329318565073087719684331884897881976440196169904852917863842357293343892224
94,229,13550774675053014702733527787,68778097980520842905067747294734709006000664589277234843184670046866679918250
95,230,31759303523965111030414035479,108091264882383768662608002213620765262374089154571436976546496911364498224712
96,231,69014901183408332969300587907,53884619966344331452394208836300067256506110045305202824226584431142640498765
97,232,116178748017810220379784548034,539254385124780851837602437179385726799581408352296955635564979971218772442
93,228,8575661170005222686001656903,66485898598061960704983102836640054394763395917499457834976595507170290614795
94,229,10933567234134101950897869934,107550810931608357487603022359438536582517778240218955196592834648359856300515
95,230,24195968230258172897407850518,76677785508896569251009026616861422246726346669889331648832254510455924633851
96,231,52550603305198621293871811115,59633857272198599797128167184046550911876689932134367999216637074735001521642
97,232,128388212220494327142765519083,59314327579409515420476588590508462381239739523873401902982875171073702576996
93,228,8404002943252435206028759484,1536164066583259135500323544132678688263882199612479341201279874645449157290
94,229,19041818960924617433543984148,72749284397714638051023862501697728785286231047865042314209913893856025093426
95,230,22419605354579666772658770347,71053203678123108271937939577875559098047580832890516376211541644833508290514
96,231,59703752223875407616615702739,17519096270171387438180681717772756880535654826003964575495063566949831432998
97,232,108183029105558427717621894194,107960848099715466996464797903300746159910472299796102521470657652102912678237
93,228,9782046087564845427511502131,17293259286580685350162593179417454550853592668229201195331979655349293375571
94,229,13600615089477124227917768703,96794876858487635926212528076119966292185202647482230563374106197260105785590
95,230,32319965885599787765927820806,58976549595482131642243746983762095338348839550463839284895553852745892818515
96,231,59491660580185288411304099252,44412164503249750870401770300115932599266357162395044358320176911356202578592
97,232,116384786426407624077926641035,47358595926549278253993547797424557762797074257478618312307194051807424072363
93,228,9066040350599576790963946908,37978951333277589729060170041178875049565574492295964759740286493845456448006
94,229,12981431353774036480144677383,86232781041565579147719928190466540966163270823483781576441821313846669741361
95,230,26483105118160536558864733911,49421046464251081547888745116879157479595390564438322160667920195437574305023
96,231,51340033433497191425129560893,23924824542382733870794450960361593000289994944609790285568374809385703824153
97,232,103449201422107656471709705409,57915374368010463980181957658586596327220153864211375075857363472784190244945
93,228,6761065679129704058260069673,13885667869855545374332852321450357931390597546672333219569450316250245890630
94,229,17845809890150823941674349744,56488423843922130169005405883237670554755933222892859876858664241064646888924
95,230,25391039374056322625886700976,95538774251342173350308080492633633385727168957694007805101616590825073006457
96,231,49760615578061973402920485463,45518798947796939471083055073845748396845492030087126235045104410520709664634
97,232,118974277789426058248119621147,28623206521850749248330994160613548278111110696578888228502004139500193960612
93,228,5726655123860429379650783691,56630546230876888064294602687679660548548518711955450898113618400298851611098
94,229,10964597386209372372028199700,19301525566936188041777267129849404046359374913540428765654542162232771762821
95,230,30161855811019601196415331159,100410953429578618177749488104346875559718390559707580489939033987988407672205
96,231,66615018456747718215448919889,19364394620172227756449831856734431192285655168898198245726579724961964739859
97,232,141706565511475758309801361162,47017068786856995524501828106783829793542138354587486204332897852363407193450
93,228,7753736251590968353312338758,75468314167501704241464767104318454387207144694030123991825124461779318798119
94,229,18078903674102503117331158759,95318479256453225902418705288101158176511416384421335287984371272314261989857
95,230,23656710828468396555819783154,74188978606388958030399291025143723603317461478596525673095747427011195237434
96,231,68778352740752977870812907430,29332186330428430297390278060746587748451221000315923179201749966305858356805
97,232,134083100996983110711323794995,16076256328700814615921042586340614066903928520996158023670710178399575338804
93,228,6882808556514024832545727835,5771188619770569776304493106751711036925616575980349062464791528791331592382
94,229,17565999757954623538773376561,66461023751596462719393470697591663155342110921550628466925508066084849130093
95,230,38408673157208159318207130983,85240689512819546980993281038775150749725331501670694531905330883689265709199
96,231,50644699170397488805297596337,21985425597596189018424649737716279874245301498085485381519741802991707385810
97,232,104436224142274668981447878068,88005420288563781906232987303481274688788418700348218914761295399973057205123
93,228,6639526993268300386692304964,109818609375576197011365993071144611564975381747047188010504665564203689301624
94,229,10939582036552787560969797739,114014592412726589867149905969771921003222668897488345532475153988717721954567
95,230,32955474370918474733111921507,44669403202890061022961671502502190143783145688133194693657847233882014830626
96,231,48036733190552513816813274694,60279624413318415463554708728181543163381647211754221867087036333976464111051
97,232,148045273251325282796779199752,26855226030626908428686996176747536774406660084705748448426980779844012363526
93,228,9097322912251513203392973766,35550780088954310678835950630063101456161889862577902905322892096725110020533
94,229,16072005071222959652166148117,96152230711425735953058919649114625673117872426246752032829195707422347857199
95,230,37708326230063221538445633975,106163570151437350302483411549278903499800790823234235086526259031501127839851
96,231,50483132639829354961819636934,41780107608721333783145352669687267129393899902284304850436187377533061593611
97,232,94517641710311450536120017295,61047664283553617544160397354067053050261589292680458613691660574398070838401
93,228,5924992115184515354904962948,45551068427428473573701731590977331441321066704570331831866098812545022081217
94,229,14047176772241891759860085220,24874900792478684693288809196734484486416433826737197003482559666544535268141
95,230,31552424962719592820237382566,5650899753201854891772784928855339835463461113828092472450813757864066601142
96,231,52900211645484776445153562350,42799752025221463751419644253054619461746309278658998546420826077009206829872
97,232,136129473895818736002451395100,79386248857368202044830914247705178243953071619551014042311463801058782165816
93,228,7015425901496231685446032812,98535448930269771300421197417267281172097362761705112441566288053644021836961
94,229,15582076383797646535423169876,43747629374554976926479478877077906432186409381451727978197763753540896561307
95,230,33513300712237548594298925440,72245671652316295241637019009096649103675242723204010787549820180223671170400
96,231,69550405390028907523921882911,83950424920333379709652121461571239281507233391906661644089040939977854038736
97,232,130503002605850323479178907842,107750638893227992507410861907816562712228765392661115921410917059640860500188
93,228,5252744929155834113090903622,78641860555725759962105763405136562135953571313301885172911426920195580469482
94,229,13387804317448814045388225280,24209996356730995501273310180090551670092507770110024288089579018755553344986
95,230,36522270770597718063286842878,68054443396599349486474209082985320475920642607033411442805058037292367616934
96,231,73243963164305075573844848039,25290681129639491579342057290946933404615753782832765987317518765340001886325
97,232,92342682374964367896579080444,36140404510869133484224749620326514784763906114187512147784721765587773335732
93,228,9714506878334111436521974843,26733138986426694558915136836639023749146033492537528376380588741988656485775
94,229,12823586151565002995024857414,109599975235986010343119457997023432156648409397528965748283897607454124064215
95,230,36213665587741521382352797589,96714673475682772242246455928401529437407616824744550549809701387605624851005
96,231,62458857578527324658293523581,60169261729866938342403685439510051591306996219761432264488534738106812521382
97,232,80303454741569367627538064239,26627744383132319952674481969937641204341307876433245633363118208224828594177
93,228,5777007033934941416435033755,39651380683886711120830655276006606351825913628605814784941159095410039590527
94,229,19682239633085648147803299218,50200094126123711374324515606986933983050545159398991506202974153611934426965
95,230,21166312004230750617515459218,90511384626562664752572433810071398416271731689932910026056660390353548853751
96,231,52252249901568944564552660199,112859389485091254241014328093285205045501281169258512727514950842456786266288
97,232,109669110695632651979939333653,91173862363856059119196307813632390398032053666996451385211237359860488619348
93,228,8092571537539812197143123550,15625394161482761526193037913929537550633237679265881177914894883977998405635
94,229,18244773029311375171473049482,77836069647553673497311041346879579823914010661234769895830074328121541716758
95,230,29613391120976448568988174818,107593919431863073188869284896552835280782383747555999255545963868830604202197
96,231,40667221569048793456010930141,99578268960642109788677624303940662672689554650269686577332134700842071797062
97,232,151335564057264948801580655256,62848888913150243116928643022236744152773926032834381893494283998536205683396
93,228,7026916775727032165858246659,32785550622949010472953215053859794644323315122227153965949905200604877448465
94,229,15164000401644521745793455469,30302532051310663813605510662613525677644215552039696293584142734023719164640
95,230,31922333929769260499931304544,89646812600964472712364521934410338782060915600555608722898809204677005672979
96,231,73137988083995613489311924289,46664018089571027683695970364000206109730422361461150545516784064148977195156
97,232,85144732852870005433487760108,64108738797181693222724846320579694438329948008471085016829489385993707531386
93,228,6960249092911616607687129892,14978468345443133915781608850281748266831103405352867220387957677582189298883
94,229,14719524184158204174422758248,115778412703115242774269853450359551006865409593394547321512759034766392037013
95,230,37413424101116035011620597489,46710956721816906243419788824057901982549851332229257082250042652032334444116
96,231,39763862914888431336611068099,17086853530926822554908299160923462964756020882451849791672121362556328927973
97,232,128829273491905430327540448173,35194631703665113286272315846769025087597492901063029260484102546160899381724
93,228,8539971346640013452523133264,101702314952362519744599089560158620839563047731626601033341101828207240705710
94,229,17782387909380822276309317942,75147418087901116410513559366816228621817112784094995031989478878110840872804
95,230,23977684874928914546895808206,62535120117751973282088057460676283987388907219753966461185098030074418243988
96,231,48400680507182530377132989358,86918091468270451862235975105817790545317264839764776679066441689721780488829
97,232,155635322009568439179123414320,5568828497805433340560691993857524808617081821239834469207826178160576944332
93,228,6899128143110378501208084066,55634481529576472820991891694281684314344368788425190765695164750423179079361
94,229,12177420766667405952860625806,22607047601452824240912204167923916386978513166791783551923496244534664506810
95,230,24893100194560987997308264214,25098494941216302759538507708211600266072530741110332834186479808393181030492
96,231,47901624200471813699192997996,1302865353051155778299169257083604411577924640910791269234811864180740417470
97,232,125005633476102642944008931658,34058406193256237198761623471893113203353633828771627574305579821328284712146
93,228,6403571232625483129340837395,59836555358120034034370798959805602592665050359726511177152250072590064735786
94,229,19589216139616327570397607082,68203511649962927738388643053009711417216413423748699244734912300168103994923
95,230,33630562818280751067543978923,68281592525304220589754662009849704024051557401711858877421208293786424965372
96,231,75062118545624489268063261470,86122224688143437392132014654165218477255078033649450717859817870213377811935
97,232,119841222857641141284801792285,16642397237911370430970363001344375407003277000976463977985770013833794136817
93,228,8961260381319440688081450997,41876481934311981397575619600671741577015228735921370632348047246706692653238
94,229,11072371608567972061757139127,29532696703860893913825211251847907594686925961448841715450546294930017095760
95,230,35238187791307385088524970753,67639534745351580138044461386022948400092947993999657026454970488979172720417
96,231,61172805558457082052600702833,81476403890776513555069415095220997314009972037276623987139368724049365748765
97,232,81460132443668857415351616995,62775480608960200399102194178879170167692970213442516141703414312251918877406
93,228,6787371298782836687643231129,78047981717718311584094244340788201406207800451266954719806656226354008787693
94,229,18417745153080364017964880699,70464385100065777614751487314264814571209396760410496127423419439321639473664
95,230,32375138571186720008016930716,112787269884345972698643911987506810077681782738247109956157712489637063809268
96,231,57907486444955870723366922303,65154812051814769065740860164629050451759315553403469330290759976811845072988
97,232,137351889659204010589544889783,62429991129856168628724256619752755542977789805361827502861378445655826765949
93,228,8985106512434195169126755180,109484626624708085217549540699990661644447589296777726015102247733240465483244
94,229,16490444112689566893078083515,61397331507711646314498747160878294599256426534946565542315309613279516445276
95,230,26845769811461381209217349917,31588943753126819046508142298027309232517909149458434898158557467011192953110
96,231,52831600274107172712014660716,11834793493075128781377977418169319536470403571149743617380638852234061996069
97,232,133301947961372438135024119495,89233615506627258012710619174349736403242596652876318481396116246852347822365
93,228,7596519433418162635860067143,70073200021326856230689280807735375791424817315197789982985592762359303280778
94,229,16520282089064296447860642432,94611244268009523824847143178492693668403267248728534191603658442198769126645
95,230,38200292164418474019715265218,37955197574467746320759334348215799412320716996497982437483673744996002923897
96,231,39740877216770699542043900324,78271073620893194307873830040007108103083972678228339690772268779450414051291
97,232,114351959248061844470369489762,57199307270475051709620557008437707468176174933089047272807249531036046610230
93,228,7410184628177735352427075884,87614318232593137125552787536061867991902020711352695088485183214538153318393
94,229,10132233735765097484947512985,101093658665470053406085042705870727890799008510600987597719331177633537924411
95,230,30070156766691845862888990441,82961005071557181579495092975611637682613555470115549850884135313190385828694
96,231,54863903727920154155315902780,115463638801600054413387520029933008060310267212602816363009680557952620892343
97,232,125382217886876139734272800816,35139758071825112042135880378706772264100675821715020224008189765078933865833
93,228,9052189918229891353339160060,84655151226418763269626954953773482823251808699523450438528119883619888324872
94,229,13128426997150202819600894826,99032649254360732465052813929616981849543542249451948628509899216013438558905
95,230,31998418103536888462672009753,111659906300033815683737808182849080731836695274748837077085921930364212087598
96,231,72783117092135770603330665955,34566112266771278222048175000838895315163237575141603950529383598264344689772
97,232,112317447793157155872517875131,54859981585645834106730988560316707567350673559276923612117543948278929391196
93,228,7890093978929010900047272065,36098377159382892745056721061649247349716488688667684257315969206366928895258
94,229,10390794475263437285923403697,88947584736070889704815173197171738961272089240753743681762463295084381764324
95,230,32561355420661067696404563333,58038052772148627580011487067787949566823498113829124809220399130040753261448
96,231,78323834794947148353501739419,46671986940888917507554306320374969856461894134633117036794413983308593080781
97,232,90336241137561058657335289576,87680536659064488965125833215529040385075659319384169913442450232220147303967
93,228,8328089296753063116860169175,91904557483113440013112210761320847961597504452050501260272255401404083492030
94,229,10308556984525126758707962971,54736145447178085391950296935211294808251532602297271455663286840476968909477
95,230,30007021318657201172178198313,102483457448727476085842312005204014800493186579542381893732790508220400804884
96,231,68966275855244311224495863086,47468266260461942040328349873809431469824860745393152606072311508629060709216
97,232,85636076972558638300728877981,40897120591171459896197075050136835069258030799476940870220318414448004636492
93,228,9043195685516102467982920766,72797804689250985580508803531327327436986744751780674425828519953574302771714
94,229,16816955019956213591070821635,63786026221519672050304025782230415404631333789393684719463703238401230166897
95,230,23715318128352814461214998183,43148398686749177481227188927922060689180732349671126443093633850481510673639
96,231,52975110593033656758697092526,45153730262097890841189861282033669397389030927170924502641917733380676411546
97,232,85558401377607857193820741567,19122624597865354900857985144967742124152280694221011534729187204084924169905
93,228,8866120179398533349238068362,83360593689879004918314746518778586198947669299138401194175256421974116744754
94,229,14720145323076935616094929853,101123851183245395640400378345930740050403137214140636668611042171091523036130
95,230,29620463631440399230715086768,74816755406333287727888592731132549735142285420119510661945547247646397487508
96,231,52465247096158025584883411281,56262163508114705017841712036025301665090205105424325188704034093001906981896
97,232,95814771431384680759492816752,7729224182561864974489794154085273606419907422262419545062708336164570161144
93,228,6189808733182580630309412055,97194572282001757954050972719674256853346321748481793132596298420289731325219
94,229,14876228773448588347245670617,105400666889526980108303975918938971010153076657378869194217431351253139710088
95,230,26477200373224486061689821571,53399037743106215940849232036400617316086760664441283577416222717101557275062
96,231,61115967799280020067035971910,14931731291220265497904273542536123173019267371405010305912569115617946940547
97,232,155897031190110170288992779190,28469136880233573461599137345058610434982552621385607918695787762155678592916
93,228,8147496146295979626493599838,107664937432863065263771119663568636929197815773763188041053217041953769342837
94,229,14515234151198237956432381759,105820058126561769561326296206346681111278668087746527995071167456200634925868
95,230,37865604472210132859935675262,99629173662252607000352764926730064200451719718229775734285197555179736373889
96,231,41127339182814299667268288521,32614819059935785152946171253599900993780059169641689966491715352855309780850
97,232,81376426752349169719879222144,88168324152731493666720502768842470442246378745243672305478702178959841393256
93,228,7117471739177204978579758739,61355773716253855656046196388079757332862543319830450386653020573837781053804
94,229,14001719174854177978106560352,103374441310612071375943825918166016288997703051738796828729607175955589779310
95,230,37415885393744870672842168619,71646070917144953332214785364709139719440961205874429011917796062449536732198
96,231,73693040778041528303099932908,40896771588855534535639218158952584510767102153939979977460431600129677227720
97,232,148771446585617795975928308445,111821404963302407895935464028568906467513057713451565996239199873778379075586
93,228,5711630481153286254997856262,26726507480507621942318943842472568026722829551587746681831224950819684006697
94,229,16405952631435664284308404875,40424307968718667511624566024215525007023090542064459253493793033241482810249
95,230,38752586038863724953826320420,65846001326722440187287428734958222623811158221122336051807132139436507664483
96,231,78932522879386928791308092969,31919963637873316800977713904029766281052780567767978666954770014468369616737
97,232,83687407205391607270168668940,63407137710724780882493217570778361009461114085052010202509558707192605266289
93,228,7154357769235369345078487439,72406249214296582889080465877204449302937686678700562943389830874483579293784
94,229,17756782936244815883920723974,273342590887578209351982636926716829199242630474295938047683184469035683765
95,230,33772202724681498191065835200,95734365856202319424045710038267959817756014885200279263010356836273505314881
96,231,46972318995229269560835366707,52489053494184130616349103838915508651574099136080604501990916051536632954336
97,232,151775934498860554051591573368,53543226473700954641345213954925820216119736000672600406741146121311461054372
93,228,6476993749306974635580054797,56221348456748467931418904049148784089790018746775670653419653728237775785728
94,229,15609276277048855880303554847,106530387257077047608493149967842388045764074299855592074809700855107254094554
95,230,22537323127752475539250324995,114633178950046899400988352766001622053587820804131253990870734729959019449216
96,231,61742290863980147456478505348,31617457725064411211568144156395587921424084876523051443285239015993442132144
97,232,123721289303170450941879599519,57860691471988158793108845644882932330742948849360162562663209991696317081554
93,228,5757338439229674174452808294,110035479893555796846456094064402309356301172338363067462421028149798076728028
94,229,13865939916465890563938636099,79578178027442209868769368218107787764394685656727453453590660391032638136181
95,230,24627329419381045454168305056,48966815815301852251824191319547867405104412072414693590181302156560850153223
96,231,45644853523242525462931789400,26852704077927124874260691218540253044475084251735305310555691402154245865868
97,232,107349979967068384625771758891,90535635832256530736016330908150863682518267159557776005629542430162425119524
93,228,5709359984299663041283744463,53001770092726727534187975610566830607303929776535480696648666903009720918621
94,229,17501584321445989318136236647,115741585951664045539278947851223150308346422780838542537223423665311734610788
95,230,26430894858198243886370970583,2003991796399962474367972811499809720334544284227807192639118758760296283545
96,231,49643795678036875559034294120,64451711371447232911621687786210189585158629759144020915370285589596263787492
97,232,148638499888765405856657223260,35388699787353797590997209749700444940707441256724694023943428788639850301197
93,228,5920207308490265901158806949,90539561831821895098662373820322023437856388509406304409298201225420273132716
94,229,16813221997019742447437080007,25291873796795469268646468968705462919254502201225973012593057725309908798809
95,230,26930777651225641630566333857,109107525000169851982848398912935144461359029592315516998663801694395185277970
96,231,46118940520895388009517501901,85406553781525780261975610503890596277857603507788021284330548391157125342197
97,232,145703426670257808552184771762,40643399356639588820596823393440799212789800409462891016730480546652028667367
93,228,5314844573220104480313429070,8429499343595401465245101081667606938779453730617261342359157696806209079563
94,229,14625064895670416925251755282,12777362158334063858966366408993319145085047616926781503481228546689392758899
95,230,28291784350472774968026882032,95429308661425335543792108932703204551751561532480633270248576632283081061939
96,231,47177374201491797300566602357,22316553306341663003300981679997658623802170975020924784835381004286665902727
97,232,131359003312048855493465547172,33966441473672133127589387728556637017196115984023405675485789453927503909822
93,228,4968334961170230667072358029,93964844030643474106153515046289614895295491437988345340241633678265509764054
94,229,16030474770336939756723240609,85618354068434581133261157988694993730670451926766425566124709104448277359393
95,230,39534435615491700578409354193,55954855116736444511116309817197772501951114928607059630442378755333798080442
96,231,75379956377195908324552036339,93541405309406000151003558318450051228928864451257499823616372182404111521413
97,232,95155538526712912301308098674,109225572943078661159457942478710372390744606711417332204791411422791501318068
93,228,8252229080211799026885263471,82863821860474306108963983233859696202146601262664590306765690024337944998137
94,229,13258303552178650978409422976,88227438461157429278118714905831477325112800920882786661779045903077249799177
95,230,23071954039146812103915123267,47927916205072740272090102865214106294171292990249994460885724613983811128734
96,231,58753903559758740229072526300,20829162550488904631060072547703437329207555809154217420579761225136742651412
97,232,144574525956896858181867819805,39883498560363547701101913801771644064223215648961815307966630596780460606863
93,228,7279101123997703277440593840,60423913276247081099189629167678282745365594142917126191822924255198707718426
94,229,12339398226066922420530861047,71932196832637502028111183085708841693909224085134974433801697067153625121997
95,230,37777287299059427633985458117,5436025162333090621436303539331515208389525365693167863959461111946962491785
96,231,55460497415836359270708305892,115017706445865580502895523187349267113161740587285113163481501437048782574689
97,232,111527671202290200415630370587,105929356278030110147320978980806038662190636350355672399798566578218456737957
93,228,5235356262352491341695754761,2232019267368577901909786456070097586468000205189211824346237671919865053877
94,229,15583581656455955830780412655,95903254974229415836065425640751277048337656889716429337403099742538579392727
95,230,29378134147430016910820847980,37750359626973722950947412218778449322345400572311142860989245473571836513567
96,231,40909976314613060461050282359,95178623872920881943941863210302296458047260866131543325903724623717040295176
97,232,98999483635998492679192360644,38736466773328884072536129720457554149050483395627612197492255169540491218921
93,228,7008228653263209288870175454,68973621657980086878928173527906508346045923486473850560258025654394655480576
94,229,12889270217392984276825245806,109381216129268477119957862426112506329458657563948219467968449262570004800830
95,230,39528865603188299895935563206,99655796778112098937091105297735637151347866570395699630070471586854424875126
96,231,56881933375135901211737929876,25832010934529456320166594038829265138460785548767657752589876540477493351540
97,232,142176339917067758876966377249,95507334474798606524436029573071092940062774154976405867880176032157988323217
93,228,5162009922499056400087715562,68902716518118284987914516150968580136579115289293686443980564760016645352552
94,229,15239925762781814667667502948,28432772989287456963127914715457621802099210106615898919827617855313647828781
95,230,29958039583956782203946210927,70142989392440994157930557543752292308771843971026531786422180432038358970900
96,231,49036761452066247637772180269,1664670461546852729167344439249177123695456555236301693685456607760251941933
97,232,119616956253097614830235894627,43887506169048739428065704008396727665447621196547681379793620673666579242726
93,228,9032299210611643974618283418,84004134023582512224539281745320483722107320615268733991515225237278987623765
94,229,17383573975136302828282152998,93685061789552098910172634415507147601948783843811692285857713059297692348205
95,230,31945766192067793766946033872,53956257384936586975318899174495679146500727624046294608940476914636173738799
96,231,43177917406644525871833394259,109986803401774608994731285272213099997509621280931738599480578747462574587544
97,232,133309334556592440736951253562,85973242225212804936795737438969104558499144611507780053762091247964970911431
93,228,6585995683073970795945540608,3994388220130031455689603912436020782862059933313288729891410908363392152231
94,229,19602770410019183264338453159,18582074169916149169255242527755049569301541574890717358920656921986685078454
95,230,27984243466920510339894704585,103740926559655805806284776868430523712943143638968070104072806086340382610737
96,231,75343359382149744329281884735,25142875441509259115876095437519675025059257005595108683146839582333706712018
97,232,119876910109850916566590577338,48788899441075428096535758895459649872270453533552085589095231430000619993423
93,228,7865079799070321561337689789,108291641719160947241342762765270981191012031373847357846061829381906613142341
94,229,13115096799522181334282573562,56654795927316693207043044648722398727076854292887725052168850135806619573918
95,230,37263816813495447309523343573,40923119605077894875043525935998277258766205141310471351600335176131715819761
96,231,42384918469338714643451089491,46324747545363756739417594911401713219059117561461116534941749849470354392485
97,232,151868223610664255085828468593,4033359745200701272075588930721799409619349410206330744414074374081341045326
93,228,7311275672098778777781971681,42166751967741735097077115826061334835741265609805336073680639919407262593566
94,229,13409294230343671729476019827,60163399980164958269254758331473408440223644857277219781212404100381937739320
95,230,20065114453531252548413713162,80376798828266768185562054490161462138162390077605003353633929892356046627998
96,231,75838636595093656391872409983,79789378495812230092372019471556416013751716162957506881715421009306380675713
97,232,127356815915691365787750413623,97227877285502897719015147300274399244622969779680122352993304467476204068046
93,228,5693458400825741480391775310,18050309835117565567118282382289184731661277338241516494408812587115996381796
94,229,16919364285242927133021979550,56837188980420077110802366359932175839859420158938758157521135025154853116513
95,230,37151315088176391108688426039,79704011835317921386733614467538884202300151928998934715898715215759408799054
96,231,44435805342817958045283159569,80391936838617982217461709315357177043066285104435165808065836225136442324787
97,232,116799064687635542349221773719,69077853598493484035201460171690723389980767252430097788206091651391657806141
93,228,7055091887481381549593719818,8231586693981153254930382971046199430164572369968477640603049358848862507819
94,229,15830296403126793580297884892,63293996570750694931949209170593723887169476908007433699424577598489338284464
95,230,20279861885967123585393784442,27599640521319250587472696112282912375296786643459013333199529377099029797497
96,231,44785405208461691027544328627,37987000073721011433098296899353673626458109255389488709963675801387706819821
97,232,121394474946217816710862616693,1715305741421923764614679077322547175927727107959761847164955738124756520781
93,228,6413028271902683952542001879,9084585879241651072982171114610439814662021613690731543567246325664881425166
94,229,10999196012289635758523370612,13042509199053726262659501694093173492472943088422988549785617736090495740731
95,230,30456893299496449211629553939,36957665876872468610313556880349320825105844211540666031279065354518766156408
96,231,74767616990594534338812230200,6267612599267893931712553339639778903063215558623502929737169734372731474195
97,232,95742601999554798310297669366,100731137535115963890399169645333628992122417892549506466631408543639330008395
93,228,8319032385024320697516866527,46179341140568135017168643170330786997841915637686252062077343155936946813855
94,229,17279778853598605175704768615,107848356290726165397737076938723607673461357626092210267344985192760830588530
95,230,20860096408820968712382030932,71687481113954751668102371151311373722705512781033641579845250242435758379150
96,231,43244483498401682616870867482,26373721282076678754068068927703486326986598394449442421827751978901785063419
97,232,148787469306978282748975727488,54527781307599746596529046049293075033423989991763850017843971574681357688604
93,228,7280390795248670463670194482,47197406071190459402974251673380180557086145934965750407918081222071636866192
94,229,18738616517797350862893362629,79684590896869988450327239194799644748430212454264920457377321016243533592450
95,230,24336636490504954466702777171,74499441532860757667770578819859230313884405662972355221596369639226953574163
96,231,47679038385116628275032737482,65754786136761698344552772104656348915690792348365967502556088336360120804048
97,232,125937974962500471425491379420,58871720403221065388883500070003100401685129205959221174528498838156018647894
93,228,7080174166215047993675811506,24145588918363527404275393733527162251275842892052076866123539351303683499396
94,229,19673934217471587650795661455,8439304316871838714033935448681367393406805137958007806063680826027753425542
95,230,38882320412742215129883332720,10998093620877774409611930186848390446720654621074921498785398656702135138626
96,231,41305758628907725457908318774,81817754715304582638029274795845731462125509777639815229619477288842736684835
97,232,96775692758173796790792755484,50989553275753405914944973809537729581582317020319753008758435475568941990943
93,228,8256985741365670780385098591,36825015525598780115788002268426783789076711096669839485049347827819699209815
94,229,13826084528303104988141947355,9798426851453524057928783229525979873800462323497561699771437933349079001761
95,230,34258642395888654784242758375,49016663511960753410092231252201843239063139273722925907640708017070401213962
96,231,47733045249447707856557479677,62306492810504504256797338563924742771044262978028607542724511639890036088413
97,232,109409130977915333053585532829,71493105712508220518916803635232648174660931187535086495541006262755518679128
93,228,9633450091240663804494125626,87230207936142482119329400020688205973160444531172934008464108655005057225213
94,229,18616286218348417022886835987,105439372955961476095753739287915326902670095783125610690164946285327982117875
95,230,32976480668112091616744531290,57912855807555358733342986275966398433367562820966272410374730599343448967707
96,231,47981707452198124960206025680,63762020004694423057622396508435186252740030657688127639332017674027949480021
97,232,154831487459769114789281248552,12840437434893683160770594313054786699804966377790752185189055055148559653118
93,228,5570954168364829529764516068,5199520489141857134947533456021653164756976007513303864708244314981911795953
94,229,12508497624530351179205928520,2804395255995521509167531706213487578275887321515881847386430032407558384350
95,230,32939942072093057545293943899,95203862396120811852782572005132750175691570462660766098343383218823294299252
96,231,49691643388974259355506849844,81801040809867606617446639406726344775746614971371368868580663769034146093818
97,232,114199558173901634592228036642,30281217687648472894124579815530514896032794708432807102375324431303280264424
93,228,5148276049149908177822600629,19541417543582214849277504908308083778119612006790415660212298686939107357352
94,229,17685029430003346875421322797,100033455263353805503455790331155423445302413007078964518935617767987322886227
95,230,29281836155205112218804529960,51105682381233686144045906333568222438535933408847370104110604566370428600325
96,231,46882739581911568246770378715,105175316941175531289373098641375190285854093112104600113106338708308540460214
97,232,83108726604287033499882840664,57100963011652825749869323396515565522227088386673822129748804691294318977442
93,228,9080439674672982251728970437,54252754422995074546059120061555328426091436237707463690599309766743805446337
94,229,13788364551323598419730791494,21303619304485278203531653972122193352717611004660484029538407678086503385450
95,230,25503295534385708629163104629,114003613364744630939521515054603271367055488142119814581153053372522053535626
96,231,70924987342470227834582290876,21575227809240000117067010828150724337099833141341396719742729404543954164873
97,232,141600908168647112045941244099,74846494202228948696333834504372875324810697213176105040569022449255847357089
93,228,6350239238100335625052484304,29373445023250338098288349247476017244677905725985889475128444224498189151128
94,229,11809435503248263801513940142,55682274829069197020982620556125121592203729300245325185130529125204457027443
95,230,38164045860570886879044432347,96933058504357857055221782479283914252656054490136368936599110779624708704589
96,231,45317559986218792893268718384,108838165064150020411765581609054438823536905162875744084818970912751830185739
97,232,147143922185519520724324782549,33206049521067656800651214894730448674180595100211937537472559241105811736603
93,228,9121412328862167864087027750,65474114876379999657343793808099961839180086230048840503609043463493434517927
94,229,17468250531020218635283637150,91785079794485501472803232716011546108497229036071023269423967022887261206114
95,230,24959280818341913632716565198,100853099444272527301625790732882686950933923742537361200455353386220521067112
96,231,72970270179089413487100220042,72355767852019385268987171035482056849289872032686537581316702764889030781625
97,232,113509177456746736662481496484,32661554698507920227024067040427789740736419469129253069769446099819621122790
93,228,7111294698707445087936281216,110607723863562332398099660702688933359565316972570074195125020137980663484886
94,229,13443535360365213805297634679,24269516841225413860771612108042856718954223259632324517609916709792077169784
95,230,37520586341909256084264521520,90824957036149445826691069089635070726733895074274702000918328428554527846295
96,231,63629330965392616026391129249,105573873265325016859936758919722491004797827990077240710345979108051071979069
97,232,126848390898456525330867931809,109304128859190783834363687760512730365959384326193095140878235409542294262063
93,228,8883325619370875638524884517,57570124113796894213159985674015116687940676336539133298826292591566280270285
94,229,16374928879658859719726895462,115203673109347593117234013089998435427165697678360179174379628112268761164202
95,230,32450713832920096669317107516,51501331878257272438071434704811220850402143837897078361553729024240455921184
96,231,50622327372784930878827458975,16545512812499175606074205579326879312318805882917470799545914963286488633240
97,232,79581534529035155526082370717,56109764998780555499750974548249302572223621589184607419089214242896480094911
93,228,6199685808140616708929697468,57906009085146933916335417802167306214368532282610261475311406789005317058726
94,229,18151810517859239555037121872,25245158821217382105195977042615930279785012245711530856441347044398430975322
95,230,31444742847453081165343144639,59746673589119856245372536842159929284857665904791223251559697283087010815911
96,231,45244649012917103932306643620,14019762912233263311038837757929452597307506711350384866709129384953498963637
97,232,102551323138895044458507358705,12424911166113179332646324902652433723053110697950115527967449611963793002802
93,228,6073731420156772403621529130,58771032416637848586688293878518575807627564505046383590298835942954958035753
94,229,11101988433811915070059006264,91717239626255382439783279296062029991859749562891169600842376670463898741522
95,230,32422084616833170720283981077,5906018221629234059853471989274862204813615167942218359122165902141400082474
96,231,48994441805774677661649115429,111934241339968144515882116201452404257944536873634177495954637829258701274535
97,232,93047470324749902696019012341,713106841093985112778083233343481687011222098999381106662074210095107421836
93,228,5771014110456611436261694782,17232011598404870226159027235513274468554648129793409996247271644451361567891
94,229,13921855138786844808975174165,104605111931024141784666454809814299611234693164763197537035167086614970288098
95,230,23571079360566198144294594482,2952811667571585730794220340459370545104923269569572070028276703010769732485
96,231,73308435903107730692808668194,37994576572510109295713668322008135016672261547912949981092999481069312457871
97,232,123140861433446597880743425618,60779423983553701346100478420332522381639587804913662106796846907749858634354
93,228,8002859019240999073037029318,27886211274572682716237400475108515482983931754711456934771384382452972088602
94,229,15768249105936398330803352565,83884120318892304581264479008170069805107424208987021989769803316420374228321
95,230,26137596478561371806628800529,72186839597040216694521749290948134542655276171386597285009602455356315696306
96,231,78211523032491177295227475198,30347544203323829848220995983176961469669026791399262009113850119704070816451
97,232,118132091134849769727985327776,42482234725413430283527188751531669142485515595437724433262493543529340655281
93,228,5033898006037403845491819801,58103740293973732989046848239660190974726552632585424077721727955820718627424
94,229,14234178496073109425555727350,57762289967834963053160799551419597266756966665457000159417757659901659586089
95,230,29239538693521918738266375257,67228451240407704366971151396681372341806329307032034226657121907628161206309
96,231,40682091862963125554471374342,21103367918711383421732775578361065485747368475748108853647471784220204204480
97,232,130110660812301646498698575078,37226904870020479374102175542883153010592219926696363853670431225081144825726
93,228,7747141959615402247186963328,54768256499168028914561214637720239200776110959618205053153067930104431879782
94,229,16837441749858839069953861529,47600070268956701663915897876104203610875125642510548563986679312666265815396
95,230,34084228218649890354294770104,11680954897558311291343307479094114884145354212376862824054986519330733343743
96,231,44655617608766933121548331451,28773089469665199420012364125779898008272323513620132869379747675613929687155
97,232,116930769565246286235945621425,43757962617579467565703206706615313222124474375150861205194350529389626546875
93,228,9055886565224268950439938366,45727885453630108009754050570090164191035887562152618996984434150895690402739
94,229,11283786443433409143904599356,52680171165515160389937166182575365513506650128654983041474639256138260042863
95,230,30981645253546943228134812963,84167847683592405120163710560137103725649304097320292239336975090220295946123
96,231,46626989960030587366729697785,536270722283102844044535197329600426640770255767647755466923952795936784943
97,232,100198073563552590711659754598,98508351316251577579071510526845527599347689602764786117299103865618645472625
93,228,8928810668771444598646300299,115270240282670431923681854526973201169332795683258895540132559522525845443133
94,229,12187421694032824152113548088,23809769158093174375410081734407521404193544123928299578131906141516561114196
95,230,30787285035197086997512599780,63890928502517167425042636637599245908497470613180843415575829905985099579429
96,231,40917864450574156678179678041,58650646510963371853813724399053529016017921265552005569588299554163659620015
97,232,145742041873957855395549304757,115305129884132604745918076056461283901400427526670868867908197343844962175093
93,228,9235050830346662107968564487,53765691947732319537283488585906724767720020457521971982130546558645613102598
94,229,10753203972208013605999544637,17222124698668844930964710895415520317905131760350585399290448890584130158022
95,230,20488344598355934717044658779,20478442177668010326080330239566487887308873537122297856226328967189668003134
96,231,77868945061691780300164424439,45150311034357322923124297886904836925816112520737698797502049220082718794361
97,232,147781897103380535206326123151,21513349958359342065128738404784853348815077138584646053860239003256086025136
93,228,8938144838155834132215433209,93168267373038887897805421669421329043254795414060873425838365533022433931408
94,229,19487368460095579614454445543,37363100398877239567165244873830822871957500485071001708459487565744724448418
95,230,35187752329888057122194310098,101428479219386241796723390139991457330410992162465088930605688851625340113297
96,231,77956822819709213929405947732,67077872405121084111428674758326850355812934239085878680601362126104793696265
97,232,112098797871458129357359436687,61713484136577771224791375623850034255564406959110873324185419038205686321341
93,228,5791670377662374217938674294,13270222745766232804656125921283077359510793125032254204322396042600147561828
94,229,12715754454118661906247262619,25213468656955026887790892776484687359234240791001860506369381635947600295773
95,230,21755852516943195561136726240,8171738969935211638743344213840595132733008657889736338587266169481291458769
96,231,57791280729968300307412296326,104808460264425018991089102547103903180260701352285200001531791591219192309216
97,232,150417683791265694927764780948,86745699461541142670881479740733005720224496825305937820781741244780484097384
93,228,8000352306932112981094134179,91327086654822087419407419203541140594597073262899401130590814191336059753428
94,229,18273327089868906945275499655,36291576941832954299696457143045476615767302147749349499245444226107583401992
95,230,23072059576692616887137969109,64681382701360774430569664502688028017147484861033823857604144967484134513999
96,231,68991973220589825065218508479,56848319500935143496644240130369385010486674282659947793700985408043291195087
97,232,88303934603369327839983348896,63637869301491774326867852177811661899056362540358544299270517357700987513942
93,228,7234844111987736638184997823,62653704298497178662438748489587998689966596699934613227049417130862422788101
94,229,16480867328829741849393538058,72147520045827505116597880175121401898449635721666441962465251739577439657992
95,230,36072510235280877270063005245,44939253299594316846150027953352309534443545406277359688001414751056826756962
96,231,72262838998791627805440519713,67960084328114049110941156695311285614816871864507151979403319896548817128273
97,232,92358598022224944807062390411,96278643858065052715168578501415617644213896343860948399548984087900349629077
93,228,5524775729913756354950428815,83001515707435217047287989536022247817851574874223019526012344923078180240771
94,229,10989496161797575932812954551,12260448371298431839028365899072125074445629392888521732225554428965166234017
95,230,34903603591146228223896716373,33060868679710204501662879667214148263780475477855998369447981909047489103943
96,231,55832561018544042808261547547,98056313089586788871808071368583122128631846185681691064981953240794158288386
97,232,130772542453074423678333755107,51802428938656589325240299016738013410522730281028119764162063092843379007264
93,228,5955634696694183516639278239,88525918598731300673554332268032639134835727719388110028853138490631014873473
94,229,19514599505073307691957467855,77592726331212671373715181713233098274999559539746393659200469776364279679515
95,230,36964522227426138749761624158,26952621377977735092415776631041527524889298012799890825953954595016839846155
96,231,65272280334795610279391929402,79206840326802489075745177575239836141713930866000970259429602425132812431939
97,232,156666085377072514532653167381,32054169680909172791969976262148089350215298742319060478972631802278494798683
93,228,5807665305948078581951542212,36126714045645759245833483397120598867542180396057035636256782178198569316633
94,229,13110500044071675636971598964,15029501342011186799558897918826610329530719959205486024725127924237377251261
95,230,19839461549603258900820788119,62512214758569656387175925460271448095316668806674820165693692956217399559228
96,231,78950871846586113826032690455,111833335958161542904089609851048494933858237755081048611860400155020451309506
97,232,123599601662082094284933599846,29205801114704384668172304843669215581801575892814702909168453094083457798286
93,228,6940856614958702861336623921,79844382698935782450610067410091340977948545614688271384685732466061448433353
94,229,10146734020841305100726317203,4741484113164951848291576733847839504426913569181890460948946880115311140585
95,230,22912611080269896477734486339,54929832241811664019470259538808329124676570598999560577689760351846353071561
96,231,45578752360949538970809556326,15911952483065021985936990032492256224245996538110482568518875998642326132065
97,232,156161350921782986051809506619,60112142687412010058652631050524819695287311539641027560806475112065975908028
93,228,9756703186336031494977107717,32188754288193231519496446343720904579048700439751858205683460164466465047640
94,229,11133357254378137562967145379,62154042577228849144839090169753167314299566851822192335829061921376608325307
95,230,28705743370283252624423704671,76752869249394282077366287793728877668112777007129549044162135729376913268059
96,231,76756455435967507332365080103,51102847756552434249296320847003017353428133896099770657527891539630855747248
97,232,111758376107485601503989882508,44665391425953807799451505620238115093494187220167097105337405951286317058436
93,228,8267159936208475481460048997,79385918160748555375652704541933340631341565199226926871482689376603393619965
94,229,16532519791672291079955759847,77813789393179878604463445414924970336308960631781144364105111379092099272716
95,230,30918809487707952547120473365,62400871003412535211274443711435011542829197314491967465200807814141853488589
96,231,45658426748403498343603481699,101507028330604532415998576732676669413304608665991283104033242372140406698589
97,232,104797422462428550871080031453,89722696223458953418508006267355394866060996540395667180987731086635686358343
93,228,7890116738846140580693344139,478656267938478785105383671344580885639270633307359930423820398798256802657
94,229,11804877632676278422630353979,84948294432789726151560430729938870496028664786870593973249598563405735294517
95,230,34050895583991964379464459532,76255107032305821928339424854092289124508673871624861171138555060765902996314
96,231,55622036508639802819155762065,42917145335540313376864491536266669508953316058738715499469681449096729733499
97,232,123494767966420226953980066187,84748433757073895779875760107510677665788498700237003604219879003754877566787
93,228,8047161249488487997260175459,29292359544313829569638115292126067790802117207160465058303627834829289203697
94,229,18445057690178038566141805569,34942024771368006927335517308942887580232548224371301210761805259259023892974
95,230,25566955604955735386942855192,33329816065108358375482380676962866741976447296130936635171633742314905510949
96,231,70185434360432667245745132121,70847235614789054116887241981236999333497777459418251844378380812578530799958
97,232,98841340031654597213806013364,63236952960346510897391708362739550695061829499407232444928132329701775294002
93,228,9892094305856388598554574179,114545625829723025079213704742056140551290837782101806867038704173720360173683
94,229,11553886613197171182159258615,112243528385277168572255648414542139029826396056698325192826305179014321709752
95,230,21272175531624030843977488430,78215495753196071969619898188980067950586813493942672617405751543174345964680
96,231,60359409582334987756729714687,108341634220188206086131278963294151481152506997345722067637945416255848436786
97,232,90256442301592703589896584904,38541481648875140858339982047906479411505255388749289612169810838542267717577
93,228,6589499892640775666456330960,102980245444865444801993339821873088170104033897201071135711844287712066593482
94,229,15581297098661267661727910767,98990512268600001936124957172871738475810560348091090209626654916779513611586
95,230,37848738527328571664683076920,71573685410103462301168386160284666859663168772834589570621067456751229475738
96,231,63586021181475996429038694756,54362214205109702587945490419817164633305003780195478542690300816274725917090
97,232,145664868787457148869432567010,29121479747760692951058133476177269265917382292559831368888982478133567174348
93,228,8747960107213593422723716662,38690308846963268627269107278428768007279460497962674125889001567925805022569
94,229,11328619652034068838328586666,30521359807741145790487709338975936247255771081553447173164494207236487949743
95,230,23973654194381032854381891328,37445338277817933251458507569341215196296467091757016844172333837633962618845
96,231,41809456178606787058578466820,92210422270000927458468154491719683125620838456977909718919823905403617941181
97,232,137638493943733995719013338997,82550035324690822554711904816869131812635999343127284387343216154848783942427
93,228,9784625570536171755869666801,62489562182148477898862052309917846092874390923045914748821763208222259121996
94,229,19751250095524632804078834477,55077361390125506314353362710451057497362901352589186466420809011282618865300
95,230,39236361777409760277503227397,87073573338799446895899537667473076442019763811746926474800104439628490650234
96,231,68531595273050977804239588718,78638804232239264410673427673561772642105731331865921395135390017734931997699
97,232,150780526814691064004707561637,110407778678083350563961486646255929438058424861705853486897800474269943620414
93,228,9575110494338260190835360121,10958494426363947190596538460391245620119560288869375759623059790943646215885
94,229,16822571674654869750038531694,70284969937991793428808505558707909196774390000216708645388438685159268260738
95,230,34214139877669217060535806986,110445841436340092200507505053019764138802602259160546969223569594415086145172
96,231,73565653627422469401888548594,80692268334607621538307066556428014353928917677066293390493902638031164384502
97,232,150194253403068514410798803870,63602627099067479397133354847210136212505144818570401875808702441060755199066
93,228,8127236107829699775685804414,59483261753469441736769822938786938260752235797420833232474942289207464383782
94,229,11475799240215395947093242786,20263019921565030978361472419943127051888125651911530813960365851306428592631
95,230,25534462380918454577082073139,98893986733645454785164331892739187638580000003195912518251630357963234150827
96,231,42593940385693500037015843637,98045218053561478228451513717001948495633503247662268293831830023425024812169
97,232,129191508999816809716206846974,23265597008837361467579808381497360267666832599110612028729673325160607400276
93,228,9034146246247181665743343309,6479547840086037009961192745733441628327911836339695943839155741721468542525
94,229,13543268004415100517051927243,110191691219230637641883231355404661138865181693440557880324828406302247740609
95,230,37867631519914121303528508805,113556480805077838722379314077846956660394499890431585525660795294012336194922
96,231,77439810027882536787887242684,9908195038527640100872763567212382806971878581119934172161983782586962043433
97,232,116767197796234076749794377140,19023072202472953646757107613487042291975306753033687817951514318600184973505
93,228,7727573722835401911280221631,56952917544308075265945481395446507784422292753247443083996054316315313291464
94,229,15079660237090159871490338009,5317388242037666771683034103816337896580699508819342334236060012985201174203
95,230,29750996440759389852612419870,99338783204486173839829455497629376870612775586245455310515688213152217737917
96,231,68054133357937881494285982905,37224433153604357921078047867063623672246669303292122884731601538508214737126
97,232,87975001321254640392533645235,15708106765130314799081545940941689630302395246811201260328312465890451253156
93,228,8619503298787560344525368899,105032635505576460631666719300161854423807904329258099775007806358053039016303
94,229,16560055876680867588695589299,68058690897727274004935432618033945172579621417140754211540838588606842554562
95,230,21903259985574014130671613253,92998387474408351589653695144553494186468931389456157527023882032072831183169
96,231,43610408068602956947189038916,57537682100998927562751860913175546459563494973250871381135062027727688535420
97,232,142317235808200674609184343756,47947431127874890609412986547007724782489060005120406106654217012703081694288
93,228,6705523948928444477497314553,19307611222074125796287355802196156905602971898561674852162101755237151500836
94,229,17554483797148122351169907969,8521702730838989724916114334281228509066463097762052572869454879380722155819
95,230,23038420962933138773781912041,91846874403704035862045145020115630983854882162213469094525848516538469088555
96,231,49193782041589885159709794525,96420591091379145413830181092623955459134731887018401585275968338393092367594
97,232,89331949898943569688233207904,17462813610611396269862931930939455249359436318561206181833634743949242012089
93,228,6015116851483691842972171486,41452145174337225300244975491917419150717418212604316655359052634945069883773
94,229,12334144943878637246610469835,49804703211490061805051747738155828443175663570184916618587692271247245502705
95,230,29923633302496110700240573708,1347536785427168581868443746481327344363367441138647964334714007399160892110
96,231,66142189332453269186992859217,10900608722625179993028043500093633675145307605634369199588453095335122905680
97,232,100574511162922211087965018702,67566485102622144869706733093265650504626985040186150753684831499542172494096
93,228,6607811536588394431107200638,30105278370597960924400962276687040650375111031001729370833308404209298633165
94,229,12078501337906318359953841634,44139498847394464898126306970694682435033858734205600173416903224800594699882
95,230,26950448859995710458869783438,67711230999275323141373865115891127131978981317767158960134024878098408875924
96,231,76138810194870168256942363139,52889730469578927002538611233995488457630469712966439688688712650322606294974
97,232,120112716201748365390288226815,37697641529623372078434662913240230838107861807234000988352653294597957605810
93,228,5928031898461202807988358798,68930014617103066824626386510835847147236471016488251142528648083830536044186
94,229,14437345468184556862787037724,56414734528491964183059838406245929874656151268295646370197091911483578342589
95,230,39483830972805644110298103166,91974439354627086621064007687110145118274851334664151758717842666751020423831
96,231,47022560656514321725936051648,3522681358752567501353197144296404751001754589904293444235770729047611612882
97,232,154722537971351551599823023473,34054276161870429026630882714793023554762897327039912588200884775781418628089
93,228,6410582294428132933088570826,101961726827665576652507553570670650469904903455513609541786320289913323037161
94,229,12658016823318074857515455800,32445014914795530870152536682190584876951257589966387718569471788122058018347
95,230,31983189033464931719338574474,25240667539208074177701959222711479159590940779010158397684744258226154431249
96,231,55736130623769559490301082787,95136394370702914747522616554998409939550516583674373414637890073326764549846
97,232,108134110040179885479064058442,53251741317607593160582269293011311050420029439318988978765968018142406108189
93,228,7947948244238754993403386126,27572883500714470782544324634461685000293492489896838468775853486503734651275
94,229,17401441935490169676330689132,114265005997132053290374755508787027501138246442702428758980725310005751692301
95,230,31157063238126290156914934320,1721526832151825145288533428749729728645997092607280525106670247223418129412
96,231,60008926213031643125087636498,5238456103563509891762450625868473439094869055871145293537537477681732875192
97,232,83555081905791483412640086297,84172001505044511665883037692649443844052153885903777750865443934145037629755
93,228,5341978143879514552353674245,104870376258884083132128778568880933436678665626250463168139532226742452656101
94,229,17587016568798215888365660179,113594056966596500983006623941609308834994675556282291731971182905775566556938
95,230,29569024542755196127679438025,49941410555071555389886457593334347189042905168376792619151973402049752292657
96,231,57086615099820094469038493159,110468903058060614914878971682026613805215928331474879938281993186349412286158
97,232,116802108076622177154169870663,81501863580083762986663188512762867179199303689149831971425164223280983554229
93,228,8114036971555463537509126883,37388485382967084680439213218420323809884745027085405149351737260366954293140
94,229,16208165702999190217599327130,83464973203189441845775243813491862311345311960277317056784082736582759975282
95,230,34487004833247517301551394251,3873588414064937446330879032825804099965327438444965312802914382769434789277
96,231,47270836248195558317257553708,94959871093443256797928070572653517503580506833383324287407262364499747856440
97,232,154716081695366240522875227316,54503870585295028135159379162853738695116751886858782129701507243697720853631
93,228,8139726369087715079641945772,2772388284862360786151057413670068774022305135411318395420662932741118383906
94,229,17190624116292780948897152565,50867364637191241167617979106068653540975137953833266802892717010802579184195
95,230,33776033838809603563422286590,30607098724895505868000653727901374139770731632987071566234703349455850390312
96,231,51468678013102169565783947305,101988313531496226913394924618552875478654987482178215892019738375577746569279
97,232,114698186349540267220905748518,81814370099971673765640714418413877152968346159010849442950259099280349514888
93,228,5134421035794513812906135434,43733098911837298966189498364988807058336884157128217684706760447837703913584
94,229,18862239556998621211319632366,91794770178647194553298687075143907111773625923250950851831299059885220234613
95,230,29328043006638631379334501885,75233769427487820870793264735602363586426914595986626660295014169073071494496
96,231,41841164541999807226584312548,4202292904524824715108112787232244439117532408381492285745758385985074320123
97,232,127953872514961326308764593912,85608504903007424036902202047794223755440435154406768697328121091168960448244
93,228,9737513201115083094353973256,108252923227648016014442598254194021248685364710496663850019842190608182441416
94,229,17782802793445514772925746005,15696265623151673469710354545391920289141933657655374931170158798700582970017
95,230,31431609164366396542593223542,20361021119774519563565369614058795019170227413700673377248562861442585077950
96,231,78153588898066645817606521900,7604737320115733698328744108470690634576217299836618387345659420487696923884
97,232,89752447344960484052270596675,50938925687934342903617196839555018490582795272758164976170225647980503545617
93,228,5236177666411635448340465687,422169902276166709296114555543517995511061589552109102863681250260292465263
94,229,12102970927709832882764786146,29692513579066694171770297684349046101761895056039408646253449591850305543255
95,230,33877359496236623767130442376,81262555718827293473847767551586686338132173470093182332481949467702904588558
96,231,71822851536173816103661327754,38773229868686139497947261784250348260525962799923260508456214873278576032856
97,232,136495676218236677745039184167,13944549475558943194288282454236212016768461026605433193073565816669743400521
93,228,9811980983968477728329780254,44074951674627723815656325940650323745555671635210840324709588865457243467074
94,229,18982699601891208295071341180,92837247282947033012185076989708725767524149483259313841139333967946990135324
95,230,35472127784422704234525760075,28202793810633805293201791608140175569794624784245537291184116965413043994274
96,231,47553866329658575121435295359,24868412430431758081306056037007942542407383551873845084307877176358597502005
97,232,87707129635168682995800114352,59525204812875560812129256669860742564299563858361271592987670118993015429789
93,228,7930019143038382672932356411,53417623710541318018041452414598002942004854496235380469298796712512473072378
94,229,13161574881498814263471261178,35945588250972083064403924275508139190605039428885410998792188953758189108160
95,230,28222990122640609441813341137,57634228260009714483106396265794440817135477694519869044897489960114285774177
96,231,54671871212470267776859294131,48969682129284543168592942285475558411277620325109877592880938734722947223721
97,232,139123374126584912274664749025,104337061426908534191767145379662573433599440873450941944333049446773107737171
93,228,5730414116380391206657447688,36789643882820062757128996205477001253150625103839001170294707068186574648512
94,229,16437748810161475875126129540,104923860506748054611577486454129442086375136885491983287736466708189237872319
95,230,30287655049860258768318142913,95458567133760272455362987057567869105703293063093614563222183000012142545447
96,231,43829942293119915315609061065,37282155245946232539931296378552446777995556802863515159744519570058120816368
97,232,87576291358804912759175258375,70178009729179899149330780657768384727398920334554790009847239946826497880795
93,228,9311462267173670955618868862,26931911852894689976852932514303164212852316115492166478632014986674987906394
94,229,12588768984730046406260722063,89725445881611578670003521003438345266291847240360333066534762275547970720294
95,230,34804020353042733348080765244,20904054716848274364072088080458877326949798609357522760055534048429801029756
96,231,72560160578385858445211830555,62231690685939421441058831149843008546694555618109332985604324475304746515838
97,232,128732856175645520472687106323,1406307412682983214621057762304495530193830059415145063786142446070196355043
93,228,9069147156520831916059165194,59046614730819506047084685622741823422467598682246154855315159051162869846816
94,229,12019670137099625398013438637,25358513847400055792489344684677131624392546560444868023304661109225317675831
95,230,21066855055246017237125594179,10838215977341538632899701589767218461583907683581163104865133087065133091775
96,231,46309202699887346145342009807,111781990945015254738409970006694534928700306625990715205695917481683101555667
97,232,80857624368718680983278224111,67145522718153678586213046129160489323942208084105873386347810527666068068441
93,228,7453598476874311009486077707,101494674360698209618492999915324458393280811050746857574778018554592162490190
94,229,18382160518155484300987405402,101349060450418287260229540814359792441544787795196577163228968060431847693196
95,230,31103574849653086034617696852,40102333362867597156970948835428867357306670583584248758236424153913096609450
96,231,40451674706741082827412113440,61217496293812709717939348185372613726600707152468717534451649376525830819261
97,232,126428694300926754222356900678,110968885965743247598669495190844114166237137743481534206153276419537687560738
93,228,5993298959652788527001449529,23969172633834349084698918257809352100800169385387384365596027710791748603408
94,229,18581202249912947573786464138,33293981349048619735525877976136800675152445708500421967291489996808911365948
95,230,22455091341764382039471155044,113287498055884017524773791396955210618912830294148855337639896686383005139403
96,231,40817851389805647682907667587,68388587798289360072596981729063381313629381440774394288271053217283650686052
97,232,89254284141472864100523301982,50978475431845871255635511993942963860543830682133269711152518322534444057953
93,228,6357683658024251286530207164,3037871490723548174595253117881341112492693951679140885650306457799183966898
94,229,14082953408128955378160404224,42256326153015839497659617789326981558637829923308623104437862097751676954500
95,230,37063877326352626810815749111,106605285940661413336118998454841824293306534226761847454580616550274723629659
96,231,48585436600722685528700276668,98798081935409043437849580055072715652865447998055595625976677759634003808409
97,232,134670284661423960959462803580,96171283075253903689940736733513450475270601029444470578909771374429025241469
93,228,8260019348426133924819617839,43530092743934378870357858925969463768774218709821488934229446111482498347149
94,229,12562956893400574465171487744,79376937225645878940028322228405228962301109273122265070287188160358939992913
95,230,22198950784039558203502926150,34329769464691511782748646876883299230674058664634162393699691471068804590411
96,231,50613601898573866537267554694,45730063919219747306080371124786662385416348349801158589844476707494030195859
97,232,111557506728900025451297012540,37746634739541918180369329833504101915823784589475169163753701281043963034696
93,228,8920685040119457170280543375,88267059097710641230424204335244691173597884087307321596341822792132464366617
94,229,10158317288299189154260419334,86073056072214165739085090798914080835723473660154691752201609562888917489658
95,230,23895915372138704795334458884,65361798203258606888188147919350382949987579432727314859435868215997945371537
96,231,57646508823860718204245240942,78609663239632152463765481937443276266329769054486685429338794978421122595737
97,232,91832529826604518290819892170,51619523445721257998621836272388896515040686812213751914892603670860312901166
93,228,9478820142458627847734647880,70867195881090885261342415748667347798822778977005795796024396423227248322284
94,229,18167207575530658072725724413,77941839367960149139084334893607841164832732167595621022934041175271207997234
95,230,20381464104223421110792214747,61063416686389231827218053778665318601983595827564669308859886114190886325737
96,231,56239777101387218956979220104,57240852209441511386714995557762629455649974455082977009520377155063437168391
97,232,97619000568712269924720967848,61353305032067001230529679056219785209504560934899657251066750949999582479227
93,228,8991265132734087807794150894,11295040134712217458603507323709306684400423186907442878062402997080185548079
94,229,19148040554305286090256090513,23903270340774683373958995553871144598063656086288884305689268981351586108364
95,230,38416523925445719736863663730,78090111520980023804180401476226803755652002892205710239859278305210042487080
96,231,67605174235985595439978739768,71826118758349074140271595789858831925010996289990981799190405617331040502186
97,232,106821641133270917145889814262,59951418727275176475513577293403284175166214793327347407219946733646440117014
93,228,6090555464989057843954314807,98645061846179028902207367843668346764621451974505217356877227785927518414638
94,229,15814510597937396551102216040,104038934834632882043596187619186052921043571980471827981529749551110984737357
95,230,19894946735729678738636154219,103826830736095874449519134906855954593159320818106115989455425596725515190535
96,231,48047710814239589384678433932,68326531229202470364010103973463053494544381431150846459049007408175070726249
97,232,112676906170670200416648572968,29357973739296573296717678679315775088243945471650692217356714572578474895552
93,228,7706279750127454635974140836,100860397489615486274736918821210180106730043641209607282420456668405720919601
94,229,11059150567715500435484649722,39357033525484183811503128011762878602884631907889083420026261047036260112019
95,230,29560489929768854573945484777,99990976939643631350516165955640927642350613975200878331242432837322548021634
96,231,57683356171847578894659000054,31152723825829087488106812456996317769358944609045615546221369838722774679244
97,232,133771162056553471787055380424,46576255330775095999558956924022809783188954052072888997076913321085946940410
93,228,7636968145619495292249232584,42347391557993633552148307722419616248732621321561767922665996139050469186378
94,229,16279905540457959321036380869,110775707346877217777075581855740099955002217530757170828884828037512429410994
95,230,38723590558241667686203127363,78681072430182738365610380204979230349864452010581379028451901528680226310876
96,231,40848405319221059353455054710,2724793722694990748946126992757158704368567367240960156859819184313505023259
97,232,103575871217425926394702254758,94823569434218668032990942951405571720462084087511073994513814063292014508035
93,228,8268892224025985435300304023,28611371531589344411539761463660260145710235580309843855748324407570493536604
94,229,12233629191832183002794178894,78181214452901599344670013270043608472954314559231875264579343492070246629776
95,230,24504022859982453360906658118,103030968198348081169737085386925088731160410146091893849194790764654318619604
96,231,51596182693329179082980484505,4285997741054239059086811375418027850251538709389174106639476994691155703859
97,232,144728587463313572685580138582,68670133579650040360364791375050991567124128990669846848656751158949689225998
93,228,5639241179485560280226592491,98931120960152914513827920131856630290980104989970595719692004026847795075263
94,229,17475403102457318127662359665,85118444083403579751543637768607640726571611702572406513397411884607312955877
95,230,35490040859979952934076198973,98314965004382174078216310238984916222178521197280924240431858562563179337270
96,231,61375381333130133622819327964,48024887180261922447494103546708235626466306269147295674099528497415365374831
97,232,135294000399809520175339164286,16359807731468405613473824807285611300884813952575288962671792720888709354989
93,228,6285191307114592610469942887,45114882479397008399266336488708501743475752139187825116584092062794713281007
94,229,10615973133242517883690790179,28993722652245252674329440989490344381829963496223509689775934332810159382853
95,230,33344641423305356665827683548,87832982435117870807947848034113186896991964657684895701827211490909901194172
96,231,77034348661919645228289787578,74536407201944022132634608483791025916986393323497619164694881680419278018620
97,232,115991481279401850057958096421,17407047068584012380992013111763436158299702042807807703353371830078118653882
93,228,8144508983346431595948620443,47156732934790480097702802332867727151117871451377805073447978998383714476092
94,229,9932796026052108787012829254,27833961666051728611030326693752603120829998435985151640482371516971549090568
95,230,29696003462093299805389750280,97097142690341686077896890717729900872341487242921196295836399810326603280074
96,231,53327899176625938660414190902,88280271497476228770459627770558841304261329195970802453710707437295672838779
97,232,111456323802538124271357052260,23673151917821713992253125698704428048544066463446700647838233922570842414257
93,228,7832846885591579114477093808,41300661744239845266010259791409347271425538208811861042980265866843344206699
94,229,12643121261705747262233878420,79785010832762366750594046145353180235516376876343203121585351245499957712567
95,230,31617145076157256564768430293,54058079465720078218398326700950400258638850327598528844297238657719703464930
96,231,72788248537232583884172666301,106378562415573425484124498690476814155608807197958426173538629880060149931111
97,232,112840181501109780368859149501,26174340165573358883686537057053489343785654119600453959587076246332619355750
93,228,7798042354090789178069827774,9840414613279691122352237926212594646369778035335075198382671054354081308034
94,229,18018918669121802274665469254,52169153284010494055327383918630998938434674742450432403383381571746391969435
95,230,32044743280651419488474057711,97207356305888798081212922190755431029575511359362169385522100221080699669488
96,231,57090460288749513857346105683,79350149435379493257648414955551551047670196447290954028910279039154227303715
97,232,135575499448585031184432451276,88095448747333888893309123983590689211206866823959178538518646518420756702571
93,228,7649775756620626881574963870,6466944680133506732374703485472575840787450920896262663948204110002647007758
94,229,11519793402487616254746615784,71208666611225290577742426433371809247172569237467737859405150795286830947
95,230,24586379557411744713688090341,53399009114959240140593188896945427670709877080096040888155412938053241891387
96,231,78194582206737107302823740516,99269885984142115081178489954258198036404022642818998289330027434162515500453
97,232,143567744198534466412235481933,15925784614896083499158460984390077410752198448939620081787964119915306467359
93,228,5509230133771456607582545723,35900844539962031539374543029688007500673301590485371995323991470895527901844
94,229,15147887521865397046720518526,55516674048919112165919806162944019556564819013919822882452435202630837076128
95,230,35211044771947459776294875600,49036018370522252874759867743561188427521844504917118429717933665936388125139
96,231,70924838344758840255081598039,70645831333053075733972892127746850857333833119098387277888268965970966874514
97,232,129803272245482254616164714373,46951520539198801289403837423935045973524709271803866183517441337489188806522
93,228,5763907958879162722136213076,83873303261323373224821985569673662427577901444985188272110499762387925184238
94,229,15057653621356941404730773473,32328126256819907641040069320009263237857954454074504257160166063635997829032
95,230,23292682268881936043397530254,5584787247421694824649184551701946978457218400236002138279257451972716142758
96,231,48870053090637505966183231063,30449695410685288291573316040111960143267877818681346225019576694526693713521
97,232,133392101664136746194620084921,2091955394145730155346374378506361758211846344090046652658177667272593175318
93,228,7318955758367409141226463502,40476233851176609706077907351248397761552437650503157779815660128045288308249
94,229,12982904085868610047998862058,13891203176413782955814885198173326362614820593983387256369642545570596952996
95,230,30876411327351966348349841241,47505894979502603156850812038470591620609396793884250173173683530614243922533
96,231,69386213273799434183738812123,74691359710225515774835251570915606397158152621484171002677968806670940963618
97,232,150415962842570963825327906757,85017747380926913414589195553583401530302387824860387831813694793166970802050
93,228,7220142097321217615023571256,40955820690171671020882684764489371962190887119102663042815442713017170637549
94,229,10378490376468522330762435212,98209884967389957692238099646870374906322470093464110264902835319562473065640
95,230,35632144176543683849263561880,113592805332247743238086032768254032334309364218062589373731271237093479997222
96,231,47772704294421661192195346951,112510182351223803621537322914921573594979135017908804527488945610203466954437
97,232,113238663196815376806990996124,23848481919770828639905715793004350025232722169284187226770039304129279077619
93,228,5786840100329643363665142288,61717831152316857767524885598397913811672846847631944468122671957828789748586
94,229,11817455418696521836611895801,94667302558287624374254486311332023320995822289216732647068174697956214347124
95,230,30342250122623301871553968864,18249749199494819917207247323861399099025647547943853151891130799863304351962
96,231,48356418728406205814749258872,7653683080435280550151384754620329990362363186720424986103884945360715207752
97,232,79486777639264937872221355385,39426839935363419032252516853559408092511286573340948016169769084678997032256
93,228,7935827165820692419601458518,70200597668407607102308064889285981824303000048318343963664506340393967731022
94,229,12673503471092904620403462164,53164825946314822176961817526920770186154682652766447310160348785976268855670
95,230,26930195519319573443833073046,12765431622525338497338724743232994134550453950799516074276273966925099598531
96,231,53278235703896459776400018306,83473805989687904976924319358957182257915078477044698932314860641608578267076
97,232,126672848383485686756098375108,34756216669602964615608923185092605943587463005383677899410005432966681885910
93,228,7467420465534294413103874568,109062487306593449390059300839745447947891407266160175782703621764905657013294
94,229,18706697736765163681714357690,8191247087450876738991093182079635394753391573735809297005074211226501690038
95,230,24192142821978850208568851382,21279514008638795864118867241445628528082735599684826974951425910126464043180
96,231,48021912681938539031334250260,112508696683865949577456064338567433171300105506913726839742927032034845326351
97,232,92129435186331397164829708901,89842312688759310534670525191783089046654960562252319067038885447488633895254
93,228,9413442552285603000398617613,3402119444643916499139234623163209405558790978455833785078870992431638332410
94,229,13739609755497122729095596571,76852384624127247298325878625884777867785355016752932614919080879428422465059
95,230,34125534300551210690013959142,86691636385051458055977665725137294033753116873703766635019082207946476348082
96,231,71683498148610208237303959407,27881601871203091746916291252204333756060187964014500486449582957755562692809
97,232,143781775285695918641032458776,44018826256616272986808957956463142226418923752963182615228501159952012882934
93,228,7798143941088015832771933438,96735736525305861579736553043768703868109953301983368295758274715691955998615
94,229,15735340928202554410229300857,94584834584112684960256557758806666458024727161000625844572312104885361152851
95,230,34484834554976072963111721560,98411458451334600623856819694085345421521093392624472106718767079585401734840
96,231,60703027568606419990106288207,77620468857776895786558773054456090457817077904111768413267283864312839507638
97,232,127531930099903576872808591126,108582612924061957976603444553876457473106418981421926809377800296197060284825
93,228,9700001229060854129260964310,72673046551733374519803013955506543178893825752046159305677610166104119826444
94,229,18219368210695178188102526446,73646741443648296616664776611953117751452109218015219389149714076600199614214
95,230,27461721686940618269084318020,55836882372629925792230217627946790039024077579216306389934355770024155938579
96,231,63081053542697181206131595084,50757677699671208018547742070269075125465865713643093590644634688916824287154
97,232,129317504734627579157465580979,34017945837962996634031656767938789117548878522899853627307587428263930753308
93,228,8794480653755998541990401146,61049226905069580230783522209407811211425567887135696820406220197619549469818
94,229,10326908186956755158598763950,52894823135118839819441996964516575532777681104686691612252833555146917403907
95,230,25678366928138955922892488195,94794232852061877118558252871990553053973161584707032948018920816776406723021
96,231,61819114252074034900391267456,62149462916131413837450582129988118517008624910885125061746293286074927685895
97,232,137538408437816599915635489587,9001555439757719763976710062289894376531312483279431182001279141381083444761
93,228,9431773621003635782006793915,95208986239907629497271920214574004048439230953948684131831507959824116672637
94,229,13550090051417970474547667307,63822243446278628725613813726355702369176016477167056569249012154338010140854
95,230,38547244549625510754101941080,49550943116271360202122202933390855638740805875394113362241825241925056559815
96,231,62875266612552941542597030211,115178551473440875086474568618343146764930942940252678370760128833292558588854
97,232,147981615864705731420039231805,95196284800661783847090797989347695717982189701643638815483655109048408508865
93,228,8223527771877612739513271566,109252156442773958363619219371794646241310764489967271823368077062370190641883
94,229,11028046159471639190951519520,33192732217534863423352410411029637884336923505245299978164775478392520092163
95,230,23018877260182825504188601339,28588279634918766993295933838401805673864583074182365713338893591189423923330
96,231,52400614378278512551585752765,95881628115165331848304009027704908906728187690760375368946021608011994851679
97,232,147947209455683952855559252332,40764043640282440122059980538857362141114641092057924292880900727353342350535
93,228,5627039987655891006055915522,109503138681755758675134353584546830212284425426924979527170640591113564338829
94,229,19323240138675176203008895056,35835388395355737579693358946171660752781475367280042693719182805217131140038
95,230,29976394615212254568923603053,49468122526325984486490712175337764197805045290231204022680110717855925745212
96,231,56108677672912796383867072984,25602532474073404038289457357410917996780108942128901733531841271858598101116
97,232,89001771150156678022715246340,45278680999905667445901814475145259870940232867366704348240020445019071265868
93,228,8769156124829048029884968939,92219624825324506963155230323261224607838261144688100052987981684381716621274
94,229,9968946341304274913069460736,72864512212351479654086049560878176601344789333266276469899393113438250557817
95,230,22042389636860561527786193365,89771755454311949781417717214943438583527316202868214102997194791777588017118
96,231,53590554789981048659456645186,12406995173452685767703674958274518638051510329281127319851399154638364601967
97,232,117355826472438310188514040452,106225081136380410529308051295344540669365169577472960912948244745853790304684
93,228,9253954032784712091933152158,84459186834607824069587482987532903645066353154015149467662914769968018106635
94,229,17068708255046382703118098741,95263908624867252591478514036349463095557618320895299360819781268664250161909
95,230,29734844279357082470524885203,92328865710562699051430102238802476100095091617927720502594202981621444490684
96,231,73601001777489551041620988873,82341401615464074965217818387428530768529984222449734638116439775554051934675
97,232,91264868258314635751382377017,81235562113150182729554232730769191758445428547351976310611785697513094494341
93,228,6328513697680170856259420098,28705852448742847925223823465804453970566159313192460571236261692640034892390
94,229,10673109220681603378486745954,30600744303089525894197746242169693931963030510092196991253351325530473813639
95,230,35217945376346950387391402003,27373063364769138358329776277223203636907471060713342595513974995454354589940
96,231,63202079494037151940626844840,82297208314021631306438662829862567406474963543466820274786416004033589255302
97,232,155483161476195847876842694121,72023974568139767008072692909957956850659323155994009376180280915633388550235
93,228,9195162604586339491846641005,73870125274071521794037770486775788949997885083489413980399930627761779151945
94,229,18470079458906775545044720150,70172288946443069832078416597206919871817495492060808238888620195821066292661
95,230,24495547184573832049953130500,68926612187149707125410376447817483767290995599217254030543396125811917655412
96,231,58391303800823551804289015355,12389319266835360320940165273972223161198883329916520572191120199973274986065
97,232,130422507097976961656744810584,86504604585528337252586206512542099647756666231723574111499705294185282552066
93,228,6304062987931968169980282533,112627539058728030911660010662807011031069176636992391594117345651803703189674
94,229,15178055092592183249201553182,86316516448068213203112276750046250560950138387306163832195705694011067322672
95,230,30513511412180803637669372642,86107013954889805234814623046743946600596811441925936643896674595585836900920
96,231,61537477793034234275127805403,41863630547640728426948689730297902100293027517836063816193382771263471169523
97,232,88569101669170600868908104803,37666692648328156884905853326608163302089825032630700661940139314967423575382
93,228,8844654706611663500350987923,57804491670743756271657090460011524553477789680364626450052470424828737185781
94,229,16364765665508472440493190484,22962516191593855002742402656792764409761275762472784935444479465158868054039
95,230,22221791139044697555526651093,69013875285192301013523670346357629484052378410897605630466179913365765725993
96,231,76905555170482158284842068023,16204268968399000460894738919255175285858584640007227866637046454314541926524
97,232,81217937297302699775589976066,60829868752315054706375612068150365514055266426270603660381211612877278569929
93,228,4960273171717072513149597379,100620521204143346141704798690241045037452049938274714720022573794499286006010
94,229,17937164251475831579127461047,112407772521548943940582900963169560015670923854352713722722903355515021212555
95,230,24336676349481160568446537651,106390852090368906120183214596266096011250558171929725662924808008797454514118
96,231,71114994886339062166683191474,49922523186614530808896029517675646996949123923031665623086107620805178602250
97,232,98915218196774686246672184845,13406245802743670642720049692468673678738167841260617712003374097560944730551
93,228,5069778936459659803539850383,101275709601946248459434812634920846801191474171776607053254015007446002566484
94,229,16830275905400562243745705690,39201027373169848138002158441238737983003994585303810891051764892557000424891
95,230,25994742318909326861701274625,19527905453189802643690364418279446636990431578178044203391348032302528210623
96,231,50640704121979560914295798332,16304578419430230751051348259761360874938548664740085278104741173585576445314
97,232,137508820417662872637363211680,75990078785688878462089790810421963812045252814340072816569520874442058978155
93,228,9270293196891531476533371250,63088211942022444862279731108238702555518568329085361215061140634088640279110
94,229,16959873146530795285587460418,112237769452437699681395043697488184004671927027213328467809833401356268057680
95,230,29040001041697136055222632844,29917543112161146504238340882798450106936109379181977850073277284538875530929
96,231,67861826836885573711493502662,38589866433399097042460542510338826124818093094402674225081351392602975967196
97,232,90321447359150037663550868360,113868756430760431271762785842795309139647972035134560317618953338486627908893
93,228,6175441465219391287260936894,11281303690091221437554391276826758218546932462696649932473351870414779474015
94,229,13048525939810711737987052546,8997674585763755339992699676918489491215501839502192735646847843123789888020
95,230,20832557168307232081755079373,25624459231571731738045730043009167329903407198396013867501478794808787401209
96,231,39945210495082469476075033666,5605114025982375980970781890996803734424683142768296256719085888817104286511
97,232,129563350147439246220641794714,28970089392287280882162425219260131611842016888160827371383796516525440447310
93,228,9173730699305017603841810836,14273659935223223930379435400102873662591919855413708353443999045233271430972
94,229,13227366556929632832939037618,15271442421913929308625155527815542717326435320454303735235321925094598170082
95,230,33646265772382846353081081729,34866886895896861988244381410042582182831070054316489233273094842467086628379
96,231,46220263667808034802132756097,90620535527642143551594505278254441851386367788604379020553649099887257799774
97,232,156334295936849930285605971148,29759075970433922376111287919860624899496163542288369045431935391153762054749
93,228,5277489781128538853500097654,104704934536470037163811189133969533207034151106558710621868920992462505990342
94,229,15439448378559764222873251389,65841619444502688855432872376982049907185108156416769754371499826086227539680
95,230,29373074148549236618048243225,85270424782200564944095472951149490230762560814999021940029605813480619826465
96,231,49699306780408665866045656925,78882916261124407293186063196389555237302542399247778296541997878316309954630
97,232,141897571897323858140519331624,80500835452784061896960425720814211078333764568291035739728551555785868692840
93,228,8786506924831733368553435542,73468989619286000341030370924381089321762654445509524972819703595026900407256
94,229,19029544952180376979037588038,113709757942818701355382429333078117956965279180864281876189180444599199905236
95,230,35596537812914501299122998238,75040679837604590322079089867789799513118271576532452861780398992095330748109
96,231,55028016415207038672672695433,115150600814362082702485892561858059483834142207442204943114066659489244725646
97,232,101647179980918689986171301145,19791464132119427763716450396404949186395595938170852032033139460425902384069
93,228,8086152675662285744693488780,46765309857429233599931346452662408561386707649839907642393867715131102251061
94,229,16438371976456854051522863778,92137282403605151179215988756959744599846048935336777580484468831063266482260
95,230,25449681357624347703644624309,70770108746315691489335850888125023812180154642165911296308871313874282737497
96,231,43929656450108064690429381518,6087853114423470518521641582423988725430963785436230417649175882597985316894
97,232,123476295680756340785804715919,33962564391841774258910031401718365536097741594613524636118137989226683911044
93,228,6989814014133837531561564787,115014836092966972261680327053228888619750477642840353028586340573316095667056
94,229,14329980075432105206424479081,11775386903449375761428124086202529627903512951873103533182654079678983027245
95,230,36073537797163214550957979768,10355802343018960016063044044738982057968002965879693622113254541796872119134
96,231,67885120442065063958236435106,26561713109330104222620750619925756454273718315793333648068115336771284807663
97,232,128378252588632138649382876096,65055079125491586405310980756658459514760818415595540308073719602387940094034
93,228,7263176015252908258294887948,83436903871100360021027669662669910382302024167279991844591366025559946409234
94,229,16626107257211250656212335803,23846959685392117205723915201386987631693329088839163977965155585024604456659
95,230,38778403314260383297053310449,14322155561488630458724655376032836411352956777780023895011249169573574785951
96,231,46691319826427307292650723946,76493573922050860735061668873769782486204439770832383902892623431795295434676
97,232,122656257137319258417395295876,44120136586050639690033707432477760279979034285883810552361985846112289185032
93,228,9432948517457790015679943962,58482821804453345148750862802101648066584013499020669035812071829885225892989
94,229,14896510569979008434323719253,112050497927742598902053830215787212295720126512130746736497167226202674655501
95,230,32159281221387967044939532968,8529973160878984022685110158960727917404297369292510552581881336551012512821
96,231,52972527532904344429401690537,85151576994188865995797555401773322328228421405407718817708627640832206001696
97,232,95617045422654719781566143039,89403506533475688609915130461398210593015539528127636714936226791189688224802
93,228,8112320049367089382502512856,38386647003061183676983220908013615350796705177786570005886900665403969879736
94,229,15978691333172711032787302696,46935873893167828267067718760479016359191457729619225786851202517150553301840
95,230,25098381210365240621632316167,99902622235902469125298014832444993370530877902301803589433234307064217499190
96,231,67868573590389896065107271906,6382264894069601549417731256983637315064316564151309582047793608913883142193
97,232,152663454985342305071288068930,92479482675782859705160200326480401332956085245844891819412808845369362531151
93,228,5353953185411901405863646839,79714325776568235459720721160387801971818270041329019894714106956591141963600
94,229,14358176679342364835880014147,114298917583002081533638156947796833099310507057098923755153244237427944745074
95,230,23787138222457450999997349031,112389386731841675762528666346965653688610655901985515546811466703351078212109
96,231,72100918141207795451880120851,14450499085362827984591792962764385549970781953223793191598440683674891381565
97,232,115384594125894916581843294830,88228831502279917200546382699480621101020681895907406606273663648148140848417
93,228,8794467719403438620144671756,37361786978513885143023237735530397295408999081329163153579551566669641678346
94,229,14846008115364491110946084556,83474219589494092362207231530594732402466610400296022962446495120754499135824
95,230,28290168909505522098823179633,87079552870134870422696858578247153395169205777524350254144828741076021644756
96,231,74579610745388709478440077093,110749950855468133609622501647972898032373341139433469557479607734668559034573
97,232,97508546729617440557366880298,113923158641245614751802734175776402814796927898390544813826303238868969101378
93,228,6955077314528540002775007153,41241185518095687241010922514008293926425178104042366664479664651675654510196
94,229,15129459393186132732274411994,56738285473197603941703552633859944083675525042335552069917191688487317642147
95,230,27322276772546670966577948946,109567189319271064512352063009036646479580465278184560796292892639648075621959
96,231,68196450656775130789054794591,80389926968062695730353895306503475931652773812420510288532814277259470655849
97,232,96147671094961196003186279348,32809281863438886695064172750756709081100292454713878072717229156402174738005
93,228,9596993788127778948401326579,68935210567284195848939681069256056358480388755526636032530999060029997222640
94,229,19777185959945841567655341253,30094955773270444108395103610008205181995298913729442521289610901184196229647
95,230,23453892781587575555936444880,103614373007754285373116808009232739471702416631789976957313548196226877387838
96,231,54188558083976109152831936179,24147158368645387214704045481447136014770683072967847829066421058954037426709
97,232,107727883640979955481232626493,65873664749580445724313156284863656836774944760039385400381912951474209861478
93,228,8898312409260593888764017424,51220438481602301408395482998889523158998640544831401316403374563472003921916
94,229,10578163372852129132855605556,95648467127041529684111575518334070906343982715897045985618166165108501263864
95,230,20366757131873637059300326932,83632719923495912206622863029979255460835752313883830280253295696461351197471
96,231,71426095541691354764846482899,40858130512029749360017867660072547800267349468796243492487199523024647861020
97,232,84913172699872891836796630545,101718054158754658316508552412847324840857675984859192810760994168810319611794
93,228,7627107164044586746584511766,41859030083941218655500221336612107803493288891814450730473017396407456642202
94,229,15108450474808969411313225585,48868931647390920524639249091994706701825141892720207603393663252434824674472
95,230,30206291109448921160420418602,75840244291513848181370008210648100120627597612921251234215304072891866571548
96,231,56628572919975264085146403221,38800356558406889920501107385798234952315707419160341510981737860434675233971
97,232,153335083583825788552272219458,111491595130017357525007008072360384570678255824567487905832568925677768702096
93,228,9823663345025496736029453996,74821259058227199901455870765237769661192723669072907128994791668535093459373
94,229,17509749495718686353644705207,85516420384393774147416928036110422355646730015063810062079087307087967994568
95,230,29720175464830505268871230542,3314986103679359317117778776567366800069770615421342553890033660318308914000
96,231,72196606599459798162920630368,6561466256392978341455312463293166915754795446794345313208945762320506017980
97,232,114462731948471821794457854296,58909436369027142714137466229868846578505527395583605194151604379100198537553
93,228,6511972416194689053283991791,14896256155849636728973023029105363230231766057918619680361512912694962117560
94,229,17607359226725558965379481980,96768244340064829943777564291853436466628556949339422356709482044283750439100
95,230,35589085505756261086760521658,41220261744378105342052029838114496565826461632607625259309561059814954339182
96,231,43129899891361715827078569175,42570458467731668734143517408138292139287819196934951180736662857530400396675
97,232,89998972079573311001160929768,37737533187324312113694271623570679321470971555863728626956560919780560979953
93,228,8367466976102998345229355836,75184934481230482870959023336119845040106242687077713813393520522036788113471
94,229,16716552390783299988161057026,7384612818156720054384401442437893954948290569212055873905108762875435723689
95,230,25476597010985581641064061222,81673821707637579296278007571691119896024679696428245770754172663366553619129
96,231,50080245211928270075112463485,54583997686867886203508355760070316086631577527384919831434611587200257441393
97,232,91291302640809531786024768650,30765513356433947646609137273682976503085839555878804534782926885572698023989
93,228,7798540859305182751781386581,31518861836635734614318838985280192548755324489292153222297534680277324956723
94,229,15034565432527364186659776813,71055801823608456324714950372601955849066018702565341965266168298956643412000
95,230,22885208974204591212750636121,10788548118690546094356036165319587270703835040028054817857515290853875360869
96,231,76944630463838354639947406329,51463088971698875301175678504802832553026193889012688214970375823777936915950
97,232,92230588059537034627877599393,54048798111155624625789021966300906291727783421922530819924898528244665095035
93,228,9148846602638719101543931173,90362428769351251602595435341494896409136538605994974798571288715657641052087
94,229,15424965667387086637138503816,94684364996728912113926383565111115676426514334522244642962122776654263831768
95,230,24321495077662609842037714182,86404323435410881060213634144750424354835252367004634242267230770138553423037
96,231,53716890235865025196660137640,49299744907711726317049095736927152235194222280481801297834708012358809328724
97,232,82357935779589783913358112265,95533240503593387864048443494064046339641157702131429217459328931971962506814
93,228,7843380324685280310192896434,14106359840145836833981276829648079013343631415105219156348458663017432059656
94,229,11174908696985768452572289814,103103126525207390092751755900922498487521073546391325406376781154214351701158
95,230,22879856179800003355234082132,55616996928357935113331919766234742158467159265887278532430776232848648773580
96,231,56457308316584060616550128576,3968757386831000247565146752556861601664179938428696709716415068910509588594
97,232,80514632664706209617772922186,72532432347497495448328916697927261516167819637247084903634164763950960332752
93,228,8963175366365964655875319955,9366192971261159220397577498015922328862133823460478332878260258289992602053
94,229,10199951789809053595064369126,61287744075897145225596942075177544069590777595695156234831147662548896285821
95,230,27480784891858944285125850290,77370110954765218011255366839687031503041837183976749644284962538618355040472
96,231,78265242219257796887762365428,42123793950760170553013453280442814892126424481750200584851486098054167495387
97,232,127289126141984716490699355433,44932789250651344865229153652672551073749208816389448530986970388084711639849
93,228,8356962219113961912629727130,35571678335816817874858744341903860172395401561249505331329118274181335554818
94,229,16303865622725913092126944733,91780620708802439536649943714047899874092885656081840279201259635133367975995
95,230,33566290755247666868442600448,5069120859704285099921957661918088089908261860114048860770854905341412466874
96,231,45573365642196650452822514653,27349972770583636277387329407133105109274366774316289129540779744625427735486
97,232,155446888025501041166904949813,108821883403367303923300760267538976173195357140347742747398790110844381757673
93,228,5772556742594297387317269922,17415787682270426107598963826286170300725150577729990266597105560963026163880
94,229,19635567723637125534855774170,15698973851325132635084257829005463026874334666578835408824688641974622027478
95,230,36995371149729478963588225982,17303150733266081370410306377840196205335825662009503423897366639964876963823
96,231,61668769497960102915242724300,82978856220515834899523166681619575187042774408191766729473223341516394643162
97,232,152579250760840991494580324389,36548485353454733373982333626707065255288886393480767630364014990802611967683
93,228,8598687182726170928459159804,99768070315247288673488748483860769571471077313041842714064079587570436085696
94,229,10810685408101315119985040540,49310247367307536131685890599721221538407751839507508836051934475926271875036
95,230,32933847648645266198378654908,52331004547757830596112402408858764000188456338969587192345003667347523108746
96,231,73043606792349643512628716855,89014241142656653736004968896608299046804457321627704092712600630172069017673
97,232,155914364173421218897014911208,43096139426343406969783748607945325136245382765438492535788807345761698979813
93,228,5408225591655973804554797076,38668313946706390670703802543808758539292847879659766705458555542855452041629
94,229,19553795119692102248930614267,41880069169268856696267582875771072320358889509153982598434138291489039242765
95,230,31734841760902095793560685504,109280500288776583053100273507643327827178573932600854052371672043643886433690
96,231,59949408318126445545109170033,46270074418697204384543779884903070418018815908518196733796736410242451414682
97,232,157217250414053731069787384291,106688411114384898382303102400710685196227791710073004957797587553936711121265
93,228,6281325839777361480611935266,85676748367480531152121282882167995589281941514199160793899733797153149466039
94,229,16761502731673756989908055456,90607465112908938119754589660315058777729812526358155465794532119893143783229
95,230,31261894803812388109107499622,95520642271846935896248451523607762661770660616404493322616725748954384813958
96,231,54995382141649393274543045504,100264916063842275383531215175569803977523027467288914148114530357719310224051
97,232,150845801806365605466092596836,57326122313665310617629442791198430203615944546917315093451737297624533695342
93,228,7067761255554310095770156264,68847786761356456009762258172073468891048339131362998049758747030386259608146
94,229,15542309753257449245030291034,34888313557673359196101315981732603132172665740329037533412750374150688088085
95,230,29518851840190604159381180960,97827794745266536138246160431389009125318540293291956201411294938526887472356
96,231,67597077356279035671483369085,17693973662317640888027510835015280629358991324788323503780490506845016764542
97,232,132573994673226767522660750865,94316028806716229283777512380254662437071689031107472853476658331636162676670
93,228,5829262631138959577721617584,83444471749675635448956952905052230896492035034222401912477997695153894075419
94,229,15168049445599242772146531765,88137887677985047644668013781218749330828920299448386240114887423782072584239
95,230,35763594157284804324565784427,49937392858235808060358367220982777549882891939620212113687166528557023495083
96,231,75203515466147333405646486759,5288808299131680439086571294558458139015825137230568971047669516880844277227
97,232,112838368626217877093635783233,65570962478466020092799755881735252280622452030649469365962478027010147607950
93,228,9453690465642115425664392907,95313690552112275732987059067582945349024937605066549555630293667850913123887
94,229,15424238567149164033508055385,35349568213750651261081002278757654612230064396590682228766596020093007295013
95,230,36470687455260535901848861364,65460841611977629675245708267206935479499809737784815715395604155932315707450
96,231,73012707498367802157023453139,19044455393510750989344208012192449853250309866060027756990379494924483794009
97,232,126624054708814702589539076454,12999689232712241037874430758025088744643578715204543331366215501823009160051
93,228,7670242343484336244782088184,78164191489225730726068060250932988648027714300801146903428259025094079853706
94,229,12463809378867946874920348314,90072407382605828280412765133705802698875698288792969775421756116767450805959
95,230,36228462496961191589696291768,78407210129246474761933422281903515906495868342022263707710433846007213032154
96,231,47109354645631434298149358095,103151631777732286962657332882568297924289945027269616619155526762148506749382
97,232,95589664002958518089701793364,64473165359588590234914687847897230736278033444868749458136701262102780769818
93,228,8370521749318192144100938441,65546401893253107037952745916501186826385854280050778317357704697446477555106
94,229,15578790040602557975516354273,106896095222083291088753835217808086441410275265589756473866727631228149263496
95,230,29739015169617029921973699915,64327022129094135933368784380799084084072507513853910143491896056028248316470
96,231,43903828700275915596278682118,79573218825946978623148070802755921276349745347303903500528817047798625533183
97,232,153110693384787747826959919536,10806889786403443530007456206444883107041273233159436841825888676686364086630
93,228,5554323528870732284249751246,67576961572099174180006646429887828577514516967063438473012398253711345147272
94,229,18243043928826359814940726360,114264209686827056504440977601625328668333488341909310191272978819873287573806
95,230,25527188838021940286715192570,91318181547261082429535966109213942572405208989630333817635085917829750263179
96,231,60763577419481738418624538212,9437190684899126155384776995567291565322728424452901179985221167825572427066
97,232,123263869491167793467476557983,21953391469817209269697453295393634055480759485255400478896506045622526407113
93,228,5622721850998880506822609900,109865151169782769220901461923198413435234046560534412320134578038650572765460
94,229,16741559274430561450604763229,102227207246208362521907015233883588454984367683410462692279623106235007102418
95,230,21888430278186935863549992249,51437902909442016814276010172801453691724689519059444343682222943583861922908
96,231,68582265047590118552899401436,70244456480334473503532305884262849505198898306238360300270242032878986002554
97,232,135974271007159516668993427410,57679123594392153560323871712471015725829881759741354925485459036512721098269
93,228,8500541110646265556212738171,10383639628098529474287992056744299268064221489333891207582570754154684980119
94,229,14474773423338745395607447494,37661541518963235422870642413718135917748764489193274591887311950804991793081
95,230,20178681340541980219911477938,48837702264773202977192494351406544002890363957541161140000968628391600844053
96,231,67448480241217196702494183181,114676274911391754981913815154132710347401279115561818639816300980028319945939
97,232,131799713783903468124264267605,108944580039122636560943904655331840967360361422027259707804199659713039106989
93,228,9611651084477652287496630881,18570683823960814302247392405213170152841245314753998280808922318580259052060
94,229,16408312396138466330201698869,30251482090736365440987703604157936461558510835162200187645861827861139528812
95,230,22997625905261664229982648994,107409528338184122335125916752416570606144151394057111751055981771619095624229
96,231,44972508919494330314771381396,34646935399261367311959871895301285672202482914840586946350676219599246475465
97,232,107496395698927850749431014991,96209880093362238219173152290890336431644259634586242406249249455238890157356
93,228,7685294407265306272900158778,26627782301735026154524410050498651701510554833837117383702788650548142079033
94,229,15570218951260520810664102130,8509809295933670983228270795424103277967752001206029546846733444169437599394
95,230,23095094990239828827158513700,101122951434905590483224952327703960756994546141915490403783448858727895660518
96,231,56892370896598318457516448063,103399228171069991844747638782775871381984037385289666380825514570853819471108
97,232,136378004328174345142707381763,26498685571100859547196226900902302861746068354613606397181296359918527005990
93,228,7524772263778084841174701971,71059488468677183566097408795869480547625106558805929357479762375901019002466
94,229,17545844861164745325821035979,110764741969978445063709816844623989161031595748453492961305412622277357244501
95,230,34259606874649054911225101706,58015907697681418671144155364895505148434765834800012467148497539065569106063
96,231,45647291109448629098173987153,39437943916315177144791186724172521956712389542720840830766374501437050342930
97,232,85005877765913817096986662657,95026590110121981890651187583038979889908467170546451629656791642357533486362
93,228,6206853776089400984078569399,108879208315182753294893702608505685635706953368317483151371754568101959670880
94,229,14169239936736814656622449983,108622198712217065590239138325839902180238542911571965291419818055062573102241
95,230,26976690816891038627207573750,3844665738811737040147874434259031577246604038288861282696566354722493471976
96,231,76963891131857911402333956890,88538519636186853711111863447243922245376386040721824174817432308619806668721
97,232,103887694313404276505654333933,42729249306104211138110616302496315537707745794433348749127370530864724274615
93,228,8962638261548761492097463473,90716994348071619817848902954642987054875785407645749416050310596839419823758
94,229,10376264369144395344013390736,36836532700860651024344162842674377213494145103689000572185423825961531109210
95,230,20653536693416788954587616618,23557821381710129415446151256063607910524741074294983647990849578155860020466
96,231,71670534362778312095485880619,20773520383225762022506391792740105388716020098885754988442826234459223795999
97,232,79828646819372329215902739625,37135337984268425720118510846120327064876243087862673741636859445469088115768
93,228,7855643461472145690828246308,18106893796477709235457191286643685582856383028532181677314759905724489572934
94,229,11019339846368648293521219949,27623569400195608070723326578256247011232187504981832687213653039070104894226
95,230,39568628746857147946576535954,42050228108898337342500795152865358931653619761407923804644076175179804619974
96,231,60204051076865372308163699358,819815703843396824753931540738576996402006825834490975221587081250551018748
97,232,119301855826467677955707498458,114088424173300701045033254948618627538412784377754488167685863972261197410414
93,228,8777214832359801442493601397,535885532830593165916039527084410695070368685035570941394266696580412903251
94,229,11121343610506294740033869805,90293549282373008046100345278391948559750612118185733704650324762190309666516
95,230,20066104490042112990760348177,89881121084824344079480588021111438678423936198771052297572024350353836967167
96,231,56085098992066214802851496276,1317383291035764978341313081100616093406035757224451603021787491574406989438
97,232,96094429807678483677203742584,41363800482196981594257536473166393827923259721074872748919232980397741668424
93,228,6238294718156619086213726464,81709315718427569120721394974057984368577270999173813201713979204157863769883
94,229,16866437847980189565433113461,61475405612613681502138472538464626402199097511154270749041949611461018682861
95,230,28114712808601076304955514609,34937610939194426313282683269214004982227122951120128774997878321191495080567
96,231,47706653329166538152900861278,77888940733294653693148639383418130093502798270295074408794093472787710992377
97,232,134016447199286597669541584463,42835175865936985249552603983754377989497055972544509151215664945398959023499
93,228,7659666904804711170381135344,18199197602388952155619211800673077877538828243265318605170772417355989502706
94,229,18407675937941825859903229342,99463197240425031431782518404586765654601121913335345609525438575736953187108
95,230,34890125873321860686833670817,96587795853589850936672737407325055868813232385540172949726138792237068104134
96,231,66424445792213840139328761773,77244676461940200750380663818111133854117067186849633135460249079701323340348
97,232,101119008297575976261003248133,8894210993373906433841839167010831818616141786413793976090834467954822136292
93,228,7457482751940154401439442510,87857298670800442007506717678233185385406871774953488235943321146134229544251
94,229,12264521051213344445770675482,9474507819722856887111889660769141636793347034600495498716462399217649730762
95,230,31407425625719831133475251869,103366312498030601097142651953167101144519105818334868035986442907045380441544
96,231,66497894547054756619147988929,37042907562379085966962766479947667839918611914688866594390716679174077627944
97,232,101444452077227800509180106855,60655589937877079939066138596693611842240388038379087172736297164725914214382
93,228,7712721357758695060140369642,101787683467251634640113307364691874284494752932781503249357964337706946786689
94,229,15983726575820182510750512591,71121800203043602981472340915813718609142159152770071740328428337903582562711
95,230,27745717955247779639406203585,111881082576170161560697791895210474613288939112427627337233289997092224759795
96,231,65683637815117607096866531842,17350039922413461114386979336034278910458801075933089640902316543125380756029
97,232,157691519628628318122274898939,56258657997877507988938925148935907777442675851229572536958187528590803631692
93,228,6729031303036963246576695347,33542856114303230258452972913346711844542512651957660550972974752831415558785
94,229,19102083719456594034155177916,30665339800164754873311920320457015971388346967138883275226132947501419243240
95,230,33867568110431727144715116944,12236663421215853806028031658769769883392148363232794020959292685716410515793
96,231,74280030401207801781504609990,108920479556667170288460442936713481852168076531464603479078697964515637099544
97,232,139487772875633127590405105426,52195115736199930232355831339803246263040815254528981375679430670898437240951
93,228,5052661930650856136081209143,35763852758906535455988251556571905699756845722595506487687779504884466767394
94,229,14755415805505992518899154547,48880711433646601143934646467814579764187314401735396090563622723129672355278
95,230,30890999588300245427652804666,32940590547234152647100885735544709279538560294087738066590109988380647276576
96,231,47354884948751280944424596695,40592654712293751464025362615421498787727084379671650678819913064250389183007
97,232,143813212151479105447208670841,77120688329120712521693812973047245574107238019548796655686192930140684591325
93,228,8417210701382614310539396899,3063748180742947639546446451423388232000652031614039688881098978568882174673
94,229,13932727909691586754894097644,49728048174335929137384052753545253512009254275942347157158480465026190565926
95,230,20689137755807501584992115397,72277799403679178114589570441406918606875971917562200032888032187166518481223
96,231,45927828479769927417240484359,19013626169957509070633873213143112579463341172475921094615440710730498863324
97,232,104337240096996191293062824557,10760394684383458373148043623472654323110365365583646727133761664616638310153
93,228,5169001094457363231797220662,93194057335500068537888437148765703775908024949233898573960524598993477108100
94,229,18412261489761958189512220376,14816517642188648345666443565786122552271199272496798742426358660432094700029
95,230,31167508988434592761930333259,64862399000520080977814213309427636374700198157460661713201846183020369829888
96,231,52970650002506218665731241313,38304609041227494430656471711027030965188015954832544414260611095730948143434
97,232,144929661112582440847487979199,112297294451471642338316350549351570925333764795905698804748352692891390294532
93,228,8217157200868183817385505645,40593610501493720995279461477467582251583365048768370571215759360907577535904
94,229,11007101762666327854949312081,40735682467705368947447167952045535314690669642461125662450152642876372176759
95,230,24804570551064968227053311779,74568110681859915394814063863574150822428877924218126665933081082946974875360
96,231,42207699260596025031886060968,37482526486226841381448205032245204567358251265409997130151554960261536634045
97,232,108724023532723572819931182657,53043567825534339901113112396838559846153855237427154320313488761720291230730
93,228,8234185822262289500238612556,18701832275890187822462432818654677470997536394081800468915217830333483574045
94,229,10720382722894466406298193963,53067845432996809934743697709477110092870305251582696027181821528473566120437
95,230,38106860347476607655884749461,30657890968965212036145442601417166043040972280352088038125564483093297491676
96,231,54732978855525315620659238221,57846529165442686329298000478675930022770370205119801822540053751687368639677
97,232,105548885459942821922174480434,19766941611072665719804852375722024910757720335230341998838652890242656302322
93,228,5283014702941823885433111673,85941286497349360869603508844672292013451190436229195469941831394351278629356
94,229,14178451386405946512643483024,110021980929462440566421201253022864778579010100632489853434603698077858938235
95,230,30457613540144743994216861236,59544355659167518047639501764003410338852989625381348264438932891899370516433
96,231,40453323746293901277375629352,95471374933461360685251529220570683182127590873924175909869857960696094687450
97,232,114136896982463298187509420715,16643903407136420034851218938638792132505951343147025687885763422709256270323
93,228,5417220426615998386771074421,46778533578757881064579658831927734840859257339538717254733936238490255088409
94,229,15890826724117618816753204854,5549663982583071718950947778439437162686432922819519807268236721396196093698
95,230,23311081761935976445473630337,57181926025051391212055869026653776069728093780642969995091535338300589981370
96,231,43802583923588869806795117235,68005980753543121699192779628333228253656356941740056018314814028016822996383
97,232,84356125903990691610458426257,27150809605826462596308344461279658946896729126132296679439150264380092842834
93,228,7550287518009752966276861163,4373526767997485089022067621604844736124631640779970368749705845290668050502
94,229,14864086199784688301987980692,92223430399739779108009990055407552605173294263965201521034578441184385661771
95,230,27562519971648814059927005212,65014997463549079452216323844009485780168696371386713790839654870818471461111
96,231,51690969572395984496964744536,66859019485686893618704430680202481142146234587443310271718434988651683897961
97,232,138412596209884547885418397495,9230293852873189295819667033244984951984823095198570727578686055744431369581
93,228,9160510649595799792402715056,59546174246056246898401896395630292791846685971054402956448747030990080397475
94,229,11552755463932567498407965217,3426006992296887725262513443445026385826931560892060515077957182092578312430
95,230,26108644890447042233628009260,54827888569651030196309671978832684522372131834226756404639196123515474291833
96,231,55179606442325753583560742714,56972638719629225075225507675078642862538289705445493836438003364534880381096
97,232,122234522869324061541793313872,79703049829940276199914944108670225842904788831187113913256533439736743963189
93,228,7096804592454575346556731412,24672839133634666699202656076109836655849373208047019995845414421384886734396
94,229,16097569536224702410295730198,86212553574395734554291825577288117216253042362898448959917680691657747617546
95,230,32718862445848291797960662858,105926982094817581529623282772468282990602621286512716271797232577232367280136
96,231,50997485220906004425087030035,10011934644489115059895947885245503666632300602964897765837076545646771569280
97,232,149575373764697376115458272413,38974058913792602799520062947057151938163347402058715143618450617434065254448
93,228,9311300776322127643310541604,68904466189069614877999978763637581185242487839526959843081318191603245746353
94,229,10595421849207220823982353183,15651069608989513684714593481634339615520517228611823587888105384411256507797
95,230,35655526338755045598077005237,24622672497068089007357294037325192842563047942303615638302219892556037010874
96,231,69157706514555715509544233476,48735513133647812499560085467891449999526518632327217310864545641653594408014
97,232,145919967584481595651916212163,84975598570095870927434258799458611919163617078999794110515921354644577959493
93,228,9145604479227324780884989339,16052092832238439030379192082242942897351428331100303125587048308336524028055
94,229,18219576980408522168218426795,14316495595157244204085059133965002919199453475191402629429860795937201270424
95,230,32932588032076693029748102721,20581718179171813780222838979472836254557128395377156474158644152206837686824
96,231,66569880024958558787923841487,36104945537783823126737563055974839044520728456904433218420217057624631131040
97,232,95285008487795567329953313599,84754211399823558616929808324443681602149997440005205420148530983815978339589
93,228,5837283799807283489394378876,58163736945244077121001385636974871784193339935948567441137076716063689686509
94,229,10781990156616985008710880430,95676231450967915926128131194089206099538158905682698902656211474700174121723
95,230,26859651634545276174001818328,39029378085964870974749694609902362723232300055382231448268340725398468553513
96,231,61385753175589752956275772179,65899028374225307071873741202679182578860737430737798786275552978228612228421
97,232,127031610916293979096883929915,12863282983915331982761923064787771465748041007046133106676073233421692451622
93,228,7688551886626122845603326895,108727621332569329258820765934800256041921409004239740758051857886407506522528
94,229,18032568716605415668217684911,68836895257675588891670835108150192050186623401307338509960296382226964552622
95,230,23015844754909124848236035599,103130518396072524396237618957533669636678840148815232971590705010375544068253
96,231,53341169306280387279486715533,88346279965932463115255043036662241430530497881979764361015099982967932852407
97,232,132112944473864790087898467724,101281196601207133612297665485655479246423353261239154923488012868427903050287
93,228,7979545391569864907885568786,56533334392279305829676827361016882020017594737822449774857551014248045667573
94,229,12831293964183550961446363097,34474026418673402898402812367924802753289031339590144329667344228926533881374
95,230,36283302413150985670988820692,11421930334849842902102743538648688660809360814328029655623477553057964772501
96,231,54467720702870426148280853929,36292227145699869370690718881875972801702790785634487200598984190584147073291
97,232,158326068148356856615682694398,42144983630856112536222344187433143099646236688482345902143477993361003272099
93,228,7204782058387937617733104619,95153977064276847800287049608616071193615463556054849545364182392028727265405
94,229,16790837717619041376429984201,101556178682578129166868818796681643186051365261336197238437915916559529602378
95,230,24385438738722853328664999849,91819467604620349548082553675774485105200993056938586133056691723488313951292
96,231,46803689498256347807660656389,49434606173906825100059239342392820340710914671380688865858531843508029314015
97,232,129911420355036793989459916963,113570021853011979618916444356348016755819018322857258679366811039809020810262
93,228,8816883624692965049967477892,88966826469565153202319251202058223577724724915958600038682095121595460384720
94,229,14960415728135765657321022194,110070464615833704568059254394834148250508864354078000156259539843141893050785
95,230,27077154401895805207161468085,80881925435431621030029118734290288469555627548361427531205511404711535576888
96,231,63362305559138467314580171817,103279994706728823733359599015231959957984749167655712094880299816554968627752
97,232,79572802721608340595086230742,1733000316690974605945346383829026582407546929519146375111779897026868754803
93,228,6056358707160577010531117687,55520760591254825028617146598456345728974776840939344626922325109756744116225
94,229,11316279038891569883826830077,46747278965648545209178670498241342226754874808507100425454227512016994492758
95,230,21801219934753703481075348296,45600789892277496922184046733079036063237127182904118557875729015785197042333
96,231,72886379870960090834464838292,20313112767304401731007394951729811318116913603836626041651561442633495013867
97,232,101853279960755703244157817666,54438405891490052569763694007336772621097527209153069128243446352232901367763
93,228,7812851012656097509165473652,110656691607440691439919457742248786774259122249796560143653901663856301570868
94,229,19071061431331155312530389832,9989218919912175377558255778299336576256797863244464653467748248507704647811
95,230,37154891390243242898981231134,108923242748795667217360856498643687310787873235120336494365109888468071260238
96,231,69821532714642887238237363778,16618932450860857773752465507215115477512346388801120435888275120774879423947
97,232,98163642776229998503666803316,64372764548940292221674489750980321794812688936374065548149798519932579253503
93,228,7798275679059172267612713676,63296647807704642121236267461774150073415713822028740566675321512169469625266
94,229,11305132023976336004342897140,68131341262470860632930485796670497861271178879094383521797477823550776464207
95,230,33768775667835996820997889265,2919140231950326678910583645924841195228443949242717635750305286779575843602
96,231,73609922900106815804292014191,102292367371926203447171741326044450986924476637670356171418627467692985329506
97,232,141005079404127563581900239227,26774964415141264304275400147230011597359286562503879440647710634299802554430
93,228,5813542068024662170047790881,8126001679946791440387661577494441074812811404111608274949038304773350545774
94,229,12156919625607730173020240370,52293885573815622098372247030843029170369946434793512291612153500347505251750
95,230,21825646677668421542275069730,40748554166421450507974181282215171167894386601573663983754893493194040262758
96,231,67424839317155390563124013694,31289095963379580056532248398210013392379468433890776148788337105383220393045
97,232,93661085600068310434983511569,71368054080760084896156621584169412250404201904864209290790929760308583081669
93,228,9559180512325523433151539206,85542046160168601369305279170159159720801527228467490710460968404358522791677
94,229,10927999531821017289948522263,28157288557743563840133453863463777881266273738798541505913334343704249550329
95,230,34157131199143531360908967009,43411031233487391702036280224066943886301992656417332379187865596932789206306
96,231,59720689222100029957733255972,94555979029727383804175578215554825191701935887568076593384549150677650081688
97,232,142707085541282958812937585855,18213132389419545568918257035487646344437717323151785584885819249304910309517
93,228,9622154800345847569809795993,63817925992032249952344142357973982583167203843410303821145701061592337033788
94,229,14410032003600700337704711299,60813698544357567606574692514976824647526088149045259589054225224575520217546
95,230,30406818338573400789251889198,106689588974210865136239716404938659657477030247357361831521402631669140157397
96,231,40489888333241627224715480304,110535681955202544921845941992126339395942519145722763518641509660963555269808
97,232,90887923218703356319830540104,3384837391370881826952122631712435251571426204019833691064726981107903727311
93,228,8373938228305015894303625071,35878566182599028687102045509729911494573667421073734947163149321335470924802
94,229,17174092923764100386479545613,112260077306427124876142885688550120208499730814067024071061637220833990397059
95,230,22381922840816869025596754075,58537491142040012213927570288773496736369461531596037887435798465180857650877
96,231,65093576062837627974398486941,68674953811107403574633235945747458852950285004768015866096364522062782051358
97,232,96311852696550200190915316102,68156676230998959728673268291791392933792568071160226791971317679247510953779
93,228,9605828808276093755784584179,9713478659849986283796791730033975955741655300456061579043220008501103817011
94,229,14284225072310790634375286954,21684569364735171561838129737627627721482845124760243595022346871777308598349
95,230,20690322179241413329105663370,66724604876474974245148206426973663181528785243286738667804250909381742153824
96,231,46497469724175026898624599014,97336244029738840661016413689560293037712542798795651892075055452642110549426
97,232,129732142814761685585281132320,83673144363546768328600379062324381674044119398816921580380567032020310025534
93,228,9472679411833749318257093539,69622892459351821784278488845974529052897002596125179566409922737003127160401
94,229,15672707215953285465017400609,102018082248161825281337924363949923794985313357283466213264963943961203767256
95,230,29025563352830876391658696515,65247911110103493051386574907421122144491202120923049528159896361080081727986
96,231,55147841677028463162548235179,75196187879529802204783781483313874659394058319631811849832888233364510550022
97,232,147712440840385439196716873977,80666865485332389569793372934416767615676294210610779002427790965498290681224
93,228,6007320980116743635269894186,104516310544932074809349162456068000834750839275644397497703179414676040280439
94,229,12221737362412837658578516796,96425499886638647009233299303750014680024109947204930104279900643901111223079
95,230,35959092260751157876532839421,77162038604852811700093930388049498710301310268694386514182763615639795011684
96,231,61817653506836343889285836371,23335777644967131608968053965011612766214092873572217968264583789290193625796
97,232,136145482494784047514456713582,91802988321954742921787276431281418394234997341338383318524977601828333538095
93,228,9682500186098714218309109482,53682306701540202525394164636304767098841903257903114852898908225340954580709
94,229,16755244920841250405250965418,79592835792273607499197030039488285548639766590105741941262833652469707342810
95,230,30553326110922701313482846568,112838488756866108047430799205847611406644524867206897790582731325987697177463
96,231,61946398642598814577288901100,114772014165393735797656115191770864193351073827812255539666748621963760082500
97,232,147776505134922057373668280721,110718230262275183180379815618170501173251411197601654433252254231033011139570
93,228,6858246836460263856400725025,595645922541429272174972806237976117014448650601982873340121971191879364908
94,229,14011845527279977792809145041,82200979501096545822483479566766190697116275312466013755523860315746627969687
95,230,33341111730072861466057185710,20403006779546276227340993701511676887313271844300076616872923519941797586889
96,231,61936792731842043982699757285,61438107137633477929457033281891994886771180554261914255279083760615727877486
97,232,82921899450029622808506786237,101762553850192385237701733210384377928023618406975401864906833416781858141281
93,228,9400708093916950908122918882,5104078154378031373705525525472709381680425265742396654951719568996648718940
94,229,10587323140335123908937529557,69393162010065963452867446897758213214130524096021585162770377707012988394321
95,230,27132808352788825172357070641,76162115648506534151250988260047108169661362355091453651618569045064644993044
96,231,78961279956859761429794538457,69476289463096660333454580677047971333111179904692961604920839596723445918690
97,232,133627777438096794638461018056,57949172830401517816346688877080563273370550120204706962750595924880349377655
93,228,8690078372647417981120034320,23969145562373071768927608185769004627150971303444241961617027823692190813267
94,229,17176725331622049416081151637,20592642374641082707377615236892117241527230760749176942538473220268364524370
95,230,35261809460147318986494944407,79013706118661603967541807808979561799480942872056172153775901837353528635787
96,231,55354522815734822688358897633,107999540570255736691590811925387141241363328664063152354044730124449179007949
97,232,138094015675801137394867331119,15652274582602785239834568284252616128545810688717326182422628406688059128943
93,228,4958878516693701290993566644,73580562250417548737585911779135223752446392056594476818095392074419798729932
94,229,12223015104261304260018646856,15969083625590099970147163213016615072817258267280705401091176825587071138419
95,230,26327516826993379214517087728,18296663406867124824988652426503126446169941532603965242367931866477045319364
96,231,77023661262222099038234672186,39475738868143866330704491882588323039229929329830190758620614087977694206344
97,232,145596801012739581072269452451,28481413616478827372641592683500037957300136330504457824777914515085748336078
93,228,6958079755056653140841213754,45046723708385664544654986086107541274398087701992894225396797002921853787124
94,229,16705080488438956214915325379,7879010100202287320044168541136409297753542258691434634205333074737663590064
95,230,33935725321351302202490702331,67284130493251261507232508973405421627290617640249666992201961636117435591666
96,231,58186044787966819671422527211,78821849210848447989494016264151591972940582886589835473288908504958238480135
97,232,120100556626518231246610649431,36090834547041366080711134946117419852023562640086987048453868817638354251312
93,228,7193033679564886632248139328,64205069113177843383423348693932354713999121276919511710346510260804685681038
94,229,14857978260027341730354562604,23297549891223878005894238834472484617532361399928696536564967483642994632248
95,230,33061343536743828690397222157,108594576491639428753321886671957382978872789237214736178793019818177264940575
96,231,41178590768562997810358428559,26439337010091198083183773381573044885981268183887039318297616463548167201419
97,232,156869389167658896353411519117,10053476684891568428504122292494653876568473734694034103243062315570095860559
93,228,7080001488105793611362215371,103991379136608321459408979337024085763351590401975734963778632924454443707883
94,229,14118987570161802189232039861,95683588656627472306838408671911130313378513469066098178821694346240466784047
95,230,23770701443486573498441205538,60341598824769724945392529664587948849576075693951188009827054576813921651054
96,231,62089791772394192724383250524,31589048686284403781712409842375241679821505407296456532387443854436809024207
97,232,156465621630701084285405321774,58016708671135226285768723611813174563928589874754351367273103814132897042325
93,228,6514140946451042073478566157,110892551819379602557160428071768259982802809939831009993589809300669447058813
94,229,15233045662305135028816587073,89822924635405372856272731065852824589691992967392491868379199702329188006572
95,230,22085707489382072783413933011,42912253726208674689190945689339993535265313261836656802845705997997838274948
96,231,46738269991874101635711771965,28072567007853456078950840267651655941654102041627846352556221411123708569642
97,232,84627133017018956589450198847,97549551377411942059090587589411502752244108987603903783422838659549939809384
93,228,8521322272883668050100939015,62594919296943652663817811374106565208447300785645356946668270734128725403139
94,229,14916112719532802536760848643,23852048367163882054097048979782659002529059155696455622439999161267330396443
95,230,29687320228705653721247553219,28221117945591652777958911205071428507452068616849827572198588111026309643046
96,231,54517996279131565732594518747,113498681292546352600313887457317385329322043297507898532112106583967227972647
97,232,139832818238859597447623554934,36709003507680897907258083288770828435778610357901182828740835211855008045009
93,228,9154284115592337752308299978,98510653258929475756419058965507430958600316341796830717334151500064493155904
94,229,17959510047241598969629687541,26149197513672912500931383415686136920043682122152743698735343476512540057672
95,230,38785574935298911142738635307,69607942956577888958271643744691109087156727004637945902298665417113726967915
96,231,71516806364387154151054621833,115442116210768449851899493666463264072890967222605813501456340178565793145727
97,232,84658527611952670169856956540,15392933871446797038699697808334622216026656343413308027514210698089448619533
93,228,7413613615057481255661611094,79148246910865792722935070130588454007467156210539533403030757907300105787754
94,229,16605318450266803431497349982,107104551237128066023975932536737201051592113084833444688987877096330333792098
95,230,27100632058365874065583902354,56680396937852114902691092717897070080806243932603866550037121491855229932879
96,231,57588510005766419467089825162,83486360206394900883791912699363708091125233455750900127615409101919228597052
97,232,152483025493651261875274041503,34131831160818810651800793396072176008118905056234642867251323007846433690198
93,228,5218411564022273735244617987,100180943724890801841132827338047315132477351870414166731449918513569847680761
94,229,15810749852464915162689839691,101138328640872640061606915777690424519574951650950467951624156718117270215451
95,230,26426785602918080488164250965,46404554179051236657795550343386297888082092647595027279609808022095394421341
96,231,61346836435877252325509542452,16360483846999314763096628847603825012086758190651220974337447163588890460657
97,232,141503624059362102312553225569,24556491071151100978073568697654459048079898799055628857125168683800819334181
93,228,9013889566627120085251966216,62216376123686155131491825854114971829569337742426382328055034686792328262665
94,229,13301105427493101636383314911,28965514295771561193146380356901279262623508821419137745307962365425975945713
95,230,19965487124657130598958812950,70997243443150674156638507052534290847966276498027761406419243212466567126799
96,231,43884180510032552055078251130,46089327264453788620525184463546489596483617624511801811204677127250122494082
97,232,112560647262008354152496656698,19501773243877588853363237069151657154034632357350186641787230516553697258967
93,228,6676392023244661290910872264,81965890676354736859116746683733218263185949543660080424984946590611156835068
94,229,16740148625009118184464711857,85684466194796974566938644722242239065975902297455934078826268668069600684296
95,230,25610958894873621866527053069,38733562097593748173902836209421377053201501162735883473860553878019822657387
96,231,58049969235809762121850719130,95347553912819654366394675098726054630856553846631155867060552929185338561526
97,232,87824787005805667202395527745,61961576925976135204881336462108512518291888092543770403121837738857269675482
93,228,5313491625393609382430818000,22634698475815416899824779716599470975816102913305579180150768619767693758735
94,229,16684008826680254982166961867,25156466261973533346650541102814134182295043377861385907059812722429793744303
95,230,28500269668798592360655661041,76855883615753828357917223019946741242038162877444706693151888927034465392115
96,231,75733150913836487481709807786,80152782054877947662530432441727838943332610789438863338880304726039615593714
97,232,129406326311933746907930440475,24420667467710981459086747790743839465420595137758007808351335506300550601640
93,228,6353469197519102833430168709,38460319572300905573495990539637959575752566371180968760180543995489942592134
94,229,13376695991168561698008478519,115007458779681059789813393163012228446179924929966673829737092088018571185594
95,230,27861093669902094196345837913,24118794539363923497046896135110140878497952381763668118189446229869213402897
96,231,59703015099339274060142252487,10827742163953061134282749088201346295095881389935865414769360025549811655697
97,232,138367055958040516931551808420,77388360586090023594610239473183563772974681376728163258581793130315988224385
93,228,5097308089446423895856051358,19339553104772263211985599184838639914223793066479856731035632552791153206395
94,229,12740327663148624672165297268,47943359956007606264626412472513281608290877699294983054900914804870870668424
95,230,26445691553942049885678504335,60005333296007259208105189964581563447659544561939966663554138290916868090708
96,231,73372699450196894802457964137,81382393290833897755193298842305164542373986145134984848474311807457647734081
97,232,83622505901741301252711092590,36407802736614877433005718319075112801476783549519004273253773478560386931569
93,228,6414707019491176810551928243,63353308684476337044790212750176492782503985109930073939716555242351124926877
94,229,18002156698376862402387500675,65999303910103056793313029847861038851307201680438460940300474832343612609393
95,230,34489660721947322658683053898,3560196371116960141642895764204275453751126505303774118640906312091652856125
96,231,71935179829434819104933253784,38430065862748346866598840367886791326453346599984478278291573788460737543306
97,232,101299315962309537504452354242,113154084061366120987343805009673882219880709439935617669264346877376025513512
93,228,5699603892631994595043471511,29885595505685728272175703498735370013228862854399636101776789700255425524907
94,229,18472577202249708300946625598,103963243344983387019731327637132269104228726504484635305921462768132230062370
95,230,38223760589437005528352399689,61815883338625497771677099909013526569585526999810838945201513773297029359498
96,231,59837597290007872326155925489,12519407364773133414942995210563022072671724823297602616119411375789320590473
97,232,136156933679858742195214876928,18481084050875741615507246196613839762828988538560000263064151400927512256704
93,228,6908501186327769669245263735,21277906865683334226217984638517015214143720139818739902841734506322231159205
94,229,17497492861156838999377478439,49306094779484435630132593872095418328823353180020586042846021014914684927562
95,230,30427591029093929933212496446,70980698863546867104850915550905299074950152300496815462215142777520596544339
96,231,54171291412824527829985039681,81315334110141606017769383025257340886239086488150583778516562724307503495018
97,232,81813180441378745200607007260,47639170011268873319019162033350398245824715115988909081463181237356414447713
93,228,9697048639062054106656853340,81110920799486721000789212952780465953878448881105022220519438146516572077002
94,229,16922297944415079273400893864,58962041289510011053126660490429099953582213097931865034185981452732766872280
95,230,26031778096700373883290152711,105431729536463942586894521109171304204652078600995977870908027028246297326329
96,231,59600100661848109691939317598,28319622246519616874552158050569250791424900703756123383787392004746595547894
97,232,123618381694801294011137639572,85581111620168764161499310258288686585155626245607232133476714647997924007624
93,228,9537494285169147104168495736,68044775585835787597873845508051752806218212392192573182922119246498031886314
94,229,18169426044685561937623934578,67996069086385099729176720845308920973259506283486876310736521012298446314640
95,230,26575287338242512877313627234,61048805497272400371734771560304324994923799878142501623552282042312989795212
96,231,45241332070045625543141437627,69452034554588126764331021331446611392679185158922473095535330067112582481926
97,232,82506627355647169461807365342,18237581574051552219617239470512634581356227652029690413119501805837071863456
93,228,7097247446708423668447481959,12066545794793961773162778137512798139980733586993331364636594387522290859018
94,229,15823714954499867064372862754,68338590649568068327941596933596304418622249549014795193555877659828452044184
95,230,25142669659640967485769157181,105802494900190585870962353620546670601556135055496732333134784371901304577113
96,231,50865385180624441940140049478,89073624219951683901152830988797049267455354308977673396486783124524299634771
97,232,120016221858028885343479548605,12825444276753326184964300824059646914445696651227379432445632121937843349611
93,228,7805495149603434579096156921,104093189468879535765181661854472583487802488826651794409012086559674839530590
94,229,14429248585864429487474874836,84883363628772479249389984979334585750193052255809933570460829686007965122504
95,230,37156034236196044626004902141,41208658489941156058838059998506934221090111380754936813837998883592364272901
96,231,67997125775659880363860926834,115014391470683745392882838279833872968989587440903906477442755556795575565998
97,232,146937837169719358916002988117,56859865826612046812453930104733591304466299103507669617765166598053427305367
93,228,5871010169332666485315851179,85459173952416744105761205668774909455364860714954017128134749739666257516968
94,229,18148725498234357959973165462,93191367587428670653540568452595739160418838503827213058579673850347968707174
95,230,24891533371140458710603586097,13661189929270328145378211062845274738434242846433032691102488502038184530785
96,231,53031635616329741762832389407,94373134546655832534229583222515426916266345660000622426316199918391996756034
97,232,150503442492201860305645804940,31090453065102221428881078784930963915642847389544491996680092346850395534940
93,228,6215633122237031593978544711,18822495847136055744829224017328941601420222393777521428850731117728971860015
94,229,10764560316411491711732290501,13075820155894823658658089302527722338006465808768260921650388158413566730918
95,230,34298463533203005747483603286,115169366540943811925203017507100200501371985386919391228481064875871106718733
96,231,71759996063026761379877582592,53995476740773928833546716544452383426475433436630665700851840313424302509913
97,232,156046064127909829433252180985,16508054698777422502047795392372812483776912657889370761115184611755620364950
93,228,8554774530326024911910262660,51294612436245140404652225724637085731306827618343190641460440515872316376641
94,229,15703913481397227878653440059,113588123412161537446332259456513245201749124762396951052487369790022869367580
95,230,36420871684323072013341694123,4122922298918970407385831404364314538395985976562364784950880180946429551533
96,231,49805649932206377300415898003,15781482684492908754773072080557251115340262352981707325512629126253648706712
97,232,122385158458043611596752698244,94632313765460988822449863303905436909122645038363132557821508226590543831515
93,228,7940985973566955365420596109,192909698724426406068429942483058937251710505360067355303076003449235800618
94,229,10401342615048097857147494100,36110434816607295616872385427368154590694807851961265794097500409212855852193
95,230,26796323848346315732651619967,45272797055147468617210647501603219122326333735335366495543729198173624689455
96,231,68426393509346059562989839467,6702899562061815396455604369412645851704747622189550332249315054699261157462
97,232,114856729000027985187221812911,111457928957147086699067546689536977154532178717849229248707602852155015741129
93,228,7899183731333451592877462584,23657609250630623936315446710180113160141845365393878593535943362369684832180
94,229,15959948404756762652261016880,96220144226137948847490012219575237914541053742546893738946191736182686538430
95,230,32403715263705678519774922464,18802359430132349504796046166431625430715638552152193660680150418342326517128
96,231,44674532802099539933425719407,61194793606190335953027436315008210685479988774176983702704054831594549358709
97,232,139840423227813948438349933469,16016111166946808194532751090076844396366690955345945140716070501338977048337
93,228,7505061145718681163150592846,97053140937604522750569818345781722269443360297606900195291755896265149037178
94,229,10705235641059440278626989276,2213697366742884104806773661301663123060425583459867344587340495118537398204
95,230,35976068598083541848398054568,79580722653850954058395258370789089123257287487062009140133781750741060136758
96,231,73333939738076919725938031306,21577838279412339215113079496743785701826540539047192940595412686773363054060
97,232,103734350479427275318434428273,25595065467080459767301723131927836221550274782495118368818961607745348942313
93,228,9840457307448990311654529003,20227296549515793392344494542320983590112272462020629495488066092049486564411
94,229,17750012239690524183993765522,24795378546439655917015267779506765395281292272411554759088487443342517024163
95,230,30727744730932222609959838917,30619134305568219701303434922346897612178560324753057828583909457123489177196
96,231,59802784769529573704682882506,24169455489832172037517345295841651438791720366938801772842151364463349082049
97,232,116154836722629953936339121853,19764824385578366204375756808658099661555686807518078570601635183929953330688
93,228,5228512990098251710425989298,2666477810647667601414813757702756822231922887156270666500002166410605872273
94,229,12821079230673805935475400562,55299884479619788723364096441116855030415222491348291108309386604092555733986
95,230,22407726987012960107487497583,49169293367225264398559905925492219479821372876961108288509028134459109152439
96,231,48382703670062210452750122821,36587063863881423232520730573753742300560190770323070686861964502440882969979
97,232,146846024532424139071279131360,8678749067420079667096795895545341468017906716218797567486693581840763089882
93,228,7267182263023765123953818734,69187896710454918688208022277977056900699656559258914543020627328590539687904
94,229,16479446220902539708944581649,21039286622857983395723404456170682724905085042083191928878132256616274982509
95,230,38122727598970394175367549043,27286647092423351165214614024722515815522885489709604424766527375330478370414
96,231,51528116513514987067685802405,19678102537814631287828300425252954772570169975885355433576820590138890323870
97,232,79420724946962343654398327388,32491709612551945064208904492373598649085300619626052823188231332681235897702
93,228,6034462873389745537112915181,3421093179681815242574833660852676036896667364274050753435113504168608553745
94,229,11751646797784179278656968306,74377917683649389642768723828737791170588232267066220754329667990872402653973
95,230,21118783970576772631827859101,110831365670823092365599939869176536911171879112182630994101412683092173649008
96,231,66067041131964207559372936175,33650114665589218396313677345757684152170686327209759260370729230240294646584
97,232,88481953666074423171012371369,105978149483250718223021900843376155257738614158352873463784077614681138938331
93,228,5361465563808047568435841516,103699514187260271834864731319710389345384491421228411621484226607060293461554
94,229,10109042076314713028394357830,7177735981489544040791611269794695196816607228395104994078626596083302088341
95,230,36244085478531914215721638184,27915561964233362559881959984186441920700861646004735890476078339050569567329
96,231,68070690346403922256490382547,97894058547290139520604588672439587978516552924046077613285956069374317640157
97,232,148197949025992423138753749482,43918511115463129743243700724871484345814586995843385200864623096897981778967
93,228,6778513138271294410383472754,78328623445112449514415727515324410377022849765553903117804060538633586383639
94,229,18315152504353754981912204259,9457410575040770798447665226923344570142949287857112606806168594984942595060
95,230,34921425914622250801432987129,62825332773744826675286667378699578496364914925186359524522042616706887848218
96,231,66655665176273013925866811795,100802051429556816129263133368099012155320448942990399083878098445832322719956
97,232,114764285425221592603088680557,64419948218592965568093467934428312988465136817624773409828798735463289979979
93,228,5544182365309282436783457857,75057078937900817751486388772530992926626374936255657690816844817142236811391
94,229,14000158786623387882012570416,84780237207453573140552646903732709101165966296795426137253902753207957278297
95,230,37488891809171599178848498014,77263635479024752653124227834129157978919855884968572058415484163224007497924
96,231,53065994664614434168078538241,109237710982358213192689951520602948479803247568921552631625538921219801338857
97,232,112524274768322695951782075797,30408269820917078807841829899845909399137462258283557150653615757665940388007
93,228,5977300761429101958297716886,91382335877176589621407665673504890193795939089024792943327729379846653486640
94,229,12819106055821921574040400661,111050302683531470072172365033864447079499801667512041098959515503287057998241
95,230,27687749260866500261927232503,69742552070972983518005534269275578282199863835138594000630214337016439775819
96,231,53106257108972010201097866094,47909729910196897857763650596902971879633753743413604206066022167512613389368
97,232,135935901591612840870506606984,115369878218033815346019800950173087051143130360880221053037721517511138474708
93,228,8316739604603357004725580734,12318507377608176806229566461640324076480781560983041619687125369396500689305
94,229,17532206081315783283857722043,33111697253002381732677345758066471761607466034523306074125446861382917664864
95,230,37541295582119382307843312557,47352534157565219801782910353252888195726846871343721255445879293685736940645
96,231,65925302622181434850293052708,40516684904518394491850025128546326766214394791788496429541541038221620545916
97,232,80037176900675400626310202527,47421886956750049951609459186706047767899862996551222718827534748990547266334
93,228,9207721844673419303206532082,41965606524173413801735327231182371211713709513748809554345847731105209986748
94,229,19595129798928275512231461974,51805971854486366461434994784094363710191861999409759147794169170060732085691
95,230,37607612131161890125376652933,84383034870842628343383571823800841358658349385189574132850939004385887194479
96,231,74835223928183284074484382165,50628849987812596424364775132010910107056021526825066934433186046403989506527
97,232,91192828632070587923048775196,63262535930814282335440777641234657316167733815522156130523540490917917711491
93,228,7736448071732359617312094660,80992836261279522324589018868737128197117965108411845535520912586749566608781
94,229,9942093226852075671888417289,56046581594924628610811251609135104012044111632421256037954397750935553968574
95,230,20562600750083181828113860896,80681140841489519978382151605712658487882531513204423784637387966749030308966
96,231,78371403241396411666914677742,105617796306216223314403166567027465626669630623206833723272423560899309651435
97,232,143211940241126327173463079726,70851691709678736125753006843132757931247113502266691445043091384498256609408
93,228,5539145553841719473453196122,30116172231285523899840517796690281897348891321655859372350601555372782763743
94,229,17660546154662687820312060161,39215055365121373904144600207981345866790761104829026600704702105291097755251
95,230,23697912997907623320805907617,16193024937043535708494794135712998593123907417852060083701907067692286318742
96,231,53652885096697388663292261482,113825400222315779763341967216753730143702457969687817913768287291157316872585
97,232,144390057808740099349088034820,112805662449088142345490492198216370369725779978857095585021532032771399276348
93,228,5852140210890724593398433513,102478016414836598934867610850445372200937377675330652135109295423464771899760
94,229,19515182423269784355920287115,93193085899188140910158153153609573090008093224349758992580830595132425656617
95,230,35331393921355347502692035147,11884421105881092521523378104440169908887481980063128419523398883997606390095
96,231,74564271743494706602968750420,57483554368353633147897331047280689290505901087295626311015086680841013246393
97,232,114505857033855017958953953684,47731107496995314805747255975913887781943454598859216846543191451470907184277
93,228,5676135195223112291052268361,96479462538441742928507024629523626588894378194899518126341974074689094807276
94,229,15554536717295090101556646108,2431268966946574023426854853819283081230907158890581872642565333366468969668
95,230,26000365995824373765107472771,298605479379231055703090993599366893079524651473913083632244129857847278184
96,231,52946532422166901552850052467,98450177990544180608809276281933137907203150945385012592965595586628602694941
97,232,79670973092418233817869743724,102900826276277553786223556606016752977317927755520566728858711085223378519879
93,228,9816346551438133436309298396,76181839335261681676249661449625845730841226984897092898903695180120957402243
94,229,12877436966021389524387430649,113092316343537795611136892631189734516581916730376920939741454709444151678386
95,230,22226742758979113462722082696,74442274518918538402066344636862724781101576418893099086003268925071753323834
96,231,57771962208631740299419807303,79032231163752492679796127029992889324814322807235139901850138540732257940898
97,232,110001759571826238326381759616,4960663685257083823069902629966970227476733357511863052789101047834182154683
93,228,4971137902340951524532661534,77907150937706045185971022515487210737319514464922926646287031281153968383293
94,229,18830600053840749601950265725,45385265075196854158523396079164681987475978642983286990125193721058355192280
95,230,27185246835437466244231838705,64131762465215044597945187867024764387617027492254886195240259999354259670206
96,231,60641012122555308524948829522,54518992444683810211432545051911614080350640339430926501571391179540840411703
97,232,121613374200474290293056739339,106658966656711268088552431961092146321173515454966600260266396597562648394499
93,228,6209454064352029619089495573,92356605889496121629516417180157247125095694200264706241246921843542411435750
94,229,15419303146592173953609419267,33580696270497808784610502284775389939148077101924302905867884793636743939939
95,230,21247902018836290452245635505,85248838624396726580765097106062068585407326761406337604014851238602921371153
96,231,52657244857965811448286234761,12822048178495205308728633371371042211059358084371016069808894265049961238565
97,232,80807048353904678945382507567,49602888492322357071700069076107308500866002241319911590703964156138822473967
93,228,6790504652590964880141948893,4859096775895961735125217503207340879534670217019302643185315947125400239828
94,229,10616242722336360386085796667,16797715938488667265295066974688720827050761130603330183433441297210833370580
95,230,24430123487370679228867831022,35452712164797674266351103583026301778715039643980833879039457230577296241583
96,231,74188654571347575239835332169,76605494600506438345847840334583223399799445330467275473835004772048272750372
97,232,144211822555920259563561242587,6850386866775726095664779302900522425112621833254268661544127681092208382868
93,228,5918795206247185300403339175,28792909506444606818088833737588200825291375937090725379027992555550061695463
94,229,18268204842223874129958632276,858428355445292548201992061992821587555235551754254043010554611109948962952
95,230,25615596859104342577351200086,11698031223768936184986972546833202472286559553990807672464147351346530481598
96,231,46932971936393812323420085459,8284193474158341291780095688594685365192189528626439146093859924381152882053
97,232,139789155013812201507367388388,51321731014572783848871017671132865716307624397016566342160036036550311922145
93,228,9275994029641482060721528059,15864705740806194240878980109052097308954717816605500088220999614257543933163
94,229,11630790075605776698403100726,78144175923352387072345531543083137850636807323213172892554940274589202765928
95,230,31572695604227534143934119633,61684480865778173002882369677068241684027568026016390937977374349040630007410
96,231,40650147206557508241700764086,30853727639979939705423875091045673310304695909534690877877965806559478114929
97,232,137472673030339818988094062268,114031142141274114928865547205162092926508523541149819805423675937193291654003
93,228,7313032826458138433688158197,48060876838227083630296472100310033975963895792386923069057752314957531656662
94,229,10590335269912732858064072785,65387114430416436808710789136591688527469697396427258772586281155139431964607
95,230,27210003272772541411595260110,85088527763464467543898927152133292901012894049815096634011899087255241882947
96,231,69321487224218729651885532462,67943983628034383489751101677672641034355355879665602256634294245441993671891
97,232,85963267949015803144262515065,47131363410612298887512143259928332004881732612101037752666719070186197836113
93,228,5327743145875393083658587879,4125396166728325787940757630520535471615088453925921045905960255385055838672
94,229,16928069616110321276740570611,52157163487036157542279694095434799479329452179396392345823316321788834455556
95,230,32306659809042816855959425438,99932054701092700198760641892196998447461517615914203069657624801631000236351
96,231,45319755734725922807747157600,50828454585781969746429598906436527046529491706357944863758371525119826606337
97,232,92246283882300596970658107878,42016241201546624724149865355876554277086835485271594297653481943768758746523
93,228,7053775180579543764127480636,30347713985853749920411566396853001626716875194329351962194559765638041468480
94,229,12122711611403053882699802143,38569125152574541549625296276874161167167320572277742916027918615435401116515
95,230,20468671718969591574683371469,82417318966744924925964593110686540946596583795117826857830948125944112290810
96,231,70013566580190768564653310131,17076552882668647448180009218592547099126279042545909770721146197521093410031
97,232,149914767172686132325545950692,88520913125146105791989280915301284116064857704300876509644660150602413837440
93,228,6747518365519441239643760734,6853679654616363595041415653440334340559111257411379706110096093539484256299
94,229,16346680706426915353566963454,40514241128797043239525861440528483359939257963673219118707231852403986080626
95,230,27588468385150702012595306328,107679720242151702910037534754203786502023447598953722460972920507099367546049
96,231,42397033349037754180792563194,24865623026796964284576908212877664866302557570437341049198098341776601519721
97,232,80649901186056609405486712378,75104099922189056097391214381667329807203455099179131307238490682712231425551
93,228,7966229438468602563427190627,60953562162137853183327754991199690068151924118501300012818806591309483931592
94,229,19208975661163562719353907465,37804982713039368501359975744259561805423624260920558968807260612032588402740
95,230,24934307284083407260042915751,71862591330648845730145678115646520514081691606627020348276985464199922281171
96,231,44058701081774167421805179373,50301357029393178429835662699041116096210383854795174457948201964442838871110
97,232,97031619042510050554302808914,14233971404659266948208397403637460351356127772091189348880380818249517837423
93,228,8474546308749897807029744691,83548359169565940806128020225235925557553058633477956212033452099432900637935
94,229,14478921610483241701149419476,67635784103647541264810250402350887641205993774125978086607220650624137778979
95,230,33905218591963388463509802605,35778399489307639866459192974791180073680137975645374005840062692047429981518
96,231,59752039080283651555547996847,32691980988088876793080109598989144630449342114210600951335416724336811338101
97,232,109794640486536598072732957640,60915482112149661486859078041281271241004804248212619093644805826820581334363
93,228,9745881418587643468137074741,5934945081624087836676789750768626637692110442897934985302009158942999534658
94,229,12606704997581503549162706472,39038431346455774189125834435661543558713694352475253644161451673891970383260
95,230,29490578796916239772743579383,64514371344168827949443852924809756909887376414544197562579434322298292164645
96,231,48946455189812299440819988272,38505085873427714415657400441462248156219784184314024249617164600232232266463
97,232,155072145754062089428609225713,86470171756831662733819715564542280311478858419757482486711231492949314318900
93,228,9311360902930469980535076739,89431424169424036143851937922092320813641616237783942857814401999906398224596
94,229,13362053431527925566207756210,80850139086056471620370942617434619785029843389240783819490793178473648460466
95,230,33258096381307730885701662775,109246006808949690751544405495316758899276204196464223325263926308050397715304
96,231,44767560549024030814071859306,60340277893190895155153775548123855693451154237903058097906729841660673867197
97,232,127147813763564193256325437319,27129873243136936531574755226411887176999230908082985700708440023923993427143
93,228,6448483306769286578250909843,59436049966315210842222886480838398025612548044749008124942552970548369349959
94,229,17452278989437308658358430549,89685786456135860092156020564725558933347575356179049429304997696424941163013
95,230,24278149236782634581375991659,67386678110218613339720058654842523082442206151539943938080552796184529355054
96,231,78446077883240979474801637845,33520038923615056768277828729700377023800614174956444101906203688109084350327
97,232,101173940307320133059713053347,82547536710740491159521759299591182150324771079901263542008856042418053234262
93,228,7385491105103486407620991014,20270612326253795011304975145480312452353518282896295860316501373132086121511
94,229,11449201756790270767563237963,57867584239166504006521565726382981567908678103931905214262989222981773236912
95,230,29894074559129875890425191325,55962985722857410706298175502755242916972527599857721103089343005446495152482
96,231,54782609329373931782699123964,86789449353791500047953759388964909300182856847109600090320128010425855760089
97,232,106498390654339537825563039979,48694171920349253486316441290317238557245523636876434286458515270197770020016
93,228,5756310089906645077130575056,3164264294877379323458962239724565089180782292476413547887785329323036630882
94,229,11243864969233952841869876226,36402222260838015307045324408404452638174570991011722474628912635133695214345
95,230,36150572310835087808745221907,112118022980203396863235557908911096644597079186832909985548798067035005883052
96,231,65302212476318528688305956386,49354704996731801246194367399797735222995261258536868583469370937645362132508
97,232,92354415500573071986582342186,80810148103720848824990956070346649590601364511849468429557790166277126893088
93,228,7635275473523491325045887231,4484537270308017540247391610049274885706841106059361106647564980360158828963
94,229,11011290498075148307338260236,113247320252786378714830410296932530290552198721895253254309525057661113269175
95,230,29649047707530664762177983270,10584990084086512535809276262174877738820023023908113660582186585805164922318
96,231,72079541858203144073144760630,62306725577509801447569030845989259261610225410860436289628093064954247573099
97,232,125686431635070635341492772653,52282658271746458498144771863365841171298668281240678238353281766673527004997
93,228,6479013972888873923652856923,30055764909175441321744507542656309892620320531098716494526281572852677029553
94,229,11484239444151182052069185052,96540085323330813923034888154657175328847470722154874384489229515500799719622
95,230,23644590896067620552362544125,18741949028468614277560859708105707508140586934122066486002678120407615603600
96,231,69344588000226482324342179784,60253233532077470691919550077879848097651924393834588181512927956512330416825
97,232,120957144795282506450854225404,21573861525393826236563631126012126071353837650267840174549978861502093858440
93,228,4991817364395202218633031939,25724930512559996968206406188297275081518216650155260507127370456066973724709
94,229,16733276934018519650967814686,35964645026873212032245271543398295150024724915950599695888004712554661471594
95,230,27281246412235277224147845549,24656592325137750728879310688184379222343556959880456674285282178317281196405
96,231,47272170927417926226757808310,81315315854050038586523353888214685093536779772113626424431656190388282325635
97,232,143921134416942045479744185492,60634820011944686722746578126113122158747060162534434618837688863958294488898
93,228,5796023751656162203991484617,60419805940886876134988682610836583640674794076631266937102546494526446349624
94,229,15538026971399211062320322247,48517944012328428500324887757177072903728765868366140991486286619911198564207
95,230,32351789927195885312952150548,105489519567353980199743864073093313227121315844347392309797923386979181550372
96,231,48633940962296276756356880159,84542266906458428084649076152674780702963307100819343062282927830796374170937
97,232,137151331807724591265426895199,25011598533666719850031554141565131745069722409181301280349024150371058296644
93,228,8116774365852368817446020841,14834409966431438211324002993521896360335087513116362664179232263011316673494
94,229,14256559120747711128544101306,92359665411130620658008832308310834843322511883649082973219551942299266479129
95,230,22818563472654564675943283056,41946630994512450394114594127624918329384838895228352278095363309270045864508
96,231,74532003606920392186789295436,102100877538755161968217968907584766897922797315603933657476178098160909125118
97,232,145599397115819083539568615614,27944541296708685986195936595343436666628533023320339591511566888792467330629
93,228,5567720141261180688156095724,23552402620735711326780154120607410661092865851582732220698008070503411684070
94,229,17396110011774106344191686532,22232696742822328559934239564452622585363106804431514331745912849796211506921
95,230,30912342392112989325693892431,95923149206388926913854242412917573765922087251864371988219120272501925309007
96,231,69867471657756509204816454827,10548738898648780119951980908679795463551429185347434021103964905795903374193
97,232,94719750295057370677468580591,72029606739776103165846373257054629394263266754644925809678563255667085793694
93,228,8676538756102519532466538829,94803326041974568345518920606914471198304745123015639020029570692067429467214
94,229,18033489241170800875947076711,60984511629269888677435229855732806783482093365232708460585455229783040199981
95,230,35958337156614239437964969937,9722574166713336596334730523275897022363865222058448913938569589591505637479
96,231,54400276916282905500356613584,15836770258312865280898041827154839435390693243682582640585279990174796259958
97,232,137946676093012580377609385038,69955698301600719412189440561543646484862752266726761195136229151187868852840
93,228,6572358339387517284603227677,35834919184928060296741410354707703008564990245021440051199960340435391492138
94,229,13781188949332877591045849011,8562816683716370598554638546842146375213314570191802104046099066673453839098
95,230,21857825936442136851335392262,55539168910376145023432456929456225940125503874076728435877269727209674780752
96,231,72970962896362984222153423950,33310627990413358518514235505846601085642984228746994341153604957764191872362
97,232,132237425248078884123481836417,109372688425962447926500898067414669885342109405392827607346240975661461991256
93,228,9327790448889774405300808060,38449684660659466590797287966892345444909618219532244221653615949551178182265
94,229,12248449721650755860523071678,102069000238185564619191194342932010785126362571247056616577058834239155071909
95,230,22557898966739342168573852587,89376733906740437897821034483026711678490701038967916490509458790610229524216
96,231,53992821100685663039253048414,87752698783508376168509952903009224352004431957270493980220895469376939405534
97,232,114402672334578777470107720791,86405898741662748897914617683393073922109583375139588348967034748790489544755
93,228,9106093167726859139659660208,14405988717233404086111066474419587217477516247646588323262863583409351484706
94,229,12718008125746619234172089420,35435649367573552383311033865346717229249195238820911108778349394468422152550
95,230,21428661199425004674875646374,86454871322593880694461962310564003684160095169311964688264520883657218233297
96,231,43335785920692040627374418383,58793452287350443847749063518103613576502649601031660339334348640540475075253
97,232,125396556092736937939500108875,88405835741511641932574121703182281478747850107121028534108599551173741027804
93,228,9161892489587209865668962954,44659816838198325735205471748289793936767409262445593684424195274390532001491
94,229,15067928799680769697014609569,93003833252746586523920490442136419145922737096862538403144049105935669145678
95,230,34588532379842969348005703958,46152247497522967778108190611278957021252906734950785230047075630787242385631
96,231,71182685285209908035970746596,64084455768965777424724817280769371491510983380829574575159818654848964732942
97,232,142476674028321390065229548649,7634473697337405463415901155556800159159792817654893910086765027347072457002
93,228,6435137003042308260381204790,108839575924234920914842696554728735338727989110489453723580570961349557342312
94,229,11054496278711132321082683988,18093737841725942130076077242256229290097088672235490860883321565104573338572
95,230,36468092548144963366996802539,52213166806492752569431017473105820368557779831209461881588600806990308719008
96,231,76953570296339677039775517997,41802694965832856552616130170179796461270087895467356792844342275778350139669
97,232,95240981283965239787829899627,86981693319996911745509288233544069075953392967563124612779861470456249471898
93,228,8039936656467939739248981792,32696713027167218512379714907651989922389759787167099402651401958525112564609
94,229,13478357889573963930490061618,82167746749697332751257550675234933127513402583820438980320885918914985152121
95,230,24709503201384172698410494640,47821140005698905231751167052391768660726325331666587847562609110074218689092
96,231,58811489670771235183195246755,37948753918850141169108342901378715490678899615849985596347301458871927098737
97,232,131968193044321931229721930254,44413506049169945096791473512896706024125248991259969992544746979615700030576
93,228,7804015539805103658007369992,115369418346072105319027923366741234874682437042302928025292549817180222352141
94,229,10519116715178275975023101602,48597696343961660055318718556280476418342030049938612333909692299622586455292
95,230,20273448130532117881489434218,54688169479875695948709626416304159159247717022126865566270439061711610297164
96,231,65442212695067021674956030406,61267891804565397637375306559133196126633434390987753582194434284471474044173
97,232,80497651042646729934881564995,53314606477332800003896241722819560128390931998819455717955281712107193080715
93,228,7075721033547552157894870253,99473485852945982139312557089047469354668709409106204190109946327935425125503
94,229,16539781200052391499968142461,108298760318876359025990854877498206788232159525720070227370984889827300555355
95,230,25753411613448851678753048570,23193142374933634443015001461495398417402978064701249076215590300394025867494
96,231,68116270073481917572485408266,36157371759995570579709506470456971614994638935275233384169483725912229455274
97,232,100150471503854748136629153489,75682158901777584117232338779316463102703240791117801365387994665149968973661
93,228,6830288303963185939261766431,34001259911633681904963431800620516529032737982965023154574164871484267548952
94,229,17842416160036644268353707237,24870863504062569286622123460845507675840729029652051824480610606816335244132
95,230,34279454454194545592530999267,93163414570710970843667658755156492380124373460880882852267237904012499812302
96,231,58214880204904971634926475820,22893740704577856139816982372965181333662455859034372689905270505069121313005
97,232,140842895943764591067728676453,93376344791512210010773099321271467036904322295382202292288694544612583519353
93,228,9660942942983596074886514087,106358408510503535702925508194939219266810549986959440197671538017572482959647
94,229,13664953214269872004050954460,8230945749676447836558302628579697975780247518212698660622472128798524242533
95,230,39068066259470020421378605124,17195112096031664079292909286999716716553477715794759544831234037882241726098
96,231,56222935457143294713221451447,115110551861574204436161728990061168667307900557763987469375992722909683410908
97,232,121779343941927381786842972725,40389446206010818223651051476088216198430338458617341497927230440901748959303
93,228,8366708047631965286709040397,96706795730335762994757060121950137836064054578772735499720620291483845386238
94,229,15310393881328833435948422079,19785597874888379355380614712470035574098776503336935802284706663611135171352
95,230,21829401216492525782050196582,51246572472913712457022821278234368140196577631926011963671419859483607570882
96,231,52021990969278609052008717713,114747625272695777648813286028225393464744313650480361625845074722017940534710
97,232,135367093618723240705745994034,80484026942486727807223305236311117209335842560904608723470676132531606771558
93,228,6977863266065964603847610276,62178050960445292721655991365361644478820533773076530407070849411658586613511
94,229,19512464497416844557672414786,76998839043414851355463179685821192863306381226857171962862955313595289594408
95,230,37760004857963882395838922016,108865400216464933330059515376317218516436293438063987215383786194001502852168
96,231,57471259919918567323937582191,94602599596598480470541436064299496801826904482529041795520819624415676833898
97,232,113434063858703482583343411385,59056548341543191151568130881056129594873330118413240865965769736398407550214
93,228,5534929330338720862999900554,45798915196006824513069727154798553069406929259326768777027286511252600491463
94,229,11432098657148531283633061498,64112196186666920116479543933726599595297523766467068495002649543542313214819
95,230,38272750178206776200437742063,82790539651673238231478482386150028016804609536808796669293610937286258342023
96,231,74641394707932920806229649117,57324007610841915957592866277890694209227709148289866302506203626569911553150
97,232,99128564344817045555057822107,28085768110907729391084131274855015289297863261607271234677443725857571896462
93,228,7948950628001075164666495257,6400329625477375564473427699483873617696416584504317249145786562637708829703
94,229,17462217789914478292386400146,19064222191868024395312711398277973952863915293850567826274189943946542620412
95,230,21349545350806158964412378930,90188310933503135914652634637082871137786394837614997129839943482076040088702
96,231,55472524060315293792387033831,96979434563983655435596616279867821568291011200541469605477975396523964449704
97,232,121663930297607605843733890585,83384787340952163924756094121588139044584019239562097566516400376829080980183
93,228,5942348344191108788045256784,87009822843291186199756680427492634173370620240096627534327875015815040676311
94,229,17131577309079488996362173809,52465905463397120548879880553487488927888438111693643588606973931768508266268
95,230,32708277598257490093834262314,82109626456366764729057334226944713464804721677103591967867520449827035100364
96,231,66839305640355755160405523820,84380178662305862291575057578582533077515981405005567841827713310850983539511
97,232,133494160516768730436531164096,88415636363091647478765889513700187410338540698773237965930573941787801696202
93,228,6507998104960798873850595109,63371162184531800501364704124645145468026499682289821799080249582869189533581
94,229,16297952557815100828354827106,20240998006085772752744931968777108790533171397849331046806907234495828100745
95,230,27524910111752633761003673038,29239185717820191124825349888727383219903355127685160787189520907236323879490
96,231,62582478926253005160531979863,22015371488288284159628439048830380504527921430672266429945108633385842124965
97,232,132037913454674724517847082023,20810929215054711453874284080226891055920328980788384745563309268821243260493
93,228,6151994670727432039953948323,111832315582765912483787088060897344649618923425801944110087303275814286025768
94,229,15516160274348005825020450244,24454149156665196614350863977716672596311406829156434817406776970087715094679
95,230,35730509653612586189452219338,3479135739621108588628076711401653133813736329714028835983140482246939496845
96,231,71895828280432594417591320669,60658038583696924034052802822286616186887574449187316192510380474717807568582
97,232,93349973714895051372176278777,69162220885316112259325149781102042337360420123103766478190035206548662645782
93,228,7611907015591855057637349511,87033948069554303699539193129002965589496069658755319382204422753284346549606
94,229,12805072932788399802415449562,97461629201665821356653528035332753262968862437291648448839612203950020952963
95,230,29653732998632656395240122164,58115904912293756599883621420548353461719221706597597770485400995380868957668
96,231,51497662935236272712926614809,18375947858422430425901998146835506489257312890957361506192428356233523145049
97,232,82829641451210389432149962371,79220579392971439374983923350997914273265431299430526054766194286015415968063
93,228,6810735061744143649481127718,22480915485802056044837503920700575404139216377539337042003233401504506634688
94,229,16263354894746101748380041022,16178094420426412408191534673162071840783466593473738254079900665810916519911
95,230,27257905853338998506925238850,80906776400863319216478985131106116813315042181295466425572804424101938594329
96,231,54606841608750578125928610079,83437274205560233119349936205607845690397783451127163596603573937439554973249
97,232,111532626584286600627283478030,55059407238107750094252211070487401194028697456121234721440992691561888277675
93,228,6107725339168954196664003176,15148891938287504618538925172161693381302020556622697044462838562484283671459
94,229,17759123230479102598454587350,15197634968270855650669768081323330735152469948213020206866703298806603743112
95,230,30363819338932449910719276968,80370655336603914665621938331834612528494705851887452020006904079792995381275
96,231,68821037732786411079404425189,104652374880927613397912170861431590762711133172604868267009047722774169085569
97,232,133332632810873106963546809504,72596548749628594202018476821286681472077369311485039428083662737119860793094
93,228,7999797864323645067295718353,12504400878943056835901748205971875024392651072829704514532837900556774302775
94,229,10534896003866140518200523868,30713996479571991307590315352629173860563196157650285921927943086069559022350
95,230,28972426084034710494441924571,61848052968058388693729798406456264395344017170538323976483878376581347563040
96,231,59002799584786868767290032355,54571724856885890718486539676511251494747267706847949034322427388868535986169
97,232,128729653972952675118637029285,8698411898948337966678708918766997739984780945565843995703604468159991302925
93,228,8175512566835527413423165273,105235648814831566373145085209227858690082600328114717380030951400176412524849
94,229,17745675558272152464452287498,113555677500962247215381491606325021841262590083750173524492371350138735194637
95,230,31932114806344132193103119872,96304709584904409400867331376047235855651406256123804520551542765388558169010
96,231,69698690644093908298630846426,48953635540701764862780110177709056862151254115193668629052631192059308818641
97,232,143295960780759618566533886009,104856511305379423273698464089319958606537307051838195256777169369724107032285
93,228,8924992813443247792510002309,48244587037174137219365531463618556267680006167924113992735538925796613652523
94,229,16149990127803471920423575245,65257418900809837137372459519052616604069935076297150187246295399292833899543
95,230,36271893821175670706565153032,14758633424683853369848067569600006752292318938267042076181039030819098757145
96,231,55366135986108205333055536494,82046551423699406995013077469753042050126889295640869109042968605008888312956
97,232,97229161530775679655630588775,47468157818269218935530011768396694762624417011627537789420106548570758377051
93,228,7283516168146389924118673172,71459494116017608397918576238431675983939278084531454517324255096267658177474
94,229,10449778910576046483295462987,12891792606963714334859563957687821389596051799778972669290832650653015908457
95,230,32406548045615295716500374188,33500293722949349824650527746466261783174903644229057866151132133644471112254
96,231,59010088605095317820777668853,1252536204748088828896506337202412757707588159425253562685541107859015755854
97,232,129517053264643744621014999718,7524112094188429649082118977445871429287249823092876363312797731410967018630
93,228,5598166931565812561392706997,11462305110452634502656268992868898543674457660514312854759263135919035351078
94,229,13993916089064610608232426934,65469991979951079675185974337311714199647984393168132771623054802456476288684
95,230,33220696947048813359081050229,92666311018100384114005121261447474962284752949016259800419623794413666630044
96,231,46657114227720826270372331262,75917198204736088606838501200616132245424210543651990395754845757786602953820
97,232,98830610118051210754713877806,50150782970991866810306701775572304002412326198898053163180820424019463159965
93,228,7059489681140299501098914259,18750337438700572040382274304620841487848362505076028160299043091127825031642
94,229,10380147780444303104124094689,43743756347666939380427848422966712404929068194740212506581820468879072207201
95,230,39014597722329284427973144941,109398208046543798752596688790171512794588251621126484123861638601615592289910
96,231,75912314017876358946638860543,14775222474440459695450919118917862221289218256576162043162303761431476417633
97,232,81725330229813118483693773883,105426959411723815177092656662209616266027718070803432357491041752014826156543
93,228,7506658988755948856410730884,14924382787853538158393352540204177220673574191532811358254084117458724946688
94,229,12203013449236425737122882777,17663326923609855696067645347430868172545769686455195361182941714115427296423
95,230,24472715309231099361742749154,8256316686577003731187430334158485156205095729751481705873576540058062703212
96,231,49825546283811648416956447059,77665118973805846144038114579793251045126989058576774858071523151634345823609
97,232,117213330667073962207070398941,109927190668396793987366343262059562428018934968404988440349838222979969656691
93,228,6716742914362852670377734439,18666910196328426314320282015044058067711438409937527401210898401367676018649
94,229,16884746429586308521464282909,12024649248275300911829175378328299965883135783306088993576690853168658527398
95,230,21319440984809507220873854101,3046363212752858385648335208557904359629667193063526130927170608141132204017
96,231,45974453152064492675736523560,47817895572759100708830328024944484877055357348234889022032499712480096504851
97,232,143437882722620439616975766772,111543333526303274083873180202551225880735244875419447134967560274733243975238
93,228,5234212331913579472434954280,104507089490333109469379477891062963648552638802608442133177978662249992292630
94,229,12293145084967084666834633697,32123292444846047464707626018249010618138890355507262483553393864300733596300
95,230,29540210152015234692943357240,11603423799540375202647676701949241891209264713935460102804706521371793549495
96,231,46226471371597817149626235694,8238103068711719160609167809526162372124860096501720582818677206680069025206
97,232,119746593520166378459657298099,22395693401313067174479244939831913836674255612310131949564901533771969905647
93,228,6835756631305596805056550285,49788605123916378108947263638518899659547255821380103412731472708439535766260
94,229,14001079003138680231059275691,50321212282859300594484041895635621384384888428235255935552751102309989852630
95,230,32882439936098234351377357736,76304096765861726295181672488927667385589936126284320230945708347096721057533
96,231,57998067391781307371882155319,73342496077345746125875519849867301752655296022625686487351263261549310834006
97,232,127645871517376308159196453885,12502443733073903196076103970647557348316411337252601886926041974843144379019
93,228,6493951545819726037441859149,112852018786246381441230529544336782977449949009809629706556449570866948063266
94,229,17621821434223741817323274787,9382258150441314827613770371062927453085721814515696033843900562637021809061
95,230,33114352921276242484240077366,30676602246146766762185922770818401685654677675474080389722243838585034222217
96,231,77811995861180553576276306627,35276435722965805992265868310017809604766640886330472270508286316716687430507
97,232,87727714836643854212071659881,102316231697691809452829191885913453708254062226587442906609796400836405033519
93,228,6548211175385832787322799751,98242631359017278581217673226535938400666162496773270315451778446634489204661
94,229,11081050755362326149937917989,101278588424531604972715834181506450322914166601695977775773018059565780954065
95,230,29518219596709864191646042260,30924111337001227805045256375770696923118151044545034671267917023128799011025
96,231,64187880947002146200508619137,17684449124578262896280825766006956146552706505523663623787544444852613792284
97,232,154240328176952895816407193771,30534472782104763299664965018323464003118036281089402743142300188125815851334
93,228,6404249784228726333454567242,113610773642302375961301226833945011717453688294482778826966876090713395447390
94,229,14478116591535282321643607855,53406561181205291622514920961862299498249860218910571069566922405422989086047
95,230,30057455711187729521877993386,7689693228315330365964592809723987173612011644588925116403127168677897896586
96,231,76701586948076350469858401814,42484690511702723230918312662797773366285563728823540877725961520741507862446
97,232,94108595673086443336775407945,11367220123056539453742321684091312028243877089621083272333605025020680108661
93,228,6151030031055849432899817782,81759372480162512984731353858571765649300961298698179599644117531523352313575
94,229,15418045764246350813394598283,33840394176645650027260485087011139244645916998785679712537373877405748423233
95,230,20506270260864812618062990603,87107727996365383966923268166967245161494775728949576287075044128656888892284
96,231,56415127878580231682234028758,91003761128229025743131097384360435449203163841409856174115523265518838530164
97,232,91954897313170089307483746119,57927069378778483040670605791705333432267738177732958411162051589510372586890
93,228,7732218937009178020361362817,97657441267332160147483026673174645957501049309271335070883152436198606973020
94,229,10815912388001256421932462925,25338493501129646866806887293952715612352265939999425662417756406487626142148
95,230,21396414883222835315498499620,87816956159356476488514325688599511243884199737627018343337170725995848057380
96,231,46657555106726365465072420717,74890149316726884446871972315128676980509586528844447399539304477940394619158
97,232,88359239253502809125271898202,100870674632620525976810150027899846368334713116736506199102116371279770247572
93,228,7929355638303886564433534288,84879594280803403917305811976991841810281198472356959337508658125906252031374
94,229,16055553499591723416378255250,43220238640840011371796990397585580239690514537460411336906191861132289230638
95,230,31651481103962145259660361633,38148048764921125926768023216289592882765217708029462042552367353089325446546
96,231,42340889332934485362955248649,29526531651939459352102815314091784104804455216627593838653673421783496662489
97,232,113327970818539481087087484822,16916102022792304004235239368947010981614734065847132548721571977390151138065
93,228,6611233181448655660084261264,63013459464654073360336268080908088942095293406061069600711748179118555231714
94,229,13022936060340583223681912353,68145845044914222755724475409058096857153186962977148658446126277645784372352
95,230,28682738091340568240852596141,105031982818895176369407570305195844805828938324639721021024207183462211575754
96,231,79046715221270173296743210034,2723017763402372289250176684351421318431035375539516209405435133856621177519
97,232,107474427419441615397059525036,37291024712892434576653598634680964347497923928435550160001712234520385573351
93,228,7958311555283912442234030916,71316867605029129360678447828779336005511218689073662923986636796492592854607
94,229,16074884257308024339508838876,796015749476010063255551047887413280044376107780872430855758603577110310908
95,230,37083133447214755301339384263,18007976093964126651467513580661064023364270265672135922839347298560383946709
96,231,68528101556584450188872932583,45995620522274358152096971996049366997101317216534218372727652811833541942057
97,232,128544626502253131800883272707,94693358823608580795433810946812315904488065764129660486902851252510986428869
93,228,5002929779433591584692581923,109748593321668941863214951905647046689030385451430613212766965003568629716824
94,229,19443820254464119728802044488,81394207988703602903188253896959575796434506904710117828079836564211933541750
95,230,28826915463021938493316376198,61042488989394019951264202602097016329013118249739411908276348829882996570984
96,231,44250719270956976405548053115,33966693527842179076343478311397310189758945947802390006071714373068924222777
97,232,96247205041333561877614853623,89865436271282675403805187151726200727120346483103858265760464890125396046429
93,228,9175884532297571150246702201,8824238381420340738350521883794563602152475505377178987520947659438847981797
94,229,17949909569012248724421764913,90527768895263112754815359819962073387827293678479713682454427027340482222921
95,230,23264930575784542668168290792,41688068748854598056761232640308375836564807546208394821982138521938522311394
96,231,67000160276427566501803703614,40389090995623603184519069279790676292568758251178890250083564121292340121246
97,232,107123732076393389496124227943,92964614086088456021652151120473717682026164745069068591482395849863961842795
93,228,6506167315761760779144777030,43157089665457322556148968606785770391112948390665237403166727245275000526306
94,229,17439018505152919984539160509,35509491912617620346177589979828237739241206389301258604344177182370950064862
95,230,27753557005309568599983832875,91107937564720205119598454893803189674254012504569539241872309890008478791970
96,231,63759820431620216981985533599,1906343439310239903261046478316082065165023566009619619152389303557490909965
97,232,123989426890982985380681181084,63968016647678368211375392077745696503182440788432367148024918239248525266025
93,228,9522131668417935246104575782,25394854113868867872395875722354688731794231291503941160298280255838338211984
94,229,12938313310622636306508410447,69775994648882976467400802968573261471954929791859038037291521823102166349133
95,230,23979767674779193138268792536,13857326760843489924724740268779441002500682400872211076721406724455961182245
96,231,53354952314131443249425860954,34606151183866470137813403304896012704595668972878714704048483494704710379484
97,232,127423484646862382193915868940,49235741898695968514607307603816191782085460637148740620508823469075307955317
93,228,6066418900493192134029707572,26013552933797042817052535839890520773566422699299217886817622993747451225766
94,229,17388975786993999413010172338,98884996241705502761194065940019812903888089177142660812459903605401556814017
95,230,24077655808275216024790538699,59737132894447505878057359774730261755704761772741161055811624947953428968956
96,231,41973074992792236852967071317,100058382453881186543407345268275505898621453760204914119553923100389413517006
97,232,80134458021408887536675083963,81104078345353866586464018596476740097981981694151480930425212939692181026548
93,228,7035613115530369344331086793,82252944333996554589801841967446522851999631159252381961219137828690830208076
94,229,13369782798506172016052993636,22113866244155849528661132579462574069742246269156044495278485936080731155645
95,230,34996244246293636783309800136,61442549780005100733080964648789986268080814413191607447073901974353589223296
96,231,54147991994251553687009714984,100468244830999522028863565583226994937354897879036009281700489192572384001319
97,232,84373921770029922043807242469,89879530139072398931113680765856017592616641151964224409219583739145669885918
93,228,8875720728556837493445758531,88192626845604248769948545506347207879114842900528779772226828360689208787172
94,229,19450624129256379824548411926,33830921356452503027273487785544662504137117068084769807064852630065868990633
95,230,26166605993318708434945581775,10732512960499019002887562036719347293153308700562240592131045952571103622064
96,231,56774873642315360182640929000,42492258301160614108138180187268142476250738462688326010577167447345078246811
97,232,157416783783312366273893486830,112269652985840593035453339415758226211677976825725580848806936561862136637207
93,228,7439154969153789221858199209,86861535450685606813832716614724298424674859013752147485695059061979583713608
94,229,13427598855945669908097045384,86768050079844684895102292066632195873599014495599048782720791803214051737185
95,230,35567946347191566207198053102,48560867652738989677117547200492860731266441658532356367915143073953492706920
96,231,42798295046708910864574783693,46832510907054067699717380645378358302526640921793829469592370048419813599331
97,232,127672207148381609665995316491,106611737214681317357001631376104435631842205595316958540786429707992451538514
93,228,9707849090480545828319625617,7305319679705270183381294102758445878648727949278419023338235351236395031216
94,229,12534650697015409775165419223,99460288621011393432035584414560877576804028911290801333504671398201488575384
95,230,27913723422887600425005002945,70702561089569626653127531827900385255617413982977621603735306299298984109645
96,231,49610055870538011213031248433,1398786141362576983121090461011267116740795425050188510965486549912579923192
97,232,142163703393753489752498030030,41765880437900531412837996329358934192154026348118956142796798120506806263954
93,228,6481215250656737197290236381,51929414092755826933092219934448016603589587563907043562171753141129686006463
94,229,14662159760220987342852325585,29242973369187137839909768797730110686376453426273194386118037650089619016701
95,230,37995590357153238162073782571,41857242155836954292727026592285220683413610522213618584738307326242485570453
96,231,45791586354300386287048618651,26586174933892701922904646014533873640279220845625459645184526955371179554111
97,232,81064844145718869126840224726,111396251708080223340898953954460880235545066679772807313409295374024894935385
93,228,9704218616046936164729060144,89542373255441879328988534645951619460043726092392845016156445748724686559689
94,229,16928089525957919087111013922,93936243279413487787007905385403443798212475602349707667298754807313797907029
95,230,27272863050349188242951599727,66405326417322757985986113053039850811879429615165841986301694199883943622743
96,231,45842586478713745651014615236,18932841769168252243326380995772961504150054606757366380436430210616446576624
97,232,91416410613791690752946825499,71081586060316549955056173319700993232081602734549927262192752330568683000743
93,228,9552054510416251802174672412,110116915560530702469916066948539895524581198253573883690840862615536013015383
94,229,9982382165646022271610857434,35306693751110585928117695195358810746623978446003328570126717703834939575732
95,230,39295804431700764358088001823,73906851886170300713100448803992589651920862688558562390786925542566526496916
96,231,49010537685755328924787990879,31497827943679010136777627202080252448956469078290953201553508613925847716121
97,232,145478373302098043050156120208,88368696118027541903715621134524411041166468142570950663959988762959780142053
93,228,6539397841082058726690304352,30110774389059614240423516154274329492584655606537715518941994909700686534047
94,229,11486931636303630596624776659,108252570311471866509188866839011968299697064106624488808960391006012447585282
95,230,35100576643508487166400456456,107538141287736906123496940877951724333793681041744744630869718293410903356992
96,231,68940636765623288130393850755,94707928181481619672179563568677016976369303447075036937836512353350394583209
97,232,131937018432010230256150399839,95636776238816474710032788172175847850480958796471071750904435460141707975565
93,228,7301537397540978802653712523,93302699092648388046414548411733409154243990946212360698472615117873721397541
94,229,13333287677685518150296552766,102288044504639724667967970485204179641415919851507310344683507350287033655845
95,230,37981600132766199123705655626,43737316499284813081695756664458937271497337128475654239398983636517866255946
96,231,59869236534906999077745066622,17207376030997305037441905456525165890514779660106465661203276511540876149979
97,232,114297744389604733444472958189,47052404243777834988616744105889368903771695908398977531656595696276422437702
93,228,8336392136351722365287154919,111449056250403890435841796894877919860670307829123462301945715716945101860012
94,229,12718269841813620001452632187,93968748932401219391114341565673826155081297336796052083324942829844384390246
95,230,35333435245318433210558158094,115423233819985926216651899665920893732943258780634241544010981632295430171071
96,231,41547965863913978421214273671,107911010736367092209382323438923472969695105247888137920451195424733369144894
97,232,124880439476515569621989089025,596467015831320094098133241366959477700509688942276135916268619029494507502
93,228,9090343122749157702567886755,64048059512188085423204913442531969141419095305128910992645100644160235058160
94,229,19394041709945235238116578700,103399116422251694470303277432650389819277126370890426010232622550161755356308
95,230,21551410706877165914489425234,27203495312751967117989312795276922484607875757637662060324668681105335601870
96,231,67589043712805719147183295528,10020329878070809461128501831646187016751319731211407011904355094702467403816
97,232,139005921610060185422529654259,13803501652342263966472787793372436392883215013885504169650575785285995278878
93,228,9632538364724863344203746408,87212848437517613341422936918322432299809048418816889267660060552113064921638
94,229,10838077249645772688727658019,105485984130845465583638649625558287946168507849994060224576129927710547634226
95,230,30939678246709791309300439160,60371333626280575550803374465695596171346977299987731884848301058847804189228
96,231,58423585303739750732334102245,11095039363025824703222190697175963222356381964391830424659943144140462582460
97,232,108060281779090724615428015665,105791610638619682963731056942019648427090740911059240372973896230572557190796
93,228,9203115820094071777063673532,70458670807683743408064911840778940835979472156371103081465477758299719651782
94,229,14463241972619644138224684102,97953750987262883558679498977110820552750735168195760339709696309564328563553
95,230,24182894224755269898448732305,40603634719269749437856984233737218414730060171416182359793902621624611565411
96,231,67995202118838094598855082139,65380314333676491987935351558814285618265896618638699166910317926068739261417
97,232,118192345505205749331086959638,80287745547701365757553092599390413907981609675427091213125797147828752963273
93,228,8092191878436900479378682327,38325380329914443877916578553415975393057832754694888915967434155141922752865
94,229,14498303334630084343304823888,72151814003370192050214053793289271737990494487108319586210622738532661076832
95,230,39573163255271033105422786098,84608363493511515723109776284545681946719129506139480960279448911290059201992
96,231,78149537414901186553967965120,15799129067006838522053902934999773970743814092165233165574080680735901107150
97,232,151159585970010050833698732682,2467262191721368033502637966654967535936260068239550232689813348621456498431
93,228,5715971190944744898862405059,41408614005729766662046891129503358761839882764433737744815891195764287898735
94,229,13222291098188465903506459830,77634135885714434945048874162057789292224262294262484908142043055683897218564
95,230,36367902439867143892955662331,52527775487040270091397182689221629078745169234440009528250039808721085845633
96,231,47803767631679844433515745125,43222132237738127349060325326279247527114723653111037569478113802386944511298
97,232,102240734599032198527730826840,92931617283087700203714684243549400699947826680510923317417530314934985304590
93,228,9403791399624744761941407535,50639736861862157271957414311910416849771314226564147276168330211209194129621
94,229,11479050826047730322713195969,31684283241561298949376212946990625769331875015518600256036199870731270337329
95,230,24219743401537023151248064370,23216131071327450944258804966899215001507601121893122710002792352522026715266
96,231,66144452484960430097844483167,18757457376926121821221657109773141103482339284890115297261631213621826445370
97,232,105026521934598523623623051847,23615917994614598624121932005368051553799019142097658163762807232829022432141
93,228,5483468490254937238645863932,45139020101270343386524431353581389511567635330598126951151166188143815725276
94,229,13079511323312006160683618525,76376637438392618045112893974589837224079426443187864379349743395521142028469
95,230,20509158360503100819294449498,57525328921172392991395935944113756214523204625716386147962800845977280552941
96,231,72743194776019926634218454895,25260837106056680055945139705629444365008269985859101642970693519329448104950
97,232,152135238405943961682379820949,39343549362912775750539617145785219718875465305077434213059945954499809143990
93,228,6087787707508586842962236599,33263058309397589282287251118733953032417736490125889179496924415228901268603
94,229,15635013310343785509571551168,84890401177084465358512479964792383471234287939595018577535631280807701026426
95,230,33116789680439897121950641957,113835926995258545879193580488599306616935218251571215476982532629326065441540
96,231,44484531442275676058690463295,79722587604886651679358149152618689609123236163932784160588317888542822363399
97,232,101505643578041502662336384370,14087381998446373859310711408478823585394501329864277500447976381043781071527
93,228,5649417029185719515509893245,30361367157399968734298565646409390516755213233890983166084154742943144286747
94,229,11700555144135766655144578180,101094646273697768972821792301967589670192434183475282908689672670745949378110
95,230,29531085780581817404120210195,86927626791750231561471393891916929854591142419915719244997626799091971254197
96,231,42995044733248199266420648072,78467132752291639716073782425915304622531530273645652440744690177746972933219
97,232,108693803828080696912370087986,76927578978487932837177718081843237777693431438152973283487125026381473149720
93,228,5361071195569742544247397360,18652408155907977313270962855620641451158613688701373982488433684925794293639
94,229,14474226359484692400602509970,97177593600845160738071732931966293016847074313478149860852804195929672217445
95,230,32588202048933355121358787448,3883303902203478076305941508823654770103604954462542187035578412095626972930
96,231,78999085429975054837608113351,30754695834182608527906444091634350864917681400165916898348721505617281276319
97,232,107230274858248899567107234472,34595322251051237024692462329314411667456383760448981914110117182197549428024
93,228,6128780834892824030562976005,37248879754652101561199063124351290278852222933895147159637159903585324751752
94,229,13963535030865779912284690725,88700154264731247342625641031058908036738942312199228089632867813859170203525
95,230,30656075352665778000078133484,60528002508355250756071454717077407694947742570463700787166173886738407244404
96,231,54100342729337364606949119548,91055574088709072278308896746915488850985675883230639283671991441393348011506
97,232,136787711935215933285131145811,43793472759846073719847910366428818851125520126702157777298131945098443986077
93,228,5023887526900457810861903352,19348766671626470736018063136468770978646705631404442237318197999340413860919
94,229,16270533457720220101215813218,52591036739063013327026345178056433134775529920257733270310710995747862391782
95,230,35333934798798412458389023200,58678101202082260589064001208914057720535100922389283506348528250338191213700
96,231,72520681604903760442238007261,52911507477734349801885767311658608197206916893294187580224702852160611304579
97,232,128420356094390253343687862973,112170994818074488149447136101089326400118422476865786511729452764446146878573
93,228,6790972553743140804458020655,91905452431478292000484138131798368827611720536310927556524522646642067760779
94,229,11210854697157964007776958282,57426608062242008255103868149695338110051993295683181808931490297860667198502
95,230,33263150357071806582987651211,74832407880134355290957902796555554784078372706995893385862380182097313608109
96,231,68589173764460066031295667467,98186364627444662686150173246935010480888493401053742247275375972478798846601
97,232,117431309305935552723327474657,114490992241444614443178852248452787918864439972715840040271027584384922297642
93,228,7191927383661842401680099307,110576294869301691813649869019506557234299810595746945341645933180626636116892
94,229,17481958101223839839069275827,8465965101039102980595825505306373553104674814661783599773011502258325420017
95,230,34942463721036686659125614041,101178849603144766858861647092017056866592414933418683590271259824569004367748
96,231,46398982782452812053089403790,90873620683127461196368399086817692966358510327663524753086033261963523724670
97,232,101459188506051696792350573641,93685364051788819905965931839274922201199374755682744947773199927897936696456
93,228,8070027268916700362520266287,71724939711305840498331928093888952334465879172453455017893773569413365463029
94,229,15013496844291995092614080427,60610096734659610246069305674998096101774877303501098177632734094766289978612
95,230,26965720901295839774506597588,19395367648821814581492617211288016668391414324551067058551411965767648971923
96,231,73321461765189454577428274228,107991594019513251776272555066777943418452718608432670883561623222124846811152
97,232,151564300152525216405889632365,96627890102805238337029128661538145139174091036161292628056417843820929039465
93,228,9293288902918488695286922726,59723615544404734477379767946826384615204290975132738245049337117908534350805
94,229,14758342686726381133606515969,37136537709194100733482623884081148130722527285190633155805747450354098618589
95,230,24165494128696180977035132441,112387845328975358823448731357616178440363201256488609076286778724225163653810
96,231,78817526359459475222557447187,17058048374404062517930493039683119455847103109774149215604014874401051503106
97,232,150459807994865390508408573517,76049610724316156551258798229777233743686982750615158543699654867662489180661
93,228,6959313165785780307107114751,105923315619067669733309928568660013185641600231817964934854960962215621509445
94,229,14602622476888517190028631404,32375506366082332992541425359598436068618741514466174026628990543514141276126
95,230,39451039881517125115419369985,94810649487396407004488185316075420494753392467593837786936183605787343150112
96,231,74308974605066727930672362778,32839623492974886158178377500376798381292269234272201401736947327950192122778
97,232,82207188354355327149078102353,27355570759381070928664874804014270290302886602104044739155458699400834031466
93,228,8316599851570524480373462803,14837068586582456803393985837793009683467192983200926220463299169068664811120
94,229,11279730630817951859322205710,41788652277032208369893788325580650926567740481580025711073609921639607237568
95,230,27263960522133848509665881460,19758752499641720723438211271074032009350880397948324639861119401476979949496
96,231,57598334509297007232749493685,44215572495060486840779608284645809137811917736570188668007589540756793578206
97,232,126729423997126779031882890395,5005087073412738246482654557016421114269200911825992128890984603272909584876
93,228,6335378002065445312873650100,30799627696593174263574006605347500350063689602834317485117179461474848394482
94,229,17895785852210328167067654563,7422048631927718976609997085524756319320113819384379298249268604409819681223
95,230,31667978305975572049279329166,108105408115307381182321693350659953217158687112801758114697500687563291153233
96,231,46715480119314340414014442116,100097758219485359755746565273295431529428072378372508147965111624323468506168
97,232,102168139254867305727962428275,11743733526928946163998857842823109853295793858098279486502854339769902183340
93,228,6778115155763276037303456649,86416736226974978220951234707674996615333136103364410660377861252263386537238
94,229,11820553007744109257716482384,93064410935293511838511242573094399759150663522662282180508344415745365930495
95,230,31638954914368373489616303387,1448825163444675843040425940404768714160395684870753568211181881998508690540
96,231,75007574458614202672668652603,41934203214082841751257333386579478375393749600823067063704634638501521334359
97,232,128842453025549677411572924391,14970391258459422139662397240214578429523176346970853840831532287529952010064
93,228,9890976009150510721467622189,93216253000401135530725099215931690157603931056010849760390375469870320606085
94,229,15626436623853287229244301489,78777796402854223057505066019945220064455671440698336071738406971511238992658
95,230,28443606463459918435405598610,52404854963638704505128855059724392664727064944797840517962769556237701287230
96,231,61437552587950046628231048892,97806361096950733852052276171750058463597244909740907138368311806461439609147
97,232,92707370612965332472608697188,36531807737112261288173410765829251982915266092513155066573265619613412754296
93,228,5125143502023608684960570000,60815661521140225946070609335341551317805945785892959420754847409874625481333
94,229,11230202744947760587998060198,80141742867423501433554624956014403190211349546478509389628358242340466553583
95,230,35268104958093839418303805636,37126017482155561397291791574712565952395566436936664616722891572963562473872
96,231,42574321069306116165985732069,81154914607143828235177566049939058995596424849271318626457917421201249210082
97,232,123865067913194022906037141831,58500110571537673906662084412338301561186788048000129255406972873295068850069
93,228,9796263769646237124889931272,72548273590367011585375810780856774563119728619494007556661558526723090862756
94,229,17617627026320784131418591392,23144773581251709022043753476449175275475306094748210359145144921221645055922
95,230,30552215762122266550744968757,56126603178556248123967369310125451577950627737000601734346747643481837056198
96,231,70364615435132997033024429482,103579471753383624300674895066986539696683454113108247185685982563821388188152
97,232,145741581922239193300223422920,62752343472041391162111238141387391475929952737257066215398883713838171097136
93,228,9818086180498615650445183882,73501054604991659730336860167659189921428004198497231357264768583280005506256
94,229,17313109521578361632506636823,79602051614574273757420157068595600738614543574560288537652270783380837678926
95,230,35610206237157954215404303668,5795409940177550389629867506384940404996024521603684307140955289705387431821
96,231,39872940524438983064533901802,114248032628164680473224577111815365029002041201926749078013489542624760946803
97,232,142584938796681416935931719191,45651559668935910615240605944959685006613430559952932717438537767009855258114
93,228,8540702070165846162150124370,26735556395215554904419726761405941410263895930392640758999070936427542615380
94,229,18033281579644349630752400390,83341772048371485840846792967463824655524855909437944244833441341633089631268
95,230,34053044776111892588334626997,71716750371745231017145390503378726002425911253065052658083067800224540561737
96,231,56776632357346295845328946920,29940786499357855022476898089193918915857963474002796076880572073319557324015
97,232,80260023277177123508940114554,103726384269051757168610025653355083449394178142455387746366529352998505154911
93,228,7321522909958490080905365140,10398528841728429873717087395657635383174238140070314449810461950605295536989
94,229,19777343891331903481794137377,89544345702018118964628511024182952304663604749134492417807045149769892543134
95,230,38865467280059416892203982528,110041445363060775516256413581219707863689648874474256645438721446212676738927
96,231,43159508972604894082015882683,33546072012426388462452158054943701985305753960503265915915068452632297888375
97,232,152069112139893278985399636886,6162003083807620123943437053135190239309150908832659916427863438096276920837
93,228,9697065726222015255601837027,11208677548623844143771463241520743157055409957361186047366142750067495509822
94,229,18302909594442822124355899924,51470609153471610743632692297141854340513937567213487221591287799478444577042
95,230,23690497599678664353396671650,114941818413032084442164520353194640922978211454281562485236054023757949448772
96,231,74617849652335771379820994475,92479449726679764731580812445616660680283462857085473264806705606326914283865
97,232,122761451834349601026993890927,83628758821477004008959440220350612540837340436804695416661913061815266188124
93,228,5483993572970972436477058360,65966053924109469597355703640986623292463585405102394298515972580777381806662
94,229,16418210008093164492142589779,59991489277777409329798255219138323374019478255004246927624709005689153187987
95,230,22130679007558468972836964165,17309920456793315733136412217617134860319283078190408113396238549383710155591
96,231,60312454789820010416387969023,12205391341201084540689893501631346717689155815639761370869832824957333026487
97,232,126911096496305805610987919492,4366337248617919230439194220059319187418425711227434846995830785835727303131
93,228,8844059802753745259341702581,47447897790144854495257877807533174441808621112214848382741945035031682049565
94,229,13002089124728224556890151900,16152044383231603437280140120931809414408615479927109304721662700344651629052
95,230,24691479031013503532080374243,42145347034005269586967246071495855102828811666986066645723148051940056888936
96,231,52743664945503860179363899305,51008467242376965580165910607763046519911346798938901556037801633695335709426
97,232,135068952301636029415616349813,5783904882805710099326255387912544863180106554705524960988945509446096264284
93,228,9438149422849243526348070412,32368614341967717228802856568802145704651776477359306887989761639831115086930
94,229,19641843284275277651122359138,105556403164006444532334386695941248079283710758908150040308348693725893470219
95,230,26030862818303125046775876091,66386235972870287699516259054116249578175241692798580144650255670621260973200
96,231,67920578312566143806114542479,72435936699694482759958436763074025376232351196985730088037248923190124292688
97,232,104317061678081287328418288903,21870923756593682963070662154001370670240432991639143499894153663474775778428
93,228,7862738904761023869875040967,102791000613656699952307847048157953961867169239462943940391201968846653550058
94,229,17671041965410349110568214258,82684645967277690992523280472253736733288713100445491126489458180135780466793
95,230,28588101257126623596343382927,73970793660043179585393652077241751839591323187432915365049604616502765257212
96,231,62850564304335259274124381734,84044963918994027816561097741625552304921152331740317737095511806134889512776
97,232,111004029654600267224584029457,72778592579235918457320622249008952253897490902857122199094427987982243079345
93,228,7331338027188052661838533825,101347751982374693427310055394393685284531810100458547609280442305391494646533
94,229,15739720541703547864417693485,889907931786555898093326398048750261469901383856393358495420363969743442818
95,230,30217471979401441774214820666,93978371943032600504514679880898760520533001200327212929954077109774613860950
96,231,76072602122191507456755969306,40251277706444219535863409391330698199498160350074329393304228150191791097897
97,232,97572844613659194618868393803,95679631054851810422284661939521066566407748447377063847838547489258679502619
93,228,6970836515889226993658916570,14204323998213304673152813193081448746942137999384001042825767059521512055998
94,229,18148381345068523810616197413,2827198197057397190221944572043639452615317681961162807720480739024435257919
95,230,38769685510751939177192560693,20458958248674208828607360857058038869384788883191525694925242235203660476318
96,231,65027458874494760870754218220,64709156979892225230472469360898730565186097165243398845365793526014440104364
97,232,98279612222262772433245958166,72114835044215884932199944140423333376939651644302136606761833093682697851652
93,228,6488155571051673648117423309,110065965681190939518914979418695669254209583773210129331137874943008133426493
94,229,15332798781767190063571879445,25496427418053823712955499111779925685684393784621163315961785713032237370746
95,230,21585865563872784840266630125,88579900092423370756060520507205981121386428823427224446057862753135495163770
96,231,68899181871529772679945044678,29206022277649976368538172494157912391392486991874659895002665023668666891307
97,232,120746295211712693659078211508,16629327741202868488691931636707168147272832148489803166639999446010649597677
93,228,6558843330425943296322106743,113515904089035281820087426163722987920597392505928043953841742733205169419887
94,229,13002220074492815029266503866,71717515649569204757151234487726969387277876740735605781759544202158458569530
95,230,24484557626366005430803216922,62888354173608931711794136820041597225797425330037231402872778136963535739328
96,231,77230305159001535084134299155,20401204132264028501735876193678318914100156490283176820370606588979531586687
97,232,83019563266029697225219983814,69342861013780636569563463563993763843739090298435733977290255196892500741496
93,228,7940530832764477509837583024,111462806866239502940889199643824744694062000292402509364126004602762794036799
94,229,13866236883699710277721698867,34100997752081055827387522871735644435441765706959641258413543580931151675161
95,230,37703140073722372179394301182,77287689910832460485598680751903600117117414565840224203086410721165605826083
96,231,77960594830137495228351837217,64120443500528224139207362381075864170285663557976786383192903583945721717939
97,232,90687324713240415370940961646,100156018499848153185093597298086244898437457506263245632462301723766086494124
93,228,8293597666569994298498097470,7510619312362376304026309625048616753617129279909513414045673272825266204717
94,229,17852695698087950141069007887,85154996826328114513527183273900198242204334805132011355214275799661753137483
95,230,28200780918964832912223255978,61405283233065817861139178851144554507968058660297732611188205734346856779230
96,231,44534688733336192052948301105,13166075241432581921126253846249586142609578444625541650211740186014314657995
97,232,126237303031159130263500276886,108681775419482774276191729569001562422504869005287828469390806901221183864776
93,228,5416329819359309695850854198,97151283933793086054564390004596586014965675062302996947353463273219727159616
94,229,19198101341249079014622937402,45236209045113572197968621960906970966100946161716889129683129088767395325611
95,230,21886933453895173645705744989,30152265061271322660118219787094173480020415628809715039831223984516913098062
96,231,46953046730876739047181797201,86333304646890477364446193115385099122128841411106412514114709857946797111452
97,232,101203581803709495467531615857,3007642582832010992970852775331458550002847305116166556110207034548785703402
93,228,5894880992986880725724273323,1854810114008790656702905031840240703209470403013099462986919538266859690059
94,229,18724846214952157449758686401,35113651444126002789803636681922580762453292009292181769922485719462915115149
95,230,39097029490146853999489153668,22485664618269203214834872441917224023238178311447840756396519003136092239164
96,231,71842314202848223532207653499,56344580561627172426831601576358315601237362420426558205721065903802778103487
97,232,96678912442627381835618295062,91813654807262772455373676307957139646867697121370728311253689753489094270599
93,228,5951255604952610999136664668,67596645934782734036547315975544022659043592770809090642444098513469110163261
94,229,14632972530363939594907046386,22101124363090954444712000036177110829519460587928317797386862232292183030314
95,230,25127187750218646243980136018,682604982288712396607024637287678440609331277798659848347824180989345412333
96,231,75215707821114910934423360846,49549249179122529021736673596426011557891804279198133563670688980441886481540
97,232,138058664580764480675462651866,26422431760905101453509005872677894943868720973485722665228721662223465632315
93,228,6319689245323700090101640515,32279427175868070239084509114853732831735327841177066045808912971996994922903
94,229,18486099775349022966006930564,36332632362312477687679538498563982820727189793873099006485170328768433084849
95,230,23122195928824937293590823645,77819135910574582934501075532454260637832848229294994766518438124115773530043
96,231,43414759688487590417934268571,89038040596820843779615765392541035602265589705763682357203076976512725354553
97,232,85093311293333617850493174406,70403181117607433275155571715239780287274698844886243697291858484605171051743
93,228,8673232883652295856844628203,104182406009626298537986078486131040294912027054454386696954923605341994290615
94,229,15731142621448359501683611646,91554567740375081080759983580396265980238655070771532835689397517829510116355
95,230,24527724619925984650036825049,102877655706757766917831347605381428867905929454849273782574281218111599430678
96,231,57826897271923642093527787926,85781482423901283200486511424790769513126223292126752789065850084176833167367
97,232,154877542008500057149463196240,62961161810180206171353165562108182167083236183734436873163388570726089493832
93,228,9118728717594512092897828015,29945907751860250601588381557029247323205093976306930052309399966811357638656
94,229,13617089618633185124593699148,52783175496043609534542312849379030984331246343295049540793343971539168509000
95,230,39531739947214991690244193914,58472479712186363507653007634674978536082979661126067956245285275236781110622
96,231,47532498476040069933851469503,76805629125659417861504505497293366972159285348708534993897467483032596571806
97,232,150626012408642459308721747226,4483786889436697383616424559146596226074598053346448426440494114997435801793
93,228,7324888195653427633500789802,36480982734252015184630939954203887520292059799046401690661329772865225231206
94,229,11084827040376470641986504430,74747695098515721060993688013871750221540263644732612877611827252715494322505
95,230,38353305625032718167334723937,61154088893803573890825143513080937948582096601893459247989784420587089249606
96,231,57316912086919851957176267534,16992070376718469784488896584055546443487084076869393499798375423341460700377
97,232,92635960764779747422045066144,94675887741469767483997496616197592395714206587177137807670373382500502634808
93,228,6464438185239883420260139041,68361672568150412978927053622427857186707284644268851243213616293794507586500
94,229,13460800356281178665608333206,98824756509949587384926348971702830495341129571667198254613614031914387493088
95,230,30365930062978083532667463420,115734350628182237879460767380761993754599200499771548341022796533434055571354
96,231,41239147830672778744998279493,37394366456837105360110294766052541273547509781824741110675293462050718617213
97,232,150122433614196233116961607028,7134816021091442229190056291069760031299204777791909536432576730860603540485
93,228,5861313942378892208232383254,55144705439248592604607155067432235688127729919075174845601874285009188470494
94,229,14644458731320510900498786638,60956954607580767130349684845432332239371842247799148989119443229379487034809
95,230,34477056880635280623683121304,32203881219666212393888701006894403765879763782767862669113691031660806631006
96,231,72798233049343444248800975637,45655312226886446074047756812590587337468513407598219821612473884291701268472
97,232,155016857187654927259234708423,101857465105767778952007359157885348683318450277405552525160846214374284762595
93,228,6447305489073469959709155852,70106992140001276350442107776227795028982217308676028322885388221607458877048
94,229,12149943870096812297313243534,78897278883781066576020205199086345169775666307992653657930629497053758494140
95,230,22047650217683841294470768602,103036157000704518730311367362110608631132904809097460445315371756458264146865
96,231,49330815182381996430778171551,103788504089091428213003304466238327128019230893759411883673230847699093858920
97,232,86850875958111382473238428130,10078758515929265713604895414351672616424276007174832071370367540234873661454
93,228,6123070582079254692756485699,84633580820864018866886400747808697850951130784642744376346228000743415586005
94,229,18146898221619606627332584573,34950950814585139503897948647368365757997107766419965413193833946247848322859
95,230,26550730649625456494465143144,92657920634378472101021647060910002626635189608305535450130668660575674612940
96,231,61197560762157620351517782499,5035761463263701079409312012170719288792858613826016288182742869197630744054
97,232,98008610858136562843117522431,88917141292929313091682093947077059548037577471680024450109984732247302937231
93,228,9401721929324895972032511105,105386572005669912487651331965774915020179626569822337286176165474951992119999
94,229,17168074299325964262617574812,87533628718466828811371221656677924090845252098006064328556144007379367933836
95,230,21122214908030867006774045197,91010550900960926631301881203771995619806887726692190938252135719234985790626
96,231,61285161493712187481216274656,2438156914028278436950834173680985813815632126593348731407511162057073859486
97,232,127368795576112905942084228811,78007841337246366098419227564319318482930804170454383129926106651823684832170
93,228,8420173179632585691031289232,58741211119201689027298155140531314904298203207488461899075815834396958530171
94,229,13332792768744149901049164286,16506695701544982256673919470944001932446211652441897974584115171173175980520
95,230,20678010590804355489175063052,97699186536293627741338151617891189722462999586772550351251845457763105871162
96,231,47076609944466074194055109784,81871974486958113144126944007281024414046474715871724838672624074198035296009
97,232,110820013228378988581815029512,108909499680097945653338258044735448738313102804125609106465757829900523226611
93,228,9707501423410567842297346262,64508586156004906898275922253594607636383310941089485015956835320868212660241
94,229,14397818582306428783879989458,34306874482092402545016861641498946652871032656448601324179224026302108982967
95,230,36730031748607483291934196928,8672361499800943773514862337945035060317167523355141540971762458776684111948
96,231,68417875955377076709453153222,21262112975379367726722791252086656051035412570813023191210612977863445617702
97,232,92984107152694185861982748004,41633578897788243065243870830699258072413801411457695295307347280431052855162
93,228,5754048154581826648607261179,83106392872048655038693457020381691946660229950348113338467061919487089352968
94,229,14639140795373687590572023400,94928409381009475768801330308632101756428655342555655853505361538514906031773
95,230,24746787837582038784427642310,5478780655493073018121954396368743809720868813887909153336008930465534132991
96,231,66933501995177054450557014179,69282275414872229171897384633278934326064298168932606256661965970938460219402
97,232,132886824187401051202075308478,115662883077550870244530778102060406721406721374724101810378655161006805566799
93,228,9789206252278403795531818105,53379527615703644010440128249491872958828087440256748869946974609633426114859
94,229,18015775120632051175049527559,10607358424020617587720823143013674465660810125666646904226436017737623927710
95,230,29007251194036660373136119779,72494039159234536374721390650177571443903360691365927704668924675190572541949
96,231,66969027132456888928960597435,91659748632006482665864297542989337751754825325579222958195505264091275626597
97,232,91811374834737484760396879114,72952917788764793995253283882948794189564432247366981775746297397149825143654
93,228,8346386985586338877568278587,110186145836061823397664341584245739628472785152229800778882021290645902416009
94,229,15192650690463627433443454470,22869163695418742358537602909089329394769146034696952780596408138884551007418
95,230,30411138095509176406299173733,36079729763363836996222332209704026482644115335509718360343520895096072813031
96,231,43266917694494893371516092123,55608496538765335589238704864061417084414568170231819526861445073153908115742
97,232,118739136318961692921124355331,113901733174766021453833942042270800422279787660956561901717423625601907158398
93,228,7358414064679586330842640309,31853915585411969154358264579639238698609849814138559563574150933694778114501
94,229,14594323102693018242346892212,59966633990954752439910201123334702509484765734122662704190267983470912476427
95,230,37148866020340716442842981624,57694686546327365705024740011341514648238098695763946870098307801665510029079
96,231,53756985496821104935547660393,30790878637269792453828357621922460880557549269739629265530156026642004920755
97,232,117297741472127668206586149485,87321396301464698282143297044988427218367811343089143893477953902054780164235
93,228,5324717751059869149269813350,39230412286509739988355441575490102622544897930257608616737911316105232108259
94,229,13194857297488324655534297565,92660866170876911255956924592860740259754920347715795100763221011135263663578
95,230,29741775858988004447835403155,15171168297282358517171000697418037657930869035756505394441747163564723951091
96,231,48154775388838634980017923107,44668298696069849697023515134080027386115608507334962477192826775788070217835
97,232,142313738299133124000657062931,83189796801466715699376263570552218551087214249168568006182466719256755584308
93,228,9679117818155599440270168517,109006888130647896301628232247512481442642995278953255048237758206146006762348
94,229,16027206335107959803759284497,53040059424792922254653481834261006031275614533243102095730748389592632353133
95,230,39378996453135088000184701680,101867030861052834639347732601678577307563279776534032654534052240382826706628
96,231,64825226350639548943293207483,54110828285058674888457655624780561771795941976437685762770535112859437271518
97,232,108759927546818855586309279572,84778506638020019222476956362709627664756087151871093718224166152842819573886
93,228,5804745734730131199442688747,20135679241768291716102480684157635867224943162503242830129164216300235574141
94,229,10260658899853413074378800130,44666311395822454406102593877839371993551232670613950959103422200941581486459
95,230,26544250821787711207716696786,8440871499207461663508894405134843492033813488441141601711767170098134220048
96,231,68203592969286178122849124958,55746440667883118848566232902009622384752526202287716181429557488653444526219
97,232,130774891747286952779180775590,23908183725636239003843003495173187783402776423270585825883561482629109568863
93,228,9355668374395093852823830762,13567183473972235998955060853440412078192457826664039600797632790819398912388
94,229,13393527314834499390771943664,113060767424550643571187077588906244882611575937672907030153861914133424951534
95,230,27403324872789535826992093576,31412851759133114791839840376192142351076667331363526029199362823713898830264
96,231,48909326900769149580375533517,105348915272780118300949786165443662317045355289581999585189719012429269154313
97,232,124528680633109551877150235136,81360405489497835163828949854967000781180425997201935882692306568779920173193
93,228,8311585653521144756850862574,19829882101954778237344715312704762596210133288716599786485398552490091165374
94,229,11039158776288840496395937093,105263065581473110113818611105489286036600056073124203047806526799103350919956
95,230,23970656361604752637135138456,96069090589561066601387301578259600737506480836628559915398362581571139094138
96,231,74639688065752352198829794413,94088316372597096630551675892759293484173861980048711850727187077051231129496
97,232,134920751309254883563227910154,48584942679580045461147807907223668109133129867906671255399161875419571297219
93,228,7506839346905017360763711731,12607076180048779607267792373727242400170671932749696012286341603523853319446
94,229,13011458472610266978202995301,45666835095038793956501618365057543501464731563634569612490185766604196900649
95,230,29739578708368130896088058116,100798535093619354405937743642699641442608170461081199085403211176837522273431
96,231,65702978982579606571270321847,28454288907416003257356762094830052917883391127551874227996633282357344894383
97,232,146527567647256075870780624977,65127082334378053429147575317468369176386012767680429075126042111544815520569
93,228,6709546922033704889251579527,72823359378503474956262031419038426887585363605935635960591617203492120147384
94,229,15501210560736974398677809480,90688468841655498840054378587617142818573234032000903615592836969839916682617
95,230,33425554003422241684326980246,88614649021806621505405655859097854994846854523520131877520469128702883634436
96,231,77120858945625388985144002910,6156901320880436659936630895193269912246610995672017896389400105326516122754
97,232,84004952984174547476170278203,94529858069341830481411736350487123574573358276668818764363790141480285001645
93,228,5480087970074658633141569412,50833171785480905717627757670413099692985710307578077093951989481287534230680
94,229,13919166783606569129962827695,76099856980861587928071010682722609397403029771755572071088777133258088049427
95,230,23790187795010469885187181200,12518841485316427774520766790878186735971748265604101720911729351694577537167
96,231,55775921360313736141825991618,83108946528753052553613978796441756764829960855013184058975798342732112857071
97,232,133660760014204166084689767515,114965600107958234536168943666552937332060161837267402488134937214349249820569
93,228,6477968918771039872627987660,114158288628795699436205943657851410526105278445624505004646126205939958279225
94,229,12937643252338598985800832904,54041520204534855083501352317655900958894452744177677236051755421292564104633
95,230,33842013796932161542582003507,68346676807784863239841174283268223424175338634373821973438946645535583926191
96,231,44188351910920932623640852749,68982055067904928588649397867722933299782475810038469472805112651889831315550
97,232,81122636519337608131932145431,103616116306608358242315025780548833545327676719926446816358708665476257866547
93,228,7871840038745194853392834380,82240356860122297212543969494349336420384189835684860139754761486463737577324
94,229,12888638745652027900915500667,93070962321635888936501105038112759694737686409109928383293434699387053285361
95,230,24543410554980021446270379380,14415095577917459495893390704557596720403995978439924331923499050787107546794
96,231,44674533784961297346774938803,45408512622837022477018460628647645616968979842128349971657319052335468412228
97,232,102632666552731758750606031181,52852701629717901920244604505506160848444719399240556022697502239649845825976
93,228,7529445338771667077440353289,24282565266778405962204067129334385111452178914391132215227547198506417401999
94,229,10365025943150572789576217736,92070469986291322835124109923083863679293315474721488141799976982712732332309
95,230,28819611933832151673863524025,56927942111540399761705600740940680388801181703750775339881110233432107362893
96,231,47924339749542029055786814101,99886843150367045143824270197222158699262791116795151516936770419217206698676
97,232,134989447681254240937648516062,112107713814389642265737141300884055554957650661286956035061828070081869478631
93,228,9081444197678186466531840956,29895356718059679217966397326196585734536896510458717855217645424086678866057
94,229,15909880475550889893409270432,94671976355018201930705238118663556720251738472341043713027478531045463377393
95,230,31635761695515246080204134020,45660764626449390515130997343641703343137020138467378768433122885418299239986
96,231,44211246679280771896000240714,65394159256262699214089734380255431713173336644728383671877653074599597714729
97,232,116465771160286252632257733443,109719020299313473803228427877309776907037531179653860232361683050670556579969
93,228,6920166355921657610600918378,71720164934029906247678725761599508336010899820423426834148092548130202208192
94,229,18840217456206605167733085592,50384995191474474971681512941470840704807729769477226565561075531852222337575
95,230,24726746238178670356841875463,8761594028780658807856541090256210239428161473060683182244227619525309492287
96,231,57364211801758880829086419232,67472740833471216467742565989593818698908197262885635706121374239002050818096
97,232,125480624639334494369581994696,66419200968482014263979474527113256435066686461087673947621663554514272347117
93,228,5106555049260240064889342310,43045155822807936642399951035519454885868587994275606419035620626075879876008
94,229,14833327147127756635731274561,29881943710647781752875837511141738003783368091191828776945781996009591921050
95,230,20562055491499133634397746194,94126625982402176359170472676526379710837373124774627442055919951948731648602
96,231,62878220080770803328504333406,59109358575703546432914133234771269976071225319594424224277853533590768179068
97,232,104016656319551321144229242016,84371215773278869801645744605652765397411183038198898551280223949575519342010
93,228,5073712578388338630947675510,45623155772669107164691088473936689270027586663051199293053716127598327738571
94,229,14009580294074550034429582466,57867467133922549268983372988676953303740696337759123015269884377706064694119
95,230,32267601902600291470360698560,111005898757331314767258041151626493801816577321304489904453844987074793922574
96,231,67126439245507648909194750540,25160166314141126896651151438753471876720055904664694257334492272793607146795
97,232,79487659414896905527969872667,24547320841885521029340953212092617518739856074715644842985765656223824997177
93,228,7576294565493821272655087320,33389163594006759234894415237937937296605429579198896083300170805168987918020
94,229,13097838054625017608525443293,52085442933182595322652607791359710900041454411974448367670968107437146586072
95,230,36017036853815453805851285289,42914979539078791588766641512887252793740688257843014140452135124190640469705
96,231,50088727196348885615777294611,71365623093249505392333020439304079832593143599371660111102752037128295956172
97,232,97969832430771712645251987223,76318871388364201224819850842849747570602664366910343083201639977463282238601
93,228,6963426184270328174554014222,72264841362440350368536705644560345736414990025442640068133494378140097360372
94,229,18871332114167031697655706235,46895395510967307338789073650116869849898448236255722452764981060784537808141
95,230,26372773316278394828588689985,16840120006982999348032344405068378714206876671639143886500439485448924411771
96,231,57354392507690134949043655690,15066385080235702918968638050341482424465292346184325132443170567107463340153
97,232,110834489936596876098536836599,74971119153971216459216442472765227220738960621366704240214754271005497443117
93,228,6888966747063768077617861984,86375654022906497856617158458391923133446074924943965377098954137520963141584
94,229,16055148903266860771008242889,111991082502821558617022626651736998851334340711867548520084389262656024421720
95,230,35232065618019033689846960410,27452786638905543180190743003911517078158728541337832865367738427556429428853
96,231,55281166518313610319690400369,83316909286525525883629321136561903082269728192228075996422282059666404446203
97,232,136184762473574305744244730705,60970494940748174606779686751506987921982764821666831555497649218279950851313
93,228,9129085297709091772617993620,65503430383580966742572221666079606964000810205031602063832434897826977634035
94,229,13670362191819823334845323075,52446692001441133318567628256259234890255283838335044929488987827368626421256
95,230,23428908475289338602465907534,96497328757411813505958947190899784497903142906034490592415601362233417629873
96,231,56049582065194214022538693258,99483934150670081006017661669472698967829658341987306871644483765348827820795
97,232,127217007332107086219770806795,53990711187110239287498592546919005447463273534108304992873527051279630206687
93,228,6120562971358136124662020636,104858784058199950719212958564775289803724302654304225226812637271508545274666
94,229,10762019943727590028280974482,26883388316880766514856435703739353923377134714006411005782581120843792768
95,230,37008280474988148806674637798,15916679340604841886180793126707156533967215651052606902503071093047262426602
96,231,58968221826912014487130141507,97774202495540462894738347228027729978467349251728034041631028137904663913125
97,232,138412147159991243688919683872,4907957137908803234620194948885131779112256422258220786215807445649993573152
93,228,7294088872029756873901618443,31906026244499089600594187546638545672451203262015341242510758506493328761969
94,229,14477689563147065381403318500,196509190035278135281883690414107653329946410345411410473562866964544899193
95,230,30476296357079817998052845547,100074490404739711447452299363917948655866461447996324815424733437955363348949
96,231,55662512956593264368019763106,56860792360266712762395981793258250897069339114442318120707128766851029498173
97,232,119517131875937744200313931666,107364369875109275770421107130868445511189934920327841229139749772570666962000
93,228,7172680495478119778960651336,48886097463035577314919382582174696026999150090967887953439317051500785148841
94,229,11309029132820328248987908844,113058349667020280792208224443260017151786837463578657574089214713602276572402
95,230,36381324996289091950632175204,50290255553724932689817746463747154813203480319562201312698432641702476964997
96,231,55689078635022420095766276421,80526899017306619192296193276805868809968237249844077830359324772936504879214
97,232,133878702332819444693210408211,108820579791240392937118738482269614612165074952268507723518513302625705871605
93,228,6173117413777271992410245694,100728182932449253923559311187396289797585567070640906692587348065152823749976
94,229,11457434770902645640999925393,57327270022693369475077782707254134235404557585837960014986894861660838435659
95,230,31195269201187729345065533471,33433620909276948055843929893954344370482867231652439914243517899123618945030
96,231,75421682174641077542659730738,93973307465865936231679378649111086918958760349281619845995979507738198678794
97,232,85365471218734826561094329218,63786713903104415013273004233070589071503171354100911325702740870683721918932
93,228,8690009274854394280767476929,12334911575171887370508354560204596306754966544722937247800974752177081509312
94,229,13504592937233155453110366423,26943651386894928131259238163919116539628721949890149239141202535372583238251
95,230,38869589645536228179846708953,72681354752245695577916809209648292248183654092654702949220040528854842736813
96,231,46094193251075110819179600677,98708700511540914794352287354007127517155110862403434270171307527067740793874
97,232,95243196935202375624263553177,103066862055336551504502203683711449333714367748902082251961392684215752953591
93,228,8990146154868258575802432405,65465640126174318550532525237448720245768623015090796058079900718902774714114
94,229,17080936408634225675597174861,36674703404179306192882455124718520318172418323273592145830630144154928004596
95,230,20222598318083112584626532892,94222844759244009264342089297862990881319984931427753452982394352593840124073
96,231,71586219655479039086793420698,109071774091590748447406802404314231512564276596195543677641264883426289476075
97,232,133191306407550685938059394174,98622892610718252428007448772240976603172777046215315697685780675189239772545
93,228,6456543089291423913200083462,52336189218001586429458055741432517464375775966171243911163352503245206847532
94,229,13555766989579130651834241689,57088169809057370782712418891433683585510401984050470514939550147711869627510
95,230,33134626596634590716774060246,14572174835837267905460700270251811894869796389044686821858592513420688275726
96,231,55247575887125400791191288638,40250098718600529912000029209380099670029532421547411454245711210491318755309
97,232,79437645026310292585557720634,101331202089826574150155448282094303423367953776288222053976522369419237784485
93,228,6449406936317348329388119104,97222087953203719576810943485523819969983298159731913610411877091709147959522
94,229,11103106261062091617397703176,106513064046994722139376611517690586040983045601036629280488955193114371406227
95,230,27743884685710371880859316382,97151419535225222610291617986171026589724753724954382398758638880387898700429
96,231,44232277320956670792223360167,14729370350250296653654758417597279324595380535672162681209558233304995195212
97,232,128421126743815303872591490199,51371163874429835452055233331252451452529994760044577311022092669630460433333
93,228,9069179616295122008099118760,34603075354975731414711080878463119343847344766636377318900832691245896607839
94,229,13795136483772210372444832231,13400251129135774347289933864250397742817766757696847044386143892906882313461
95,230,31579755535384571548125518173,69809648930583343449068360189847996669575100158531023497342704825201456221864
96,231,51114900937155364791511689445,90488052621655534903783432409801885908125325719701936058042773272508598912505
97,232,141246740524003774138730447305,104295874839986788115195391741934508429692734981892207337785290527466967402455
93,228,9125523661642824092195682615,49722145511699797706838438502778453272690051322655823479437375045816850266862
94,229,14954796774792422677396608228,12672175019762983361791491986509327428684743232194807498009569300408964687952
95,230,28435732249077356884345469595,17471986709903779199832128397313505339114614363282914771331600598590086816790
96,231,65734254393639221123773718224,3630981917809576367242498905431576764616268783794381962243219427734485155829
97,232,144534068780108978719774591713,40056761812325376978491300984723202880390712104467039489514464910103436495011
93,228,7477457242152460523967261731,13724057453517643892872582819858269973977804382428184611594313007239576732222
94,229,11565561640996011933378853153,28629313872541265898187891730872874289681197085628067216628899759911324147686
95,230,35988969024729223630266287376,51980626596329455180437149831218033071469105015718695119588128241640820077059
96,231,54686351524203842821513261832,9317169390719458913061170708379445524618934847332695209685873188568671346002
97,232,148562307984174483719199858096,99666043754454562992227821240463526158425737634525611167037993012696864393626
93,228,7100607266199743900378591646,97348196591074142469119663780494958451297176525237960529894810088652563142477
94,229,11043913740991309325441245363,110709474043989205839463344517338251309503919785220256915806539351824741453009
95,230,36476995881726412173132923769,102137269514459644606499542824813110176116581000327915132458884471523466289396
96,231,78873300258112093884203544993,59550618775003545492458803805471919481779711179194433387025860001171849303680
97,232,93750311809827358202063283145,11695232738132640595376656304919874779062300100327536136666553428747126458272
93,228,6763989073191399715689229685,28018942210281409296923092683865838730471422191285697559206138764203442812244
94,229,13667117305209193773067805704,113389124636154449527201892435144729341634841647683733434507122309443380641142
95,230,33270179066555391436478730703,71466344145572250683295719063903510982667251258483746086901330887836866337636
96,231,42098087430867051984877447182,15562679465697809661738952824465680047505024309122181615724444605070362533114
97,232,105509006548643170107600171357,88865960549483398243742084672006671740326865077208622667357968579284026108612
93,228,5053243064060558716601052380,103858394353107548596260507330984102038200604344406569321140038374061579284998
94,229,13656089091890158686017799080,46906986101262551345423122359763693934828096532903388664105533146094060683516
95,230,23167652863716050510381694474,81753134321418069949343368322648491649596532126170037597364312988234339295370
96,231,55605927785518938382727778340,46396756092213947008907244320264680291630084469967966002335163813875581293512
97,232,108963065331094190882229075195,97599193076641755339165629756810429550745925343343594860669119809829153665276
93,228,6287746704766407796821122583,9433930816491597453371450837564583526134996893567743394880109343960114142471
94,229,16102373658510047684888331468,101176354109920032498657032958617902050629953361311433201195869873416405497165
95,230,27915535882597047360581895466,60335422184374797543745959116162988188195596334925677565377045362072113348998
96,231,54361472334298826839051407426,73609424865115561710143244003640128012520727700367834345542863626011828038240
97,232,98832750322664934912645148793,100119412279895082935977672512859879041024277128208986140339368370260820615712
93,228,9728712518206343273671229639,36979012948536667421439426248741607059780343980843447353329311174532417817403
94,229,13202086397997030955946952662,92346450685806934041329386868176580072119952937281551029321152645725151142436
95,230,35740497657080442541242180296,46144428779087975668355565898407315649724452667242027579611168449587104138264
96,231,77601412908460671867796552195,91015353304816243507525026883477460376328023879418562968618323917545489670069
97,232,114767832071207996584629685934,36778220330623430183468283935148541497948843455446134275463240869360849487467
93,228,8733737022926696701411920577,113033250938522159102779004268630118805404401160561779338076303316582502403919
94,229,10981966595775530906762369121,53603479255197466171992681479831026487844439683932898912796571396247831862980
95,230,23967020972909694011472940321,91403803976034783025464314370919207451997921260780639175797607537400726464474
96,231,76850087808057620854712188746,92658261474345269400118981526271851695955032487249364366216453847343013543263
97,232,113276315240691960922170526977,42128452595025270884154723777130084808278425333175902973071828179510635857823
93,228,5176239666086723850184945240,42272863577070477369189909468155679884434892304268921534045507944230778046677
94,229,18246735128560981773245864766,92063369927598281659646564053606883203103048443722065546235496668938392814967
95,230,27035562993957739378932929446,35637285539271360565787062826376033994483540877099847847278919526669404797495
96,231,48699696453504884681800523164,19644216132850972114151914800592441945442101369609015647265350923539592245060
97,232,148485978835239637268548676353,82615002537221027471164177631649618582175450724121513932878380996056468938657
93,228,6316465104468116150241842117,84069638215272102600796175536428202650974977534164008048203476702914861970476
94,229,18533722291159832158826602725,45243316162830243688991705357879395233396009377080813711413487847953913549708
95,230,23733339254288022118056392489,87287802641421683987250832666833849652869834340080365065001065499485039410625
96,231,46217476216736825740989467584,13709330590546940875574929261572021474402124183409619019649895873976852415293
97,232,112150518806537804737176943394,56897053273416339824206130995381177740110041424180566169286729050305540520277
93,228,8843882878651183318192605806,60033817389669989065023662782866414570867701383249669135804101094571588227089
94,229,12437591100776119755367496334,108226571516591800016105752199097290309982323476559455829634604397196569775503
95,230,20929025051454591129964795201,59338714468325464937141772117543510918709078563068133003350693588030606345981
96,231,61270849255192652325136717973,9470442470428942792086937943974628790412819168054707790703314912594219509008
97,232,137915404730930337344590910884,611289024922390059674482074264061842329046491243488496021485512412918019070
93,228,8445175853374083175292555335,77231582946295994878758302382078688616017537688509842822310417422099672478247
94,229,13183786106983638319015767488,41217433837090534924626860202291732912403894448856313226748748873363025889950
95,230,34968757405520305085796337059,75652420927808763897181255768351432053601051312411596686226348216818533619137
96,231,78983168709364706482592756358,109221932183480863194321339872010790075840169608561140017938612277410705893497
97,232,112311930122746420233331204999,82346968093832149888168074372292500355385289626005516040374673478561552447642
93,228,7577032415616284171498802579,19918890889940862872864076256067414942861171837788722733715263567427558920959
94,229,19491186758494662906177610948,15580376458674434951205195958423140191379181899609368767296496762773826674178
95,230,22145886902790318289573108033,41711831197273929467077218088747996056784625327850065772092374221567818290939
96,231,64144065200419420329268650190,13037000825767674772484093395150991247863172037417386910730185802052513641180
97,232,157795060872236980293968599899,100350100243666746632857637034494399984190300889837840935002637590098715403972
93,228,8388070482006631547314306367,58384734614046308756386393958949909580319612871335235654914891400227706577976
94,229,13721585036149632781535556179,16365371256307952611245423034298572641171775568437286804954388003589523027756
95,230,26450496406994987080295588776,3933739141820119902306456406987695248443418310611851934671532994431139387992
96,231,69891552764553134769630401881,111631043319683639138692104807249944952073414774715429832713427022063392947127
97,232,127246426467232993715006700894,109985105385364736455780677691153478753212514287815064069573723838698443911192
93,228,6224894995127077061964792321,72550607240213055432043974532753921221654708562700234832870146524685199301760
94,229,11997041820166258940081052415,6504834496433595046758084092598692319843480793479023042880697797416313462954
95,230,30857582556958851832953891415,42623434477672051864337799272162726802883221856694458976113735163564156032083
96,231,50649190248005898996186965909,74336531543993274047430160843180194653210485185015968994204103440540062442504
97,232,85016058225505905444920692610,30434959296802148973601192756120442573394033874264537788707895573756788009871
93,228,9685507797891553376461868242,20059737803749244302100062014455530847640885110134954615916923272477631163512
94,229,16012107399530567604114096636,47568074791788674939570199554133440700748622640245348351278636456806264517568
95,230,39389310236887565524953451746,18012956594925775596257369393198549245611869693551691463402921618741610647288
96,231,70430269080955051173250460017,114944703288836493121232144613984140100956803310382486558793872724802763139303
97,232,95047066667660742811564356311,63800571674203742604797979611830427469608649407188933059609675022242808097497
93,228,6000876066659173426796596271,109778358804731875826619133771766913649942718856910986926984320291633483372660
94,229,10159841009190489295087367089,108243413384191892255828253765369964016449005488563092870510307833647793273090
95,230,38711096882061188734150439918,111910019008222792365137136091339321231239859783140633733399615888792173897616
96,231,71593648367552894128139313023,64493136153820493111533421973372958454914857695228300823232978022137081871159
97,232,87660556967354538534483137540,28908878762781226754177323928146791075239773174023149191234391999797117697972
93,228,8327786409506776018670000748,76993023696116100974949245990598617886337029962229520732725487224091030697667
94,229,11269256186277245276778018741,16348694389930808364773158724559703509774103015617707726767339284973322983165
95,230,35817709567428907864139094424,71611444373444072641525777314196963633577437148527422461317668783353982324276
96,231,42397334734240215244707748510,22688585805555354702107684129250529804136577120608346839551903348905941778007
97,232,80661214247183671229405546583,18410926604423760088244228709840847870315653290350963194750725585697469247019
93,228,6934610835621913731427686450,96320506728175861379571375114664589607031114141836713279381493604068389499159
94,229,17582917509085773468487285676,14963217651431460437353092295111945390551665205841436234897342955580160303424
95,230,37241743879952187691322033869,40435627529026525182064409358625023875217285321067690017975323154077292937370
96,231,44860780046098590915406816263,88844985850429703030906970981273968296358083609916629682847728504160897536210
97,232,82175494246834074736514811676,39583369006145139123367966577270282027461180169082725306268379130203085200871
93,228,6864980177620815123576674585,4403858281664008537453524514816198529087925448610691589932617538387743242566
94,229,11727213001103863070612571729,35394228919628350775281428526926742144766332658305253727388949178750657636444
95,230,31948312487871365892056985362,69827902050314672018326436241551224631584857804251741963712335267604439075426
96,231,73313340747376442636321534535,61437570907449158280981537290349275569573356802494161904601264580631462415205
97,232,125152610616865360747732999918,112255695518485183796880229086183173966302179235611254948580914986836149073476
93,228,9417716022632824177496527712,103419089850777750745042329450343718056604844753842532761235851651102197782215
94,229,16101453092915804717637854402,25557484775250433435536658531746006938116566404368273705304512983813153203906
95,230,35810322528254023544653176072,7037905565423776822715096150122811352804543152226332754971794182765943685110
96,231,42983060226221721911079577325,4453354574622769103328718072682287392418225644089909340135101728375908962239
97,232,90240521107198440841643742822,3489712678158461733329473918634916507745195868887404592777208212145655105948
93,228,9850737456676636785336547799,33920306290442333406324953909549785448227990836900047260961760617031956262861
94,229,16922567931490747203639627318,50559602901701921795996226667110568277298605554228858983723228883791645328231
95,230,31500377048140163231074925246,111895051892305192947239626452293072035189490817687591118514918297339589660222
96,231,50908364814446092222651357115,43034594057558457550997947803711731211938220502052273709374650369931578475503
97,232,110342962417906404720155596509,65163069434152546651606659714407348174953302541962232915709122044637462047293
93,228,7823523497583935194358850269,75619299045782207012055190999503920850997083527722005439967862294780493595543
94,229,17681726415797627576762992056,100101107391222416105407780884854959787573964477310645742906712393855306664157
95,230,36227123393107262969372638117,49627936725265072098960490572881481548117541235785950195917604755482694865000
96,231,52842786948366563588187490364,37556349475733102420427565186007637966137213958216887124928636330325652900931
97,232,86329528614896997606986767957,64638970596251613648161818250586906344352141788474448900718667763145299599916
93,228,5102130832218820101640323287,19307765128300580038053262251150361434731041889112229024916797671647526683580
94,229,17063491709874116160973976115,33865913275817287938420331853207545375928473193933518786669297370294498526850
95,230,37848399538764362979271339834,13577922504737045838093404815388681891671886898213472706513230711674005125891
96,231,72686966223725311279115239601,86227391295452773440168832168512911184234390480002158506759445270336729421947
97,232,139724029745038814207233494600,75725444989287383161335102013433666088988606674822959086632037639620951365959
93,228,9268186284037455515108253252,10968268473009976098420633339075979660881573443962431571187462245988429883771
94,229,14110285029635127093293962986,69660012634828464319864721622024821293867173502920238699443540910656942611280
95,230,27441578572193202104661892244,2950508699303910472609276227346298116706430688598461011861201579070844787482
96,231,48951209840055523103768781729,22404671455071607871635501946248465545646048201510145151542547529390062625083
97,232,93627743873710090651346913256,39997671957869607229090742266015371013503565465516986630422272533691916994978
93,228,8973529898970345563440844572,102949843866959619207590724000523070652888080962439603913256667219973410540720
94,229,15381135540601828796016079123,77315651389452377270672242367161894311363173947482661600748979301791928607520
95,230,28092793662352566527819586938,48604252524321828826270488271214262244046484785055313620113501114361764708955
96,231,40547192585207551822417102642,29398771442496651474557679413437642561727649825248335315901555066207366861038
97,232,81213700654443920618617366359,104120380972027069758019101178088790151403070382534634265532999280305297292452
93,228,6695715176780982775381059123,107918821768459468389469406167396138503743516494663528570467922240459176587954
94,229,9932987941948207213320241054,56603256598890199372485306518192663256492174105673511952174734454747981646851
95,230,28732224822414768165973821381,94768782668793807153823654673146649846850791600178327873412874863183556678809
96,231,51318566687524957947661835703,40076611320177818553535548177854125609811841266844487862548136570782461727393
97,232,130520948286063280490836901555,6405769504442952704237559748902881845360160514214296626322498034254463619517
93,228,7375022034248634724264807661,52241728151087361556957632611643990038835719169898815027002197066632948082208
94,229,16893487574143508977681731381,34807862220694000755911240124430864671976679089956994786468571299214169721559
95,230,23878262213781864057038033433,25206399490033910659053450839773886446911722633549190966148348612756387186392
96,231,47531170863934094970764220016,109826228081284274795699328607068308290490328503924344172013953665905550852467
97,232,157955369916993092903183108022,64110214222133497431673613335951543429723237772545543267805837570873159212894
93,228,9711101967307446619582415345,41344661959235697170982671611264956748355462929728714819172786985824976948641
94,229,15683441775650296467290871948,45683650694903072719037319227987372982383542815923349803970674424879871885203
95,230,25737109019922822545959623046,114130420899525468222966159999908281554107327138661442942757391334614156797933
96,231,48942654799300177055030020296,96034678721618797202868928230864357091184929084944960567576966967430909653696
97,232,124620582579681011937615250922,74243444866622280938112325689282121576309956856063516174459757125833865773039
93,228,6158561509341314161632174889,86615579022673936998849849061820273974159912732991040489078171462253979296407
94,229,11245178810427699914777404257,102511826164457599776369770848200417579386379250297582863921220439660106071530
95,230,29808420229740910318120583373,89726724786539696128191256929010878319975205223182844897038411013545220166174
96,231,75431148408964144741516293889,64498995390753044178133477602818424115207941283020215341167433455446321017352
97,232,125214254275655538776257520000,25585249072364342123260681166657711887523934046592969377854243480718910479204
93,228,9496564000263562001508183386,28649823566845190596936596580836869987630031953577487468251504786357197631290
94,229,12613274124863626967054087769,72551479472897053318039004483966995496526512662865940109956629806439603823368
95,230,26280672834877836238208836134,69837076698266743081570909482230237803096487079699286365030318930084395030319
96,231,77158819747552316517164135910,52332382415138567047228250436546626818241687190416511763030597893966582776936
97,232,116277757722766087664576663396,28404758957437061091764927705660106017218264504459980619530343822949104266277
93,228,7934648571621160531310992755,80787545545206825918896325260350986903113712912538215748567702772955493510368
94,229,19444283573611721328753524214,77670080795202049597035903172131861533711958797693695543774495395493367161567
95,230,35029774436572540342598585149,94252099840203945201523635356831362693225180675929389883294735072464732175128
96,231,72685115899070312764981178023,70729246561090528026507975033056028811477295200740722254594252744005314417722
97,232,113754943627913871918669175361,38594982326986417570123447753461037664656057491023489640158618319984232200616
93,228,8623395144540526999725539370,82967973051241135538276671799458961250153091636712145044152401368344267518298
94,229,10352878764124231204917264291,6339870779696978693345601623632828162522648645846632507886367125074073084811
95,230,29700217724775748543798254264,68350434695156388055233826244667653799087515972393251641675161466095907766575
96,231,46912602542364127186808825313,64216731358727164642674725677145602999594870193984922848640705661717918633014
97,232,150016422390577409654725372876,37192625087929751153731541033836439257666244203600965204398661694544330601666
93,228,9237384832771576767346690993,44576402168267891655557518016850039622216821717694764360102190619548086163882
94,229,10511597868378027804515203823,52180518162715828390099158376394442851613794199709572115989634241726114227085
95,230,21971056485186829220653807114,71952555597020312639603551540055190723381530323438400571272578557831788408837
96,231,53828081393998872683345456105,81131309345687236283961273349675279852519151350237579259244131912502613758434
97,232,89836041625776272776185103506,7446883916935484621045417797330284212404437065590019804641167255926091455152
93,228,9612293325664189664733098990,40464352945112964190418213368529976341986941080694987279342021009949375339663
94,229,15889033636578776384353191369,62258887516017198294359835307503939882718322276316710155960532679421343112939
95,230,21342533568498242993415303539,30318619210557523194664077731008054751094731582009380137189937751046908028064
96,231,62026332790726174404060822844,26308573522120799956981301390224866390552146810927159531305487249000463137044
97,232,140043238997376695162511419248,68239864290056776707985644613983778436546368794613593252566821066646695843802
93,228,5496945625871856521817167753,63068216098356966793511208314340165572464966370531097328027002506654624579246
94,229,16619699619148741575750798117,107649006629096340170354009495352330695623401005520017482708737554679363310651
95,230,21610011988751249311960997821,34077165689163362936737981316089722637422377348084807435849678058204434628938
96,231,51788678413447811684385395252,26467878065832649911345104396686758642611283361644953972000280200617214648677
97,232,138759586637062106693322611818,16857430575882716607343222961618194150265626865392138196256825097112084528808
93,228,6482213607673991432915970855,14752855020696830773305907442641405922579025562264394031949686948641799608544
94,229,14500380077314263954175146311,62928494016722347882285077719082148574550415664658920065903507794693689713466
95,230,28648105808824964255843519794,4201313004630056649638263728275032805825646924817246619399380899252445764199
96,231,46653202760864278983116875175,56773350482561872701838405811397228237944909558618984503384187508651367212789
97,232,108324597432959032322718072759,26733236410899372823797366045870935646626681001971715636548576369993727787549
93,228,6925371344822111164397578735,77623076470291805623499157087761107798642818788901535573951439590672201627373
94,229,16155296226379926721317379418,84706345773168456063822271601109659490755339967944339628867880647942072876394
95,230,35342149044364123749822375064,105870672171878493740280678882228470117120687482162057549736218096942368273013
96,231,77681164952712805367867760095,108346044993497274496317345246771133561076256810330543906200913094462075813504
97,232,99654006715524216639530466388,13744860161289999841607846863743488812620952862092467323989268247622373475809
93,228,4995953609576021701043207820,85711848249046886183580361727369481041592167148554353621704214249296949570366
94,229,12668022130767105993614536177,66417005541459998271449524011715232694319988270904211693014687102532115702282
95,230,25911783082039649098236255621,70720853870971978103300622676356994677010744951957990881098943589258369978802
96,231,47716814872315352737527607729,111642098883771037763266588908821850377412301508772619558238280489491785482836
97,232,91818557480236836117832798283,52768914143783372743557066746290729869027663735153930593003407951849709702778
93,228,8919315447131753456436350341,46785697366907928652357803431684034714877348263553147905562143715886033626584
94,229,17293547524450656261393522856,96375733334159875811779297184832797738172788685821366960102711445954036325643
95,230,37250431361103436539055601053,111525243768100846002737061041369099211936623000773851903788584046554165019016
96,231,70273881515159959590661165172,53452020237079039235251607282050381839643594270122561937533463300194271436305
97,232,125362677221663576523270595748,25933066689038369956860197653529776269150541667705290897816662632480807815566
93,228,5451532758811316037402066250,44476482272544402380835219278582842984625285584006902034961033892474737175588
94,229,14223842874449593637587410357,51813043411934949394261422914812111494203550534634385832122479337623074415528
95,230,23429384656856046670112371483,14079194943226664488788694513640822614720091862686428439250949065009070862895
96,231,42354497724057423633689452873,33479960751754745104051526717584683565068079894949752571235902459935368871652
97,232,122211502908086838092864097698,95158996193326095353464841920804095443442841573625169328649592783253570982995
93,228,6215223679894726195429277292,102877897232970441476984420922474457973458977584296052978497966541792709865026
94,229,18374521940398447955264406400,92748173865715021320183280360777746110577947290229998757154515663557522011909
95,230,37070999750755332519338309810,3503185485903694517817952287224276733291053892768283457959869342010406353394
96,231,75684595770862485425561608237,63929337659153272338080628111865377840558399209267123723508291012388717194197
97,232,136631452916096254615492068361,111830206125527413513739436960844810019226060865988746427343104826734537039840
93,228,9408421221391534212901332063,97099469063789158998038637062464871346075893668496325720973627009804773193341
94,229,18486426135372976028942797080,109828298214559659149178085142981886949566777354193978203702486053719403297471
95,230,35890333815113754508453069777,29118478159631823487452130692633359128818939640337923653773800025346377846300
96,231,56504263761438674096492226981,44239489374330994451649275719699185880881761930905028316395202202191045282243
97,232,119523279953151805394964932686,73866717522779740441392229749243227936959393789055963872643891410718764863263
93,228,6915691272838080721903405351,22245357658525624635651961600148450905123522062723656943296335457004392423700
94,229,11326655048402494930460025778,87559617240644342442270247638950636600272625300942086224817076104895166722823
95,230,22530028079704846258660920052,67961203544068242533073324669756714314039732983388953413702939672411544221357
96,231,46175475110390980299099908059,112490775411111033122082013359146938152681165179421400702838206651625474261053
97,232,89474454483191532404875950787,37881251380087816821438570660051429565706230953680278680527119260179938833162
93,228,6698195098474951617631770038,17809772734755515804212822197762246226166588523352967543704012947980223302237
94,229,18472789158439501894255073936,109061271585421528518737202892315612344187398203398347762091262684959401527248
95,230,25254621614134483310206764567,106949523542012962497547016079493396172231085732612014927433316781890948230868
96,231,69891920452805288621364434822,31716218835034519511874182649163102287312377307148287514330168373329276348663
97,232,86411236446062986201321945314,55225044115038755190752095601075714010504509499264034822747889446226697208601
93,228,5379073001526999279187012289,28604303130370004317157634525651474140075144373991580051062432592740789244024
94,229,16605591149466142799293039248,21520196060950403559120435094665237621778134034016958288239187084763848548429
95,230,29601768152069131508058799379,70124405512835407149876933902916841331750058459916282091362040649367293140079
96,231,78320955730356785116316368075,79106079852648196147880225927255865093729535491766572180971035182174461990574
97,232,109942208806099209119797773495,58063142315755956036030170095616514743369320701430091567416683778273352662091
93,228,8354403361400320235780637256,21691666620428939607938826266994737023328817739837544219436904482666642518967
94,229,14433852769185355964149790817,96490157975147919531955293935181373437272159210379025340614067477141382211519
95,230,31295850648836344759580766819,102570648531139886839552838259445732640973155029816244903485627690101942773656
96,231,42433508936667343091527613729,41065834191629000576318354605807579118780062875984132107872699103766365429928
97,232,83891166197471922655138222828,50453790436717474882794346005128457259191817340964041916337936797112857249195
93,228,6312928541371600103317252760,41733360389572783645363034314131805810572012994492804477659235429349855917377
94,229,14449385835909850566103144313,82505652278420596308399434419269673436141654428469018405558733886896741134556
95,230,36223109911149873926529656379,103138175962567212722243462481997821853379385202638723396623400449420839518
96,231,53616352757136731062264081600,53261559929846855890831449066848230958226997302321478458299589742141086498685
97,232,82539044668950240883586308940,93078457014373101024899551363360875055074757869250667259680837503043454599738
