bit_length,total_bits,random_multiplier,rhs_projection_ell
114,249,15832031143345285053171753698227845,93703675742518849516475898105579207503134735862455962523158468841153939966343
115,250,38475810156309810990065884465877137,104991690028858650442334542645376288867715430530765565820228925124215021632835
114,249,14823161079105975354525808656415345,84776462283670929732223237762774540435127605118787094164177106434944376626690
115,250,28636483778945601931665560507411083,18279981552315558910893393113077584235666213764874441605101720260316510712678
114,249,18938355020964745243301573807933235,20189976081691156025798323977950771545524071206005006004657281278002537910373
115,250,35810871133242900195124606791609716,94697798145884966038907214416148323748407450818827905356599532185684985758790
114,249,13322273924502650095700940099398000,78760218028117841608624348033955825434163639261625956992124625033580874499867
115,250,34468493671828779079063301672299252,44838066202339968496640053073334611655431545302727071576618762747885012360140
114,249,15430627423210324017069437494279440,72593357753326861342654124230318526567507920965761504604625437398877254123263
115,250,22616280561605988054091423946835054,69255284869120239358012327200331540712593339016803307544932314101693354411807
114,249,13970900543522932864448324403698703,114219415221279805709071302861735722349214039071469858242774985480748653121276
115,250,29212494246485239763224492801399194,62093144476398972043547220907808451713913646412116784127779783860644922871345
114,249,11644655038512915382385251081332503,74332844747240434752900664627131642006712140471637868539734764276916695730769
115,250,24407370894701760571885068987302305,55173697789658984880943016940030246476912700736843788360553183310242837762340
114,249,12585288739586802300562469284689341,51312211427953876125952953843026604200227287099985090866759938377235496780187
115,250,22003544712264263926858711547682765,96201376164792033476337258946476544400875279827381661845956341073410176691406
114,249,19860568350507672420525833370905931,47785214118367630697581315752236953895063085878591202367633509177766815956043
115,250,30908612533248679391873147508653195,86406481423804990058430567425295207388527692603750687897175630872297872352176
114,249,13999960313075110383201898189939460,19114068804662876544208457210900276088902473213173288552270370240328484785330
115,250,23460620841315340367787202983123392,44280785414974258887805796014990043920840507787304447404866017682778640062649
114,249,20133537003752416947495931265446328,10427729760038654484026468144373240941613521455965966511065229034450963829223
115,250,23238358408316818915882211538001838,43830086766266879589597974627801970851404166112251633960042644111682619114926
114,249,13713891035370368171978443521429713,100118079634605717361107906518556695856702565514908274638856652375066370787716
115,250,31199332201196356345899008369411348,49880497049479729000823482995747176317853530387316498459282229826705722138147
114,249,17601070115404406107145619830448976,89960184386679354061960847247692989254422890637919246469865595970805346047132
115,250,33754158007861061636643726729478955,62889631691809284383282146175232439615353412325535421042735252998640580330748
114,249,12631384630523493251125078268039317,3665847188499212184449416292041945521103699076125562689715762068954786850353
115,250,23155821948123026986871327927283968,71125758708061543386313837737899094799875592904192945088775255858822950648673
114,249,15124731090143776763739608687646186,104273673341704642484220037496857677192574661936568588104177416817559193659684
115,250,31986852453913092831546700701062287,72347317541055308502628731666316508362812985613278133184248298222949830515342
114,249,13448608085811758509788953543010238,28931032276348848742693143486591496055111615564165884170007329983994044916733
115,250,38160613768205570044424799055287330,19180537128952392898631207801328501163076177109296008155774326169960649596500
114,249,20001716889718173300858990546207531,109899936874408758267282227575506288169507208570914445247977042136741011332937
115,250,37304473746159607765669120307665680,104001171333152779062171545866775180296809851320356758375240283960951421437877
114,249,15090795970998266410402978266827392,73906036850418559716123353985767665751399113901563258057103452246204925352028
115,250,31418101845046291426298641243065087,92361556075765389016948121284795859555932705716328119537812274559696085090302
114,249,14517109458017129314364984983110565,38613782316720768445982317950570273255785188993303407842969821728915095778702
115,250,41424970126078100289941420441695964,63584042641434130174349247243546306725883328334735834665769155670462182272868
114,249,17734894605791408597320991790400101,80752295036682662099746470996470637834609893707299459692944501007552533614544
115,250,38101940258022127880562277054168246,28364442619144076591624588947245129886219255386280460440685880773398577243010
114,249,16828417405964289168778858513450649,50043840956543932126523028646970351782041083785280209011447314709027821784330
115,250,32802771447073108091214424749921669,13650331830865408995984331811707098797060653919925353367425193340448241317161
114,249,16317031030542057183294713642827760,25601942263560413450510722119923749721945870997936798262937778892556054052210
115,250,23836214738900907485653098051531010,1123954967190284247804769067549147866556693371674028826993222238126433606333
114,249,16144770254700782679546311620236635,22504653752908612820576723630318946075159997341293063426570890382655016221759
115,250,31655286175294452858998158771700396,83501536470162879142134601600630513196740549870246028148542597896693450161174
114,249,14621651309124598139042920300781892,63258308967791506406762174598132837613364581714776775377272783725105432663045
115,250,20997837619123204673469653590870899,20855603745824691907198890387432437225432238494297085081618910632587782121524
114,249,11727413656847591411835441578582196,35845449001912761070477954716417168462301257363781247422008535180491342969048
115,250,37193140967529785018576462996301361,58847781953295656003894698697431937346375746916389650333994811219517445938189
114,249,14225749192582818390615816150630061,43291366329660498703594027049276406283119830748766919130453452577216260337661
115,250,35428559963219360434364697414940195,24510329169913077420070759992642898112983372448323594592670865476382374231064
114,249,14501755946354409689266860700828551,18989361909300764311511660981901072087550169916780656265676477709535780077460
115,250,27968006662742573404372167118565857,18523010436197169208204157863795750210355009916676585917269383411727411611745
114,249,12216939508828190686959465580920947,24539629346947195440756988547240505425489753393183896968027683378122948348575
115,250,40918850808353148377608345140786888,95741373966233091739069237693692138066052012201295980559305641690376012265157
114,249,11469011510146721644356918439017399,81713805380894394334644484748669384855520058726411273826829113472881476934773
115,250,22891075420149402002339327401904629,83970755361411531977322340579737623248137894886393899138022423475937230669852
114,249,12677758372777715242115037203068519,73455843913261790994365852067579443366100413739202943110319186980097565860281
115,250,36704879939195449515911924918488629,830726405733282659860211131834323975448545953457559700476776586152188784866
114,249,12701499111554856391839568216652538,41361563746895266355110316776252281050357466234029479599930034847435885935718
115,250,39364307892243875114287837214639183,103450978325913678196897473496779184776340969928146271315594685651245478704715
114,249,20241523664205789627312900530637823,4004430321807135839448540956639316556854161858934213457660509865517181979128
115,250,25228886655335182231938080711275786,53351499764149980986120121207927121961252691649647539233591440605859111030896
114,249,16126751250731909811679967886444093,112321834268435447162778471109458300072642654768193420311337091464813898597220
115,250,24982613211231606344959684565051165,62941215433203664020441142471864627036428187175078634343553094001587959980827
114,249,17157045371249015749354698170418940,85738031107895346260347291228699931041188320855019133422489226039029078053656
115,250,34686487516948363097251261197257840,94337770092083146433504832768247482544070999912394495382388658948765899451964
114,249,14884830659940122035666335921127395,63558601886008528612778298431205243979256662184834865745522212768129549453732
115,250,31291034930789166277237073953054684,37422477416841672443388970592342582286021858297826506429153822566701313457172
114,249,12153931400157268164384108352230599,87333194633265095345281824146708157767806328572951069143067590055755674237111
115,250,26176226559047614390965470743287800,49506113171907319441315115664460085146906293229251233237154870550809235144337
114,249,19368244510260918662316899028461926,74143339987376907736198863146762891893360094730517989793751108153755212429624
115,250,23409760796828417509572273085455507,22072239804767167580198666495254875078747525471534074911526567428412540331887
114,249,15332546463005509957806792946658495,84712841504719223995637102814219072392424504473301231861167317584437976959193
115,250,25076583279815866348020582519113556,5187952290367428976654300575483627947157130857243585285709926403648731131089
114,249,20737080842203754891160989987681372,11381652549071890065843334817990348639552231289481685034922768083549190694597
115,250,33105815574043547542445637488360373,14399626516787432122843238317875097115981000457231604425357444137169787035440
114,249,20470161232971026019490090025613783,114920326693053744826554980409030103588037025253958261442545816274674686443315
115,250,29148361607929138842139340332425442,96666003526677375535797202943981668446291002650193228097785852474844541323200
114,249,20112484388932729197086671511999524,111916308755041837862289149728322312115644444327155754350913970744721748434637
115,250,27491780854238986359455253019133927,16281848785770165386554500473971309045850445107371773587614947124177315623670
114,249,12259897055814387650710366831561342,97718527575547497408177744843398523441157059418407680836008093776901238545295
115,250,28521696875558767573425537382226727,73804902086398046016018179075386509675719203707294420203474361444736390339910
114,249,13739232157954160437589255200041684,77420574719194435139101507196160484651432247016744918687001997825442654847724
115,250,20900294866999538309539033300154214,104937542675254315227742650988442008627501165276901330166468259846763329694141
114,249,12205327424953964847263953215401245,13213487297725713324221387794984062660144444427358746724106429644773096957502
115,250,40892532256613789949796714091772361,65703698178202943193998740758995992342037065213043904745058195322949375943768
114,249,13442625008153110918775356528777563,103988078856610404825646127227421438286618573679517005442291814627395104395153
115,250,37726370795338792699432017759811738,49674756116974655504424644641515590860844281831739809072988439506484477402283
114,249,10968206119246297239069925709748746,3835528889286573035508510867837970756565235211559294599280484693897323518051
115,250,35241699432248029041434120313674920,34316532090487720378059489618739667686272177798711336436009058593736260933603
114,249,17930080800916141992723366836732711,82121965443775717490058631770560017818612678937543384615610572384140555703205
115,250,34881440844139830556844334630315239,64058790879813970375272611531670705693317600650948713875605980860804990268924
114,249,12594460613061421460241986962716353,112818897316636188212265546449128689842831697082919331944864852950424306807406
115,250,27159042910727907746715906889106505,112259833620742504783788023394680995762382403722820147632877558248805260966670
114,249,12854142652238939898687116617636520,54404207508280177132541218775661887358262887235803168161574633615536490739230
115,250,26349006307037525205865350064689495,85333805542434856602512124781571335317932015266424169503552255502784243184307
114,249,17283790906205539592721010730097291,93974997278333230749051896112802625855099067362211980171537442592791302935849
115,250,20779314771161160354904978090170739,114814700293896629415701756799728859680855969536995414495496183312817436729931
114,249,17649426269382636380632970051171350,82431427028045468121545254033753282117758449780910915095641045584050279242921
115,250,21529994390627806584148489569143997,84476192511928733679296901869991754317542718301343213978969665271445311690050
114,249,14611166906374566631048344557383601,100503332707588794545495639135857863339612383755871812185312319189675316514004
115,250,36210206105076531809835817144266950,75915981528720637695767640483903445780825706507490951332485405535945158847265
114,249,18678778908686443159525235495090549,64136196564502760615420857183471144974450367262881127303595704289830968825690
115,250,34898959866529990167047703834482423,56318009583718900674908321391029429739914244987894765921973049223737149010398
114,249,12573969348329493243337873991725779,97479593572603630444812579209997056505583708101959678664201425820538141083880
115,250,34935408645923348229440230530003082,30770883783465400255254805131648553046504200107760397282297426507207203871562
114,249,13689266787678490781412158004029776,19946482152864189096450835241448771554264279898070118699702485886939400565283
115,250,28149963897098090271777474370648428,21958128174515842295644233842273172394393626762740401249366316563343104693448
114,249,15611836903065038819348036620657502,27415524902420067862057565401508308222996628610934116678548516082685218643301
115,250,35672481864049929276911230892188639,88163330366483247401257461787047695920597227600385139963084816154250616274993
114,249,20443519948365589574118646798477205,57896485297767852064543560060299499403546329885032896870087092335459605719489
115,250,27317063483807436653593326611846797,28126985334961580425564495796001269072429950129388603552043668695035851502432
114,249,14794706766584437804801014230617794,47109191119557193928401651107297668285903753080228541753933192850693465236546
115,250,30595904022637964825895596937591997,56511674880131496067069809009660703770025438989147615318204874219689461897999
114,249,17080350301400347912304740608610071,3157429238157806602395756458052283893976921661392473280469347932999456862041
115,250,38165277573618259835401450050628111,77669818934249787808303596787954075478791779125502014574122775004721024969408
114,249,20588849719564706114970212775295442,29175012407273948424216200572861853822680073681318969320135829123862877967159
115,250,33977250215446319004766587092734071,110954951203391845897105512091780215008807832596186160351020319353731907967569
114,249,14293067184860596573400029544604946,92177473067240658331580820903574950859279542635606550916890523640884250245246
115,250,24192233151576405121775065078410320,73034992843121474639001337127016063559213992458544017826422367134559563248298
114,249,14617474330293640981943331784726988,21722810833010943214323501942279884875574580188076628979340032285842400589162
115,250,32932576196644292473624397359575788,44307870107880670952651172162710351552943906319910160631882376286469166000049
114,249,17483321566537592630252913741523803,41218403907533644754950107144980535416524800586377368045022228232180876025578
115,250,41304651152492419705407926145954290,13086279542159736850214625891792905655011645869572307761622347657695343268939
114,249,16477090092008684397167644434387258,38026018214616229721278416567213096679920253149730838298403005256355529426638
115,250,28266375025178271599732231853489550,104056744930099057661813313831493272637145406574843471763461931095161042656546
114,249,13007576033320542969407085109828212,93897679544684544057714971184928000984060717753126735548143167299182887921422
115,250,36679865482899324988356937570575415,14793500594176058900497451641023285980279158894271817779009463717704161668738
114,249,20206131136012153147482726245897539,28686480273993410217317062277604252103281772043940327845235521590296579969784
115,250,32714193523199859267763594837749405,63040524213098186957021261895486587177791317130740532645972282865933612438849
114,249,13307053503896699451152617135022839,68827264682870056661539601408499664447469028378920164562554758526484174687273
115,250,35564696124059610242534882353771953,43505068187843365988596140560913454251066116115826245091301956227409908093757
114,249,19884572992753158542435878943067632,71417572021126725545293446897657875016220001059926907379631202294420383418056
115,250,34176269247733800637906934473430727,108705412510566434902197354168769641536426796407591711253009593101973559082797
114,249,18863451622824689533912254847889176,13818208454865790314380518836815431904147476231098068666477670405181189153130
115,250,38292765571795783559052810660490621,4463597105433637183302011815788099046931694826394969587483288794719829489555
114,249,16739015861904119057487474703210396,112160395680170371952782115542608310646588974025721044679813377090334553636879
115,250,26853915668567719207941553331431930,31476993196383423190734249347456273791950673613241883669956341657291393778099
114,249,16557327601418385603369883484871004,41260776253972125587323792895200607782669856736191050712291181407475804996907
115,250,25386922610394582677708718977385363,42558841928638741460721845414267469873926183388168029025058629455725466315124
114,249,18300587201867861007082356841075498,72837060467065546565342119875077869888399026369862082930198746315359584986103
115,250,24535367913449775338968447299231111,44384461071850513092266429255568488495210177494755317539352692872839133283970
114,249,18842066515350104869635581842890041,91563890583970743522169881646293537719644403348106629176153883787487642697016
115,250,26950630249934798573747631886631730,40501891926056661885338346700809144291491866874732251678235527544522255358216
114,249,14975234319465601846256339037249164,58093717198506787599617863463049065688471154063641170479225437818191436880711
115,250,31171805065913272402505085100401697,53630250465988593324866885918899054481161035105667439555210532538396731597175
114,249,17548935920341639433252295492671715,84138475756429838241654988058659801992845248129739302775005630966610718533931
115,250,30944970142584961044977267625384786,66496977083749478012852289266607422843193203283104604758425898801191446340252
114,249,13518522021036103090969570871660291,25353879422907977652893082951248261160519557730059690431890948558447283018158
115,250,24052259237557063258387608491182893,72456779920087712181940292756251173367926392284315120584515639777988613232543
114,249,13248180668287079392883195768325830,67592674372370081333940220528380962705113089205474862822158265954892573190468
115,250,23109961205312089454033748425634599,26659208245918225980579519492384469585166664254621964848204898943944037830724
114,249,19921259254054515312712277539577496,5006046886517781848034826885408152562881762926222484388844751008519912974284
115,250,40392118609787938789207407924920228,102338438363092482880636764762220076846516915884936170588481629560147202638794
114,249,12062149206170558944216223585900080,87204992682283454729381840400771424287750094619462922076886246979939917063991
115,250,32616774050913409626813918196006864,86135051072234426195939160211420358791358096563698575673133704016633994374590
114,249,10634086327104028835460821822611034,66140414132844351513005176820370484316755473357692520867445191213036089148820
115,250,34037929541123174959809202236536869,25823261497937662993138049932572147130291979702951053307659735363903793690417
114,249,20636988589605098490197625575990163,78487134088507093891774442020290126124256780004784130043305667105217046303957
115,250,28779610684859752608259886263182777,7210921557586465908160865179978791779498844721683336544257536828628606662461
114,249,13532233080191913970702345138508368,71967283736158538077380862255612631119442780009811740987594052739260089876714
115,250,33470759733705203943192391153839640,51091892341669359739437177227529379463605680853944939462098069155526373426215
114,249,19769615081998272008206325012276026,38772320150953275906925938841436885070449528643199251561675910684200058448703
115,250,40796338061756739333998911471350560,4264425305092559880618516409497499942162212957726877281928143669537157769796
114,249,12478064080173598316269059810870271,13809571999068662390046622060250370777079124477173064671448355733590080071822
115,250,28534180174052176831582675807867419,85333472850680680955917712051156747469866390200872229430045492904913688820952
114,249,18635764218285903746500983135758668,60471894372076495593349361208345513348199649811877394374684173485197447023685
115,250,27519866211123254843942758488882017,6491264188541874154645820801055186823989809773451539632728247156855377822326
114,249,16800823416706221649440653055848575,69031061315697852834391726848725286522820387833507957717267555600754304696187
115,250,30043087984357595820522013465887080,49293678055595122320614717901562387787663245578622605943288870158320131701921
114,249,20485287279270395715546948819578895,92505654226111234604449421058268689948127029661994422235623384952454502442662
115,250,37568276539546829507865880857461479,91678237622649901126042601557253800081310426291849968791047058214485748476770
114,249,20637177830393883258166393135914854,107216784244560284579520397673626333825670291229304431361128484373927436757427
115,250,28150697578277243968841254361800825,68083477786259006132538038279681947862289269566439888087314979584220350869742
114,249,12113162509540243846349244349917026,109881474701753269462860987248974974393377575412942878134916369279882968736
115,250,38885545197270090345485002335112887,67934130779630342547724145464733157572231364915410798066936814718768926012608
114,249,12129845528075497001666181316533237,3195161300777871425171443537324891293968669697330757012912031833663210195949
115,250,29515499148238176772055575103678529,89638950875719715100220518893475874673375707551305165601932447189259337449118
114,249,13189904982760671798335162664573545,98384718160120619722441796536706300212430481978125231735316733062442484969503
115,250,22735527888954062244710448147702349,10038410776549089782734208566863032510534965376043745124144103868914516456070
114,249,16210383974683057771509484769963853,79656059549610729312909503271533176383713467277009257726903615839313836715734
115,250,39135947387956331555672249911785424,28464521979265330328533395125464139109147429036299996835137774392057739466496
114,249,12147118554763444925833629769797406,95956642624020158803867538290379406130897478333247098332964428530356529780023
115,250,38562994901083664362174652416872174,85458164260716667423139045356407808448701620521665304966935252374658765938118
114,249,11000217808406423420083877448579384,108300394830602454948584871583687090020575931280459338843413042105556021884914
115,250,26677112926171149419760512063886626,70256826102974960802778978539340493886265545898675189869753083370622543461400
114,249,17917341303081878863474249430337463,65007939382886535728152690035071145730975268741602831657428334790954759478655
115,250,27742908149171261229977012935205876,9656792996090276761707994750127383719187145128831049263676560901542659185062
114,249,18909434964669503835634270499963383,114206240055147578911781975597939980457630907415472358181397078810725469021783
115,250,24681770917650244064946271564800417,71662778497253212760544642757692568294853046645304883743489205825879996877068
114,249,10894259344870363615535476329750763,82370549647276845325270934110541947439026626586636474532166900549167461520354
115,250,33225342377411226653060629000450574,55421269695171566778134749176104655459885032341927365595456885283107431325211
114,249,20122647842969115203413304582057399,86601370611930966562332422223573485068768948587731279154161497838245417534013
115,250,31387538437412482498110765856719418,85451676173292688980991632759666785043642688277465400827078066969999717784452
114,249,20295878382742666585159077642285907,61232483686268034471225197726559590047724171003970471743900860599232588628126
115,250,22898140949821376111321747962552125,84431206455644634013884111840211532316221163927341579750728114271462816516874
114,249,15239082471609797665748818346419841,87477187013861265808122536154620040721726367520771836373109027412630183944240
115,250,28799237209236868413604391383392305,14957846359000689520362598811028553498052409890155793207063953911170095626627
114,249,20669719544124797519060411721881622,70499241940708708888865866928558138966039804554351282025369330274991835849706
115,250,32321187472997290852005466237010477,111353819417755501196234365194716428474836995956272302882230461907548051381557
114,249,13593634860175806009959638147623658,109740611324255524223870454509199365549130006219377008968855196652473011990129
115,250,33720707589317603327452718092500785,83514694514107365536738671331322854028243534376343471318212981697398305939316
114,249,13231088662177163958268558215653121,97611068730636043471889123209466825079474407125940137059708410855500098740533
115,250,40924933871521712588053074340375964,71827618423134252026907330626155914121478614979010234890795442940200482918973
114,249,18754738168225323781941874481465721,99958656608569228124482113042514736213209593281252632007471956141165336203294
115,250,23225364179591700192755483128614576,52094313164675396908694178166468334446146672209643527961754780327782254088265
114,249,18841912946015205848256822438928459,11249549734689009083130385105063207716329630573210100221573171213750262683263
115,250,25489819510326331436566158371117523,25045697379232740242918097863464555525327547214105786046808862817536032129124
114,249,12408061384008064311457392552553592,28147559092131429224546243305172563572496307675351270480871163031844835393212
115,250,38654390169568752726373224210321849,93758812595262824991780655795765534584730023407442893581987159563627949367131
114,249,12429276520987383178012630441986969,28095355606821233616494332372485768918408026238749406784460853771609879768505
115,250,37368614669313713042976449385306125,40056242260107340647859412268708161297071616244059559205116011735812341149865
114,249,16440807039828126355155826738802144,96686162473839294716587368666966640375782245607072290017266501399517084067456
115,250,28801922080070681312708959189540843,35547548547336387269973243753284103553816343975071285162456870728422641757723
114,249,11117627073708180121402957569876168,18621818228492481554981541082209197213661813326009427169674985824186714807524
115,250,23992081895363600123131768142858432,17729360441072076460823650756458233314024534320350859253154583068707164054429
114,249,19896146840646026213216872576097518,64137853504730247699462994781645740852207008331399884956585635400723514311312
115,250,31360598133274964889532395004570562,29856240906017037322738921093707989878796422139335819768918748394763024483793
114,249,13726735994375292398407840416486065,13281687632193110257241476789039627687456210463685383076194926533744781804510
115,250,21134131179456277192616500997213803,8427973761271544124225915683161585361977756869315418197145561433165723927162
114,249,12809480391476024760628257482352085,55946546828997222032251853932028918347515100571182937846107230520248264970778
115,250,26033050474620077817935247855972461,20705240495523548448406545285120399214211049588228915178485943767125061093554
114,249,15653820146571129123656595519603122,73322189925210052393976274154967733808416180893268414688606714983993677652549
115,250,30744192749007478624306640284778239,19760195234294320737485423675065804320093769327890009660786640078205072860653
114,249,20228532696733295707042305527426871,91061535578171837182711361486196418561592635062363134982826761944306949914142
115,250,31415621622110518190536246470465543,83023643055264960300795179656490349841512709482558227499681541179887070094310
114,249,11007161563323070986599441723890590,74019518679734015049869426433282527559955254733272811326556973238840086439689
115,250,22712325572741277090413793723381866,45971437390537096798474194513442135175770493551117877986246167603175728534521
114,249,20098083346425959777049668849894523,13648377290623056437605329869349691796409669807912715428767710277579950142217
115,250,22625957499674279226974788333772763,32391193410762107840543739588997856549257462407661120015114913026892134576778
114,249,12875810132397184376350498136442903,67786957383177683133656425934946820652656537844565488378596465942394852372993
115,250,21014014589909133327931178544142088,2462395433985336570761123446171787118117946937796354101868997615767660414489
114,249,12410841837940310861228357776794625,46770044367541672406402375614697240657765311800121730295562663043461581539153
115,250,27570577017739918791148205397458878,2267613496323931453075154233902386390268709747885944312080196003246529016170
114,249,14303871812409622848568443349975021,111381963213014895014157833889802816422838049000775790534313079234956936079574
115,250,23459250517360392286510533178860630,74224089337026201290795971637640444983215359950317443911800026043931258807403
114,249,16593939226380227582707569787484031,93694905860989227352608361653337999100043271236494019359816611200300990201793
115,250,24283751022414124401305441050964944,53055437045930023198948002383787262559674029956452416943756644460820639643115
114,249,18838740550537975140874218734573893,106291403682031801481265513463700176465561086508888109463585825880713998780547
115,250,39182080753050668709487488773162322,53021433246512094882390100046286310151836323201513431131325269250517290725280
114,249,13636707279098141022518965172703024,93606396081314105947552464055750830254084247537793657192098245083864279398936
115,250,21819829902256808646486983355665021,37120195696401374111733360171677041714783404567564516445098773457679315645510
114,249,16724977951301349700007441211402113,25996283659524846324504372195145341183436793649327736988323103064997775696508
115,250,35225907719713824333848370989242955,53263672850648374724826307211487792039547782496600821539365266048406546932334
114,249,11171008285342003728036384733686782,34275900114664704811488211882199693303520213021535288754630559567814098641767
115,250,33660650615969251002143251401341983,11590343470907721770004398007476054850827281018173361810793367698377800001606
114,249,19462695291002636402302319362163124,48294599078420239891906060425425006592604950912495591896331534959645767397537
115,250,28127171654062854416210217308096002,8542856546118726079219896260066903456012800302472163123304628196475112267962
114,249,16823319494858512630855081233047653,53566473137652719987976031178282664005816898475043201963839173627163849835778
115,250,26188216825175249141224572150247156,6114173998988183176799569436460659759133967800398323267166097044064532577955
114,249,16468365192217671588331091869827184,30713653512816678171000877189056858967744696487451954838588184938604946328556
115,250,21940972703197984515034847544647043,98558848149611860108607054305357100850398444991463028036289809676523740141524
114,249,10797101885412182601339811344298768,91276269176389817290843525353355682239414061861012156275045834760899491314584
115,250,40188377206161583636756832791401919,9787360728354281687472399526966736387539790207081977893030193965642552828689
114,249,14097662899297007361491389203933406,62335714885788079961132163191416974253733992283796289566629586905853663971645
115,250,21349139682085203797806363564005456,15631235731326240238199521834600549082049433253793658895149973735250356087265
114,249,13352152786686502330080042863693487,101801883999862346010831569655716069413265532332971504606213690854710184095256
115,250,38910885423048987897888244172155817,110199515907032293570052543657020851229163842939281053230755395252411320722858
114,249,11513908779035278071435670911943493,11333551238931971355098902022304315998887285116981669853983880773926700789762
115,250,29553836618008841542794877491987966,104874956192905030204286177768719647053681082385696322229541981500397746855147
114,249,18088143961755842832249812734459073,105788623128599946152824418440483093586749884606264969518176818320937930576220
115,250,36032834241814317193618441321744301,52727536403209731632999271487575166808052334731216313649052644821882095612972
114,249,11175902782354102928066576849984384,42888124263381534554558924594677372150440972500082225290410412957959899866971
115,250,24965001886162491260509561302941368,61531610003537726066169731877513360866548765137761736022870207615478785468742
114,249,11361341941955740750555926372590308,49595711791282961819437860035482962692593081923753987258870681915831335221325
115,250,24160546930287830682554408562062671,64715587078170218425285065816290246577349347262907459482425869901855988732705
114,249,14642865153927774975608485228155271,34459720859289471017211733789610826695929570505808089934328127409490086645078
115,250,21379735223708081856806858634450460,74834181285564887295475691404117901577658517936004124534681548583756035797165
114,249,14838906065950415764816452864898587,8134476844194456771364271298480094869081971012361857452856749875208123449342
115,250,35469724633310629142928966178713670,87075526479508311904352529140610464644169980981149058981124662847006357514813
114,249,16490745634441880617526516922319934,26178403555600429034515229928925534397666014347571548996253813840955914065107
115,250,38252169274026769983525958263938053,46515884069532179758318728043057405883423655388577949761622034671043768577576
114,249,13258653034051729434144494891843158,19363333685252678117699726875632335044270137970864195473946399264379601822368
115,250,33595293970381595628094661124683807,10894603353101932876528234589881950978491995226821331343052401948745399861066
114,249,16099698598978128350229324240128618,13655102995872252633789653698146432429622425726758148092748611144839023354886
115,250,24353775442001470848257287433104934,111627923559017058482415393856878713847483442061805854119379842586441376877868
114,249,18165417807746551255719980975158111,105067759676301004007419193874145727593440549987918926398652114947065919141097
115,250,22189325223414844548006557011543880,110722884719183491370265472616048700563276483567707133963347817486972021059453
114,249,13047794847590368583596141770930318,43377911178264219946605334509128581806312581187749892340366628237192781052244
115,250,26104451430365150165665491527981963,114171642042097694583348044017114139034127684042473523383592247781971924363781
114,249,19821253816653861488314466613188259,1417424480564173810660287787570124471349460409321668378571681390381879975887
115,250,35669455688467047596243879238491680,85775886649544955381239003431685760226811061405283392734895139419356312108298
114,249,19749941533631183124690172784152266,90081297947975089669178643182130510545604089130879201929498005563086277044119
115,250,26631401374992688156947930998253248,84838004701052973454443110784973802356389974194808113184214222187448762971772
114,249,11865686015863231780800814746368687,67857434520646419595476168699098060501670393393895114919672077132820730515370
115,250,31801000768027390283227159081711678,48090660053350865435771688220437211771012847177144916751638412757899398925838
114,249,10943776761751810795752069222997976,113142001856669252342732395076563308124493689215457124968251938554756445637858
115,250,21718269046210030426927714745717730,15009947843161913022957495224039352627626389771669266966055594022511350298129
114,249,10458378530602458953082057290563905,37696225440691106046715485964101979444993041881358023502061035090816326028286
115,250,26250509992447639678041284512080396,51773961426717864950566245394954303200401309793265119546703907077138604730919
114,249,10478387091614402083661384650715070,114737657951132401484923077787108799057672756451787702247361529986182779996182
115,250,41074224038648821651750471465996188,39468497666197324032534855161636444454556203496962422669810325150431185441287
114,249,13748296966754941852014232833108484,108156879315425481576182632413123078985648008759605045117625455490136778531075
115,250,40481727736818876636290697604452816,46586422115630678108253477878937103599201342017097612492257865777775113174035
114,249,17365665491664248823441316442388589,96352594704470119749457785794224414420491266178606108042498174084912409485716
115,250,39548792547666528551642561265429847,11825543654779119383005574761507093499388682542389745796023070722296000340362
114,249,11186145024071359892283548447908039,30822081898841583799639909338019559316158318645652726227105288407504919406499
115,250,40352400452656940045842279017796351,93310599510760898439474120309261203861105509877101301339614539514583182000546
114,249,20755524044383499201375663955842020,76785691787047164887026273162380789375745999973696539746051484617370124229927
115,250,40025035863958980097135005515747088,96423568614833818123703077756183422226627566411917900287585610796459097436482
114,249,16922209992075664959699625860285704,16869942340012518916311304872790522987023614218787296449168147173402562424865
115,250,29274987658582542549026902892219329,111347115952667777195226533939798909392767939118114705667511337890290670548321
114,249,14743388398919768784588754449333126,91680727194945686631185515222166819062456402035858485560838045757087090136268
115,250,29957168501977637127901613946141884,85770460971787131804382175988958147065798380748384774395146406522525998405479
114,249,18771782918328658205838301647586033,61571897933324596258041536269385447463170440153483542507742183114950825206641
115,250,20917954294042802900360170926501407,41916083734221579061110446525855090771141577755775598710740569868358435798114
114,249,18761821591757509219145095294379115,21088230407806108560855315759613424220981228433150455823221303524818353686874
115,250,37975780225502967021361172684611735,63890379606247593576815756190866036414721951515095171306711352226076419174244
114,249,20029778021769934940187960020326426,56365014473999545674175185552598508800019009518184615912614202591182584800197
115,250,33907282185384345403813888025026843,9732817771634578079820438123553957375261365068588909440673281653322632688214
114,249,12873514695392699863929861134758862,10940978205493209245785331775931618156070511902302173822403425961174687034179
115,250,38316331155762891998797129291251724,110798576200437132854274990743260710590410203225129986344268151345615225412369
114,249,18610571229704324891004697176149163,8498073806764983238925394476811374940111734276630940583590352393197783564679
115,250,27426505528868399502889580023147156,59605939215088731327954477967199324638449292424705026476471031689679006613916
114,249,13998337678784966619445597305601532,70200962876057800412233633993576956326553205302075857858227727865423800868748
115,250,30825597383701190271648918580778199,11913886753312762002532065523241007351888816895330770509841134492228292549880
114,249,11844946580278242458494853814704341,39093012537543515749075758387997675678210225354745344764935434023507741640036
115,250,36697045851062151474101706083173480,3594207322300230624466890206195062438359543544101299174732646971180074045973
114,249,14328082032837069310977107111538572,67687148736344138989468444567502194385723411092266844971374994247051753767656
115,250,38522832721014026488051895955483149,23292539737729635022493840644884735486956338054506682660232880821800621901817
114,249,18112292236673228706753319562960338,12634140989601515909214304072425309045687004224849518928077772672205448322398
115,250,24517074559803314225808871135576276,81003446629999627897324385648685124043679681982837547760841009566386255979147
114,249,10583019683598485616348477160655983,40126514190949324986999770526341657421575144055272992171599371759511819277174
115,250,21700976818272169899375889957506338,31501211339374438738336242436366711070439948651160077297923618481608062394341
114,249,18721651847132234869357883074411537,36637617533952212263461934685610618525655788722738793499734917639135435969002
115,250,24762579995065885421705885680130132,29966497815563121475920529256247266787517761987926214042755938329522525861546
114,249,20754756358689145126899265766475261,76821740398055924456812951816532594421070588044852511009651150898432334773463
115,250,32980721440231409937654846656627280,66030499676453702201360383769641327415493590455904421297633882262757334072083
114,249,20110833112283200907465101613673427,58999962077564896936572910240572091842804023411427279789473661393439985474794
115,250,35800470357293752824975687776174015,1977373362401256971023707115000389647240660943323751334279070743141118101772
114,249,14222788526636653242087319638060083,60285712221821404974638171212341050840539598763597973239053700907270945021845
115,250,36942707997565578091424151898331242,95836941417793287793767439910289707449557491144909211219886012528274479462332
114,249,20007275850907424020883703263721825,66152669413932409099416003153437990789963412296066565066209920456251821264314
115,250,30617419290636864411317709908818788,39599353724336213381982446940216393892684207057807757159910243340241469217458
114,249,14505663065071756031314675971436902,46953808621492750397313074384879120003536330532415945938723773998163488736188
115,250,40090788954501387806809029891410047,33184041142845351267757142414330053537565354642516577987259646126204041180952
114,249,18028316989036592141273858515760792,38147135555752000975807659817726608940072796686642913920657400996738335064606
115,250,22200634305367615387785269069906148,46434837224635467926881369237920340749358447457040913830591133809806838236101
114,249,16098002584983172072648684700772758,104597221757564850872527201682337193952218011836064137515913770444198050902032
115,250,22334412300517196923407701280784065,20942546776555809845776924680966977689038916174597136398615422275237676153944
114,249,11307869795449718622020772380571590,80918206409555400793865448876768411707145850635694615690311124002550633357855
115,250,22624450608506468644703610567389640,13228538993171739154314566113540771563566545196225001027888387630456471532578
114,249,18231443857680191228701205922988889,113971126414480269711276677747172363960726729949800846102613173332585287243769
115,250,26225229274182960197761955919223406,99425049511258023521005239837442580601083456341416838665570157216532755325900
114,249,13179566011963612367464681249709804,8418282903470125118166059098440847315883266082558349616308140582373842373486
115,250,27478444874253767817072339718308608,91672364964723836060616612174776093559967845479294692844488850984576013359924
114,249,13161473402259816788060433383417943,96244635429597643327080836639851237549304946247752062959642413761935732230665
115,250,28549682689489201468484805909114268,11126914279889535036818798351918134649251796695295629746130909722392289520740
114,249,14096978730945037461372112901039854,35576639422674319061335320329496258932137789939439138594940852520360250215792
115,250,34819178935860578954419828496226043,22063855650398029982856665744186717466440811454742955196256236535723345486913
114,249,15982779602827594818110615059315577,75559848205817610607368439536562394461887483718047386821946274194654983257435
115,250,34203361693502972311993272686631111,98439262724324098174267967166982758171325298303661797830466759842250183997901
114,249,18284799472556068202955164685025629,1258702410372461565984060504403995523299554742608182655872471105350282374622
115,250,21765062805741143423122424437157950,37231929174686096965306233678980723076394442966765965427448926766189421609366
114,249,20390154150775983207257245850544586,34635139580101321298661390876627028735014046818828290402898518365759881426553
115,250,25958071156599303380376928529133339,71647808830795051132022181525283075336746673129706402028344242269151606329046
114,249,20670217421736845668074491679212040,39187664399517181292351161823777263069485881015503749191208974090528445158216
115,250,39720070517006250110606638443865195,31497835320642590504769691903738488317694236034800703331059577584244608121308
114,249,16953459336855294903243589720485211,49798960592744722914038176870680864829998093522528549701225585547298174197118
115,250,23034786986565822389098065728539738,52379024134805204489034163582480878016275846017289844490638165610704143439455
114,249,17689435440015866641331270489954567,27124963961678922288655435201035333449803837125366150928880138539338356258252
115,250,30798519292309178581851607411941628,74687983062362523667682515815772594699039569898298593019151845292493507452317
114,249,13732514478342483872536979467292346,39513453846124940990396050582902786058483995081672816822741640131176553514226
115,250,33312660413519346373222446269160002,53280477415041425962810707685897027477621867764600884867847672833727604547348
114,249,16134364692061548980703175954788546,47374814422311636635152105794105615714155200004800530086290593721252747467697
115,250,24084128174068303513813860796240240,30211449811486965461681682506485265913116420685374120915141601884620959086102
114,249,14640220492743833091332504079213247,112713638416966381055424683457075025543649575278246905085823033105677124134426
115,250,29928465948814757713885631458761753,7489015732425285337046887573797852447971652766506480833064324398026165276894
114,249,18136590682724176882797921136439478,102879036415632548364991388343313518883622467106455353066057716392584894529439
115,250,27055914274543114914756061112147084,20874190081259020545673500486093327740748560074302170434364848268708671107858
114,249,18313757229481594447641133096494635,14461649405189674182422607849551990264325606237305788212558632194591726017734
115,250,36359199191622470308305828562539988,76074246768215154496130497247557375709011735319234526027536265972520861633852
114,249,13467848998897113251818642282736137,80301101613838523279691152004992366945770360103184414740973110689288493794057
115,250,20941081368578327866797458647944403,7571354142233460170528779570285794981667327378933545639967993942255686769242
114,249,18152143760409758829917959196851341,36965969589454056231049070183126343577127097999405542046578941216067531195321
115,250,32345875311925433610579497311815515,31472601735847329995499260493787712249454959306817533506167363722214972011479
114,249,19360480355766571958761675471796498,25588043750956273605519566392342149191500167397298163824825498052108975747323
115,250,20826009995671099555595519157469867,56391104532037638051203125375600755097219452490927364831562851007399472923060
114,249,19495984621163712457275615582341575,71437543397265584702996379577474215616322289547718609349087296189756255429897
115,250,38262428315321090635778813263756936,44513989161666027632762119151283728222801430364586392066873194943356765869268
114,249,14206167253876363390166310110366815,107645316305023554951102974962897013307683627479363102936735560329773796806094
115,250,24507187823441254243064531822132163,60384981841450147987773695562868015507975663758632056233494926207821454786769
114,249,16250066658930115755446280470001563,36803311449777477441386551832905581353997743273076229219408471864387510426710
115,250,28260515917254035025793892852017699,104007126838166343406066413302276025598042260617768135044311821680769066396768
114,249,18652142051590611430586853791803086,58723179118738389613228935667273178442906740273777503119794838555850434953398
115,250,34867492243277133563840195550944789,46954012011864648688322950110215684526654526978694428617532244705974351122274
114,249,20610499203791921841826928055555284,113704163148491953970433673720555588423367862348193629751989518736097675562732
115,250,27135155874117466332761451191471173,49587855209176176372032970263205172897576568884397100407100179680674712779415
114,249,16092541236192716023553408769264859,101972392967329869484119441129583010994389995448289401572714047715638290200388
115,250,33542392858036953755585348605093962,6189583503040373835701524956223045309865526473654234348531430117062787396723
114,249,19248692889458353260468794551830103,9092638661796560545863521839560960840950227163312378350336021397086968771273
115,250,29370751532856434897445311877160936,63392030750157410589892282292205998615906174506198382790680303581611622259535
114,249,15694096505369992851922632149861281,34151264256574492782974345316211613283725859832305256884758548387232928041325
115,250,41361773292851306533385346091922827,80318226317455385050843495161207382506146266232843159287500999143743071144840
114,249,16545336519434300046531746635174112,102935452247814275022565536798524025293991771274018727643704139910104737082925
115,250,36518036537561087960677773621737695,31960275947717264436763020994123868689450943777562654759995330020152784375735
114,249,15514921371333254043977767722377205,9431467885904688200649412166165619310909954043703900546997248368857548337594
115,250,27554728996465567695060758659952135,33116058609258157560847281851536230593864419885267163374964286424124599045202
114,249,11268893924623610408084688142034098,102326012881306881865304791452358585365282916912012765799325389238492243294553
115,250,39949918225156393466499976878296169,62550867881891853609233386387460001379460834037177638651910651462008791436527
114,249,10686302973118854030951440326932990,24727567115824731823901099519696855910141177835086574880769138093263284662347
115,250,38062426235344093955881154737085911,110599409846839783119890686550800178325140080243641142175368294958155559208213
114,249,15066558014940898600987018558038666,25387093263928891034249831297920603999727262059427229986171935438755669808401
115,250,32154225091872399295204916923848201,12129588385033486688451937738746264971028123140961133924136416257423996997397
114,249,14662801476478900902361680736007076,25646124263440406312084250090125806275803585082295509658483499225860660519344
115,250,38238665394380249954846514713970685,6654827382260300929553012647916981089970817545012397193870946283803459746493
114,249,10537220946727497433228312182749414,85223948356193223009903916024855200579470202921687067291644343526321427361077
115,250,40013051574205224933550935757554895,38928358844396888228260376779308438850970791636821215322424746166579672246939
114,249,15199953422474328351377540739352254,65745903957578419978763067430392347747331426445156198166417476832151613688007
115,250,30564492957986850654436933367940650,59962680760065469403539356054151441857145381977598728706957903434569215186566
114,249,11943790847549820665540900442923130,3595894770679188283484234802264552352881440675006603007755013737791948734684
115,250,28384239806322623406478143576785627,112362415616618061403903021422426499115324508206787921412359584986313723947366
114,249,11851353050943248074794361660766414,61094285682738708686739525791639639027264198297262841289958387224028955752124
115,250,24554043802190232329788181452240144,11852016793059204874189743001215051336284674482069203603669501709538370030954
114,249,11676048749744091989456192900429933,91017209554475729546011084301504752882579704434018219372474879396325806791548
115,250,27906229924924014202759699652615136,34091128590686991094704835302151816045633939220539816870598663735342503937541
114,249,18947422673169168865931984962137876,52218711628838500496053693112168421267743649101847133324195093807836105180752
115,250,27073861601748545409049061115199893,15760208893060065303076427460817707004377058915198169860433463931503253866297
114,249,14569746667573266206532496063986775,45062458883084031861754105053682761361596416930354140044916422566903692076068
115,250,38648426646346288587030290349585203,99141577299742814209018804454910380210540697051205391290652586311619910071201
114,249,20217454577395725430306673463218706,128082413326018683622578833503595415221318719262547478522007329715608399846
115,250,39719242355727461485238846671841641,111241184199814909541442959516720993036883114305410828172442618799993626180
114,249,11965845696053058568703512906513696,113962187045048013259627996846358073221607133679694310680661503700572634201073
115,250,25306391549625055734944317016201729,49320752401364516085397156301002965382304285120757548118321364964005049218983
114,249,18263365190147645106574949762381918,20899480815551264531999254603069701856199882407210416021256276222876697512065
115,250,24070472116074897387876266457609904,50905160385000593887547934659790878650239521656471013750106321953509753583076
114,249,16719504971061126708874080706562650,54200580392588367556216607940795719699660139483660551441456370015326425100325
115,250,23276480083377066403138748415413329,26923207780849021503258675619165718098288224692683746137804423539434093338459
114,249,18197774853410317622690531704695076,23199905645773542174863677429091347376624021233195188587779894069914095832935
115,250,29195496672044138903016280405191049,37757003445783296052223709074032263540614431805530973788147044017577377882896
114,249,10732651166635145983695094517095352,61021396293329255826325415377901770614049506150611890479226621782525919377471
115,250,36548831462756391016204061067703258,46507459685858251241697611738181055931501640120359324063171726813788299775618
114,249,10851722394585352794648844241712141,72451226875895042751047109450399935135570939582316057036422025494118484144320
115,250,31791181030630451671323356374348535,51869279395995693813263503580839309495544005712962347373598051934469441562216
114,249,13694363585451646244430732609833414,51868270068454466320523754382691587048723449837893138145529624189728171717995
115,250,36052737275247186690057129919621185,75353122088370046165318700259759953564094330030160359007769565823615833094984
114,249,15908366227217062683517052813102436,73630123402793604703165443450460799466753142803027211777145822044418974783947
115,250,22218738311858739964894675152944873,13779106064880193149951942148777830945881792570846455658625210816563459385277
114,249,16014505472094445585382894565176784,63058861216122106555490914276363736991256091904115129416852009291156379513708
115,250,27110725318906957250584872454926247,85682443138334734361081042067819110135051124828005770749538314603069465973778
114,249,18843702017522911585927811002927353,42066691224478845168030227597905847355182359858924112555176663842237977943607
115,250,27548991023376726467447803077529999,4701199852091268512671844436388462716007830130007170357047655636426960931244
114,249,10479260249344916999046051939948083,62744177218071379590319361000570424589139295764848874176670665035020312816642
115,250,40495394142236241313339927454848995,74169848104257135325969470681555777326902441288784121199962903620811914529437
114,249,18289600278268128032410663999634546,84285209137185973465559276955524520715738367802140878118810622616977954546449
115,250,24324600729564040007522183966638835,93900254484805422830563371439990482905792405236627273849098271748232915481193
114,249,12757363444944593291176889242728059,16635159464432261453272793070938350510325668138947469573697742066541851455650
115,250,37468648068234155550021168698728913,94349443904074653589701797969160960096407306230579984163670627759752238318589
114,249,16727985089308123539938760803099880,64328617091657935493360976873990912342273614838584364467313119240971845561689
115,250,36671063377053382756259029286067014,32537334015181957842264737599619248303173955125258726800698854281356204684903
114,249,15162505789182411568146225836655490,9896367645199926896553269458867781060265683652628336800870526456514458170040
115,250,24954762160079485281133472446776130,81897617570381125389333311616416065551476324991855143358019114159930563812298
114,249,16482373444116701134043259899927089,100020146943188221059619672924322042070932028028317450637825943331758504163881
115,250,36880657609595290354891054475903314,72764436493815152596392860084035727476337768938990932405425105410798103848232
114,249,14327011653385993770994655669418035,89632343491921193163262555873438218893462344830101470668929556974832974307457
115,250,36194186666822209222861116480206362,105308315667674246310328690839321363913197634877378907590245363657647544545598
114,249,12922472542173067052576975639543105,49104053293655760874416859284388790722384494978699450718386308079300985771159
115,250,22328010336730942152507792658125755,1353513690015808616012417628087051010938712185368624935573527506217436649052
114,249,10563665470054416400814086111959622,50122931317017221764286392520209201430641907362534253864219932211840628955738
115,250,34028283180520032053437354114924823,45038945453924077604150630016904163343839815542040265157518682336436956503491
114,249,10982831124706419414290675104417313,10034074859254506986315052361723552117798709593533464518241804351974382266560
115,250,25526082761654818041773437178624648,92750706448686492765063069644557790014587544843307579953357531256388626879314
114,249,17588412914635777149652542840880756,31414086626104398764869666163884066343834589898619752622812930868885436853069
115,250,26581595480379168614192494580672353,52690037327199459920536297864465939099693565845080025424900059468562164372082
114,249,18905819610452457548478400050927130,61546075170691387512074302537972143848930218461003323915257399612062896745122
115,250,34421399391751413897622747811337703,68625910336237662502115121540653751504178635738613232781160295971927634477203
114,249,17102960762210978114640440045763769,23191607763710257934359475868594381009715297341662697318508235457337437652102
115,250,39873796554321901460844411093608482,21368782769280590388215093470269479124763033068568085726960644505954493681788
114,249,14826321885173442794111629811969578,57711388219309743735834000982152722930867324108012496018699383565722728106978
115,250,37788734885637550616983775698423757,31390512800093908156969735905120869931682251708069362225236836673517495146496
114,249,16272512381617012672760950640371465,75328281752972614398558488313430398892229907060451327452867424137903509804826
115,250,24899610053097643981343025185683883,97770123821329586360752882874034809994175539683732567518368701167604254149660
114,249,12428790447591921607878959007833712,84516915762169685152300703090631149579498220421968093984549240676815973378493
115,250,23199539808621024629683452028309522,35250374483007949158020507034182597272405395297964741988678002704056306540178
114,249,16487916074263930954129767819995236,54022161526824159212526810535558234974988505261586640897081042559102634693843
115,250,24245044600820758063653832522179219,106021190436711651846776811542468765806879645717652923229387352265290745429795
114,249,18210926195094724805041669730480392,69097840107947852846442123068766095726296510158717052485333778488858593060769
115,250,34732687413328385342951550557576465,19850765328930024238963678138423648042874258859270138601811148278882593569812
114,249,10847662979681593170928510100676238,29035481573287357804358803938454731725060126229861771679485085947514022761984
115,250,27474946353678429515343410565491894,107403342878058980404017118886503359891049038348744220612632945698595892207581
114,249,17020181638964923034043828990653214,61778459370562996109238376899448139406890297531641446852997755187472021689791
115,250,39051245315683553366361174105995834,42390554820529617565279311250565936308759009220605265988521830873149704559169
114,249,11627864972553213137793838921111830,81143748079385865474934300120044283770447374723800997311912509228971880072680
115,250,39310523199390955802206791750456406,29240744095865812408831841626919847276923525267117029551882885578041512670265
114,249,18809367908387702630479041652590093,89821682021043903909667179802113557225532034237015965543721618576699213191844
115,250,31321842354752111129465153315449799,7682966141869404848312057375707142473655757024103251537007962953523244992685
114,249,17848726409295349071151230267058713,11335164250363273648879872272092858063546870627055850462527731743882542798088
115,250,38777250416139188156491846885411413,23049999291243100674176872664473714076445398682027808942747237637444512097275
114,249,19887439959415681602058457514102782,45153131386650589659686303341570136190625416823119549054752095280977656816071
115,250,21823579348037500586420709933173289,85152039597206706137478555007651979915210971927878734274565958364428934035973
114,249,19172056588306499813506168574952317,16977793430712174743115993032975035021347564016117029611448330763344047990809
115,250,36802011252035091989474189430585769,5277161230067383776981486776531564211738349407971266447573096078871730216310
114,249,13573917169165417155039345097900822,91587914863275766087297950594347288774602659636399594790331926013988973574908
115,250,32693023737488082984236594389945428,97005529821318002477470288767607615434081437321634409335277899456339327697867
114,249,12511545353678720282597908512343576,104314595029143566446867713258691757345398489449418354817828598252625347265863
115,250,30278944260769934035895030829313878,60178401624645383906629389591463613326510918785465065016568598601113222791051
114,249,17092139921062913771062821797782032,74967545509470681394936843444301537981968788104298656055164439823323238596895
115,250,27869516900048660499609708553597585,77580647871205262804428611402022342120585875658657197804953441501739781350292
114,249,17751945188125241691360309284799486,112409191083964080066659111900274522478419285224396773072510375136243300109732
115,250,40980294774890850521508310861280885,2662850393709288640715166790390062243782216359986890317858993450106787620785
114,249,14940486029798705714868620821112442,92862208141772109464961641703834860884697474169829832959470171517340148277920
115,250,22350775705786484058787068618131644,895380977099226386956779168344442652468300960643846146867849837151799659549
114,249,12742898500738054080741465007696024,18809951340438124143470982977449657301046434890508199649633214740590447873501
115,250,29810917992958394510726828477779410,88421250168112186066334014307221633846122998349711314611283258726227066213731
114,249,18305510303994680832785771376549838,26828488802219657157239115051369448190735251256613152849408060708981949835544
115,250,23119253762101112945909443290314114,99921602161830726462506930888353430082709234364465487550685327309761757075654
114,249,15617913706723769398241818392665670,8056826431303013107329370380124765737136104164283466568369890800115542380994
115,250,24053314978163100012715125997669150,25171473111839647874320263830885289210350535396254421690226948318452061717725
114,249,15434681325281291931191342655322495,8208822892480028122977779566452869836977963408054594401399657004941987001794
115,250,24843429962055878141914561071680762,81943107957481073319683444374870079779266306484613917460715004941021375220153
114,249,15387348914286479672718475164706021,75174186511552939887831186074239071123671519679463282691532250707882245364925
115,250,36977757340467771604271900961953202,79774251917473657266415566807628140259357895859721102274208800198905858835610
114,249,17053253932625335090440677788335181,1410866439348344598025180390916885410805102480360155444126833346273687033883
115,250,29912966774418975361362446183249128,111630720090014374916128542876354792086374036346500550784231752681646125602560
114,249,11929665905459417603906549371088116,86889513538840816660744606389903740761148228588886951493320593548772496139603
115,250,29615630850172111246652288664206960,69674598624801279774090321823778456084882081425010370741367228255595023941449
114,249,17239164691995783719231148282668137,107446255482114883272148560610626497482287287012166713259079762770096256203124
115,250,32381945709795376069687983118608241,114615643808788372404775412166076855108308406537760632700760436588913454949682
114,249,12632032367636599387476157030853855,113682294946015163137663263073089648500565188177060059859979322011024027148025
115,250,37725915817734219391286400972287338,37010834784761840792293897049117410714472639144154411459967075985274953678625
114,249,19165155895867345705783809215975710,29467426685653623215066172537511615592483735022394823078996073940800799729502
115,250,38538513246289944605178601874240715,102857026381109463979232184431663092075270096466064728004697909985961120382591
114,249,19523125928280215643498013455415524,1141290279279655880460925800902144777505526369225405793983240522103603352472
115,250,22096922091723536892585697087095169,43641550075636646181460117287221852222786688063555868635191608885328076629187
114,249,16228314055697647496005050119360541,105900157851933113039296077854659342161887844266059592230001893063801349232607
115,250,28986366249012127635354215791514382,56006983165579197002084680189831568161145615640320686564390817538503982635680
114,249,15044463915692408242857240048193391,83711312164136261573108940723112864023512890194923092131455377824971345469730
115,250,39884650113783771105516439013821493,39422178489196460977324890352562045419772881629484188695250197644152008871710
114,249,20303246197628273601260494072044941,19592890750795313994189058804476512161646764215021714006213350936793911948597
115,250,40041204473122606286337616907982967,14922756143668160982000768981819566652297062301372783276610594190201574828839
114,249,11007219726840585793721914542529426,67250910834573113530843744167316422264021252862942079562592491157270546392123
115,250,40099466847411074235460944990455341,15414196636383339555709188917402120221803119597172097614435980896751751407631
114,249,17761487192588123078753191156561437,93568017148129205598599442765380185361405041958564001500424154900690721525502
115,250,39102808694735003211938411538546058,22452807503219975466603384742252815615957656079849286791630636058145198046843
114,249,11393263358266127112027189834302740,28164168985429208232699087005402056648876108931664242887676011910971125264899
115,250,27125258095927288106964481126617263,34182745990712351923248930192413725395942947768109801643545257614250214194589
114,249,20399881793717243601114561151078131,14942893659624552415425373535660039225391879321024893864822482568783761496353
115,250,30999533355421208980137033767645655,13086667628250220407177362166564595006988849857026837922802924486968240535047
114,249,13220325408522951476221463830495135,6153030842779778051808981056861301115748288204815046228886720531940375050133
115,250,23913013329462809417870070472306762,8545720846436692251059278666843768705007677433762473567330806377226807464261
114,249,15134186384449458214951463176976660,84199559592428249183600147043207266168788196952282860537250656283837285846095
115,250,37777541479639024078289115287089347,49601920045968276991023733431278567017204507090778903437618046412405452091053
114,249,17341707190419087751180205231600906,1649220263166017961266445270988333077036651000473933199120461517936759012493
115,250,21187607119232357739916393521295714,47807097002912738585001025315205642991183049887416209481895361366273411085274
114,249,11636821510760431318965147294907159,91493303590773410202858923619845510057685351486771335545520543116080848177674
115,250,34206434201497615020822958959252311,110897227892984077130270600967435038766403758983300806032106606159500769597878
114,249,16256546491041390263504174150786735,70021856945207131968800407611646344631390923341416327887100172375780620309333
115,250,33467904597265958660199954187934730,101563309895955272950962285898464630745407161510969012959970386251997116155215
114,249,15782528033918672589619461231490316,112389988294177323663304522024401800042509450429295928535208009006962947112775
115,250,29716044074784290319477030019489762,103199031884257099651869342540740454332294899320667329479972045842614224454377
114,249,18156212410821613344261496081274877,61447044638356200548949757561259773535122636566726129215823196500283817101034
115,250,31560109083737672659762795244181024,44896720274047219301534400695948540235087276789457202976706712308464377677728
114,249,19221452531473745125443750781638458,91577049963592680715521852652351427707815283020166204645433148758752183133595
115,250,21976000523609827469153196919355288,114919379116480029973698861381132975701025674835399923979729762684270143560908
114,249,12269018457484254307411969612112960,71028382563041341181381601576912316457204239218075295703533773361189659913694
115,250,24034441605574376424273129708158907,81505614083918122453597437558638272364117974418597068060474404457679520023685
114,249,12180210824738277694161691623392806,7084353701201890367787191415402891487268970110140956428238989889164147009127
115,250,39748894101416265906246853330480366,16345003350848883526262000279304800156268615952480242429674741202910294799538
114,249,14065070163066307798677470311706071,92299080065683359372104261875557610318029949150953235477363782460734310586983
115,250,25382378592987415935795270272087208,6232875262282703912600959211994945388110824234307303708522661957782698229457
114,249,11170091698540015866504079378616234,95757356423527408192444542475794745914878552193552330458759925088928654082107
115,250,22485576633502853469886805784197040,115503139366884999145454963832208587192545481365817519144620479461562630685031
114,249,18860088056240538262574906321242588,30391007777219998476706812428490706771478791491398244317593133091817886374180
115,250,27905376134000116753482597945848201,28198977991820533439909468467675013878565958801139458642884301350936031381210
114,249,18150032416951594188323542126478743,90607615724408808462553738588739630199960282872369149550389422264186078718319
115,250,38805043480606285677118698779896057,12470139195692421405710650910757358236935352165993392577879858086247317318775
114,249,10403638515871503269969991720316128,47015318895656642692327991859631344507052953838841512971797355584975332440662
115,250,23919484663649693165090136344151928,94696482913769038413309946329204210366070867592703692697874150376271474500909
114,249,18289274948979335161828250134943508,90935280539287171752961886730571414556735005769278867382076311127712303799065
115,250,38428362476509094589929852852784221,108104486392228928422378060850937636422809238470241885441461809297360903692723
114,249,10539684807072989327712639832552528,88186615010142664009586888531907073988095719057711156661199645418716171340138
115,250,22180056936019218358091703873419802,55091936585683815311422476195354129278781501133631886135053709234867561063333
114,249,12920515610480687537548536322071579,33249526281337218800051790741552328597306220607016406294254874819667252157669
115,250,31226117603276101464220534225281339,101942363261530115295482432561938574488608343185471612378828394212055351802574
114,249,13335424131219046763393317547637637,27648525300314060725210091834678571216636200000489525385409806020124061589537
115,250,30584248418982921767066109049187219,47864576156037960816387635431692147224076160803806245796407377873443446966044
114,249,18301313335698392187124199535111277,54554977138178467627497411906479558806015275598314754155480998314936800919798
115,250,30289831314258155266570594951894847,60989446813961753003581097854838398422944597859030303006174057550532735411046
114,249,16248668455598738042058127036844730,77764482807247173545349884521500271592986416221204258169067024375045829573787
115,250,25027204407729967603040638973248549,36286312680937179615037668197038823898351621105968830288194759905776199601892
114,249,18861020816827644584548636446571109,110389400703125281122828894434912012218533899374201851363045583771892491935379
115,250,21711898007461624351072072320482391,107718292811360057126135241824745299156717717114232652137507832985063299314126
114,249,18210200952805192876457236434483736,54450608292995770842930102450212191420037815261978444516933313760883463542554
115,250,33746296417327886890481609572215968,48623256871459272558129237121237155715461509858796110528072333682257247670828
114,249,12049997302581611251523857042039511,35349982908142695852932142807696324557417734059015558381177100146777180108962
115,250,25998531010536504602358939305230430,21020996501572631572772243145077903836291106454989125032950264576750749059360
114,249,11206848305959219733430364647654845,29793222780454825653527175813352337160446795515425670440500556012231452598983
115,250,38602596654264100497438529477807782,35162517298504569742884048924810308861781141021117533252412330021282155441240
114,249,12583622279078266016174218787993026,39812649348464341853015301397913988522019232315649910918641136190729275238721
115,250,34718339313328482593791334704343146,38419717301389280305462786637692527480710924361552585318394814541890896373747
114,249,14577122034779678812812256161243329,112924267736739501948472709285659378156858366238469937418741305148565556132730
115,250,39890709113942566377883184803935174,88147459258929862689177432455501884595887539139050458363866136128870769687826
114,249,18246413328205049396016267823266498,104842484102695358650557597068461628388176232135128042935810451084853070494855
115,250,26410075577416668017690902017989004,42970581343568196758140871974671718393379209721433301723741242738548376968922
114,249,12255490567888386288009512236637679,111548309703047339544281783273811431659225779131659218988789615033189770533
115,250,30018930197343573155830265041134502,64494822122546005062317756334374368910864020959268388508471196747618932943970
114,249,16849255570800096147720837008486053,32541578889270566531989179261173087088018351902917700746236839118445525872274
115,250,40289128752802353324240985430290921,1330341201113711095679838682525442493995114248364911462554841412348379079638
114,249,16737072946928244380733685549271404,66106642662762776021205197013096344326849859995256989545976063818224615657150
115,250,27864085435443009154803430022188848,22278284098166199215284549173195584584939794734465529573923434366975873602213
114,249,12446117623577356610024144588065340,112073676075204124276153633600979451541684905356598822142466183845214013415471
115,250,39838669802098087507228402481933700,3017323264329852319174130599099781841705043755975908464085675768353970557346
114,249,12236774605897467905953185656380750,49867265411762831257515795570563608224785656340510981401937576856861287369448
115,250,24251254341133862023958179280966822,59434462497412993070794984569049064887740413249209408372443814968403891684508
114,249,13397914119467743042521749539887134,71997460225147826338798156150299899268141962616576844388887979776914294149416
115,250,29333515102218447448353549965934443,20933121490245336439197042286271762845504635887692018938031289686659845048887
114,249,17571410784942214854292721590802444,50864500522545222661470302305149183687603983545448401955402305752318538987638
115,250,39547649681211318615943257394706771,76766873829109576480094064250372761427632405664480696811923408028844414443238
114,249,18499900508411563837918454739403568,38142706119497641743253286879705985481563345948990542612911568603052604072833
115,250,39524506298719131316940959614156080,11705148884561790734887518569339370597760332862431673192782657954187411636447
114,249,17775378800359012305759130009484593,89443118022562611302608439738231500635084106764403318540702866334653798840694
115,250,41287049530175128558245006122309711,28759739967664377035935513896799339433787913367112084242392296677167820919562
114,249,13405746762154710808462496392573358,77033884235006851809917697939279996739862596557883150674765121737214612115533
115,250,33525093909772490543673045148872471,62352762423970134962260131705970615287047632406252738738252763023945396936314
114,249,18754882516783487612256664130089807,27645670294860375964601702680083081394609106455999193105643970061328710824351
115,250,41517151018519060921001308513673760,85458733111312844619333386469963084592816042238484815684650163589788337322342
114,249,17840616827634210586584247452676779,95398726434122142979361448537983120245916917905978939682283946086858188574887
115,250,40754790056385678583328418677481919,24577956259147867526238137444723304779541227590691750560579877011686305771182
114,249,18245655857115499922836683660670061,45660386136289965720918957873907668094718258245890706030517209178781247886068
115,250,31345025983097397295642439697771222,96801755691008909391956919846118025609511746722943794028906619263333500387823
114,249,17217685720680307439421802129355560,96172639407262447214313319208342279153294471387499291661830956171707001273879
115,250,23521119595043269983091513692121506,40606304724100371468466270905521813546102889154841491915421858449167890211901
114,249,20417610831332444564340046824905523,104842623371152463913185648944327135072866586656855091873460849297768816834024
115,250,36025622224372648441209862763877777,73072944344401050636911452424003075937220456705356695856137699010637073340111
114,249,19209633109099249249176033716441463,71964708183662806914246896133342019547017140565912208883423629023009210595395
115,250,29598811617645399057622473805504293,79373296593033068261386458050763758248837309595624216542497245775903874345838
114,249,10889354146330238087618545170304232,74883859961724899932897113185017546753227368494833881268517188699717476113135
115,250,33867382983989824766802234621014654,64934279258632189154085928392367884038142929330825921219066501530679516609927
114,249,11956966673834428213167685949856798,76341186426072161933059913535910504741622990318485190830205762391643867872084
115,250,34549381257174577759883462525886474,88733502290619480010186942895085917280906006520160491546783845869037783983258
114,249,11556376024122870858099702330060059,75152599718825150569193407730106934944525191843391043038732163711297504163149
115,250,24969871402316598186079698522075514,85895525575252605921349000411136646332343793227091665398345491890784188854317
114,249,14689345277891082885738198522304333,98141127594055933360115899993789710522494859447135412069021272325292028901605
115,250,40814349913577880765617996824494411,37813624843702826983633994720231700603592398358164783209643692944712660509497
114,249,11243344462112824312458866991849845,105256564456078198130041046953769423623149236784716816861485146799978841282506
115,250,39439068074746319840770624718684857,93633179783866307173205714573886297092293943430575101365246371406037248049618
114,249,15705527887894221793948741281896490,74627619213116634734404798960148503065834042647815986446422804453875454280584
115,250,24008012998977426769180902596678074,7633680314659394873095754977372632339723327652850597651442004509172977116721
114,249,20350635650183248288204196692220152,38447111221584086710632082552597373395356187001491387695915803066824658115875
115,250,26785233816735899290732999960542185,74010453747093460626675819556041915302094574170331630944398044876671017609589
114,249,14302037903569678270902701116464648,45902135177717414089872244145693955532119501362982683964754696003981653013263
115,250,39915519852848378978602139031503953,67195315919369424435284732825952796108442498633752054490090307022082739947355
114,249,19221088811507404965444829723747735,27334959256442267997215444186713443862275657298688075459796555074774407746965
115,250,22507179348314799367303789291749317,48166512278292809705267363541768361940290824349740203164617469068044262511610
114,249,14293422150481583956979537631928136,75209878623067115990592046329957640210380007253978456493780317109444801444633
115,250,38122149106464967659279901823859302,43099990837114781347237064582825393899234501817636999472310216559365654332963
114,249,17077040175852888774988919964321548,16084473156434378881522555386647573966773876341776550226856182798147988165426
115,250,33607399055344568249640502321152805,41055166423752257300246158463158992838481304096675164200707134554188459488851
114,249,18860910117877385570006102255621448,26097658612330800464931119378647117761165980483011074714603306233427828078930
115,250,40013704927352132805339303575881825,41072749325604936188114642014744368378349088489526434512318214971673238345100
114,249,10782170009594908101196314586698940,43398271838903627258225638916307343350996883657572081892789735548582818055295
115,250,32907014416037054529109179859171532,56842285099563449650011882004813088585529022222756811731671278894589538984132
114,249,11474166841260417415195411399226109,23900530094201008082483021557606994506643197651891862298816071577894515825677
115,250,33693737687108636721893986188229990,102409275991796699967641113310328821699439690028099254519242669388064095461212
114,249,17763768843285642667952103419983245,31015216904332301139020081980646163755443449379032255694622495293244128627826
115,250,29807212066601149374959318546261689,107854485235679041582589948440203997697001084121665688335694814608100546807690
114,249,11844981082177611399903703578817732,48578866551600898924956175813403403756520929640280211377044111155101087936313
115,250,36601841616428573542464827509132436,102892092060876679723208389869022884375880598604977303676541875955772493082704
114,249,12375601414826563337106673784983631,73065752246869416895859315845255295774962753412518615754492541700149716454674
115,250,25288484123152999682247644200633983,28152804533386093254707517502863410226791371808106277611218589515756355230791
114,249,17932047003013939528956719966449114,4676327658135100655496760276166292816415976323642118183360036361752312366071
115,250,31790272696299379866083229078235008,112767193155894129324628143028355021894515727731384197878071015424338393348188
114,249,12139493889665369473999194305010852,22324890705886717519388619659684018872642732867150906817217649014918448679900
115,250,25745851480919481434463018944800954,29474499506787013293229127600245192100414610547084698544138714635427929949122
114,249,19332502597555688102367681768232858,114242958729032041355712115460369360650622421582583938742928997375947315979114
115,250,39382918977621247775963306323521115,35618970722865867378443660335350637886629632573628514908170310140825417935463
114,249,18292513191199534001459385753411340,25758076804678445455178899598119350736085649181977315045547754775896974410119
115,250,27050140192320215629094750690185328,40885104876502090159084528472708356767552946772421047906649329380422287837536
114,249,17990960683387345680113623900139064,23915730430302283235629965053632834543923792533155391626218383112850613707348
115,250,36111437683532326842564399272913513,47250141885227057631497568999799005239921463891451136352125760736609600064228
114,249,18677339447939685725924166373947769,11963605446002651050802008166759382919405587228677264575068692765024535789896
115,250,33198524067866138718560441738212394,516348451960977508943416278515509514336927472236251766996119989503617910060
114,249,18646561898160404901197683416510840,23629929172083242679515720821205186954534943532078512584265822185801391924897
115,250,21281329507144348675591590086685418,78957230816826350997318023389913682470479059210608592461759494292811338583195
114,249,20625358119274085899433277224781348,38581885603022750005216180063514431316935205277573968169030565590847190196992
115,250,27497398202435813647769163802139562,57860747026171247104938855491824642510466634047685790071331582691097714862064
114,249,18844233775202928003090916334707808,89611755643050413201515523990255753740785737259824269964918981098156443464351
115,250,25995148118637029128466057858424876,100574328058873972497584302188966129130535067704747788903592986785251650700819
114,249,14522196269620335861568235243443729,93106069718990209277501803389043042865700119776288435438676378450676903766896
115,250,28247239572191957892384185426137317,72719422497982136233833811905748564534940967184172583372638395062397202577551
114,249,17142322499589074281902155132997423,110021736740933891813053561154535011047532168716326429481017657106741697810427
115,250,28252750790796215013370791444204398,96710429247855270517359080877895143980584582558863044078068408875792188928732
114,249,13878013735500027930851788704250977,97084478209706349120577967887254107328574727502147343457709196959141841283143
115,250,32140997688782874827993862744379611,35608883043284561864791552349094041722672659283236784697321421129692084718047
114,249,19020497710622969210489030235847908,95362473474062957428139657777026413267695638006927747877417647755187292120415
115,250,40844682748928114624352170704362503,109804265992321879542581042738745893269838978964875557083893760711800225295694
114,249,13360225752803819240433901375374709,100445487844277747678069827366685460537901629765685629723514404455075532115819
115,250,28909662027297368981325450900664662,22438125308539398209618784130242789011765010643848388140232751296068261379802
114,249,19711252892831941329025355383375011,523434382617021098540205417090918657785703840209224838475709080274941561374
115,250,20825323866108087774931984950211893,92412354813523363078045846388774693112217003870687585946908082511534745065295
114,249,11641670382577036534414976111626372,101996695876226995162678003169521044675878581042626236610736389738525568559090
115,250,21273464818495671305049984555759015,55823200299366632389971245583331734550983688626740167542588305999564628876561
114,249,19853757727029091152669436878252162,22472349110009498368121330962558052303188705552114779890140031042183314310663
115,250,32877208377791534590137956422841482,65141506586541562987421527388735208078474712075988043478960836445854811003523
114,249,14884234231447502850964159314443454,32093266825715421788724891615415139799746324441164853137217800463883334942426
115,250,28615288787547545866085974669632233,76629220606703007106097144592566765580186646305508740135340877195438434000027
114,249,19694938756385636790907610294866621,65642578210608032713532454984448752117140531505762374595881350647290204693836
115,250,40862729895707855285396639848749430,72998065410177179629748463926076662516260746530902715280126805643017348039664
114,249,20124125545942380640975410574716251,19766705931108921346545428684649225756278454921125789119639578117416326441150
115,250,22842968033777592914093058666686454,79826215172426871705485346552325257601117845535308334216083480581127939220964
114,249,14664517135700429503196931347987855,17240471499446233364111905195586435037999393317897316627320715968929656634079
115,250,33933508176296135518413656797694202,107384188166144058117088059536763529725162904999013671799505296107373966191449
114,249,11390047795343466979002926411309890,6773134884032163542502064003062875301420222703520129027611234793432878757679
115,250,24122787967616547653391655872322551,85150517551017508203640936116609187898994672771311764696104257565030998950042
114,249,20037314009269687228055382520854367,96519798406858286930205589211128131825810760268482843247258177236810893791579
115,250,34705146871839051572045012670110939,60050750143597648826740258784160220498017248963569935953065547902230052547168
114,249,16274232415277187132486968586851057,88659502062468353914691149661681557445222230602760204878829248850349466602671
115,250,38193514770856644385264980065453058,92246734447990701079208585167999048662335494039630026036688924192174486937692
114,249,13452204095153748619684127454343404,70010001597072574892640094392959578039779412590167514387463151902785734534078
115,250,36727445654303783432123263926680120,4231009975161680511888212168499004638896728710282536894691908369743316265738
114,249,18283863927725697358696015181422114,52955817768454074856497544860066589870150839132727546563165492523334619696208
115,250,26728254169988368462059081201822525,72711450284947597212134396138362693012398978064816891495507286533398909054800
114,249,20109265206677512341593495941610230,91456555631115755090622973946638274656352252869069619062731184941511563354893
115,250,34700344777015966016843420885647483,93560144137781183519615526673596388887286500913726556537120084223382523957373
114,249,14360156732391097083997802110541015,49577027194590543680673938332669393346925800293027438245618792215391189128688
115,250,36280009393100356447813560512023543,90685406139974945376980731221324123199717839216689316352197150785361715552963
114,249,18973168301082346673482122688491979,86304483775836634859865646703698213151663563104852614793324643068305270437999
115,250,35189037377919184235379898545272386,23000961933439231032575687519018071868366290053457658440022161030775596373521
114,249,12787085468184648394881874274853752,28070443496401375279282485751858358532674456623947588122984876886373286860359
115,250,22937080013086322761079743321399459,26559548090130673112875886773044300488872584940805725306756441809940898936430
114,249,17838309827161409289044109318529763,71699181520271188235736334671240876827349404170803343065792050476921452406658
115,250,39639480387153041296282765180889082,4903122261363920333191079347838279906295218667620495607280521958301806476767
114,249,14802858736574154048708964017045694,11583810156512611774301269177307414127343734801856205536260463401961930020708
115,250,41129646751636301283244522975782370,54508511429997663882268506653071920047449765841781831173102390522198114752617
114,249,17383742026879365070892253583635364,110890233953445543366808553674261837996578727391640422715471864735004728507322
115,250,33225118384262383892491216629377163,100921554237456236801639994675173556731966401038459233868152040244488355212582
114,249,16763397234787319561420405536801520,27512340646330300013552866515048156848976637000249137353176383571861724268989
115,250,33748365737888508759962405238431842,42300133721328734491101733376909906513649182419483450171286432459605584047852
114,249,19918947625388195989551808466845489,114583779462742288354306311091894478285297331486811373441334949064837996668824
115,250,38924300530237770935963500228246698,33897316479116184989130009430415365928674943112572504796634222930131844177124
114,249,14848550156971430473067117367747587,88740431026886077967263650939651513907637838803886016926656162513109589639257
115,250,30384970639124969412873037859085170,67929956340564240061797568456276881570345533914420401097785055061011952175538
114,249,19311324930012980024323445916247679,87544012391967387281008854002719997714935235115045739480871811168277861395795
115,250,27836205260934658354657198563275035,81818192109058331821170762100304650662037029435694948310749801953643675764085
114,249,16480404741378438024979212764663376,103575683501291200472161662742784487508293098786508480638579337539357210683502
115,250,29243058881450196524888736073712378,42099011057532389196544834481843546297277083823884297371819342274587046797475
114,249,18769569628810506316149857356323000,86256010423760386255262617379720484727535629373279426337674093260621536483287
115,250,33247545486620022420895413867176836,59918736872951137514364288176131066039901371176238559630491912409342936662995
114,249,14439227510727863501833449914678370,42614683533259869142774455191570587038319376518890049864261198460339288041989
115,250,35705426840451425182381716559456191,11301456224331284742721744270543341974238443896395152995794515780826006076716
114,249,20658963137050950038164272250142183,9218170428907647965215918482670519426200007267905736165098242901653088063912
115,250,26807889534533051995086387297792989,6868622925759604781168662572927578194947736357885303112260760425368408664693
114,249,18539780327676201474749660359885895,11993131134534409581568180592520405371939680487751710553276378002042225899660
115,250,29188909704821685227540040811411912,10421889461004912148644373926134865612544936740068698306627935070552186458404
114,249,15209645126437921327764031167218325,55195717895524211532254832257727620280455285806516501953709182066875914993851
115,250,30837469144920156369129265205286222,82442345955713202669129080100746414988350169886571162093511487527359784863512
114,249,19198927171312052080957759530536459,67663447765032516175136821164174142685703515632579801372229660850999281908210
115,250,37446302933985599367052719369585205,31973088340485180505284942949673874083407425372396072443562893700474423775954
114,249,12211976397506231010003526552988841,87250286635134954058546312461906072134374760876686610393256448679727014287029
115,250,30799091353873165799323184373993519,22422706067133010175895081994837923790217309420230204449810948394921393784977
114,249,14831342122411413415583402180517558,46310341929768803744407646196271956819133266887996722865363941740444860354074
115,250,33355960708984844025687458478982476,71692482602571046783951782560425287174703152311794321465655801608119638275479
114,249,20004039886511467434150748139452774,102249351130971687503900703664344362510503968961385974390125088156482609755228
115,250,39106029295759605458802894424163323,31928374624165359588118406350125171713846293356086263286723082515905566042489
114,249,15481930922746620500065976337565677,68273883514698793516870979473998289439833380854265723140306395958573539549021
115,250,34837534634299747192401336366343326,111579497396899061669518353524508784149301341610953085294808786955234436299922
114,249,14073223393882121960640997584016302,28902199811399262054464378283195816504937730961425000346906518592504802628650
115,250,28126563051145392481208294029569571,101095637250731409970617290694602734079008198746006334856393102980135490016249
114,249,12275661677435292130752848993064087,47688326405000200428248146139029703829944081678123674096673788583319841869308
115,250,25502653548118934040847288263291669,4044860213935064299361802491395166672504979900851134320300621629868260511272
114,249,15767787157473387504684595506923505,61939804305445214895624381191315720325104372160805965441110108823428262610948
115,250,40028415410268695255469338877222454,103265648559914414050792655074147124118267558214645793773217886106384157721130
114,249,12094496865739734155622676011591743,95096030789210144116869845071586011897926969220537066438220911731859918983409
115,250,37888061543250087464024426398682731,85154628349298210099880816142856526010233244702146809070407428903902453511877
114,249,18555090013830432646266531000009683,76121205805341604709011517553025713084913584306108326957257804893711699825071
115,250,41516090305057947852261553288622203,89705689287192111524138178127832169004444616993697936661827184802331548406534
114,249,16026327158055503371021726335955113,87671263745333793267667538245010743827540845674529040189197287299075846476924
115,250,21844425546133511020450768101494502,79475446694018888546363856839821761934290062036672382997448163051496905690051
114,249,18494183998711657222734592410358923,31386926865035065358923367633476597102759080227754880281883580306013906305643
115,250,35309916370959006185079609220543682,97198978285569565644272962001783738076714084607092060714890783053527666824134
114,249,12602329793571056950752473953577665,111490092902778992794908424052450726419458822063209686720159105577603054730750
115,250,21376076055840724644771961750490119,50727599674940917786565322811182260554124502394929962745970053120569017525950
114,249,19405736894089647333659111766824996,105116844273250471401844087120636873008489754408609970403174644120125267877663
115,250,30048859243780236597361445618767562,109558734632130510296038484094232552678578084980808402608304225058650006710698
114,249,19339785270614704656355115872891797,86805458460432693096532438560016431144531405907782340372990866892796906611719
115,250,25879398382461948436758472020972910,31157473987800799522397047218330582257080751835693862413362710066612466824275
114,249,20041813247558547072797739876438729,106871645870486934634405194037548064832299346707614430014779881716427422687959
115,250,23985697823297061061053952464838965,82949836998127041372835392181506976134737747043300975572697788963895049849588
114,249,11613187812392349559293984579003892,115347653148785436356684565782844134207899823094353131153017337762612258616239
115,250,40150624392269290341568185711146557,46643545787830251560290137473880225591635079553077294060984634170223596471721
114,249,11736133545726225482584411240828906,107027808027079458668016775156882114246792570140290954723347574180041608504768
115,250,22144436497755703901070666927467238,18211716136415116863590246519006976309828022918500667944564250648254720620020
114,249,12247611019181043007691370035373525,87537303825122620413906816141215820741796617463343559576997756100636541802569
115,250,24441676346316477285027789379646159,53916844516921276278453317384901631281008179795820860988462255450957994735108
114,249,20419799956602853225493914938220779,7185066330536035968941806057297307691602258979850347180283821258688843408846
115,250,32555379210065890624274109894305912,14534076623573883187552417519827953506515714717603082051873396767892043483409
114,249,10779720933553661362737805185647268,106089084989192153702148393524526047050200421193140460724815474700316133027423
115,250,29175029249395083618861781670915872,72445746300173961775653495623838297179912124977545202760221916320397904705898
114,249,14999419585888448107026612159516657,82909835598165581043922228940958501757513754273626993401810560857436300172285
115,250,39034726952029465602728063120489010,36702658716459295458830890274214514249909412567204602708428976559324895610406
114,249,10958787146961363631551492683901076,86372163616460251591721879415299485626810240639136849601247542832777577508949
115,250,39520520415122045076159906991224579,2021425920773341378620630250385185223353963945910373931828933701340679609587
114,249,13244520035337865977583011402585034,40768555287887989248539356450331813487146906311306200156558665703369397610350
115,250,32386083999098194131652016681970061,86751138402092507609020338006206478162278584450942971504293670320048583931703
114,249,15072738376213377436929199652131431,38738932015646178164614363861594663757415162794155240471881964876690404619749
115,250,28838885154125498683229675496530732,104842522695752478056125754029998462857837310309642987895366162275686030564713
114,249,12735912908250064535294772604996950,82383119675876285303280755787727642482135124566107404974995933709002208313157
115,250,29334295216012886033854337597803266,62051875251390630652899893967274963157868256230057422110272303965184543929539
114,249,12751993284182567866829289375421647,53343735529503614833694808559114588124387941987608649565372139801241304407678
115,250,40356054126386474199613089227406314,78048030282952992074800146660542521998315310955195032205231119167305150813449
114,249,16358559348953587419387661073820291,32056161491182504422513568747929604511075411456474253283420952575249666478402
115,250,28586628797923435292316690128409874,97077015792874015942037447244811225224074759324468364718551854734770370097941
114,249,12610983399297387619397936921304365,99101648819983025023067533355900791417093841575594264214301673484598528750660
115,250,29544533638291487785959945211921733,10785463011835812326746114766657528566140846069549240294561076251182977812819
114,249,17918634872172596870419911701692673,55621473438303757172288292276063388052672686274077389969753082875064167881097
115,250,33144108827281905541453027095631872,34560473444785930468167783186734543241644978757433797077303879334843409374314
114,249,17442260365476748064023808047147864,85454831846320305598890032169677062339637946656366403542941636271010603699938
115,250,25605317545394466856956998353073398,82559187631296717909297724957279351232548034246416158457264634730854637465562
114,249,12742539216417816783457104853903102,55141833484388100701090078739690108595224505433017201679149016128388173742785
115,250,37462319181973391403966418932894494,106932983335955202621899827772235039889473153755578802840766173411653093854243
114,249,16902445930306735498805201922034206,38758080564843798320604360750852693349206571426031879332226996251841756791290
115,250,34488154800836504413010624741944107,34016357685742854563491090325296033146000052457042636163669604290450148056699
114,249,12502030579795449422239745654479795,6148418454126023297585853351048933762724654002670403049799744845457957149935
115,250,24770684359628129467250904610405165,19911204744555207102267129370242685833671806911321687288668191732299474083758
114,249,15828174472742133211497850246233275,44788688750350226970328107645677330284556822419715852619409543762030034035710
115,250,22693205338570549375905366958989615,93936369310699134349215502048762905553159888652497399150016819688242678513252
114,249,19681569205532909577554105567728562,102787679433265663886482112725728438158507130588358704001208506702568487316644
115,250,40299156992374358863994858313898309,3740312190137933639955705827193351386786099035275021611625244959400533490836
114,249,13271304231181418301749621083891408,38035411450415333053384135391125888014690049216234842504249370151114683179528
115,250,41404269042752605312685472591994598,54026973366958906189868418345072013053802694470260821545391502682624502103734
114,249,17467543266599833797220044728529946,45435758706784231654632049280899938150886796182622054013669127622758412217979
115,250,24379553419193115703414312721145155,36350458658095131029153276993166510289644736454592497711026617554882780284846
114,249,14469321561908353976718403622819377,104574410803933365110658598513999429169093662038191710704844347523224175481386
115,250,37873577249117144138898633106103971,103788672607898299181689895268361560119140909798060367662789814761573131701029
114,249,18002836214659099657791538734799375,106441354801999741284298766647027666199795813202196919028883906329439086370317
115,250,35641732774395362724072818105557479,4105850684140162812625768975088429983298491220455241468792052436875563424924
114,249,17740041573881556341700014465711979,39426396838680649643078054503339330417214353989082711999408014141596708678932
115,250,20887817141438995810537455145737454,59762444708354045301969444122685401091726024354618526492998821480991574021741
114,249,12479767439606592647316279241110728,43777272303631715908544566421844550354375305821091919433151360067274009680644
115,250,28328611169262061743998567929039184,100252528029190623323186638114314511080866614170158745045931870476885722504156
114,249,16496541941315139523290914405954080,26761221982161889672540004876826862737647664808397644801449413696723712294871
115,250,36777830245804478000804024563391814,37575433153752386216915823874945380128064887596548494938358005017927424686330
114,249,19594036304791915265615032061417685,85921430021340728807382842303968272834972245096805269829210277883125650345266
115,250,35141125265001835862456011315101293,85777371123133360824024552422975679861681954547638823591512302489099607952840
114,249,18845233447837465489575284036210448,112360802824987128190147674644595050132488915829744950757784535719591429653970
115,250,26263508187900423284940753352420798,52064105516300052648379116782645648646531207082009920326374660157115009351453
114,249,20180656082301040937596640207135917,55618596537219031689192073520913679094588847962990263257622430781048663432853
115,250,20810810923358124909180712656803873,28516949722535636619516199745653878641897047917620764978655867332340021201961
114,249,20527347581870875982307228188212743,107149010266419911930005888091298365790219471460906755882513959839116240249623
115,250,41371053785626044894794960258168931,89875710712514197259387680027346605450816007450183834126984070650751485788764
114,249,15776440341363924019212082945379112,6039994703729263115714587277475960861297164176716727352928871239906406191080
115,250,31793618007985838095037197954758737,44540416997499555410553554388207017758896040064176767470918805503963889575391
114,249,12943344591076576861153282939573224,53091192967759015848739454567174926723502173794311711338759349723159118601793
115,250,35636554867504264996457361331178148,10292467298812041253075856101615599336825461489127275234495985974235503550722
114,249,14859987311087788066166562409133960,69919168399617892459813357734157955424874242379548641332147032898355666034017
115,250,41526695124477731170856592264394831,70645979975439734556106975797144106551874364858579699325483949505347072756184
114,249,10956038022387586551584186992117845,56287389314557425658152669327364666864390516136277147875826953211460362146070
115,250,40965025446340236740019360654864353,105790049394144710145742112396157789272476393706412177323008810021821925509293
114,249,13608807478611798767120191555176459,39239933855398801697535164737989354207537251520483104335722261378137946318736
115,250,23755790129274158276833475841316292,108304410952883666177920924473396469550460400260086699224032540895574420737983
114,249,13205215483871935786043225048179849,35683624736279253679345481268102566942199796329103615971558779795906723415306
115,250,22164093574894918729078936559577998,79583640758796796857562699151120961786555837477539233310599967735842139964128
114,249,13852475598903400668094961787221307,13842054809651704010688967605492672173981545457166761192002367191338650242236
115,250,39469653800516800637891319295297462,71335220082831862941546068026124360175654078849115436174465294320808212400308
114,249,19535823682986358782538751118273878,102723352116739895215781001780410222246444777506730995797185387368515122246128
115,250,38749798952077389895982323634809666,6862748000892729817760593100762756349694815602354224839277725581452673268577
114,249,10401463371564437917162867582736906,90126516921987030048691753685508960472369201780811289668658211367066543271460
115,250,24729909484684333362170890903819233,58506227812999964606457215414580441834370382925023695008534335203331485159490
114,249,13373328948604890366556818738891213,43466659805210189730388150649751389243168487803795028791883179105251424555776
115,250,39759677093004244156090210895731804,39566115955810355398894587121773804383577582261203544603262200522622683138898
114,249,14933015060353379191023815389742576,109317475105091718352911475070866237325855005674139515297783879954777710578030
115,250,34043351919384622295143867665316951,48444092960461076899179518982406986025560979806431233067107024615790179985393
114,249,20099812806776956977169868708478439,7434648925511892019067385062412875143504713255315339428469271654094765017561
115,250,21665241849314718713946015773921727,9915232170608711536528462926705643761222950945559482055998755115410578086562
114,249,11806198213369383124514346505788622,24405204295560538335634431832293248683442455624948092369670452075077014203635
115,250,20986071143761543093607902643230106,6515344705067789275361248371051694604105641997005499634411472096038744729539
114,249,16130073747116492906614906221686071,68281984621761899473231234408427974365090957340333408365041750106218773444038
115,250,31238062543259531362377685717242514,40309861491141136749897437478005121626363442026672002032749400768602023050168
114,249,14302189161500798011557540113047511,97445336620038008139576847725628629628927328830626638854340200418376059426159
115,250,33975268562788041045356609379507888,90214031867307750623792982453401913445191072852928640601451543390139359247719
114,249,18318776577460366494722298494132516,98641815138711078822897943784356811358966816020658095797242919138028475241235
115,250,21938559010620264460960022131523812,101837254871710164171182526527088075305806507160175791817741940074694915987604
114,249,12216548211014296890285845361678899,965857628940281842820262302457936949369341309175999372114621729859217577266
115,250,22097805940955983456110059862517782,18812687818381646906366733508683226957680913197017793894987951621148722505370
114,249,14676314533542036248955066522980528,3222024364769144062611518234071278429301350191200752176366703324672570787388
115,250,32056513401883989226893480480231581,96581103631127024294835555836156675826016938984054122427271612981181872994725
114,249,16907408315408932103495782427169103,50558001963287254481522760845335703260858260030944302226794042505398318976075
115,250,31265210230096056008367177581802347,50482707822692097427156397386447697753296194993518088575345276965149072143354
114,249,11243147628912813031159984823694031,75021295680928206733432274119723062300068916619848758037934656639552718400684
115,250,39489797680869775834390290137617098,77413871822449852704799847830364438850362143074668046865528161947367124596776
114,249,18167918402093730221514109990681900,78385011005100440114754180011033676292383908644848808735509393777803822978813
115,250,21691950064982872009398273813895334,113993641685708683492620366042815332486113572652194337340587912657916336530091
114,249,18523013084156784051205664821776487,108723610968906744512315486819331957867938848519731547511048501220247084067443
115,250,32627946197013958794604114541387358,89213314567468538152195575956202424035504653734099630850177385776067856813136
114,249,10864340921399403548554169745167035,115021626217559930428054499253084052110294968039215640151115609865305196926633
115,250,23007494020225462627848201739643590,76326212876187124426818682925460001998150419240588104965676870213480323509310
114,249,16009884902585382352330791101871419,92904910621085322529135545682936513567718143392738534091709241926731287804302
115,250,26453811484426496542480671571163398,24847365081087424102131655244371598849987167098724951316849917006283591546590
114,249,13018221254168201982991776169276384,31700790100808085052371276764560138077521897200492870633640032206892571205909
115,250,29776690835085632879320365041255644,35709214746302756610138049856919443337392982388477336847157942280640943431667
114,249,15117921562180450759123103451190296,8627340681308915530307103398736879585287316857846510437989284253437080654435
115,250,38242239049283187431035085247726225,108510322007726821288128376727008495473143756945161290652192630998570067634128
114,249,17938324336799769248790875931208817,91354193690375879777363606356338649312126043866297854210829766846212581124173
115,250,41535702350406144417552294902788021,7193526049450918143007713064495036980411488845834939417132839527962576231097
114,249,18650897048901707083638639336824845,109358632506732397166342118682086735541917984746668878794276826055290191912756
115,250,41310559549356581330929353333097760,6083937688416876240261766897310728954047938305429980252447668451264633544600
114,249,17751058142524326345865704162361712,65099995710818372665231976228140262314619380232780055837910539933636487224532
115,250,28123622120929455931870042211414458,25972080271934569508763496713205374975042835070053199985860156711044078530105
114,249,16639737881112550944355281220334979,91119213225813043088909958225460151966342064029470216230742714682364495787221
115,250,26078647742628086741254197028038171,103620238600182158222255336211476668812680866247921690548213808340680821718968
114,249,15674314047510172727211756093790934,11427842991095869037538617274753014104980231791133863722515197821538726264427
115,250,38356619159386078070285759092880265,44501583108551253401212014648563749674590013492186583635670854272431687525341
114,249,19092638444947056202206787733730243,107084016397452779706771671812542844689350783287703451873260453559277466869844
115,250,35781129771581841856982138382240463,95349908675415739023708634422083421866469441460412311768451085556229786487070
114,249,19135687059255480696327823512992928,4421429544445515436731809309047402746772864885432857048892082219790473949638
115,250,32312960443503464089109428510309545,95260518399299418222662264103945554937102418531707880850168810862297312870471
114,249,17257802790794765001945849264965590,69578034232642719783101869936631733240487812083932574232703926284231851396085
115,250,30938565015450255077446691249017009,55974827454294955044880327024833210256424299422543344133497457096362614196493
114,249,20300007362019725863887225622036693,58929555663126900126943552580957393445498897462962404215363677925196615491365
115,250,29632460903610759776493134952046352,52769190946293834319182570068859065308064482369577365843846220593448968966646
114,249,19771112900995088819058217122482239,64418909293653001084674525747090847645142611404746739971848552528526976413134
115,250,38606569207430062733856759013282566,52105375589448947861717908438312123241328225106068369975852227372868372872807
114,249,18840928273546398945726880184831787,34243067231880346410693849631781973849086413562793399999669577943573664438515
115,250,37818312932473162941126357943044784,100508838239450846883420865406476447085678583171026585073709162045160195429853
114,249,16277793842912694888521273399451591,11738373947732796023189944676484868038079147072493458172363653773087634841680
115,250,37934600994275987576013723834822332,52363722313674529033706704649434940707034807300663807905650781771244630540773
114,249,13344706882577765277624976278065993,46056301736561969798678920987567245251524729488900042817584962410301153256794
115,250,38724080149043720115490706710777077,31914773408578562527663067815160538126663196835255366911935320475965944886067
114,249,14699038559354779725158050113302554,5822419266962443790887169757625934283824383306701579357353946693530432084238
115,250,23791929396213340164852230752054034,57665632583371805090440030678460745011598386877031862063689301046936244821299
114,249,20427826127484528426131333712558391,33137393070764855078361543165782864085839992721589146286554187878216484080907
115,250,30069928205686989053355656789403398,39698252515516907947403428101323126351433223873074582970590326726550777384634
114,249,11640546496609161310491875961741242,7761065258185819468773495063936337672987235193000039336922348319205070469805
115,250,26075610745555272390580227465683896,109844521263375177286813022575462718706886242006400133927376524758149843713476
114,249,10409037754660984972409149360377150,92564130721498137057602053279260157351317591614047415158228494488817101263432
115,250,30850526923845209322456202144645747,47353338359699071212746766710181211050651830935584140033528244557227733950124
114,249,16016820525776436029371975174144148,6162631773141642250747926234439631612293873699235008204548257849449926563684
115,250,38744925410430921242193557949552894,34517850660467619843632745877577039485388286549012833633476462879372636088002
114,249,14596009641643518857497933475999593,56134763758188390008873891164791105091333407168217689551145882488748978294401
115,250,29118652292971901830057702046511070,79739985147216033722127548394487859466639050998404226616194307359712274646770
114,249,13717269496061191555008199368214452,15891243589095684509786162347750468191455825913060874321334713378443262298113
115,250,37802318593319326137657642689083014,51319844759596176650786227658900508887394012614813776141652673107022736471369
114,249,20475450102836348230324632952563149,27783449788052145755424520354513062538517671406435854451526492714371273893760
115,250,38331509405407337402521933630688699,6007251146162262952855548960337160601135567946720030162599611645675797279927
114,249,17122040745559739512094093881954336,20824036263801685099979619036000275152061270205204372410068103122969063525173
115,250,25087317375701083904404444850784660,89005061299621287650607541767067952918631373228256832904489335969404885193596
114,249,11323895541248592527097047447479690,75849454494237423788990162253810412206260684931688020089628973712971027123208
115,250,38635425739427255725756576191227840,70746960686405869967094694910222759646779821634909147115920318679450113679070
114,249,12075334175023293289646009631741209,89683659632922954761703403932055346558175616872689276878729328289817106493871
115,250,39152192876053528410781172967526243,58601079461804869948303371114766411032813155881411812843361896514414566060028
114,249,16865586712885902151075797226302623,26246420479241422101108344935934548687205425937451276052521592855592186489426
115,250,21420382672966299789173527500285860,85435792770699346506375085670274361464028992806698804113005572436633078662452
114,249,13617285230832920823230546971202831,19760204078636778345049231350955339197414082799286605349643879008710865122291
115,250,39307947974840417357779295376647486,40783575286816115042204871880547701041201299668904409643887217701910584683448
114,249,14317768523281584550472700118582971,89218712672820199008183404858213035556082117724953376618972543843810139889876
115,250,23523879057835791039836372470246333,5791488947019328412276139604897185733748784715309728737888823081752707316020
114,249,13451482918744642802890592215694642,31803371678138438986731154933498049045944594936553353492316979236532626317471
115,250,21864241158894052706373427438016235,78618321990674144079246200530536087030503967190721368253412596078073348692774
114,249,17088811870362735361870861121469747,85514369112618992311947138753173489043295466713350548783674462776782544282489
115,250,33704055233543680166504988273389617,97129908477387402857432398749595448025235331356730890098490874645334269712188
114,249,20544480956736158678797971393314057,40437958672731085849180111875253375470977783671816272113569308091731739614754
115,250,23687466566886252034814015165213051,106337713616039235357114980662080319564555887619422212471073654994620970090154
114,249,12903736910300972773881172295862166,971900955882390830639164666304672691389729890167546981365642241832455877709
115,250,22314962318547623033407931938433821,16216842142619930204429653228436762783774885362591667283632695480942654400744
114,249,13246846007776278788514261717867860,97768169152323170139837243848806561554789354202616708307386459241011945298917
115,250,21421878465595728699525844106058363,35361726250217489521718834305545352945730753877031818699838604180047445338187
114,249,15398145265056809453543467049812761,13515956803491334918157207345206624472410684303859245873766037483849116562482
115,250,39570263845329010042125557765794996,105035945277673039506378820179376617866790888501625655372484010025335971099159
114,249,20177818361211802701437327320429199,100315793639635220654444650103772913368717063252055814024797742178979998929228
115,250,37924466285501212393852207578544453,35073250599248173714883007918452273975442304048418464279186868572952954433831
114,249,11541196682026295877909500736140321,62662437236900693552243796099644309637572833695032778333931569810910816239331
115,250,39148131528691086619854033289273128,52394493498025532056361531032570661824736205097158530012099937098527538031226
114,249,15331520272564344258739924261964933,56551603390506800363621252709706135534826754464004871697892553195354227230220
115,250,37068868160711803228081030817494380,108060686733807467956518541680130199954870381441876107301402245220965356507562
114,249,11262308141482628000187568428069785,69156437055706324494204035426554358062288431580873953098260908090888602882354
115,250,39029173089045657903094516088451192,63395518171597843893305694813170612421397659805838055591131557339793272837590
114,249,15088605786131687289003622171239757,93108434676767087899894357092841884346732548047404643618322082904111481637568
115,250,35521580046980685563627924037594951,92247324614169703776021122511439568914376083471415733329137194938197641345052
114,249,14922418395039677834812892639133162,53048697958644705379287750900498941996274275958822398368193354496527577091939
115,250,27637395404545970174799621334130167,107450928507091152863270022385269286210642583278855121895626881076073779286141
114,249,14394343447495436996609329853751377,53012216863579441795026128247266697176870608311898298334097854630419156446304
115,250,28870507568350605581234854279777544,70518812322230140611261256586093695787624596319920863429973554582217289377764
114,249,20627213450398303538445663552408639,25827022865021152189832437671953172363117568512396007163696209818036795763896
115,250,30168870117963284996920730379862949,79798911039801893543179327712389737055285490025670638113182067436012311643238
114,249,19276447587219513621009879837816417,96370306700166854911479436487727566433205061970557915056797705019542214279866
115,250,34762091755404255310951371923523279,82661947984762118003469312994276357173605374670397241749899797734190102358839
114,249,10536068935509716481844728298896735,286331465148040432235515171718681973011568631560301984390857024642497558099
115,250,28132533818872450729768134183462104,7622063012955644913707281286377241319722380393819653520349174545116829971911
114,249,10997897933068376712745250783251776,91905419586906690382629805457018374224367937116791050782911012844617929527556
115,250,36357373123146601317042786674233625,112070643926033268557913122948069975208682578224801679047605337295278133624576
114,249,18890925803178855425413878581080094,22763617667139633616477767128885661023978063094917065732700978231324199636704
115,250,37383108131163464832419531761856872,62567402390214557667187922066311793248316311655047327143721296354792146590034
114,249,13965583679284591545898023612569568,93980411133650129560968739559493710317026292049202121015448782594668490265689
115,250,33687664717349833974201135918106688,88016140555288481603803225682676688693161591562412029299131373695524595129265
114,249,15461094998123780728207158567249882,84225843262354103690616032425502068488073547159149308882515496707749497433496
115,250,35509935247551499428804214274755705,5507860633085627835858409537875504265794934958466433122299523013707803398065
114,249,11601480347498328245653142371382252,9819911392714295134654848883482657398987383272667212632948303086808080442383
115,250,32256291341714382087726599195004430,76586830164459521296022012926848370580197879256301640319986045964048375720239
114,249,16468981709566077233704201563933156,18904925212082807749455359606762445694151428712824564416558778076675657102025
115,250,38244333364390514878707324405617626,59168912056833266520376567384519395325309363323820439631311360182099428698871
114,249,18132307182314142105134074871369714,3954845252692624909007705883039415500785581015740048027018220356269119765169
115,250,39450573708233024465113412246089322,7094517908643118427235728689745946869933854908400690523446549737743591717648
114,249,20470630443263599939450801434397110,4012154237563396794876293594119087814551305212632812584337132746926870880165
115,250,40359505062574184546429148706468354,62714492098058179917257726737877390560517196398418206592142209716850639681207
114,249,20100692665084197959332985416127089,15524749032320806425425146759632202861636254866211265339672047624265138574485
115,250,29509413701865513155204218420063014,36742647458269500815981702304864695546927882627501300235411763248809808097756
114,249,11889000367100955860467508774529262,96666677857830222317994759888148058543692095521465053849921690205262349848726
115,250,30967678513125354471952735135788382,104809743096328987984947601375747466990860596770802228007160393259472642505917
114,249,13715566374155353750702208664234990,30160291781077486090766412709271288967223633839207967109700832625446922628184
115,250,34982461680463528028193741732234306,71646721465560111277538153839225477401173196186983192784896945344234719014295
114,249,17598079048837650809329254434201654,54820498027779697272540528010499339357960794938024531973745841448419138255434
115,250,29036413978058373513547940081570103,17949460474962281048813064054492527915236951756270141126363065633483768441922
114,249,20356171225482042751806114238543265,104400614561685070190523846925553809925633709546432482525798382097941457880982
115,250,25150777804125349469567663088235852,41756892478334709805066282507657880213926843205143092152362787815460666581951
114,249,20354607574692941461269600620129845,37612837642765126107300852856557628699443386744487861912869333930120081204300
115,250,31757880687696836484531734434166240,101270673285393731414555719897985316746290510590456906249535563163190259415688
114,249,16590316002321874451949019591571506,91017387719414600591494190118861491561242253556834429864151646728136807762563
115,250,31637441514363032706198035236292037,68509093654660853955747490572116841875745148971560840469752374451937591970766
114,249,14340839140207002306834041063070815,53788179117319769117463904102755153011308213042637574565775956816726998501491
115,250,26334285411067124429350585136442211,54706464207216010021817989163538606278773330508422176923391954729571266992503
114,249,13244204246852824663733180451504829,11429453558948231578614008999390906974199617436854406431803990303883783866351
115,250,36874942339853641574603758920193383,113299280647076631962184744380670348445273476631974561830203420589021678160616
114,249,20477708148939326765118780112962744,98863241230413474566115831806686732518056196899045844345470243355267826867079
115,250,21616807946598907506458471579760817,72646867828537447123129703966772677081518841455637364269310520016748746657468
114,249,17312331310345588848291506142288732,8006848088283023243302428128504077567507497619241573486214234050373975303450
115,250,26723993218884903306922532578232238,73818450794290419591706104604022236650996438592199871728989971025005726192032
114,249,17288914445116084187069273283598628,20478874662792211005626911322367594180499374114504939923080946028999000829968
115,250,35485851766085388824253422808046899,34733528381048063569888982669972682079119403298653758259209524215383983581694
114,249,16029170628449125189198741109272170,85209959369172894839074988523938582431964987730762967676922962114601300813253
115,250,29326294093818273656005937860116175,60064385101149615407986647205905725573819582847582579266901346677384900799269
114,249,17908785682413669800507682073266234,31475596663974867860171546118294948999743080444820295472127459082846590417205
115,250,25960717275936625964648071546125995,84247752100637575331917820579746188887959570410774548701625039278168504283876
114,249,15175990407219954881833893913751985,30863405717193583818488867793832815371194723300249735846226063147750362824828
115,250,22910813776808370790879470719942623,25279127739458622113193688926432071876232675712757133765558246333856511502495
114,249,19370167121401602637003193881220352,33966853259590233398689598046535438059483690656109010185083376025628352264171
115,250,29001788940483771100635399896580665,92362097055205634528208444576702917003183462532847072505665442268543145922538
114,249,18770251614386230216421114587808293,110429081377408237140298488184632082770527838027017868688877097658505433601570
115,250,34498845779939670062170493812418481,61800914421825068509236353903950350107172175954944699055736371409844407514076
114,249,13941251255386881498742506649594471,14027071450560993092992318825974692164161450210329271768967101777964067031205
115,250,27102575329160777681327490187558225,82828915813713502919660919041812623218934115422747277830164931898299242207354
114,249,11523836738669734547075633012412171,19273851092877964133974006985318722467883941824814390638997594146960246937016
115,250,37968263652999401655097436090476283,42171808290198272809364854633079732468196116582826047765572969799531050605681
114,249,19668581829452060967396239252932147,90151766999957198615741687403277941894899793668845465592570714147403404230060
115,250,26742389456946739655261626714111934,24131707742433182821852300403726543504146296755162241428959280814637900622798
114,249,11876861471020752901831871488507104,112203542358258791647257285140811056013590781460837585157944948351542371669910
115,250,39745508866394324331068599591429635,80001167252417812875379780801473022594946713361327744548080948486997773691392
114,249,16830513496983909922180940607542855,88520428900389724868932586796984968957997569617329069268472144269130892150123
115,250,34614901221161508523192829083738530,65317526742940391654543174275908986926260305246249685843505577375257789957371
114,249,18187448161898923053531774055860436,4753890420070253158213387838129290329402951575320980705023903368168214369951
115,250,31983942319016007865274552856986071,21494821809645248387058273459155979674222119749241637704261309718130068080167
114,249,13749320579319116337348285956478089,27958777739330190838073942718375845932993639838072769958394351898905240411949
115,250,40699205000183106067285659638181218,43983353397514217360572782950331049139097648416238620228660905158808316331263
114,249,11982665125975809885350034703461738,39869543550688270882873860627424077053092309265339433712760216117613430425309
115,250,38093660760000685893246616623370721,76956866054704559600445712585976840951292474786053378899128608210415619698385
114,249,11851199503216341340181438292889189,93865203951053055542259577237072544171514953184183758025189414482247632228289
115,250,41169621367287599429797057345736043,47630678736990064139654182291994430562992957824683252311433372609993467960368
114,249,13571199990151839828799457365810050,42691472067391815228816206064281428721286964077431760360133126805807514568392
115,250,24127811476167291894131980369295250,53953577348848669009417842572251608474533689709985601923614282100428227468831
114,249,18301733351367834783972930013108373,48684031254580946337911664822920971678378093167934147799562152636302652506953
115,250,34998247455066357891081558934411739,59331287216870636740108147319395217375688872531043399044027484352190050369305
114,249,12442458999739202713110555011829103,21057765486070692430535415213913246400161566721958572142884654952352100650330
115,250,30483343272269674429133224169321486,64107931847102343141853274173054869785045265720380306246687565272991627428463
114,249,16936034493033655126740676794959559,30727487548194140568191340885393215440778423475303963329709476210216986394829
115,250,28127465262768142919184377640063417,66162276681952571198160900249257464168885966011474310424243387021297944044721
114,249,14390191733315983739927316467462799,11563995790002769642407266925579796066144944339879259299595423476255547029073
115,250,23046143271884131211011129470031694,82808591431969543148046250313818176402466612715454599322286653214965765344372
114,249,17625044555547820246265158106054811,34255506378249406868783905916291853117225575242348178912347569543252889431658
115,250,31917864138527139893041091928006973,72405262176148396557032308276759719401688526275424757763880553896101930800594
114,249,12041641292769675370967856012450338,34693212965171042527519425925988195834543680307182076110732770968862427927752
115,250,32873335302748387589083843464121321,64614031820429409232882125471751300527696499056554611758188480852089589891792
114,249,10565520005971512280375790763796926,78787106741189698377398955628708032311437947630010981421085821444709887882405
115,250,28805851989227853366599287697354035,41134193835937294297160309197083535683508644308364895157574381481049034488883
114,249,15757668924658339479579388098549757,107337875049720072108180857046582978528396455300856182856761653121196517477114
115,250,29759009094268522939270979744871241,44507102211498732748265663396377952660748677745212220099104661017998689804719
114,249,12609334221801268519956842761823974,115121093365754511062715829906991396205603899201852323728964053240244432937598
115,250,22407117367650540452685170586641469,66126395393712233058961838043332351156238549493028497971503994507195007629285
114,249,17900817285706134950379306627989285,101575969946465579672601369966833437332848902972717863160218789691896746862331
115,250,31511115034487504226543358603969160,72488526876665646818148809243847353766582392387719677132558496418546171306309
114,249,10675352079711332054299397414140787,50870932796068249696007797651361652534275589757900461186074316700475854605096
115,250,24038022538733473514438756001508205,23012575450882004997436053961392509511086291322237244898031097507535095668364
114,249,20589972930260645849410848442536856,32431559824184224359078895450912088174370201447257067519848089578316169940635
115,250,33880764628610276268139769826019401,72790474230895419971376886359259857718754552436182254550790540954810863381457
114,249,20065720016992849955189947118903633,42870350963149800687171474971699497141543386865493670663987985460829368426194
115,250,27590478019720208476063681817852599,37939516200982446374631769906617028751790919800091100211262116590846129898802
114,249,18078755868444321221799699304414948,37495156228894466734677295839601578532551224905115048627571944043051776068592
115,250,33838071678441276731568589807041602,108826512387616291324183408258535681690440136676284768649936116347913666711868
114,249,10701209637401927540373342691534057,71392428584024752059553127577253713173934530340191141923925370396586379749103
115,250,33290757936247941645457440724717755,13005642839982556510303548839728049743633153248162151866387465224653863961410
114,249,15918804072506037078002555425290310,94977506636675413501753064691544217537508395502154371945248934609309844494887
115,250,35074852818908568701020830306113528,110174515338770724485768321005114635748846767723669338373618858487235369979324
114,249,20350448996128202045177212872114988,25163361194945860667286930228933036245868662085383442645042644071890455871732
115,250,22304148303337058813105146173328653,47852229304429854837293424386930246688758652210444028646380043021613520731933
114,249,15973476956983289829851131867409374,111119280877868270439668041984324421584771881233629161677969232599498723469831
115,250,25683675270376292274076034040582591,19077155012843890550372586867863056692564495744892454595049310950116956991936
114,249,16447985825495172678939403517271981,52914343966649121446506120416757360764597747485020262043192540466165589638162
115,250,34306696064241236218180769498094492,84465899094536517219265982039631000961447556431584242132465530602072620039381
114,249,19357235183248839541772877459642333,4853159311087106869491978564312033315651949135685263861127970654705157855734
115,250,26717495074409733682201324770109758,46990803939881952315178125288717243188028778173340276419900930484023670781135
114,249,19443930884105249551064560230857047,21824494563848018546508164586318392576566088638452654470515870473738460127107
115,250,23862301021737603779866883942124918,73927653467588498043638965431918894837310177275244577214928345361326199725168
114,249,14620220466945343068621952802766378,27214070365990830918435949234244038423950714336116806062239853482313782000901
115,250,32067594744755020726967040916136811,46020958972790107197103812113858449179385284563928853824511691567354578691813
114,249,13821756775449832976864172487335950,104367886484958223974834386077563797245142587646619415802052382243149590070052
115,250,28966751577302783183233735482703002,72789051993452191439905765217162784860018374636520241881288069312953243221853
114,249,15251571886187150345512882516845181,29737207579123654160291856187349930327029695686901385893975717637367330690515
115,250,33796912112718087715757704613170438,115124275634790664356454613441633497430388875759472779562204505918099278973469
114,249,15485759169966347266182508884299043,25452724185920758309451701287181330490674592382453119539087663738348535012569
115,250,27369802211567001358015036112064684,79637845033551618387339365181066541923024299057699397413532397042997884298943
114,249,16157053083464481703414193271529912,72959694194317001538208328159209121852113446387911810910953502640845912839639
115,250,39177246990463532374449897308723783,109032156719021892167143812375411765918723285444110849320873929860703158107790
114,249,15222823709051003151779613737548538,8898502565484644809834126728868167530049608277863327809021082393154852682457
115,250,34444346856481083269952738770696800,52365022418908579789811728912104043907103193711861185364976118330150347992102
114,249,20482573175569287840739214155805273,85354925912339447818249230818670379475627790940225502338617615671323325409510
115,250,34418456908036546876062117026814323,956083606201647194247236000171602715801738353483015874544718122969526765952
114,249,16955020344652027197406462397620998,55319193563064989662890169409526856517468639859112453583992407274096904924307
115,250,37779591760510883718611919590874911,27516671301389225267952113428798936652952263395556349009088726177480793793304
114,249,12743558881357952362337471509975774,98401350068224150517942859520278674526520397663273984745242739459415367781177
115,250,21768132385287076689651329922891025,105688180743597941231087304495318784540477137894830085931460681067141680135048
114,249,18750326656549097950480104941306704,46100368883339863674338042261949605977979577322201618482948758452087634095832
115,250,35621493855380294824393099863118646,739992819259712505868115772068568998195756905875128956408472742018215617136
114,249,13902117963593473071128817980640691,71270049058814198206829101155381890344920044569709756350012288997839933681852
115,250,22782283520476007871284397024532969,23679751332117161073937671356593810679681124992696593353001222944226929733744
114,249,15102441104614210895740091625867422,45190531499492348885784800952464569873825908211516989138875205288440594924167
115,250,25492346268030095226867390075435884,76324465169321349400266651015014630219314360001927366874204045599052366187701
114,249,13417835821491339079251087374580751,20705681343737070024258147487104666780794554175752541097598406392467210857370
115,250,23804452696616971572608763135869288,11379867775208488646946958725577983612160476045441021235097931626659987924497
114,249,16354691354470902607812598358811565,49373177213807298567474339396935665453536364082076298092985144771353208628111
115,250,24817118203322631900530181222977803,67828076369348126602350925893074649425117009934617769664558556984114369472387
114,249,19501557562474625268229741587970369,29455534396478953816629067998044514672512245600735066624771402767896190903363
115,250,40122150610738088429256012366789445,112812949196201287278908189681203688414200127118849979122033207210734246980834
114,249,18663261136787926177012904853333758,88878182448501607118446577676861731465149162536676020417039172173169080438592
115,250,25253038904921275386466156010091889,36352755542596227627700245286601007462313083971206975190683256411915837008276
114,249,16882653708540422342869020207492403,81670137339371018714608683290475473071092082106833229971022474294051292002998
115,250,38667497096062783203242155897263890,78397092340359728328201952727750560079959035408886429533880453446869302122064
114,249,17878325383300097233280982885322898,79320339739974597310413601369838160413096708939336638476178778046710074260085
115,250,25145682543061479045715290304919328,20043038615809209418891872725651513592122369846957760895603651421419557629081
114,249,11640132496791821696815355686934247,17865916908630122165359143149174966160435203011945896412855499284057687513576
115,250,41226337507405693592768206198450150,32629801649679555741687554841562650052375516061691909558979689147130133237255
114,249,13995653732487904134819720739603916,77277292025457122653968720168709165480463771348259213700690438233961379941955
115,250,40103336367683772737561661430404615,6692972633462808449158053276768258395640599897356896459486923708232226038129
114,249,10782891878680293105437977154031001,113336849241233558947664592785663432311610280542053808253177888831381225682284
115,250,39014593347235837145246211211112938,80348424920882286645838383477243860693434307904100091799660990660964216464483
114,249,16243590125357500118927185950482295,9596774317052485871186262821040859887605394206560788473319371598382270582527
115,250,33351810864418985907772722351330557,44094456161076868000603286061101935678225523763268808269506263871196703087485
114,249,20622627514674320347266032948665149,94340079182067898020084907600810054595887016002271381059978801348561054295449
115,250,30928755636754520519516344059558616,27957812154995359076694966863155671849010174064321219322459235066268887071521
114,249,19810107196954568940105757382202984,60819863284785514412379940557987963689785292504198406925927992732789718795276
115,250,30745875486903619733320119303023490,66988073553169321100201367097372209025015431986317571473240496260602931087709
114,249,14500626572925544262113728551750344,40706594775970847648491022272084253396373188561019227426201412465989824396809
115,250,28572637144245484855361299673465928,48608288718204829541204105213261300679811864081657198412143830197628513688615
114,249,12955738982907858613149312654503564,94952870575508571084684968898281990158531826363242819151466632366890852577622
115,250,37457018539015574161242112419140736,111101765394410912512772581832390980057874081852744258566156761944953447166619
114,249,14922617809388547161195591814046617,48057039845891873525616172177482855753813504232641652034406944952105033140727
115,250,38427656568309440919958783757308839,76175015994791333912585580459574284560483347667457591079359116272895652492446
114,249,10811681558205228510522635726997404,97026460262382662647004244509764379704468355026064099414915082880559803135548
115,250,38360641735787209615933550330639206,66318228428220622040139401952014464329264007910451898952421706625130322367446
114,249,18471220694654702839335001368357268,23977457185972600402087406218106324368421507975701353580325698786293219028715
115,250,38107518124943303924787688258710717,46098826671566431480888218666102547766158648359637736472507568573396889554329
114,249,10399369663403674242807210100286266,71360416388450058312604933250893908429420882572980622576215077794165321945455
115,250,26833602946843069238451165285551292,47673404625097082916968067721118559973687312404848418437373888515180972963100
114,249,12940271795273746146191149320366607,40960688627712887422991191785414160960340576566022404285029197757037454542211
115,250,28549880444371224178192457445886783,33670621589825826312248928564803091558799613508604618070772778718682193680979
114,249,11934110006190477933769669520492954,84532370347357872178491378078683281002063483243529568528952171561618521590482
115,250,27540599619469520739119424248107670,23229590215924803537443742808608968537550273617372575264954169614561549360
114,249,17372987410236920006578571925446317,13010116380869398124862819374242021130249357016250392459175589236830942115853
115,250,27379356353961671963528805367030216,35211888340627693626452775575847393928542618362699474122066312721059625938132
114,249,19997074823593131211182397895050100,100697628072862057602855792828124112473896726918469212989789199586518209544254
115,250,21081145000248271726641675516224197,24063977131466995956834104109094928016501660927877418431362053182340404710880
114,249,14830460833332764422831817198132472,57911830895281892476946042638173484846843010311525169533800035003010534021755
115,250,20809672312653267801701572670362121,44029845126274412431237183499721315718817800354209350686139709312669704721220
114,249,11100276815629544970562364083087398,20419373854197435607415382221438821013080578310131335245151336353458560847255
115,250,38271289288084149467733040320567689,61889296812710655876001616555459797803974505293485453367786266172759396586388
114,249,11878581823723644616545169151824227,19429215749932111422999553138983707493724462214333900744925057045078988987923
115,250,38003823021784013559269755810041310,48839806381537238105810056539330955248843628912517497463908882331057736391234
114,249,13923787222482189250241447312249341,97598083568910915701896500835419396699724406496372943581026726639883147297345
115,250,25308698061385343660447762772552067,54069026385406727842772879317436294903772204885088717792279265040679817742544
114,249,14852913130057654192086536511038323,55548683618839110665746482965953933695885204798009456112955016771891118006858
115,250,40931021940149913326680741021139930,77423452245092863539884671502812716346770650863950082738095219323258437366709
114,249,13469040603581940222408534974092870,34723585470556893310796503530516982445859331668035054419339344539549068926672
115,250,28933146064172715500716938813444765,80486765432807580478906103556094573064992487139601373849473035419954936912867
114,249,18292833794480416878154546885888561,28434248075782859137645091475891286049702943704640363937516764315845415891876
115,250,35137010736904413690641779523265809,32487142065783928120866432576892739132654250934373679702629793184517547594665
114,249,15735221559607630889764410726435643,33308263104947601551804295371720165002552010096278679049282625903652957968878
115,250,20950182189165491193104216802709880,8537819708320462262769080447246400368422389796619866918461086686818275765004
114,249,11526094840648608391698753031457388,76954102831565168462533798592580996188564763655788419972106472067812835021211
115,250,23397716219911481153761729889625668,71401497832470430284661994458078159612325919143937570900167119367699630281511
114,249,13928685838470085383086337047555617,40583682451418767014814171687995416786484345929344744445226166775752081263619
115,250,30740504046346876112221224422072876,94007891419255925285949022681271201986660930383110198537270375460069072866035
114,249,12463776572663517145664494152028341,114997271290998200664950696404164624912870616898599805763489909891667805617379
115,250,37237472283252862438028829003661482,69080876856330825536134510808982280259807634755931988960863711242614179438363
114,249,14152781364126456804232127674539400,43793636057806774715030952972307064132711221199842632970281111784492712800899
115,250,27906802678164289673679241229086060,39404925437759724529880638387555429777491688770501892308425947112967020251799
114,249,14879876570293705132111699710007975,103884851116979149190828848668626938996991586062377050999242005981141123891974
115,250,26869423160646385878807723447960703,29849363462879607392543988753190034219300276931455562801073649340876793778522
114,249,12146565358597282557293581800478065,35909383665631037089563783248870043338748370128078254499929632064246157540082
115,250,23904405976468802554763172413633793,82061819007105235897276680392986963230357834132132477649527612793717756693652
114,249,11557786112346457973641980325321153,3871582322372886687952009357929031302448463461005284495413889508732095255002
115,250,33089603587337500688597897521430146,7861966900976076865983777898499778809118449416594490091346769798639066768385
114,249,10940866655391511738102199903058499,69659090613815887815984310626467199206315042259834786054291869070660426838856
115,250,39405826414459148432843995539107699,42477904856350613822388271985529795665666676203743680218961351878881127871228
114,249,16263828756810041587180923636615291,16612236682070773713342703525791620463179246344902421781052384118706152894777
115,250,34189548216836929323824650481466231,61155382978701551867483601577122018749159811158705497587203266716329377891943
114,249,13085463898356288266104653722551493,76631587542265934649134283353647217719190290809412794021272334835064157255407
115,250,37200930779592981930364357023693951,80570724803808807150425331287222968129696473502571707142341982830768197235723
114,249,18365569894783212908770531838026804,101596469155823398816597769076536258878916706223820424153052932822246281909354
115,250,39040430068158683981337161321754206,65128718191238690939236253648461327978994889769998337077774092101367632759261
114,249,10753542111126534879627134438481113,105003877637505436731766830265538434922169929491898771290826272422833025021362
115,250,26928424452300016218123643233035482,13745262024792290582987760011322607104970958683740368538410003662678462346756
114,249,17968403742617217421888298575732443,64405142835927766871437333728765399531223714218343442714151184196421017261268
115,250,35332074475254694904549030728928670,70920580696182974121009762375033394878327386582448416601473706330159839581921
114,249,18829650678878650945365995358016085,33696531244290085577954732557798392331852150560159432241292074829286996167835
115,250,31157534057495135626458169840559241,42205968148864290185805843674061417749787812303636140217764432299667249506210
114,249,13831180937016608145574652946288966,8739349656944430185451017827333438150082544053371414138040459164347210599925
115,250,38238333270424209515360225962281613,48581686129839623866495413774566955018383210614106269282232631693532433559074
114,249,15447402844641679884321566889232043,34800652840788710876900422358983486604144893109871971861001043231553288290030
115,250,29610179166756505783961797869167825,100326711127544204488103364815229128641906337834496798090173940273146915219536
114,249,16721593641270126438974370177446034,102522303433923615072220317356648673150923624178501106124735276617050970484329
115,250,21388789413154880872867543011967702,27544895780909240011893602593583141729898080133024301986077170313421706158838
114,249,12238183633549160997946662784092795,18127677795193618224986836716053266542415849863349309205263947861937114349825
115,250,23214419378365400856730943345934335,52051138569910966538942002562131320077183007773714356030182375085110322882130
114,249,16171986329686028614707330147736465,77653159043764489406133846340777095765956630293309094491036899991972523004162
115,250,26319495789760881527626745157559974,107209476472061933935449549999688041200341799278628669324317500448807334900330
114,249,14021229721910543646345188489037561,58307616812497794913228103704082970339088500998807144489789330801939315866953
115,250,20856269329404929725591410929501097,55135641966566161042250393876451204457719796468099699532560769035533220355843
114,249,20534026085457500761250018084688922,105636033581553418948765648609137754101193000369600160641833409052634742569633
115,250,31925703625813763097960776334579503,80801776336143630638215255715231829099333248132600955735662768198018153313803
114,249,18105376172026905337740404324226457,113028452748613642901249049067301647346202116824996640219584424373444268479355
115,250,38860941233340361106680503400407658,39269764209436088432075830805665138480499918558323028782488562993401463317740
114,249,14197832331388958193651900140869678,42342574358232024195830462160111503762720810147228586794823212811999199590183
115,250,38197099685533764146647725006044727,72022145017315592384467830123132250876666310949208768318572918247999111530573
114,249,11061379382716180976325716058989600,100337442806300297741509979032120303336994436213377864716476784409595368266072
115,250,30606910831531861571056848188543354,78937061958055527715214371640651367226450182986845220348869448786440109326805
114,249,11527930171096097795221599133836852,84461792519531576246971294969561453183926080549542419294958610993298118231014
115,250,28776747957260731293525251841906108,111265163927618857415259679687490388197184914907488675886255195690134703658839
114,249,15883137048108538680150498210943271,24215731316756164938024146744535462825607139127359881711056758049488544229240
115,250,26658422830911455359078704714006103,91595349954650875614945728205650440807779735797656120619269859352942654515114
114,249,12855467301297992303063340191172217,74498998535846879858150242447641066954767451681068487144263833897803303665480
115,250,28731767784809895565312630380405302,96572177561126738503822213548706349355544769935009267503984792348909103047163
114,249,12896219751150146340456368059253133,92201020421446862216517882611215803130726632557007231297620475267057971505408
115,250,22990234102585894926277785171491895,83934111623868888665571289530273779919269956441700569285821176771282303792815
114,249,17311061681138155503918463060110812,43281292187598458212816604235641836048967265199922881522937459382021316738990
115,250,22423624352298942174246510595854682,74861795791725235178656104567016630020691216460649607618130057712490376755193
114,249,20239654842288410932495396469657372,39877911211511706101833684306260260885284542000493998714777859170831566945933
115,250,20815626760953826356252865548775884,81475720738003247013177533774904998054056620448249118978457130782192849612041
114,249,19367720620191227270075877469922906,27938113654303291505711442947316230523965780447443890750046146699855885156288
115,250,30665780148555628618345355742613227,56882024319746058855091610376261484172835644192318659810888849575517366593630
114,249,13258815691195874930227000504767996,110403824081180499952370180197918930290256545786677324518778350756637306725808
115,250,32380400977081997560952804533233390,32786875227745159021501174716855447917473854377306202790238493755444204878368
114,249,18907175028550710162434232261033603,9948086850717571259841724731079654424195181646221364791344123224196012052485
115,250,31289477177668125918103187929619828,12520995007610724198858865459644852594533150453357661043569069645537909538984
114,249,12645742035484689104682975943988833,30522045482341816785361881101469454907764114609656076162482462377010945993078
115,250,40547212101083895863844426449672171,7673146485551155350613113027238102867149048872647577005399973778570389577168
114,249,19006580867053853426151739996783555,67977307326144594780229719344575540666320299765241168532133948533117882595042
115,250,36830382945599942079756029314046050,5690650993168452952976233846772578017548581060505613446627215706272684024346
114,249,19257496505653054769250453079227366,109362192618980241764272153036821345822737916352666662902837160339854739038226
115,250,32936962917523417220088453613838767,21637236134338152700077038603281511265858192630570977746619186242301700776193
114,249,13175278795472539055871296368480375,11986652563116952540614929924253410644955031548641986003023472268553462749437
115,250,37163175177236203768351135736245973,101622781643259116320850267867804552975331551742347262162339620161852565234624
114,249,16861864926664638551563582777465993,86420273464794360932522047558249904570153760234718969453910628450941036086621
115,250,20870719976541565951659145333653500,10870758018331328837006736630943765030056261146806816254109512170333294185945
114,249,12961238759219960666656683547697508,91117586075829536081929504384851967471904331110026392796292433462843026668456
115,250,38049307692174414706275818665730528,18740048077551998580536230224189172520849978026195683507861488994440052460402
114,249,13533237608461411394515228553009040,51250579082024126861185056226437720086683665962594901658219665320783716649835
115,250,26742716095603404098049995933576938,99576982132360636257351893456395125307509490657827355877163692353795136338430
114,249,18260298497547777476503011853353438,88904798537576910439182954140874384202965633322859118440019833378556034772142
115,250,39240649359039130498511397567364328,44386150668229998870600118731339724151924741559375801341746813323613935096754
114,249,14149444185307559615207406461105101,1835511582058758779143611335118509033373576348972356469479469061915535179924
115,250,34003811845351329212160122609793946,95708818792157945320137458055965016709936603400359710169777050485162898869855
114,249,10906403668432879098056299479356989,61152719409419911902179185206202217056478204839681357015838257381375141764322
115,250,22768142488801530093658105036951456,83591814928094364285018924247691754437357946344600818277130719047529388833233
114,249,20138980047592305428579936296657475,115559616893192092087443828549209200189928275960622169915452439209847509436946
115,250,38731993324558321940830334249386720,80805017624339993486826288794742021983726471558214410326746862769861017802758
114,249,17954127475421278378928441432221731,82495692723199089038114635868862778032683960883474857970186492478519838299492
115,250,27851856373325691724208866908099774,19205328785562529667260818800476840690137525604764907253582217604373801239450
114,249,19539804649156027068455009758743642,111892078043143207016573496311246313255190509107141141136896123244619856477526
115,250,30453884541429776856077492336630995,87559802261910041252329853574873134927012700171137805371318088135129772166997
114,249,11721098887598254986878998829329987,79483323858685099368253559142195712582128612861216918631638367627080859250650
115,250,24570139164534252386728030254751593,20673595882756974033622713754435380907090074707390015296980913832693391226261
114,249,20039782678104531753905290871848635,107243689786618333332639531016383277576551136013925873660452234303325672014718
115,250,41478106633576593830148818278090811,94696278293542262802141647523238658283098916997001954373608472724591917730961
114,249,15544397824180132863552635613950675,57740219497591268553621210145269616386859249495756481343081810385935024533715
115,250,33751212727189187297677471930290025,14574779130043023389600026374447001257765410901554790815912631224567845076425
114,249,16426630516578358753528686606625401,102420462482148155345638022146113786367698345533454652332767893132744434570723
115,250,25785939488769446378412348008006498,12163621020536047835892191728467612544684716381126669654884244937786530598459
114,249,15097057062285822127473801129672197,5866406834774448126886843177843448442602487538141076447940773834416250935712
115,250,27231193538304749766125770654022009,71379313562539706646819277286692055395157886216724072922282695509443221678280
114,249,18448938166083725979992134163685236,25468891100727714167685425408868530582039396493474262585477677511339517646108
115,250,34757457557369941150040132325284176,67996861238549100998099642572651449903244958150997864220275786876686099302659
114,249,14479924592014029894990907254973468,92697779037411018031488209893234970304154092935573220274237981285881714931615
115,250,41209070849229332404817944819336719,71600049466217049607157368353008576272408028084347486208955441902513076892790
114,249,14712345591901176279429021528992840,65148424797837454886553455195597634029653978294794408230587633093025121763200
115,250,22051507763392511117047762555337992,74216301833373310173970042046040916268355320588352133281538344994716873402064
114,249,10710834291792719520197256725161029,68001111434829374850670523221632725098486139037679474290160151598341593431173
115,250,20878269689350518266502894813155377,31859615573672316667499139946350594098919402292000170528478263579570187839013
114,249,14594384277085652148323614778974437,87672187887785494545074606010352752922268061827254494059573096675353385699948
115,250,38290582027259381928760057294171319,74286551848639233863581522162152717739138814092448919908335844558367661148577
114,249,18279170109018963309730094001162999,57292671230478416099309228116234275224019966138892851069255078212160555161385
115,250,21727335037613510758969608966082884,24039900342783173426767362180420855289357516604138402590658268488641810665318
114,249,15197185014523952722602829785046644,48550372406477542522597405277651375011236074392092818569947795936033080661263
115,250,28657362080663874853073099834841099,66099554570234009621512275886870091700716443532178462135308042226450217796966
114,249,12968715956959394902014792691687020,5982207296164302734145028323470095253494816104271237436668212251267110541866
115,250,31869937355940364644009769779812949,85927824843097777162259748454789643602505958620753095648961832700979242396475
114,249,13844788782349492787085635773441990,73618375359794514763604598490721872748753103388995227305436379806094811034077
115,250,24695920797263009842211493552186699,83879545600659035257615973148149478637570174855839874190199758378745610676412
114,249,16096747230812047811694363837174498,28689739335847992383534506521772107251467959315794703326211102565332009184491
115,250,40868538002504308324437585579368005,89114239418690347327924349038661598670280429843444623389737560369589636926408
114,249,20594064775506105856364692593526905,47835607195628348163041710199135661680511051727731925690863322701927210649346
115,250,40794710037931190359164199498344277,47051959997742947982555026238653478608806968429275534462356381838367329179758
114,249,16943506595041730063188475984655938,85673222654518046721331046237918885433896997916879026027361896524981569383467
115,250,21386130979138386133118123482104685,99055100928566890818624052142054972703480803165070736336107518157313901540296
114,249,17050999168702967091821535733173740,65872468167985041053485010312190264702607863796636242441502983560761069650502
115,250,23287009738089373570422687790680909,108696423505561833950942772288861832970328829236398725478714868321831411933698
114,249,16094504196949832595479976870265884,57495948717180731804461786051464944490906961826380257943704710343829734332296
115,250,23210276565531321309877181925976601,10701522589954536514814897322841758672751547631317939652839514213761271316490
114,249,10630888567591875128692149463261696,50042282144055490545273235376654145725034125230205590375711378508343014333276
115,250,31577756157848233584861367960557219,111885139143877108760787064652242116641201605499797160167212558729765517197165
114,249,14838237801651976872102139242597422,44633200000975937809413680490587836561751974562717787918300584129592963884331
115,250,37575384678103929733247678919035499,28177703278630607139365910223107940308900495525963469397711380045085272790877
114,249,19605665558796158188776934710754017,36504247532550669653285848993546598771592959883069141863329016088534035046903
115,250,23998385371261395245506582814398338,104242703035221452688414833874298290397984850007136595110441877668208162298349
114,249,19875724477258672685254447253568164,44165610269652932437995654949661050566491931362076182221184061391130523331969
115,250,27898794420412648371814719737576563,9487791219092184707360231463693893406458476296684528458634158203348760933391
114,249,15326376465717426765046390469584435,27530528510384506213519555534668441629997668278964931318793522629407184938614
115,250,24796807390166940800118909524119911,94647084871368724977861563253119529393689941514739603305962419840490241552350
114,249,12242295710008261791319307589922995,5604810666523406757930547974411946324237082957244642558326476003485280677613
115,250,28421791064991756296669103237623891,48332407477164019916370329117641002397713713884202465220016745226621845755260
114,249,15143608183746761294138760231345583,68914072048526560011074922022921707373561369293475356796236501621448561943367
115,250,37094292376901538955829242170340982,79044353647346698265689619150161971006588584060473208403271221113908592293313
114,249,16236669685107650201789808693303930,38022197864882452875836375402747028735263774590468675269414900740507889454760
115,250,29948464038618799171377559528815077,5432380987414766752261186734665080866823929909426834526822714421683520002945
114,249,14744272479280083780938220982674628,11932300588601421239973138451638930118840591968907489313756747180675028964808
115,250,22564828806454573703700084411586641,107394710739264309564483982766907191765922634990689467483038349823086883361470
114,249,12454303363266350966441750873248968,22461592920713390891490688825962881630776887167908924783343612424108186295681
115,250,29039552550539456257195707024815302,67049803247343341927705552530977711407269210599596780755926356013458565030029
114,249,12413724517591122620672068581051685,26994959561325915149586888148706805885533963372421859003718625491558119980630
115,250,38673130629401971775467809960776052,85841647260259279490633255915937260815748837032205625590090950719191795329793
114,249,19156547119055374841781868062369508,33035797800417658422220863972048745697232904430950503927247677367605706805338
115,250,25344648828778622258107786081159087,74669614642042166462555521528215329158804726182072321721076164455463737918344
114,249,20568585316287095337820404429269034,864336404515636590402292521880561495257006813920306880918153799803492359281
115,250,39371976488630209164887774058574994,11878956812702216036759583729684320049670254350330204235358487523186340233814
114,249,20477932950709600361295409121115960,94736154615706717741052601840373505770730696247418951742166367293835415446366
115,250,33404202603527021110861904458542123,37018323028083769110535957647468745765021795459798252603292452691764848027399
114,249,19470549383517810741049559082891077,26364898704870557022548576502604664299368793962053454168156442760807688449330
115,250,39108223190804488218408936137388288,23428468443491162666634503629390601505196401588478418527826124702102885591500
114,249,10667947828170316780963043142560913,89590270743989140613049145537888625541935303391701972151019361149461677575361
115,250,22319452439869615210142194858925910,107330915231423521686262459446175981719708760009741879732424523851555812085311
114,249,10660847898137729955651295349319541,63198967217787410690585395518831351102595859938914417185090812024468594621852
115,250,25163296995694642045354059545032958,10881859745012370454673606788155444905089463137477775983216965906058901356915
114,249,10425801632999173240918167689570769,77218091407934652705615309775647256076432136162462446755584619450291486730231
115,250,36783455679759148352281965940595719,93072715570727109090820117661854433109678535684885601572379710508355808223530
114,249,17823020118385211445980732398358891,23854895738005250256917765900552298328066560961406044268312014609939753767769
115,250,37264322214346284733494883626148328,56105388772613237107447031114008792856570288575764795037998531656999563790547
114,249,15658037392914653163238168803068914,104328126463581982087746932339022291532203156969870790470617301943791936677481
115,250,26257517494779809956589482491581307,19007867175339860054475168548357960009922586168302810996222809040593051758469
114,249,10900814432499065899491860365069408,60172019060167035632540937821545711302701546768094507541058546255420273168476
115,250,29801587319633571066060919499543713,109155653661236443260691848717626461056487838953448814314422738407341860477782
114,249,16202401193683293434542185542245635,91537573010187316773058928563104231006248870774345911999884160441415421855716
115,250,38734819688680865086387634301379521,111278160101394994647939542160297299378821544289278663356957910985444447777353
114,249,11883134037866346290342477021833211,33151159640676504245173942727150129250184184699350369640876695297016286830438
115,250,36649104356659615366402139302879888,110920062037958036678011479594763879155018009379045800321649935974041990715734
114,249,17041144085217439779302692355495798,103956232065880882977433954158770603147483145964452206844913547987701788805784
115,250,29147016998984613067945191214510557,16656817236009160949603821772982891645662688218916114900373409535668562328807
114,249,11611938010084474216659440716765296,85299194388833915921935220367105371889133675571508341385551802365030000374848
115,250,30322565400718290716243604804841238,95981298208422265290810339844244563074564449295485369264885151459302387872697
114,249,11885030606703719974398169351022584,79355816020266356700863917881972679301925578670495660335161465810591862782182
115,250,32084300400995500913273142888378983,42036343977795825684707878741492216250079511394736160504916004288363377044379
114,249,20667625010459103307701489111693809,40700111476797477245385683053914318836880716270496195269109149060463098055898
115,250,38388664571516448163863471690464886,112595315519001005609954665738206018583126651227743392697686675197074950963275
114,249,14004525127532561571525694989445771,101634940231733033120566588720317314388996351905494198903020907151639876006982
115,250,36777052773952200942780275516149789,9916659214851366404936171667730924334267601802475803949353266919695757225330
114,249,13384592048410178564768668429297748,26007055731152723784616007004004469742727628884382201508545578283887164434318
115,250,29430287531852624971338714696722989,112951363139994370393911937995487705268364570965798071441328455274704166229700
114,249,20566036803064363540511794108889301,95447219534111006591844424196326378788875042413429479654409205491082839864315
115,250,41466628532561026092827963284819630,65232769172233267463785419541879504914170455510895533839742688621813428883757
114,249,15438477825319965506644885974135504,24552028827469121337642383710213538589818902653708886007476189814897665440439
115,250,26253646773512184136850573215015390,59296461692000251661450796421505874282123173955560462775995764841755884250100
114,249,12816958863238504331266049420220495,21768296425638228962529006319142874679280238004756283652928095422564485851388
115,250,31686265879366921659283278997259236,44843504265226890209581349856378125051462946315367917784260505672615232837526
114,249,15157410054250687949732357922394758,14967651649925851228995489848106027095714878349845766088210696986117976884810
115,250,25536050794307132893246940768539559,82187872566278340983411259049051175239962602966380406563768893028819695576640
114,249,11475483943037616789636564957882492,43543332136823941176942711040789130664606158440426916131379628876100259261616
115,250,34609239421131205311800507613461288,29609616912260953392312591685016387129849031632728932258274624164813921567922
114,249,16746610891235579962063570075602962,2542779395695285608503759265891501420275183260796980584391074248291665941475
115,250,37361657655932390454304243206195420,14128981393165539418862603314365865648488331326867922844615478663204238724981
114,249,12940945807760331447289986185282528,100630156464090780330409232763697191742493033685788074777064578236889745548935
115,250,27851089209583251698760204621202844,80780763689269034893705436528714624187518673295676631824294229247332618067988
114,249,18651606274753020969140318043937619,17195915520796094141970424655045100519174285743895912729453049610070157890056
115,250,32209809352213017441558794660101348,104018163971015021753929558496514324629007700802970928420723024092825276841893
114,249,19309268388763673432852011234413068,48582906672631423480943463577466738899259084601714974037793970376600237314527
115,250,29956638892202790365700828766462836,17469564314874109225841085493162367661590879517660527416458054265616062791170
114,249,14950667215964682003410896268511567,87706890722949869156777398238203013601424448410128453949239993041662453708497
115,250,40108403820158147970704118365759451,55376422216434853894099913091117787454352117984812463823301356528006316990831
114,249,14409603695963322556707545280236900,95095914033956386586421538667925641716197926824101597548246365735082823955423
115,250,31383106321363172090452568356365226,71227419393108600347101814403529801301618137453212408889083106411871066327643
114,249,18255568636501767928869779076744308,16277873999350152368420392050320356171824532716533265382002388944618211052881
115,250,29371412592190894810888778399693872,60404797466005335326543721315985614159721316417539349673634946879558764745076
114,249,18097627438198413019660547612557597,67215059039030194233377756251417293788324084592821422947918334278081584527093
115,250,38807362585017445963915425535385028,7563089149399698231676145666279336340520949983736018310635865777891855886246
114,249,12854838599668134410560541786032312,20277890322185306043325330888714521791119782677722096017369213882094109045529
115,250,29388524008260143377697966003216738,50014782048524908271235821176740214361283694344476065812844210185896497368167
114,249,12982296040142220125466252265000364,74365065898373321064278334444245121362666837734014110615527403503139609966724
115,250,27554247795503120521835520654838940,51749407166374665338231452616221520502867870922806055867332774308277482768604
114,249,10808431830244937803614728404034046,29829866786364188710303188020786002610922845551485301673244124715230251506742
115,250,40164242761750039244180995471075984,115625166628582276259519902359568850719940495270631033512435402689773777991863
114,249,20007877613676303829078739194777383,103428164042513458788273403090067042293152638213327551848514817666212930007137
115,250,37941343403150656908652588312597316,1399140617942340379874518628405485196854351231525833207614743402978728317638
114,249,15079871417450752962856799524807608,89087339150700280468919943626471515805353139524869206747758188228516931448565
115,250,24282148493355318820486297312253029,19321046191516740753641008173351830744789906983264249401183098105157122618335
114,249,13931369303216904666997902366333652,14737164326122786811405380393377515076367397301808502763000935515549344148057
115,250,36581858189385003823650348126667160,47441603849644823931130688902710675359179542495006898581795287229360753694030
114,249,10478157939688830825069464723263781,90701449279292943095106765504520089264327932251466455543890552896273530894877
115,250,36715870441814760815299439483718110,7429837371140477762131444621961554071127357751616564543298818017125345733569
114,249,19417045002137316604897909182280562,36179701841302699857811172648767958656753420718016491012855219106178665004474
115,250,40378414827106953416644792760389715,91619938207093413529810376553585987869375463469158371779287244840364639203279
114,249,10546871215150138210964769067755379,108897081836712752638811594950520581064030573142235187096464737629072141134855
115,250,31322254117461845736550886546966145,94841928804077760417792206113750862892912593776176025914911862433526440264491
114,249,13457542780405559848397138535762182,105497206162928533790908229241414131623498271692621194833860295002831574705612
115,250,33248164293756986944468085378209693,103760881022033147527853550241945193169792195484816053985330170357546801512207
114,249,18427762559560265390490567594531027,83017088941950930560064462285505373394356116711949115915368581164343443031221
115,250,35771049515969246689822240521246111,97846882366857676721685666352620912792785651943158597342645730602389857443726
114,249,20469579072629883273213843903021567,69627642140292044137017932181035922527661197708134962566932461093638933407601
115,250,26168080748333089581070452792339532,8234462000084715913278440291140924149955282498764639180439864221740640318085
114,249,15191203060457637023482854161207695,2150662625456384450704008495733862595401382298041497378947514566197109659593
115,250,28374470901366186224034162103352326,64685673497569378337058711856935268184161691343489483449494430025400590578030
114,249,15846237703115148301183783701837369,18408011779747121422911885955430554474434792993880830120480977913147593789969
115,250,35075891966215511009930872100577246,71810408826408573164121659212471370743464697495104355017863048545057184030381
114,249,14553441392335628696330679494347438,42626486250283473223024521196206197001981272059901283082513105707386459808341
115,250,27777459353770224580876711248745958,104179277530952614501409845076272866499562114767133132886595965482556852786969
114,249,16506417784117612647539512117045999,88910597719159112441415024074873476745965351940829131009002932642915287110992
115,250,29778014098832488271524337054934423,103043848807454301991795832147876480515710536086211206223225071328120544749447
114,249,13971126052183069105426614817181544,44705641395417039254313191050607111689479564278259067180672839840110216823361
115,250,24420233336503537092606586937709908,35723528126632295458365795814490726000214902252370634171438041690986535523049
114,249,11196843597863983597431425053325847,111796733250572519870121518337021999999213279012197043063577532866244229822755
115,250,32702091011911080680165962497286404,77676183828257991379767236904210532207491364978212029575915338244964900365879
114,249,16037741891064240838255508418455296,60947479796070419337185069609894557803755244721988041173989085267442291406655
115,250,36224268718313533818150727552787570,82130433159601118755451318883834966832055490332265178314307171975741779942660
114,249,16829626676132616822775272034383060,22741551121879988154438056645428278785463845720582609061471026147833005537882
115,250,40459748743689963711468479780783668,90422787421923008463342759176193821859034526733363716621712494810899823945526
114,249,18581898809397112237506590834465384,64610223194983630703501621196350045217324760155445075325793942617033604577106
115,250,32331176866202536324730497095647870,5475389205104422806709592827074418345973174419244790215444550596125148033706
114,249,18867662339733296686417021973465173,72391148924545392191691710431303108318692675040976895170015185891337720832796
115,250,41316431351730142281434769147942518,56269783011645000801029643271541882781885776436445940972026166659505097251378
114,249,15260490826087007688133350207991401,99849801864945294126640896027520294501623763939070345201583573167142542104406
115,250,30031928548127627603161057779367062,53721410738155851164024269295451062726366405570267104788055808607001450917751
114,249,20558452734142200310414432623446565,79282240859232308079081311702150645839029934240564060476118680331803999694809
115,250,24727757049795152564534926072910262,29834223908436980670333995220086018027621106296758842555255363072008696454544
114,249,20082003338853702533165782502497153,72229369410897513187039359512970453188082445183758879570599334690288823500320
115,250,36526109831085754046874058318213788,48995146814305107644154698615354287763599224497152705641311485304572025696397
114,249,20753467299790134616957256465111071,74368190889175925323744146972283727344732902693741735559730231585454339374438
115,250,35377580806804552148313842919167012,55261211331316306044007195678918462179038309080893132226961681831483218280727
114,249,18128478623936550500479136372191495,52793933268146581780578418544515586146964881498750125104991287346166132864109
115,250,27147854349806760960563871087258143,79960628540625021067917285410239486046968630308388913553242562921410959939686
114,249,13231061191346471156407384532297861,82815558455090354419833778714122106016220666526848688570787750651243599521633
115,250,23400410826028263917348564537462956,85112101587285856230365915663795553821726527945824954880511326975410714284868
114,249,16766545717366091474890590496070156,38163453137929684260424488194796109962943493683717317529932624545554299151061
115,250,23057657901705477622086379274776184,89928470534871672696932276060229418063309557126931809767091179381937295467587
114,249,12781523259835862634005387696070895,1824764991871223806211661198669939820037987558311291312939220286584053206695
115,250,32002053634335091142722976578153346,13488302857719012878331927748723066631945751380773963791631932544447981114431
114,249,11962650576759208846778710433350137,75230860957681477993106856004148666834570993511654111646411053950995565289537
115,250,35922320362282348235176291515711104,14669737477267268590185698759601956625600445217940285825967582396697641413299
114,249,13021955007095528404745923833718030,18958060646049638590669241336033632511393468926761691564184717248361297046110
115,250,29801591514340851786751126513376797,38845814195846725623163120454282439406649946696308499005131055349316322099173
114,249,19153548465788380457711857605635801,85838552978711393088430074540465592981203974500799519252858416952650938460403
115,250,38569638530271081665318431715080261,44215555435328913477355324969005166986875965449476742208067793204200153607785
114,249,19602938601698330112306856299896904,91974884614191401430719500110457193590123311919036640072365499723567454882813
115,250,36742184128308350143820033492623835,21123960568796148737010869968391986248248464807415948535221768043441267438652
114,249,16289804114964447386395699654284861,110170406559370485662680776578325979373247681354042832726183042800366386407403
115,250,36606701346569612031706766309925466,84852095024810460855354534928332870013112475971697856658848552026313586670302
114,249,18270924473447323659170525311297001,88101243351481811309565027390401048620395681945584876289111781251421589311306
115,250,34316171999206450875156761132469639,99797814477688458414043591558808214370503747267570235564756406757221228703436
114,249,18608624833907172950104950060438993,113399234860901546451161806082863875274953647619538392513968086131520382867161
115,250,38580526280865378735595965091481615,954671756485954736755964542863199874343026741495805928113945349712549372024
114,249,11229536443402935456036702995283929,41495102231656550858252165459844289898735592411701741534776753202203780654424
115,250,37692189667399257200995123989481886,30823478418375772742828149618812270491527779329698894929206318399092234100021
114,249,17094092465084730581211430311346541,99370560817356180040837006994190658932941674143385399503746651451589097512766
115,250,37456311312681092019641894344183491,22761699320806586765660320326328577348222052296210824405199524830829353090140
114,249,18611382500546142799514667376062114,51326577630553518254859202866769440422775560466076710541784750080420794811413
115,250,25555929083938072431648729807691698,24602674273142961922922151388556592486389734122950336368505459859403317273504
114,249,19889866535491929961278973211471728,40600887400814588289859976580674293996426728164713523540907224187466476680273
115,250,30260412480403408737110423183729039,59815586548715298274589879298140757782247333414592872938620814480861169377770
114,249,13125859004322757297840978670291835,33586817907924895728079091612630862143576415006690539998850141110821781337255
115,250,34875456593182928555344578170274091,17351904817443597592130054284942005238754609936240428783491084709792736328492
114,249,15325559380554300794756639143260444,19096031259724290990537104275570019575438272539510532070865263327605546652447
115,250,38485996326969140464533659162566375,96430391570855134452017181886844174285622679309862944751100868009826057022153
114,249,15205979342798922867643176674709952,48411292631226745069047946399138795050437953317012030791474296433222405907817
115,250,29987765046574278634253776975600370,55773842036488289957944394960484776935930037880000032162357962319197144434638
114,249,18986742098961804770183185082284910,44534114060347458191376711207055730332019117316215621601408105726566961013854
115,250,38680646488707856430932508736963786,109504089271242389323343927714238020183500872028743112870063592286123416478488
114,249,16681118928594720702561123671168176,69560697581544085883039213358873429766663203721391892393329079996485828326239
115,250,30189291160309359191037528428621266,43434747546747949790520633244293269445919930997233911362351858877641222362643
114,249,18838797267757775580909268998363719,99738683504153210666662270225471058629959802286527893680223648588445566654404
115,250,40895415778213605379762458172243003,44017069810955841061363769380718764069869609464550171713698360997891825144277
114,249,19787837831733599590946456807294847,1954880201180143912060395602165627435269283516916072203129101406442015529598
115,250,26664387569235430742873696463032436,15187698536165094919545846037489162052478668703399716943732681157776394249516
114,249,18628668831127209676305353055419975,82931901433249898410988742780522787123788634224013097534838340007025604130974
115,250,24227278813941885506880408994933066,86362097877861431765755388918178413274095900735927044241943872702109600414731
114,249,15391406897247513144531000628452710,14194168433708769863654667369033276014435401122502558221737711083240459633769
115,250,40781771398782247325187123735824255,111578868413071672284761881129079212348436072387551350751250047344084275092174
114,249,19302054450014484544791981897213391,93239047735993704803872843252125003697771281149384430818235609219184284388463
115,250,37578118747245732483048814452911858,90229094505233826699591082248819776713950290943447770961990762519933458934707
114,249,16878914361870505904956332307324506,68214678109922797255863985239596172261556060786538980459254066697707738916728
115,250,34271101508111426153451917876888353,63417481352438754265283253632980302547740868435503937687221900080659452394065
114,249,19836299742426622350000195139462472,111466286164452761079825075859131211310629130924305552986076528746197377005644
115,250,33259489853425548984818424814725609,112355434628316857619438479988498753995280491691104259651491662994082239256242
114,249,16099142160174501269006113778485705,89637852836094511051256827925126465525837203985900383694568484506716571809246
115,250,33158455307023032618760955311524491,16410096942106585829557747663765954152556443051339050566516599018260798935395
114,249,15421441349500989303794685019342633,6136066454347610075644075268227071563809834322118658144191563860583693923635
115,250,29698054756333784191531433367014050,105087371866333782569439423139800439496423601450811677874433147032689132294894
114,249,18916757702992648169057637825525724,42306796185064508105075169959101282773668467698235495287949682310160965379272
115,250,23292800180538642009206939217544946,57420703947951945707683894700551631066901531605919828735012748159672317353397
114,249,11903741999482478772070957144407207,54113255338677878182871352881506750016452098740798742637231869367530085362883
115,250,31069146200200341332088634461857686,1652322177487015968763524520092974463748467966988616122426194433179170137543
114,249,10823695513635151801504468902998776,12076854606579460488617529169459228265186986590184289322486370676283348941692
115,250,34402905980033021589748565299852113,53495841153012033497663610591718629771916010621146776931131376948075344570859
114,249,20173221757792466975872066516688998,52770880124159156255168264625373572813906391628184009337764456903366199747550
115,250,23478531359112603097258441322092147,31669517425827302860033104672925624349863706603950078902105291477995097261036
114,249,13818692097609269575740483102272185,45876093325993607848191765469194034263709091639246844880563603689238738745434
115,250,24864057144602135471931366857525437,111868023857345818623623886388324330447360652843079219990540291086749897253100
114,249,14569595279405237695143521116651391,97914603416748522247464457159609721287009592115614614534431123925051344090060
115,250,41099027875016943718713144743800326,21528098799814186114790787347718237545529824204366543943115810378922476195165
114,249,13928750512647918364498527205361186,4786908980660894271616602859006292203400733796831945604367793545546212993708
115,250,35182498694731101385205355520936544,11792057677377161619571462575462470022343262992852098463414230970027940354876
114,249,16761880317184511826063951651927954,91510695155389690332251209577845451916394633149376965854058119035411492442350
115,250,23634405975652513624256386672662103,8781010564858699477232303860713457279526025327657542538704898322012495542254
114,249,11330692879059843339601926393682387,91205841156143710405757651780801205336735228659415467887864373807445718036524
115,250,22999270729644329189159872634545910,60019704207355984018190965433171015677543463165062323220275624433422773133499
114,249,13370680172617851874876564750005480,105361300769601642067295488091609531035591315306149299166563278516720426007235
115,250,35373318833036294273877233642897062,86636822152989965940843220521743161049849113057291481803766567678522369168944
114,249,18664410755529487204684708041458850,17158350674055403604936149753857254617856451926931404856458002921889939238490
115,250,39558485016368389963253885570320879,60652453786335958791863419437177283455554846324654408234842771286385098245371
114,249,16788372403453063484975655469460188,32352468748207624606719093937301523619677196446829902817767778568144056778328
115,250,35688700141907541965815612610476748,115061218920180810634521411172853797039721488914895999007412948601839730697604
114,249,20228969217915196751640707524291037,49579679860720602683308597555338179967611848514195937877403471027691670551346
115,250,36966754621877238390813994649108824,44055367536480090171875692013041515180418846021112890152695639085791757369472
114,249,15787389394019720101568467588704327,42579431742920117575721391161267388384959408845628727511317656407203000937251
115,250,37562072186687376147860674676883770,56118122998647818459933632199577175722259807172172871703541901295970404075654
114,249,16605313415751958094525548411799579,75589252319916706905174219263169318792439225491676603217350826414068549233448
115,250,40966762703859047073581239542450360,63271149536856964354698760364265770337811188214196058645228128100795380587974
114,249,15049351884244684032938898453263999,52399956468549339360900109906114245345755884785118896197964544679587838652594
115,250,34323804256201802824854199915014970,1908575399844680631239377315776822045763113943822170964640048133192013562911
114,249,18632050871681626884359320703606612,35526676238503947140664204262937037973374626210778967377354276556823034371286
115,250,38782325845092318862041467102707087,77932292906496588982296551896688992149098024328130910859975658905520620397704
114,249,13923264137288892508871479998723623,5515277403609636587123155923285113565073081024654192322920364733825667612939
115,250,26609472090187910254279680660989134,9550778364941760811486764118190126637499646508009361503232723094644096327204
114,249,20114678715605306947628258111535782,45349396337879592408227965251368918706871573130379278775749265588653762405042
115,250,33115618311576853905068307773168177,69300362136621746856880341656839410713414139832402986746215275778029294200489
114,249,12828102551566858842690947793257063,90677639769028297763538399359350468131224769682413219057909187532886033982329
115,250,25703045843367140288628020110678467,84122142704408336990673400502698412358909002015633362679650260499399787683642
114,249,16846927895915468439450108841630581,105595290900739976568677533771943626498230107917105206098767522982381531314646
115,250,29145295610165100714492782178219228,55960354513675991403949418544427804961569878438005855514595067203923322386394
114,249,12317165109154454340768579860305408,80817270123140529964043069479989532831969805263166993931491243790107773293076
115,250,26430834677788982180454243021428929,21404036765591847314026032708469110816155975828425777645465737027627891724513
114,249,14386898402923109915507872584444247,107812078516081408979546557155749710919944060504535468727596275967363776131861
115,250,34620450070247738946588551622326855,1427763862215006145093184332851406230456838764835625411984939544996312994285
114,249,11715716864759358025999234746675889,89878672324332252537012944775227614859437159256661240833310889181552002318950
115,250,29991817207462019145250372834497621,26961956624677229989733390315963395015148726860587752377780768481560209235256
114,249,10919925567217929495510935004583280,21827338635249603746707960318011064672903663763780618234950539833201765260176
115,250,39192334641123205005904008753888850,78759571675096391765068976205538678120097702427576487460580545737109273268647
114,249,14868197359276167968333136727462928,43409536174379738376487498643948622678612270704519037017488170917796134897201
115,250,32806666994576805447041413705735132,23857987276966815308184712090631994829446054656623925006757819689717003802489
114,249,10498935384046534936681154409441598,36211138748937137414495003901773862542767364577268439348266451087406935951906
115,250,30012005824162148481191106706158910,46979606581419197888534276854162521844570139956442340159677560353334876052582
114,249,11451374616596339858646752457069734,44688344608727810159841565495418693151147320688102628068317703920793348111920
115,250,38072072488853094956351215380942053,36075559401339068727657567449212839897413246468634712321801714609707307314098
114,249,12189441181793608676072097200154926,106571288942575925516048793029778747162927705701902177855387288222052921304812
115,250,21438463238270829301122914010263824,28162957881240257458812699241720571656080118673906192931152357373945098273076
114,249,16583590435280482338777540445178444,33693712752739184553645815055323922335267976204554204118063906996016981169634
115,250,27798703847596353042229947128110009,18507869161143065579903501167887762621156331654377907102290396243447104900182
114,249,13383854068607237585081474484798492,38055526089230555692488389809803734217765861282962358757514998147366511429549
115,250,22372209989527667748389282377814600,63028959945030459573047560075090450492734050515144146773195628154874194712460
114,249,14293047337772468830943119199986363,32547060498067272950923392682928845360763007087622890124656520935993156429516
115,250,31305166214117577197676379202317154,61551243701522555065397652626247064403684022229711466387022953641540214432425
114,249,19016102002711949410191151326023995,111008020830368101164127784583253167963460173307589028270277800244405642566536
115,250,31164780909425742003909421127185902,35514360990737722361482602877046261453877626297893538283316808076024391032848
114,249,17866628576093834007525469759506917,84608542884596657045929441141412405033440039727082668273214643047086696855336
115,250,28086593499598720279698282031512075,67950534843189126810112654312820444130202613970641509444155086777225172658205
114,249,19087838789874393058776324287520813,90115035984720731872785999432074400826018710089030608813395011977364074917557
115,250,28181141907100870344254652605265295,30293656536805474081378327086916188033816050234823145557804846725049229480475
114,249,12615527673097695783655148541724592,86248187522714859646150348670659769733457348831067512774901029810412829508347
115,250,37007049820713759071347048879429505,19627713393647233759001422179608778680396289104600938284642687906268066628531
114,249,11022680910464268614227045820502851,90551138442759243819717852437838743797646533874985366163344193678858738511097
115,250,30629064098768475661925912692800547,36459009945358151482064892496230830453868828942034076711480926002266994841968
114,249,16988132521815920129361674157252616,19220547351612527315885016738530617903344986317262345777023677692490902594911
115,250,22293466029943271942074802849568336,21191503098387799869842898484608368841516190626017067215740130415804285883037
114,249,16393357099235634129499528371425395,21294470660437464468906786395992327432953078926499442895721450718958888908794
115,250,28993840720093601301926121397888905,31064460490122320439670007340714403948193516578799580736390123165241403191858
114,249,18565413114763736347772338069710130,67238326628919544896313503628275502442391778061697061124771493075466453007183
115,250,23621499493703397918088414647848781,9779448259017105784770704068350033279063091487107431057396097344353468527666
114,249,18060649524320533181878932457125234,93176349652271581174777488858810179948463844853206992612081872408578118160302
115,250,35075228162788514742635967972208222,74495287078780378368760397016423312041925516264575841933224984201333806385430
114,249,11185855424880824752857573624521646,12268785898100167793235178001939830370094439921472216209625229785849194046979
115,250,32723701023303280494285828697099128,51695510159833667266553778248057512183879427394754482752237176399260802768695
114,249,14123302557671729541160194988115512,12744301285037553009055882270139766563290091973670349959310246434859942447674
115,250,40791160979725697708417614587217522,98367742567014095888555927653231411466152164716396463604294764020222538621387
114,249,19325694372138383515699865233700935,37780693146565457681820984821562760551802792453312341801500284430893511441992
115,250,28421623032275924254151953823124451,106298171593863596543973134983640800258542575066175916861000926667413486941792
114,249,18831998166288507718287708031669275,81199893785746749838296625412401924502419134687514275835110416250371019200004
115,250,31568366513341739841637024012109290,58055798666202552302341152811511504014672085416856751944350396362519245227486
114,249,12302384354015864860565147442311357,40909162560061850931179439072369556539133688939063931003069652591184600619795
115,250,38626127446969181974833607592697131,107563682512980844033145107879349271520584646746161836769394007264620394168689
114,249,19764884306440810887069245511689297,62734237408752328293038352345344356720401278610679281977245799855274455783726
115,250,30943872023922269063189854872345230,25034846763012446340634387399711410335982971396204180283578427938752241197259
114,249,20762701065013749745941731926969097,55989126159794187953877698997935448633476068354670502490775401726891768508248
115,250,31307045382255859186513935648142810,9923964443316203402727517696655462444886259243799227552031616182292881702213
114,249,17749488041587996893394184180340162,101285230242792511631436416947299120041850913158054845736679275749863861850299
115,250,41393504757067848493705374303146818,20851960897016386681781964330691568453879104748076717225041952901191421446907
114,249,17891086211930292754507520643285333,71032084088273942492545862871296351799396985223269906996262602941338721341735
115,250,26791674891074538512654422470019640,19764556541236698133315152754082972923445598852317436968157161869413991302974
114,249,18922594297041306685549488367485571,18810781207414631236816631403159754805785837492936184910994958243135223777287
115,250,24180633455668832398131680293932547,10693424182212052883229859544667912096828359348823979653388014718953814651880
114,249,18136895351027661008417281205079968,40153194823374237768158836467074798840421610634609372783726396288778259672479
115,250,37728197443671486882190239449848202,45109482078539139645128373281751505757337172651473649058102620369673486087064
114,249,13927757120732262183704355168364401,102327647138100065619923963568095815066502247070444206025964972415038613583688
115,250,22829354408526573006558393387604579,89235311148305263250761786934859889548081563947042101932414862906999995657379
114,249,17273746913619210784709227221592705,12114377035038988155220810165060036017983404575421492914491109178665153281965
115,250,36132637244256420635004648603904137,1033170328302750845978172875861478015097430800180855799158064088235950771817
114,249,12386211472855403819335942729046861,8494391351352711351094360229573695766834272871629140264650741796609984252110
115,250,31756491809985369628260878465505007,30913072944128979908624455839838218666339256504334612156786304668472910052834
114,249,20319456063416953195569089374577149,58074022676603831022096809518632275127991319514220597411169543561055808224019
115,250,21770771642865490899931617612198644,107960127757581013640770352633993234751850391741542705447497942529202864521864
114,249,13800410809400727833430721805444282,94551515601742227851263525916767881779072813107644883919220627733419531929823
115,250,34934870868597698665753783574809825,11889436052566704940842316010067598004814519621799735351898637100254764872099
114,249,13768458479012303641614093083905226,1689255842971119696308868693079222023204894067751868439925497621320848519054
115,250,34120812521026045777590300183932114,32553052152449440203637808430498076344470372140405739881837985469120067469348
114,249,19341415827493903393034587727398851,15960842074260028554479910993511547674948442169377784287033765036910717409989
115,250,27740238287798101468876178683640427,30172846291800664869620154303804454871630500937953074646440263420928718383612
114,249,18266322110450476625567753910125037,23651229744433664335877477457203931617978949857759908609882237297804799423634
115,250,33869037534613037428028264731337815,38741032463555913560715141847123338580076600405659205025552317410243860144365
114,249,19401451289469374157146558288853819,97160236503972832553613014020242940471408889237863362048982793070851632954921
115,250,37826583019476244615714197001884923,50958385374084435578095360501571125069905122308004084408357008789562413387989
114,249,13266642004810607789567588245291746,7634212013080670544414868155697133507753292261757402932340646991302217826047
115,250,32166965188311749284275323039024933,52666410317550325816321959424897946682088541206185527046195036806127654076758
114,249,19642061320687467046360323196407349,84952712448468234736636980467561630443483980572533974733711493295482588604060
115,250,27107544552736529845124343529285639,21628415778973997686956893442309303828264407477371395346107554580746738523078
114,249,19746234363855344324175220563390554,112822644526402241204803685121400566335908838576052854734818834557835941329374
115,250,28800977137718815330798266243696599,89826876868439976131353356842120616908747378199385157714725611672314514696550
114,249,13385832332501805377849160728023422,6556413110417107931797983962147918666678012382630366730311366952347276639345
115,250,24554568665832945790414934814994898,15770000398510158291389319955577774091583919264683101340665738680056234144173
114,249,17353530198920587534920356999483748,46595383140664401489646650177435669876440398905346538495451259081594522026206
115,250,22281687265521326257658394318430408,83524613983878632339402577944746708053176856990289044212713432323750626221590
114,249,20603657375552813172947675328823710,62402913618028247467881341042033215582437174392908142533680288754796618598380
115,250,29384030237811923257731506100404630,104758443335438104616733596649545253106532560145694702641539341517291007204169
114,249,20054921600253670819012268583510211,52008964833756085886429668447194254389460083763379444127874499372724389987946
115,250,41327693386107207571031058989189502,17202569527423324882242353504722326024096906293605844646305422056067142736319
114,249,17908732208305996821263254619433989,19165489721062821310902329006198103244228260713684673711856026582132649976409
115,250,32416182130043435714647145243886185,104683353266998453623655082820376524814414473000730165719565124361937652571397
114,249,15900728404624615825447016077392405,71216653841694405398884525247164378789368940840560126608393123157848989285035
115,250,36940905103835561675390693029156006,42868555311969206668627539919180684599324493559988298966633298996167595270287
114,249,13068782979897564992294646413184616,51100250538887525661681045127062865793894085994374877217736804430166484505132
115,250,23257075451230255865865968139878221,63497951557643667861839501017838372648639480520956495588934815043627325661767
114,249,20698515642963961936731635571026736,16955318909709440704387403705581270278346418529172385543104996785374876058826
115,250,26073189462976663669669262427377168,4434469766860366678718407137344113652069260845526689457719891487595840596802
114,249,14782650681223369620759954193932377,23236910413115290796232891506617593624163874260046171482704292498985077755954
115,250,37236986712602155793754913642655893,107683484316532831765262495820674680970467760403304481800878127177636391981834
114,249,15072248649104582892332835605346689,70070975202682880933123003863751685247276324312736739405142158688515346687863
115,250,27850907251367292906246980245298562,50382810095630828559203028626378140170570175812609011864362636647575556217987
114,249,18776548175712911228167770666370927,84140558930493198509148994642545989487949881652875569137082476798017754118322
115,250,36712611915981825120389897570059027,40033651586323345337597413695449935517113703472282461416279968183655346109082
114,249,11655293857255806253851770811307968,8483864614045766401737355643845762740778210617428412407848637652283897878251
115,250,30799412087536380713016724898138575,96395760224984931700278209479535582488462719086319263795048710445366119526356
114,249,11986875704087251038337322964757609,111998803506526785161274808799154197332089555599169173426334092425362728605
115,250,27260630068378162106096634878700177,9385945164292216865266874821190313363555415041295689873115699027653208356378
114,249,18888071641818497243122125104518430,44317761056573346386077779969369385544598755293066166263400008423739305823170
115,250,41340998318749677847376149407910410,24076761497278495684060602698868383019823967347534659174469408281654493458362
114,249,15672430275643081405297600511189197,37291932540337227417776997985824571276729185229356410498368988520768500863552
115,250,23744120708100198183028722913133579,83420799390820106477997116075380165433614478812508619278261168810418803483910
114,249,17244013668648625402563516924233868,11876166271248023563727690569890173312420680856511011199423924322465563447215
115,250,38906457249664055510342958588448541,101121709135880799623365899054495651695368054975698849656027304487966828618490
114,249,15494205631512068199503524931499835,88600484447199839754796063196983117932836549566155996117311660859451856041312
115,250,36296675249597870526608620381382204,17485821247091302793981293532114047194092961673697272475283821553978566327227
114,249,16622384577665704153821627232920415,7040024438793102122261269177689328005063098048726737355214132279803988379618
115,250,21946399752292843272927871385472957,107215591946178781843882893331644240096177781190158314871115197979509797432004
114,249,14989854986550927280481965694041242,102854911477756456651939033111298190159529846940979530429613458771000315199057
115,250,38330513439077392916568627369544518,92905910169782141966928595906998468199765213362036507255399255509971977973522
114,249,17177598596164281899357370668633783,61609170939092104273137571181902120374286836123184041428410186529528218077657
115,250,38370413196376776294093148906392847,51075024785316430757509441658485115226724735952200672667241539550953450179129
114,249,11510672508906344218448508728407440,30258117237344078488262821778277563430120407137892098671813775723894913820542
115,250,32758192336276626649055210566046523,109616885495482601246173069704772194428231288760208574557630714171283251332262
114,249,18613063832907874829810192485805854,23045714585269973012787701478413541223548175582853462621410255808991687597355
115,250,41511521347092086508926819426020083,56252882851000509822883568954761449197092010729837496829601854237690285679530
114,249,16643886861044450980941610761097521,83976558896371619502236347910628594466511711983605544223662719886791614567278
115,250,39747829798210259138743028745792130,80112305923232994397303030319378406430395211920208605846154436984329558247370
114,249,11163421616267446034093496794056754,88813540137578158592354230377415885866784071512277499675598952226851852020812
115,250,39891944982644821099808025035639168,60105497843500453642771185866934553803598765577735360352496152486595856605796
114,249,11118356194967062340149386958713767,88133288683856699764147908811134134087142350958111185849045121975466109688142
115,250,33374611875899694176746643768864818,14272925579514295160838253024411201551696615574447661956522111425573740206433
114,249,15469741145554379923394051822990751,8399970267795587861213232921112072267781794619579665734861061892129907849411
115,250,37175547167780274083775667406947582,98773753494858412151818902834329206029852733916434647946499891691555334373948
114,249,12140001319280151387294273373654422,44273618290947960933143312922773984559319442223262666535738102610384890399438
115,250,24671315806484687689227517148675452,99748927489277157381942817268079705534813598039258695245016394458427060307217
114,249,15717489524998116043669203319117068,84934694694574251922865459528517794113252654794908314401559347468589105186920
115,250,31335326392912951741306621015444591,47600808291250607063422342359464921109436084550262234216306975157482027990648
114,249,12945190836056434500459926529634305,31600917466950796603629790928332766750417115046069532133389002394249351256974
115,250,40682702820739292255977890509994741,114083234853963571236150685371421791481056258618597082017240990393731323990522
114,249,12178865728251307138523331789887378,13824824016060329001882871842109545945747390575792911609140856967546875618724
115,250,28399403343124873335395076457624980,71455827647214903726201217438252265229330628611441995403742371087857445884133
114,249,19979900932804987312008000190757590,28447399892981174693643930177866692737454117570465239361198077505784055430485
115,250,24831435643252914029337937066400094,9636177338976900986288047532340281106229539616393557485549338121021706586837
114,249,19643661837722472595436119676850716,48511726860499237255731846083283465462499109979384624917729424758759527394986
115,250,35257665305786780852101236058512112,1555885244408718242096909314703364911250174898241363082231448191820462271316
114,249,10944063094412691655584372842211617,76522815677870304269977199550838228438656650093058727667039672195213637354125
115,250,30854553240907703688666057721967371,46360775798701096657121741025216650997606370775740888500678060250702618661663
114,249,13964043728703894601424373820869183,57295489753102461226768033688693103171438882736585162319817114444486420899039
115,250,22101740799743814063261850246397014,54528463585040893236183340086268777720409104496008203076748064348873886101559
114,249,15519233442660044336527356935981594,55452695328013683858747590305618105762596559068145808970129890811413175667189
115,250,23052224087276963336839820675544524,93630678151873599165399106280060715542586067256349469164714914027671617756732
114,249,15361892528072927341931567528527554,6418388099720129770443090801227891606779628134552115672691618162139917569720
115,250,28253495211456839452765858708627222,93743652901899048502991574715124496533697594108824046032947981701611887247050
114,249,14055192379429920253602713546588509,60008463559215842142639495514849398595071030974768138010330077280572628293418
115,250,23933337403164906818339884503734081,53081580502450675306882397402413324950921260704581154192821255252354439875037
114,249,14047301542563895006054093673715730,27088411512797474058417936072731587961328655124234090221400609109910983237344
115,250,40803989257031211501896389802268297,81675970986661100545076601457788690770304599103073838226010568094099763431767
114,249,14490022903138876575394356736035114,2952016764522216760342038127775674841513948248826054951450660157448924644758
115,250,29750394836507775270919184782929824,48024809432374013246585212070839622603196316302377047224839025207104874737275
114,249,18199270261663284494669075819283713,8591471271870492305940014718804818274033762950381341688407814826890319027926
115,250,38152471284971118586514902334705790,82680811381727916184632772378074866986368583034388367279384683749084303177850
114,249,12421820406173049167033794938005097,54654721380580432067433903837681256534236130482046192116092209800699219335342
115,250,36494191103884346714561645739906983,88373130853717360100579865984829075892419666688613011859645137394076093448603
114,249,18600968895476689491239414124938802,92651583471413789473746163926813693476090399297495613930821398740696254186838
115,250,32100974912646015515022237225779983,11919224645394694787292327135260911457078448381041141872835171338016005251689
114,249,19666410291543776500176823817099151,106888060938222990835444849202742154776554406275936100377377616072088539179345
115,250,39945458363820033923074051644837499,77198899225006609950815066086559297876758097858586669637253387513423061960362
114,249,17398129048881772500940264768564670,40226057144960764079296899472396979824716580208289910134815804277039634051746
115,250,22459626229807709849838428497897691,25320043373588393445971795186798061859208118601465929909963262835008324163419
114,249,17728388452915572715074536796408038,75509366968700464811290021048162300170075531645958218281797926144226877712946
115,250,32402407599671217673095629564571625,28393461156321879112260540789384223792724048064785007589658762598883589193706
114,249,13334438447939618992817230657735892,16494375034859359573830278764835591228100567344183599417286074528113022643834
115,250,39841586611060456485024021162321524,26007554661452390803812457504624510609466795938759958780930751980933884309184
114,249,12338480136884759076443664509002799,82009466062720292629527118751507639014052380640740969383810807113812146087007
115,250,21536153352002328435949559022440112,44749319570899846999129685740375521838084798508317485425468626505057058391901
114,249,17812392397756214903765735844103613,77975239229802821595283952852867159479180475745503854703786283617334578622206
115,250,28449890594493850878192448104969462,5163839963029978837182110270425407896630638157545304157974672576240811378089
114,249,19047095637163298629054338747054773,2780886710187093948689164693482939696218945982169590351788693885338792150019
115,250,36611932422845045850854409040975227,36426119418208837672211764058547095688721791042700139669546823134732048896447
114,249,16252726301647895036881910984999334,19908066627819579920226329433389053960394828153115474097748084988104895172416
115,250,32466521193782768264445565402065753,64196648287147618675196621181635912462229527541708453608714073048694887814424
114,249,12172154388484731852630043088550286,94041802620315419871218649476512990496956779339089715449900300492461859443820
115,250,40275145905806081839068830748681534,29091643506715879975004903314714617114615107759124039045286520303047277026416
114,249,14170357750107448466994298544092228,65240104089096138612935754272550793660272287879521202607296277307056009492029
115,250,34285642284471998559716383744414597,3095822391503749234604375978766816045995008374531293987511976696126874872972
114,249,19198767437703457147045217568826814,21787185677094597457097243627175494341596823622696138622665363799388467986533
115,250,24099841046395906711157632677395895,75661870546143973001620895319781200421875862592156909136124510185248358072269
114,249,11399717967535482497601465172056345,91917314732340048034368836136331737601792969829109425790267867967581828191209
115,250,21203668102062659499012424269069235,36694763428819862854629312681351828686995032381049145114371990019720380934108
114,249,20118852127427346262647703821072326,65030896216511556182067251150102623586806287291879513757043693396185944620324
115,250,41483199036080427277458539926704214,59576501123988032919672992965623625033094434596754256052934749439248222011040
114,249,17877939813738247469666087843250029,111022924001264268714694730860603204300490815298360366445944023340427984984203
115,250,36586690788456059996847904684832217,54314346851932381348376163302282814268358888743663518187127103996742529254833
114,249,11681804051770271751841098081849488,11004223057189474421016423556043663038615163682745130321024892774360069162361
115,250,30286718945201906948824454421738722,104783703789096651248146796030672295600702078394182292674837368965348667496883
114,249,20073806962475029794009571193973758,107005397964755356185403191852806033693872109579778977389397169806320123805562
115,250,26925947345863292296127487174857394,14046919960874814522886744786664578013360492136686839655298196940656481140527
114,249,16611910618422121767516001733291874,19527123286639156569027639308024483134118582871606521464689194737401177011177
115,250,33069183996685456564587021358683062,59461092943614622523457418899352751061837769331156789625424320339584512503171
114,249,18064073134758645476920953489930943,39346566108072456558909978273627359562771415626479256884572847640394197286798
115,250,38850322792660239432353846096458901,51623564742577611980215547027167951313562797864564232108463427746326707741643
114,249,20742133813689688473781834249054966,3373107286427413631664251366240540312255429730846883851065899006450676992388
115,250,34711479156347493266698115234287887,104179312527788547958457408971229187497215411008736600617893280151578231136301
114,249,16857323813081554425209384957256823,82044580369247652024197367939757267080695246707667873766620238530063913729720
115,250,36619087444752398391885586748424417,59134360694328036012580222248431657767763700045624043648160905464157302363328
114,249,15669703579713643637000907469658256,33731950353358862430018707977848229427167640206927318528860982910030886307135
115,250,33092891992252371575058362381095754,27357236235804111664456504534574897894080608821454383064851870210769811078696
114,249,12859618388017416360664354022862756,63617046295582776005589491116445079492839251735277197395644422410764096532889
115,250,24154336922974154875675961661465788,96157335177796647490230477512327621804115496130875065937652078883668035205692
114,249,11357257741868869447327228724058676,53816753155391152817460653153304938208637905018763354603936481896512396659675
115,250,34703368389822072272354095456753987,37638568871593599381891013726729965612088516557153144519476338367140960320897
114,249,19731644018202636020784054876714077,77589939868776913248449194123076456190129507037122006500812746242368715654079
115,250,41061463107664750834941059727798579,29604210801250115392511324032221714642117915541013359776598900373011124227543
114,249,14744924780296205876545357625366036,72110149421976779561476514202116331299555687003851010048330246457378924963535
115,250,26016699304782737545327998245334486,13779295900716617562859675910383367399823227187429775565955011761571910677295
114,249,19386031323980487603951839599016314,52825117050621220617058041930430784493434860168771660087879044766531969809014
115,250,39164727986838811889547704725442856,62675953565715922355198051725125277038788996715375645784804264417419869059549
114,249,16066014990523002630210012924087453,109153177816830819431855219721320118790679468719013655820485919071531968979560
115,250,23196447910996204464153356933882375,70887614910325753368073471609008416464632148885578839865900893563262402185057
114,249,11254531337041582032476729489417402,89298297655677741487686703272000977233575490960873540217505977079049774192220
115,250,40054352951617627312259130581592143,101413992719718536826213011633260396381073303089495488211607540008502924168122
114,249,12486858274698354730215980224021017,55210300104406559213318273768863238457714516511971831585351088904603182127181
115,250,27761662397291661172908047337678422,94797525754669012320109106138114447661715195186614343946168925250340639026162
114,249,18409898083416224932978926101023291,20369942515522999037379657553992037286939529807091370526901873495707119888662
115,250,21869140225027605126080649393248513,82868230534091330609172840391723614811119235288139121880955559743186870280714
114,249,13698212617053852321929359870279430,35484227127643289836447049021704900967067613172758183492857960075104165701722
115,250,25367853996878956973472150718892461,12964385710269092848756246202365563919980571508651294864322831697699475683560
114,249,18671074308673004387812109052467915,11229838935699475608204227448093118015905564087354487128773434020597983669005
115,250,40519600294465663988705771815625455,94651775693292440879214931023503195055796965312838357380384709418175180141488
114,249,12642202419565206384616328992049721,51721636428480097803936893353099424223958703677739882368518985419291911870634
115,250,21719111216043680937155232473134626,88715605105394287762593132413611877998901009399751254136853394325760860706009
114,249,12404278074390148355597469694744544,61607076209443099678480179960741940873537890012791175052482594802143359887818
115,250,21238632915825926929285001619996175,17787609649357359915836452693152797734574893341688065248911179231880294789830
114,249,18261855365477712760475515495602122,29743722764856344402916470977275627308118872113973281841093081179535370375672
115,250,23958539089663457195576762086595906,12463636862566021063316826495834038182653545260681421912408531073645108659355
114,249,12456829884307023029404968938691128,45671448146032574604916276014088120980340627040431085956549148908169511892303
115,250,26269697480359578656619684360815939,55686822810769327731160434521917431622120331832812748140005232122089173293578
114,249,12100532693917823933569883897209783,81782026838660028400214961658483052487547052649051546253707433044129969784946
115,250,35442364972011419726855783763204190,8310791251616560198808658429163573169211319376332808084918580217725255744981
114,249,18498696944656329869099697272480490,43518612537751877565976733050557033810132617911931216847053964971625760536490
115,250,23974180596447460524283956241018919,56433721126483914730256239171267598004950181338733045599138705707943655157133
114,249,18570865015803080833040065432993342,24367088724111699727776323427846340381304078115324460863942347984351174275440
115,250,37254383231958530664083499103787956,71272900724704792033853257359646899017127043891008054968091196449528142198274
114,249,16628699669340453728640011125570288,50505859813670118615716033256819026887141597250545306255912964311858019569770
115,250,24990572187305611480452041438873555,42741206967640984339546020914038250238592255276907864507705351624707138264302
114,249,13616111652841183056383291372479708,24358867718587216405423974782250162770398642853672401319957938870407814851353
115,250,37923049486474855250297606788569741,103521818154791995137620349694839000297312783821962206505004055560315045832470
114,249,17833608107120615553579849874618105,96803695213157407730090313555839100233899668362587588040070425973510406918121
115,250,29162875852422875201402944970847086,62562490787693470610471381118932322737864425748496017395675354745864518907206
114,249,12875493483690713561546455790315402,89824080302478820248229627192822721231500955126224305912008787557322398571174
115,250,29752659088862359561011329144657875,80650296037812596094748502445603248246158136441615666346525447680733212454416
114,249,13304593288481324289179369423439944,58157582480380754633341045981489684781308611963004624416308806068749350672325
115,250,25511791981181620002528741014870428,12530924174719913140998458859419795147766306453708827216284291164764521895459
114,249,19507340031698720028222480050057676,14467242723872599071158256264252565622353642711134152941978023840942711516498
115,250,32955269044244578842540215141987822,85075733242076612721259824515042711911632462726479474324439077284610768639981
114,249,16461125544899448763074406365320915,441063057154012519169251146391623561027594171263731180064778338446182366069
115,250,22122788432370181738848857843017018,9190622513344686853923931178040772770872539301728350925548045968283411436817
114,249,14137456886520386979958399806475278,59020315355385030636141322815791874465298077414857035330860357472325351278632
115,250,27727845667813298539670945812397425,52369451660448703998273457995767093626110686174127474586758484435867183495440
114,249,17693833751608094948733944892033533,33511983664951632276543877535174482036994402570520800961783191349665513119132
115,250,31819572450102757035473949662362323,95370810238569802529898614783882910986498358466891770866665082763425356110038
114,249,13334207668574959985783051140569875,95705789674942212401425386244071210305503100147781331510403916711445303613991
115,250,33476804624132119125663843045784051,14559950854025535827155964530750669403609505374891042350323886017359168835910
114,249,15245670921269580655018632425151502,64761763882979533913506320216124279937797030123990557394929141063503413494033
115,250,34446337152328426849203376085914302,78345410133065277540792913372849714733853668573362568712154597325864784676006
114,249,17581245152817326895435952883312080,86851652174966044149301849384859169714805685789297602303124924972337113060629
115,250,28950515847671823829520564536523582,34363747019109366802881776609889534389279079129587168871962441353215881718828
114,249,19233175551274298639800282955885354,90939912332822318500830799569233550832727197240373606229454069912511884750513
115,250,39097172629718779227107423899228188,71902332076857748456232163786703155180519677301711519899717471681605967197369
114,249,20441291913118820365398121844037818,87891170134064272421939828134125415400405944152041592525591542220604926702082
115,250,36414833897984322806395740671576483,59538844294470356665461621887638151414186318536785964950175882540878441857773
114,249,19506777783671161089740990302175605,64870874983010062981371856599596259276898312321360029844936712503935189360312
115,250,28900075819423055677060124640141814,49726455858978050646282154594191462425821557846008435446413673626494830546159
114,249,15200160357388355160160888939238959,67378798303314972981725601959671832178263307533560528080484083301115334688883
115,250,21022218459817565801825224532331501,24596274561011100454174875204869657641197425528986862018514541284661119106355
114,249,12469188912662456144350631031132816,73395015471746812247773447538203602420119066563299023455867009365353879713799
115,250,24048553475384771808891799787946227,13036830849900541307625165752938999324508504084560600419406918946514977370040
114,249,20704827244017943632214149823589009,111064626957560239982508003276696613756431930505443521538821363681573510215843
115,250,23775765760103122690731147466100990,76335477494835166404877186470301837855925825937425257826958900078338509501957
114,249,18009222832065336925940450834997548,98166267062178267463327566291553455440807543295176984942624378670668132814579
115,250,23691224641856888260518180253480848,105790383542643684540097829789630260860133761057961306813442444469479295710294
114,249,17534455891352303202628339332222533,107587430609704917623534085970573711909577929034605475437756265657938155468164
115,250,28642544498956061293755557494739745,99577114135428619046288727628110020898172688079868412756619311577413797845148
114,249,12897399413420686895349665171838624,11455486667318440046750423542529144241378029858151856780363551879597385959968
115,250,40417304759119425902582787837088573,54900115230874689882535869380979321379719923703224351482335691920118863162942
114,249,16555101556265937065756943388281656,38601471217137841316582355798609847771197657685094259285859007673769092518369
115,250,37517777739846836270690199855232216,57662444990699515359483063233831959539126419894116873093613385153295778913419
114,249,18702686791859082242703921444604207,17502871568753405232329212401821521695026082854758645307958355486026535764456
115,250,41279537347772070240269219988432856,23390145711332032009693244482687269429838890415406715164572047112575215320296
114,249,11078013486081340669445179738521180,15528275653331284960732364758971486176166348874847441850438924366792652443240
115,250,21455722741230067766724561312170690,114352000182971406639171907056633800960952476263273484653745205173177360918755
114,249,11925601875140412959340954887017125,29194511461428884733168245727362641852119070854706252584400137109214215263744
115,250,34410390789286166371964189007154836,94047604968237418794167269784307247914139263002624608584913128081330624420656
114,249,14112146445257681121925608784868437,53120138359713853889237460114848227249087314361743399994082055837523569119297
115,250,32269519138263974697258185133874659,110933493382609372385761803424692380758497663230191246210169237518998424024810
114,249,14036978635961209653712988710643145,38152879217618523527775206011195224295679650014424751312781936593411168039207
115,250,36257429549205164798722921591650998,3358683742018513936148424053932308798520917296074029198413808686248351837945
114,249,13260690775510065701365483036034788,114888664976183823627377250974288332956896867746938100033002852860795671657523
115,250,33165193214490559056453348681920278,87959415676949413138125562940803449040311090213457342546527047554558002724640
114,249,13456519096641002277827528110690015,103020048915940706804004747428228958780191765104951079184863444383496374825442
115,250,29029978372905682249444578113012850,111130632738677870572907583872590912967137714022105530449025285785080796627082
114,249,17389230962618175564822076055868246,70429612094546847892184647179360766932032668581189944670196703172990717229940
115,250,22163497560147374176576411310413221,2647032489105846677717297300026371932287160142793111464499508591731308077938
114,249,13341908659667129471266286379870342,67883843805157392408784336711980076738175521473396031081427620572319615207185
115,250,33172209167246713735781004186435946,99171185062470565977928845637865492364639118697798184715299217618382456754054
114,249,10834777040117870911410503371896843,17968455962477236929495034903206542867691331449894670147385558453079692167388
115,250,30349708766389516569659302142894988,53945761207394408568286186059163459141005890836326042042003400294034770800280
114,249,10631217404849779393794229935000629,72594164469667020482019420700951804444317933761887164382853572179915259279772
115,250,32815607535909799333978465431592921,56180234548472267877270142420988087898903171122927834804882850986455044972433
114,249,19606710320489521499847329629259665,72737147782547153385079805255005733292430595506254906868724287188272955353259
115,250,27149679142801614279333425096689322,4606154718301663327344772311334112115666608295002664862588107152505981069492
114,249,18340173249995086058244965187907476,68302687334858477202566692511553726608855110426515211259795152501439311505422
115,250,23928175715930283388291232575308417,115285920189643459562329921668014626890790269574999943055325454198508578972298
114,249,15966333283974557024908750746328683,56499201322148870405399747093985443898460550011490145064295153588946459339715
115,250,40199489928128801896579525125061621,4237119290112996697233449872509802260066143287540047060479030288205870658332
114,249,15735518291626345550480913271858134,29990082042690026562916941553663554209664950528026499557985326310863034419491
115,250,22619591496869406448087819351774208,71796400768630015846990826016314282039672030985426223194555978865732985133855
114,249,19449065085590109678573635294595604,47118916416824668193110682759667701045128813561355473705030100050680375425002
115,250,26972041225895655747159580889218342,65718580411373168943442775029211623375089359438201500131862138246276934456144
114,249,13083229794836892236922055574610145,48398019778705448223518726761229352012566730898417416536918086630820141052817
115,250,33238817110129617254214299077006844,35908143782225806535305555482878242194546569614425006671097838811975465601268
114,249,15492985262603584054495203465248075,51686805294201855655794538432534552500662261760195553612113480894756740487310
115,250,22123643936193889944507747995730682,31633344370372760986642532310691083252123220018195793659474965918543722178817
114,249,14579174609261479179196299704699365,18764515730906725515579926195799046510569359315421228895569281875481198300426
115,250,28529138874690981532132084539187830,42176878403720906604795672002800356770900656393543625890820508811699857150476
114,249,10735343774133745377403263335478416,14372463557552430553575270563942582064539192901815277892777075779665466852263
115,250,37019243529106035243152387147089979,45924501547260216818415086156883754409540698830044178327586186104292715685292
114,249,11888552049582193458572835990997497,61341005284008150137270411393309788394869298233449637973702958502570445932673
115,250,22935518304079745530781564842389890,12985151161804360238263423667792402958304143054325029476647258606066418390201
114,249,12203419101447271739300333134341675,68417669484069811680789548013181546550122964610704514637724828343110315932503
115,250,33720780692187293439784153359924279,41037534160701526074729863471112034662846302282909722664876662169984965462517
114,249,13519232915386412034286271270998654,73458604137638247256682632231633301428216750703881667609730538157147519316174
115,250,31047857531772064775798459734835606,70703940441124420187745213390659644228312573311755259556315729325654747666884
114,249,12913320747860562933778416406345427,110118347368664836325430780563833574649159234253168562772449258725557202250874
115,250,33183188523683365160002445959195821,22216145105228614790045138792866301782194608903523699784865821917909825173139
114,249,19347050318786698828988069711765075,53827155172939895183587308786233117129575643970042653832491561007710545014853
115,250,40397531085985451230128784211059162,106027620316239697505462459151822702484747755941614491117644840134643838327192
114,249,11049356436269494588889347909483865,94900254366986959499313519605526424175185207133704205795176844653373203979572
115,250,21070937511838067388002454499607332,97174741701684576767057955485190734977140801116844288372552882756339210550721
114,249,13406700862732101129308993238794463,13409779721566394844249100673182032254942000565993200598023134027144394017783
115,250,27363582706719155731947724562524514,75359200393182038956004577918478165484016925753727228908767921039974973436681
114,249,14664742520442537217540604080496380,63496960560009941466289451066649689108636283634378398857634335472713791728221
115,250,40277553769653055558450354975702015,29055394156592837448783307945597400993098300552409812010531192634426754559488
114,249,12783871039018060357639489708527959,42160351937352893649616956942782845910279335908347456833796749914720873496543
115,250,28393128842293836910052822222202260,5095282999559436307380707617872351210089780875900796629276307460879353803044
114,249,11688335350238430133655392387213599,1631873620456226207916357682683508524416050307622347614396401964541089868318
115,250,30341308778260052727918666363278129,14254347626213011581561807766510054725163419981221476993154297997286317693533
114,249,17222876371514226849895686805614936,52877868624354673964361010374609983943477459301509556281504309276293183153866
115,250,25610631586506891672605173648344483,14225627762673739013828553423317942366750168591433998162248558836290465254294
114,249,15838250935698846295841336584200468,67689839612819914904282674184830971478815913885634761059862725849272039571584
115,250,28976689797936468497962113942886149,114175751201560980100553320957710674352308109317251607187760110524000414935922
114,249,19050431047549793729099498648187180,78874784555538958211107027357516439964580164314520055309786881087191429111477
115,250,32122485108143322411869761065774525,53826283630226094232240428733988753137410209924782708003483797540816668463865
114,249,13338681378554923322723602843961446,65951918469035923479366812403424197584659475564504550448346466065026606960485
115,250,21491560585596830304067043839030843,48752812392601143172949309608814008202778505741612233375509718437386395372562
114,249,18850523681466407385742065614087842,52997240444646260711052882713572536701983075634881397782256992845979899975663
115,250,36230919945832430488216381982465943,31035802087999034889362716491893838727721901497279129331450438260251663952793
114,249,20012866957736645933112450471906975,649048891751411094122440823457261683549802111693039414172669450590930862811
115,250,31395602915916887610270121831567154,10892637545631256682476077043690173255117402381661125398833206716915973616004
114,249,17539831539450395642536013049789706,114746317511167218229056480965562003219094067751250351166513113838050784823755
115,250,27861028954153903554283104805015359,84564191904806474122079976747809355245537018399126063575159177622582868812290
114,249,19167381036256535644475864653587529,84602232075129088855705419449388506150600492136484297140555096301357929188325
115,250,27922685433392089204067500527184120,80741887267002869390707024542228703438062104775283509030730893436595987521307
114,249,20302361690748491056027962609476955,13670041600235303413285301382094298728297074281466074888583780385133099972915
115,250,26611179416129751148516517126607471,48022726604058808462171199371045891928652583254560819873388372766573439339748
114,249,10712872082931038862271296564014761,37008829550734765375062361689342273103711746029024200907803260675341949043886
115,250,26013077562079534422513557819806723,84408759690286876627317866260621606684926432595467302461915789554802476828041
114,249,14746806697386240659512088080655734,74631839808259949454040608757560808201716211779029397381091096953825528147141
115,250,29073055767801582674859883434876337,10315166533628986114535524341167600292251678094611452089675047780817130086870
114,249,15349781274469989518522691867400417,40640064590022065932920501866130749418387169913253546426820478423104468771512
115,250,25722654020785806233955124382674647,36788996805190638996546010000965024536329903539833976777178528630591167402255
114,249,16340302168097536462843375136915296,87512352902476026815020309098733691393345294621426193817585285998786703327423
115,250,29228012414221993434700297485335754,77639615557702751199288457136529540391620197443108514007203200439853526192401
114,249,19682872771297957859317602575525720,12551562076800009550462296847140823608802142484892134481861379105587058130328
115,250,39761772385670815462240323124978303,67190706246805357408937419242192604981967462584891926915704190917021858126333
114,249,17847381738687671604993552482973143,91060303790285408412645533170788486265192174481940692757158995730914149359609
115,250,34551403175197883813500763548586203,95491112904097104430453616283321021006301696786299809397826098654445463804748
114,249,12589670603270765794397145762018563,110908680739659406755698736659954402822629592443889185955127996394181363745481
115,250,25209227151733681412070154497174762,80430528475547074187578040808687246295257497738597037210148880450219743704923
114,249,16937219328826022905899000900274989,39808912285771530092717128056231793247739412370030219595876649706088348923181
115,250,29760240846011482370774256909876232,67027383416364937962597763434104556018977289728000843106540389518925974595377
114,249,19925425800496454878143801784905502,26461717616312903602913210844437331742475064676340518968389711520985160050287
115,250,22533496336905883752889174502288838,61939076873735149622113949544719825821156314793666269439159823841663348042584
114,249,19062821331770135384828274951887620,103785472547103099333397700466347262805224836207537951153044533986418820579976
115,250,22132958372573760896620957352401801,67509546964201411935995826677598551377640526307788087263977885551203200448900
114,249,16646271728429752752743613991570390,36184805440411771745625877438014939159069345959858876198088477485267191160424
115,250,22590707169613986173436673111675017,115456832957328530960114939227219525958058829176333694768663940720200134149209
114,249,17295768649432174416274441347548462,26814499036883339055418963797229527164683822780425412179776404136894262793440
115,250,29770487213384761395499809118452852,37322435349048089927478049891788841504136946640846140916125427011072747014089
114,249,19004108452371679724523419029438547,19866821408124737071493039989881993491141895329885852805550312426544160857742
115,250,22595619183120738662446734830253233,27551581714422326589872116254660295682745355182397929307885088415556759481780
114,249,12287234187265277026867606856999301,54537543342701973900220729283431442626340510730414734964895681750583664525611
115,250,21457673066969038714894488575270139,67481687162468454351811273840701818821919591990425255918188655071553528548003
114,249,18514200310134346400954080794865662,106427511652578453202611164505189242616662645370922112233973114015339473502764
115,250,27694548612395262422716564696812081,96834758530156836352530331107188959383691056936157817814224178439862013093870
114,249,11824765965435019147190790651301435,11205984997416927009665855382919583340448373094583427787910174582156861476311
115,250,31148530915388634490586406925963878,39920529674849292525712757592350188709315684303865381093651688039323884459887
114,249,20318095735817931250414929757870493,100231017037635703604994183069674162413773435583084962005716854335923017717117
115,250,30208896655990137906154795331320350,42696286350185603589575865917623861488124730727577343623101137886169517700420
114,249,11115616775073779805862093108400163,29337895531107317311206417498657941628696479501442276920971269438261044010530
115,250,23998512145787808424735651545810992,16002268959472905089280738080158327927698665558577979759826470556668441669079
114,249,12545347972307896084234688689275111,107702246450901307287711895168969232138647648802854302266726743803759548408920
115,250,29487822310256750441225349023246694,7284656156266234212047278485679851436855859796144494717125366788532004408408
114,249,19747165596859508626390165066251569,97949838939727093011240982451499728800147714188196883457425191717149995114729
115,250,40681577676942131577698263450955732,12564024932401309456995250574245539911327202302169366464201432239029252286832
114,249,13979164887040199844445833910884141,24209870304494397126754606721649753273513551589806037155731729980750274560502
115,250,39986264112139046482550146104432086,53401213516732077389852845224178374496520357580706123253282271109931586698350
114,249,17766761136983567979863430310147008,69026198242430035759481973978383208038007209406530199124166822373412651012571
115,250,31317484484933521980086996915857987,43149060165935941158316891334397677420872742878231177407692225430793368592407
114,249,20258581697246499398717951438950368,102387377103859954811825469216273027526576817353540645356237153082075574065981
115,250,33698996655251449457307533324432216,62793441523163640918549830371189415755388639586329965835243743652286864314172
114,249,13875802982190127283778744207404747,42860037150281280889328306384299814311214972933644054952695996327636118861554
115,250,22768309110436043227915779957123143,42243600897746565581644501189944509234741043656962366393257116929872850053042
114,249,10430161662375287163685652735713546,96741006722368788273773995064321995273704453130241774700965583064139604326459
115,250,38556575799105771880730446565463267,18951794350445474621381769387817440720153135690573797101861848894710963086485
114,249,14626833531901622244527335736510924,90432716081585669712446683329591849732473434840760566311213011208204665059486
115,250,37356336598076597177182557465345382,108333272650797789334062630271977587364824318461676351370417671381269309259788
114,249,11970551846340249774707135486959764,16919258271624082793714808647444558457711690580937362754204801652618125274249
115,250,25484201579470219756486952054848960,77015688203238453636558576006851162297466162727233725467195907408581465268190
114,249,12194523438791756564288283021649952,35796042898777573200816059741277937530916869853618692046576919561494177858824
115,250,24812714752557464839888117521546986,26850215324867045700402520070561912866493738156072645449891903031577366350982
114,249,10554672403221304702482365160403248,31438155353320276519011807095521989638050414620602656486810951814427273351018
115,250,34994247355262698974473750418648980,30556845741083684476302569156107390863484300655133946773326711325209513597601
114,249,13598189883230746100283676689071955,78019313538007006381783619696947016895463672404999836708848167810449968728860
115,250,24869508765431108815681938652969100,1445340661982475497797566745156638385814496132575070197780471072523926715108
114,249,17424362671578596707029710978590165,105985258752513301702831810387854295425342286405144604468799865374850399369485
115,250,31409956070522908393741472337278159,23560171814606814969601089844809058034969299420057205938168571923454783520612
114,249,17975938751288874949834661602614900,79997233348348772239676899304106050196833766490569964791102547100128545473473
115,250,30573865906748569046705740428141246,19812625546887471970916479295979707305574027529021120496561387274909867328489
114,249,15420959556213618255894769580079690,104374398604823627957974214779958589718853502105934195920948145482110666666358
115,250,31520881949854187288806065431072336,140793781166628175029094235880189217400304877599220868603721774634408584380
114,249,16139531205962868392275530717627418,79890521384567989027927471986221251276271779092217872683023244760223790077938
115,250,22013728828166052894184400379281877,101907712030249005702434538380239884822308156028384105113843290153449314468293
114,249,11899407619680508505387960846316648,111005753398765873939390301583085378065704626824703642869187849894172762842598
115,250,23625547586398964294016890808952574,66268668479446016957857533378885211669925493919535781406895589436285822880057
114,249,19631276553789176984050313282930967,25872444665439556661766175417285460077663186157572608448380961253736298092706
115,250,36136707130831072170797858954842471,68967048443901925761623105886498434160345676074266790859783001062395374749556
114,249,10511792068431690107190608824176611,89152087749567042512812675688785570001815866807243138974405349334567261118092
115,250,24722136972887724682830141988335049,61327745933501061241498391043236141593342357207635415690349384267898663007754
114,249,15982100353478537644830613958887109,73150474264634880995727858911494138924704701716282709328992796037312733737786
115,250,26921462524036814024860673779779972,99545798516920882830604763342995425170198973027208258694930378767599433008510
114,249,13723522419772339337025819828553701,6650897706014781459555052432071588199649664402880661906402088804328659648752
115,250,31935263932082406071895913821558963,3172787805803416784459309198006421759400658127926104864897849521761697435705
114,249,15145158868609892193988146327440631,56877460016001725836774133327319039340009759330098078798198997824040050224052
115,250,29428658722274380880800027903335897,74676176298814161209332799102485983384394241258982053203665744242706849612645
114,249,13832505058563258688652310278160812,43637908331414029536467601472653911239699488749154556733248127203013541444883
115,250,36734903731773704733636725207174515,8865055713675237214941732265323740303924482454410487622503435637215074522343
114,249,16303173833463100039931742892212793,26320436260997946342116031219020311009818668893899529792268411317938035301965
115,250,25711426621737397528367948007562425,34059618755213192268459847832778662963021770188056706679315559983397329000356
114,249,20341153162653544179105188126307440,39342560320829783070472556810788843940039199210775738246615290923959130221218
115,250,32008298226984317983963915310517611,78038108313633221798450981095271154240065499818450206688537333517242832509108
114,249,18947591577653290119377590449642308,38668853653229011417928035625593160583173041214453657960303861139024157313830
115,250,37651927644679826654698352818256513,42638765218409551390841945551860543267170891257722346708422294143622716720800
114,249,10408379981770352088408620080200534,27110112368079991989007640369635894811601936510068088351817377204352369190316
115,250,29575229037271848929129808199727493,83005005956819317323763342721821482790929486152547514676811615587580989057372
114,249,19144513719476620108498213368989928,62794325250080506012136521247016281353042950426670479393350942471223662313955
115,250,26784885448078287237784255135419293,12773002959124997983268461259712040951108511752120431189246232334783356601796
114,249,20229259027065784053248063794590034,50476786855070958495456238579283670628411122996961437020201919780035722152885
115,250,35087281189451019963737206241589439,97114118549366324320763966886283055620786826557776474136644213400923134176267
114,249,20256855200214210158874165169488410,37207348320966765996804675633397421705274530419040153494062763344133615525101
115,250,33443002695052655694106527570972323,19220189981361692081574745420584990858290691091954723412238131769461931071406
114,249,10890269942945369949065660271735518,12002318055330556022039111038283504747694964332557195221935762658615827031960
115,250,29047127492603141430727960279419561,61167582287433605035078968755260620624421850312879015195663558197317229137001
114,249,12529832535892392114508352041459126,36356339034495614785387712456510345957075921292360891342044532877000418247031
115,250,28156366231293919107234768379925078,62402035442350582690188823717667724512681364679872730459161211471402982723303
114,249,17899853481912711962138810562995764,52096787174835472817349677650553827546267646419217662627394496634136161117845
115,250,34030152969009526103368511619950239,544831381952939127117784331329164900417581943279286829685821132582572296170
114,249,17096271236642648755206074634800455,60648966879107149273097348882244073958470020323767592279540075387019810104080
115,250,27484106752288953400933192790952580,76096334330088697431435654624795172918248533378382872973101257992672362186030
114,249,16664714294172674188381721910390047,84858902939140062721838665611616222221029076407027334596908011940031933773288
115,250,26828339076149965224552115924558088,80600690960383064592719470344578192665066335354432003678223194130047887552072
114,249,20695202739833358108618202604498721,69051138583812052426441096870276094840029470033711993389784274861313024437536
115,250,30422605571064154692494268007384395,4271238823598021527184386515446768753643930129767424734420868982615569704832
114,249,18373381396789541543377147988718478,58753321513566642402025301451922100297580109512964306436504903145211841865132
115,250,39150711764787593377291748556883944,110298741856783472363155906360275648713374823533578837279102984801856675815707
114,249,13602232303341146036309605133268915,115387382977457226002572663714283819151990029226285620128806611988025262144316
115,250,22458027693797561986280071588624916,10732108510866301822963058864568539091276186380445475659987412295518587952734
114,249,13474703415607855543230991961482223,38853274509010159549396397454795246807004984008120223310296783465571032406751
115,250,29341179719651384934467793898776730,11906071627563295416966663359344834845149837068686084677532547971292463743928
114,249,19069488015918553129079153177546041,48866072774509182896210442539512615822635930722515120387523028597590483277096
115,250,33134641971787150219959373287074807,45346105829840612881309989608981371684283866555271177952975682173684584510839
114,249,14432788745797527449303539160344142,95245604272368626453053262908734994382020110563393999856130465906982799953744
115,250,36755062232745905386770449172639124,112432237297388695196986208687998148915335281626060284215547896210791968114184
114,249,12341265612212982230495294940935393,18114725243352986468540210527830940551573943528062019657312821845385518338693
115,250,24157763234067358659880262703506193,112936545238584427672367531936169822426179332576797470833749830457839446468007
114,249,12264692542073946589958179708259017,30215723223379233316389321346523532332667274464494861556261780414422811079815
115,250,30178802702044126971208856088519842,35780475917899380146444268769652604565334322844007538207504320290997500041613
114,249,15856388742573369289117819387968708,86164126339324614361316814882296492411950603386033040874665121468264657757249
115,250,33654506421052253956432997022552774,27179668869025131149219880664592917509489010386366542538883124675577200180317
114,249,10689785630995782835535628111249545,34320686852704718215908006586718901907736033555554672571958225909458141185132
115,250,30345228440220493050852675655508600,89920860026531853621213608009447121184029954109960801057878539173866992686322
114,249,15920501446912690707496174891882128,67602258612883625674985121954059210281573507041952557230930565437087162532546
115,250,32548855248590346307875712766746319,20357744209339384360359523115445753192810077268387324523739490636986880867565
114,249,19275661098253919284681804845672580,65046946967715639306701849121069949564063909023015207470097883802599758834367
115,250,33604156272994483536794969129982773,84450715098165559421124939716918336068609959347803442466549719381345684117319
114,249,20419538460677645632496930676802682,112440440373357640270625282890390587534349101849325169049952942506294425850298
115,250,35681572915290866027900282567738756,80120739297288689270352149634950229255717467658105702254423167873992699216317
114,249,12392851294446390094468946333428543,2663802556176023371920667246426176023631534039752634140004260421083198300924
115,250,32593114765851948684807672930612149,66624759843322433663805555510732885467011062419539700454061572478354010727753
114,249,18165529572830150099249698720425829,142308280460225990635239758480342823339616059353701323437835112245816516290
115,250,25344718677256089668948097820855136,77215027370815779647055074692596509903787516680846804138677580047793550336779
114,249,12107663645805617952713525707928286,109173469769774681030105081023656488889331474195286722170873720076479687323946
115,250,25273354043595580447524519823423695,56019623303117088735483944733665312936509145108525358046631751027653259525739
114,249,18176363265295534311042170260104896,16420460837660090843902509249173792030287584677044901311360274589666067361901
115,250,32796781286778222442753595148110236,83559767228755142649853115814439680798228932692903634817394381912493186833833
114,249,10558488654090012108394113670700412,98905568535090438681708995335454726925588731522904638644797578442881539206830
115,250,21383409905934315364532058490650009,57416243351934185222293209600531595458730260485377074277392442980967076620937
114,249,19538881209813294285526701071128855,51911120720060280403805437270080862189521739870904866819761038992373534852774
115,250,28417876349565765509389622697673632,60357406715703229193717636278104511918032050139527893838373220946007508862948
114,249,12808271936374145269165068112496786,18956679202956899382514995252267647785832644295975263750772901840898224381251
115,250,22904372561770126266281441227515685,7739331863617902643154394036567052001086349850020353056589202490524060336995
114,249,18321140644238414604826772601221371,85640377577370304917491121518214107582995639180648465472963120617836034906929
115,250,21531757277757010550698640697173250,74586315916988788262017579796327680454265366329800833573361541295556743943200
114,249,19216171427512883060422001746952174,81589964044558555438637967663478217557069887272369948648865317611339449678893
115,250,27614051873571568661982206621731174,30605308227385131760010121282454151830835649847696689732494963663373539704529
114,249,13671053531541334035779490864766814,20354201684884771828642054779373771517915856004850550195544103043946690979314
115,250,28166629007657711900652907710379923,80771351419251052275307667462438112367239757330529520904509225152840413376050
114,249,16041892932480070837872638576307805,29897763248787904786151433053657101421800483161150615251739109225716915722156
115,250,40753756392581664488099517955895830,82161094452901409477694966031436059551571516561476260489879454008457214972796
114,249,20173429551991914107800484869357091,71141014346044405088604324055567476374684067024678206133096203905164131032178
115,250,32265064427013221963524802817004012,103156509550085856707334564768122356031230597361803831144519132404665905274393
114,249,11173235061159990801337216915056034,28088238021490645551753512628877630547824534194775477902525661846394428930186
115,250,24854453095728055757542535389931255,56667297532726638486064750932510767993598171223661197087274882882436692144620
114,249,19723364821023802504869816658884833,59346140704785556187050373669613281201837380397913066279368610996928438609117
115,250,39781182006233537033729633521917645,4593993296039406273536405897555124134394447093743834563531222356622877781938
114,249,11717634302396733762237345964888444,94348739184919171363330966829514320630472314765599764049051603994870573030326
115,250,35398946589495073312737161640148872,7750612358146919371881941133842506589940443289327250427423603345097444739382
114,249,17990969381974380344036154824574412,35156156484855237162343243195586672598392536431528292850555820049153829959707
115,250,40308536743945087582511727479157550,13336906822678170610273808911414061026254881652623242007922036670461599328242
114,249,15931144006854243959963681110257482,65994486803653630097976875827119632070909303429261122433792200995737343429356
115,250,38421733040649019697352067541233856,115007865950046060611030643494658309423299744285988861326136612821665591510447
114,249,19727155556337796458823319393295044,110974989962162484291428625465498589959441087933516607860721372074074707625155
115,250,36819751064771159272296269891416809,90283851416659082027802865651616934919665390120949321210933940297966031213320
114,249,16501387281903304630152976978085676,18231357458081657436233020257850249546281170446966896971893196530075884420095
115,250,28244585681020858177974387309207916,25908144097996719980450508706502285170236425690919390233089854649989162493384
114,249,12878100475799465778099988013270480,110357137467778625071695745589890856006654074300715205603066458527055658629710
115,250,27728844955198902552494463570556308,44639435775912813713415734349168506587301926120642605313537199770531850166181
114,249,16668351117241964786722087453619367,19849070768684146206931752755424110083784943150871385020850734353905634970183
115,250,20798536029672753112770400664866020,98779350901984965443079077143556321001066919626264440951903518414870444152618
114,249,16317760964880535751144913328402565,12213477580652870295646510059298696302395060096663637349423067491384678704384
115,250,31270055038489612262400085947299333,113993217058796228960999467195738546295227379607094813110925583916248798683113
114,249,18094928612375127738121561107013998,78293451043142608490695699511269325673761484655132000007652550722659299047843
115,250,37686703237520051312912249813689637,35238398262022373621676621670452135466086416412608675105824505288091341807935
114,249,20674543073695168775848257230359268,37953209372919089883189077940005765377650853007333140599101156160626141501158
115,250,28900220099514906259298795170937262,38358093654087744017975080765453538777066635831106682510808609788217149218907
114,249,19145568898007995849233574542551967,31741707784929289015862418069590861004761701439595100744708142513393762911513
115,250,35734631271249731404983651128497415,18668091021927656389039576199147846122175026455324726954219031425988622162130
114,249,12954346547475548038511288089405865,30705607457763135820448546044377938259006222239593266144266405174614901876587
115,250,38033941353609430804707111817333852,47806745771122984824026451872008073361303048043788982218130955421921900898138
114,249,10603715220417755287431767119195926,13366922907262278025837303921287257411286516690457001725354093094030277327159
115,250,30435154172871098948236277715291130,45728718820301093982984416461677715824960881223575577323237934901854224959081
114,249,16890334540754970746584143011567566,21434392843218157046006780965859088897208306319549053586768605834194997825383
115,250,37583684719818051041963866200591277,67652411521321100616117676665554180057021884298825393451950874244530302804608
114,249,12631464501091672455194362123725683,19718434723889651493246696387914973295754520589126709627307024269817749128373
115,250,35569663094702673884868888705291552,53297566368444357981869285712291190378370405362375661968173083797281923520423
114,249,14010296462774975004898374993749588,45054732301768792847967246249370348128001105260567836695662711551628025970629
115,250,36335086534708090272173691553867985,28010159552195846223743732304135209546129066336143211443645597876973048958746
114,249,15707693205080565950182225249130513,72816714187596789945445897660567625239584117523889597059549602528640891964557
115,250,38221275733556907187706645119190721,3426612372663488212353042185282204071902439825151479472487095294223321316009
114,249,17095118218510908040015687016173171,81409759184790658496103722956715064324324267183989573908204308280695798962676
115,250,41082871089833600963593367291259202,23382763259852517307813872327966547551678134006796700342694173832040635897103
114,249,10409609422090060987056477345720703,73244519761952165966432174428485096102417428782752598833508155088990553901306
115,250,32905079651963822961232745857468129,101533012376501500622229948635318182635768076760015349058621700658701115433126
114,249,12419870490658167456621069938138389,526900560925842151208403157534425441903804634654569837770938490807395386865
115,250,28428015280174184450762068571631133,1311162351256820336763676792946440141252806817259219647501278988304574487625
114,249,16720316498932754248539261631235702,1670397459028282900877015014010602267243671387565951034362799082657598466966
115,250,34333158677263038893895379198640754,95269627399287856832052518467107640198999123071993694325995876405047043625443
114,249,14436374860064580602453634528749559,85578519640755869085332774609591833789317472949970675710875491592778981408014
115,250,23178437884561434013952201284702959,107915833955228021422863999986612027930939868372017000120349757484367343147448
114,249,19832725865513269533001097538448233,83463874781914119654116831668558972497807989004302151976997624955266998117934
115,250,31591875746470540801651143224592067,15026200662490218149653699495278018659882069494983228188628997159081269027796
114,249,11127584788884508014531388058630906,37812371939609742850966932155775449090389178187953513921390253362127435389938
115,250,23401698992676227945227585486213418,42994533602969594428144248478204030475999613961039649819583389855154518248827
114,249,10759510363978892159132081788347312,8034647302213826707824108444618653602876228691132267354824976744415508266018
115,250,35657925095266246654947315895907312,11871048486541436748388300487748878485550583642927409836319482304985230395712
114,249,15874738579893124213829601650057648,112320368255259248756331732013964529925139768719951615219393786098015279828687
115,250,38780082351633882647871193825636043,65184543758504678888359614978461217288577123263680388812439198040213038481235
114,249,18443393282589142640626421712707452,99145174521827469113657411773902878700232438622709411622525331792975971430420
115,250,40936359731365832009432860729734151,32651328332829243517750185100261168969165580380165431379154961073451039357270
114,249,13992446773301243995669234452138894,66647018374353306061684215756374238064270059053231462428889018269619197676718
115,250,37835339005010958951783408950616623,84334877878946633484404667979120929766887851827506687873247157871325882066846
114,249,18670287918525577279909243396880637,38789982396058734502517677403467996975549791171279289263440881749895042236487
115,250,23295834412727676425266178680037910,100991161560018721593715411213093944457230832240985969714751983723558978399502
114,249,14263965392208503907141436157963254,20897470280043160677604714170881665809880315850602449117518808563646434648421
115,250,25788007491296895595080511313960132,39954117126666582588967070105890862756198464449391820283955589320658826023
114,249,18958963092597683524274983878731336,82415244335884374326715495266214255745212351275251737708985596799122252843481
115,250,28452874890629376805977501752652076,38492495249062073160823117904338232909043846751895338731883885214717568694205
114,249,16652835290640185091527399769824400,112282539456627480435191574819509420345629145919827555311138242094072184170563
115,250,35487431405322622646857915611570691,69472263620302646817290713273054670350909020568879799829646598820602668879643
114,249,13371190781493641104216043444187186,41979079387090276321523260761610480541971046826576108522340654164615248376061
115,250,21585513313767804904775748855189780,62172253021645914448125505960286482265437995896501514758331650965471628649460
114,249,13404205831675294985787388282068467,96656352870397784305243446395316092229121210115348265326416193108784511639343
115,250,23164100075333827887707789262412215,51811056447560582358715868398923781959942124586643398167546807513203432850059
114,249,13522754083540093554915044289186720,14949177364216510620756097485993949528727204912909101356302388845535097095785
115,250,21720358925012933993980265006684839,92935122624108574648261979020196598486188678415278765231331958346563417068287
114,249,10957508833787994256226413368291495,96658879012807437356953403168191247960272457250947170357208977851248339227506
115,250,25163684924210243996346475915630089,108239590904579415173946798053709359679607512131280290492126144872566381787177
114,249,12052269367178982006035432626925439,4074028485034707218039086811075399670365000862136424904142813670687760976472
115,250,29339723846469006211053809804834084,24771626616000497973414934062244947941747537706670904102885418863192172406053
114,249,13825618124310076140539000204911079,35136163478216306704754953147512453476606172689430567182572494299191241668344
115,250,29234761900455622348060944027776575,14588484606660553057544089737764881650178351228625112386257360320458636002474
114,249,18126898422604214904700594131176029,106044886989468400527050905546865579205943749154319273063785127745469037696908
115,250,22668374650725965574508896605772819,101665129844351492625719991768773355694644861954204100066134386042174724623922
114,249,20490115244829217000162705441666780,91811347353547330380486440286911421436018689603768439086267796604596333165315
115,250,40859147878666283439642205655526108,114090965336069972040828682513961013236722829501053667447428933508573031250350
114,249,12172962408934660966019931246487530,113468597196422510558860657261914649052610862398308483191929821893247790145118
115,250,40797897186649791290826047799213794,21030396226827062761904456432720472679681093433404903306070723009032264637726
114,249,17523393378738736540814341927196551,98296616536748073468506214854273799452041073669656451534997410048446845322792
115,250,29786542738649531237514556332807423,61282499135091399415014938724318960291543853717489784714009995108573472606691
114,249,20459148277022325116996030931574645,12066900843977105576936442015548917187247548600425932079190617591010915507319
115,250,22387045250736618397429136131915157,90565281074541538168232534131276349444726941430156466012815360442725845460138
114,249,14176792905945068725245749429333285,45780507266755616351743025232426833291731742096975183210993834047876123908032
115,250,21018997447321661106278871763397222,69200727022487753134345949823594301262529815358943861870894718757037261567704
114,249,16833175618694875491225760291072250,3365456014406786995926874432167833333585889468454493204082898967618447539799
115,250,29386101519401758031554955665453176,81502041081428882893936883458751075244869279239215654715604941220307384676015
114,249,16770996541948059912644148860879841,10992860727892749047089921497380820211201725954289588764797896883915131055255
115,250,37944077969547404030348924932461022,98954016862881193503824956556750037576828860715763263540867981238517075151623
114,249,14048233013481046515501202446639137,1666721462969459206997859287879226947716258196290154351014223198986856557338
115,250,34838126268545381054560816946719001,106813041097243221828399955212112142507873097004014984239753417923640237618777
114,249,17706492798176088231250577856880822,29557453684093936945834541610558648650338298566033488946244755833083909724489
115,250,36029904675184306616802314626258861,92631108706861034910675187716401726771273111197665180496672275080612343775094
114,249,14593988978117309615404855312744936,2807357633115742750066666487763178694484816078093648434039803988347657599659
115,250,21812538481371204534387099395055226,55351110254432874495468399793513900413425177073122188810768037819091147402764
114,249,13629816483066875091598774486845465,83851663758790404386196732036095131866641415164300592182362600536449085731659
115,250,33734530535113452235467188377497235,106539001156715764335019071928891686023195513862319479540297169036934701339049
114,249,15457261014168294680036659457234512,20279819804231600195358733959932117071739477808637083607022059666293749848071
115,250,25768862363585885104578584264838333,24840214357903058601177757005664658025355510790077732713645476005853873988011
114,249,10700355168640584619188080383342606,20260063045833832570083937906379550663296592359711525338973078669088759043508
115,250,29667128693687641373691906501687516,90118827194207927014771041455493477841106351964064347298154834903156553952206
114,249,16189736591979996155528196192676186,56024120318390797704414380569854154614165619945440980467766820897003159043538
115,250,41359307989587595380341467776945506,50259857546257417435440162049500179070427237360048170076316113129466529291627
114,249,10831888094448886382707278739809046,28912194961541107773905789689361803379943475890598671856678315843301053202658
115,250,27934140091916875356919117111754000,52165687642490903266950325451403518225268528454968358851440208115229984843566
114,249,19643160434545276303572027614185836,79211652195710112547234096405334780073260744400527126524831699317620254971680
115,250,21396397922846805653868728502001805,26781652985571528555667833577955919598198256390548090658937773053276049451112
114,249,13347071600992721950992579870223629,47523338168853886198760820681570702797595449526346720125410587465928950362584
115,250,31682640374377207429317886529720269,13255583549215422401171004230942347866924692918773134995020092303728123352724
114,249,17673145641450735322879229207708587,840916182891462728930351024504561646803774172654357099684792665284243142927
115,250,35079678342758979529083699261906967,67134388922567954357493786660252181363325288208038238444471403618433726535610
114,249,16619469770193753408317696418509078,52189444571169670330530372989901684276537171137274725857858395182878948687102
115,250,25967080618150793793475479629606239,70162239888234240047008868213004939855433075186999577785488553943601144950173
114,249,16987922577769072264733630171634853,95278389706474019872179460478306255542432150835592669442968093547049863895135
115,250,40404140080779124938587125944931379,16017893555723255339958957576455221521683186494044823664979327870714935421238
114,249,16833859698815651304388550328426591,73963930858041082273913807831405237083767728486683537618209567523964497908179
115,250,28847767237537788160800113154417743,103453150817729879991184808929271043909296507092559130622789697218576439880806
114,249,19497030151655454204335473124791266,83546470749016006198020701349217971441155323109721650276416565965151409462750
115,250,27756947085385437078719836622716187,115067637975224149254021767416000856547985392389664209410946696584629759917970
114,249,19724148374807890553551204415022833,93763192807080469001956675601197211909168174639574039852634361662704336450044
115,250,28712620197531740233813184545193114,55123077176608313004557239386869066174661936528395006323030998891510457486993
114,249,20102226482318044163207141625973401,97640168455981648183876219958154044106938967487383685997725111468795386802186
115,250,29210111211588821215195474702071325,72583919390312325424736894754509593210821376162490355266439092264987650392741
114,249,17662948317956886409324208959902504,19553424024004843898557444829408046301065246567644180677870140271897484732635
115,250,28110471329799572642778421888621420,49135592558530742464782649923858126224821220671994295245632283740102846172196
114,249,11634415064625414317495644725427538,42276768000900890803909302545702216036320119489313393006810427612214895140641
115,250,22557823390314120563524285665102608,15609480044658288651992332230049087500186374329774133962280184006905157896154
114,249,16908450324428352677925564045932091,93948180550413665103068992027768982831511595434878012250516324205296760291828
115,250,30831625985332040603402870946075187,67002321955266994175654076606439634592637753719055359990593144070846206376581
114,249,16263901610047120161361561926436444,4626694894838757979348815417800144595530013100947748767715569065315312486956
115,250,33918605556019497677578380543876272,61590905440255917916780714367127265310296631655770893998741259346508768501764
114,249,18066199021301471084076368198548968,103780612843654587106661422849553803204073080649103401762886002843305151367898
115,250,28411136481506148146075352443097868,59853193136416400190779599220638220267653630793125254690542561701178298112858
114,249,14996092627130106404190058879750261,71985634401038865468395648746983953901525795793818446968215762072116370660832
115,250,23775941350897555106008295137072670,22691695489421444432038736079795467015838564958165663996454168341367727726888
114,249,18769627757823085173643896022338279,108675885558645780234884105819335793115237833895465473948126186888649567609552
115,250,32968498503332943356131273614898995,46725571769578064051972560003268330501787419112778640253384180171509880149501
114,249,14456371360555314161919980812566441,51098263089639766182164016338478879915006399641563099285765769379259189016201
115,250,29733790144622346529201032770502405,108381460067607689004479958486371602979126309151843881353555141908670861448891
114,249,19132892375754820915091779709864510,45049418671058764155728043648883708907069149078610737986375935270484676179956
115,250,39223298001058296512765356237241694,4802313739259360765336757245690197327851839230371824891956622509502285515196
114,249,11621158480823571144758872040318590,84089602894542771860961621717361136629854650899442646642649406271500836618008
115,250,20794370312124307908412485785856998,96326956738181489203777837184112592211763908125070090553923602631703602040582
114,249,16816792875825696152228365958129519,11922581632004390934096484658773883049840308148874019767521717161500245633109
115,250,27518408220088193885925477278170870,10838529541169415909197566127875592653660550679254407196729076868467442934643
114,249,17145862142621212731626326015170243,60904774802316220370692597231921164829613697328778433207808273519467208667026
115,250,29656124172453406899372907980910805,47866530877397882479165491734387117780194980963600425264294225030711247300033
114,249,17485348543096264117584182237034213,66746088867799584872058310880279658599681133015963088254543289303472006790183
115,250,41136084486985990775845982302946841,24773532996398070015950431772128784008225588605327118431519407065074239681656
114,249,16663348539964550707253222034540725,61364379773766067960354733562835782830305469134717032247650303991096352442623
115,250,38297988515722165168100917241416812,287579648542077342037836915438618206575878224898140621116665610225359735586
114,249,11163829946782610703391331237681918,71034282214916279708920097388371347035352979568268727309644386040199606880113
115,250,40504433371654286639229703078746065,46964092351581864847430254962982746318878375112832851274295897036395384847617
114,249,15256054382509204939697383968713561,110852505608363994312669425228110791579508437274758812479919937488285204544371
115,250,34164529613044083605169494059654422,66998916965585216036452591229818018333814402370269725777791084546645303139361
114,249,16941736934011290763307345395998480,46444751543872442514073059340702428287649266085923311474105472210273551156931
115,250,40599475509594019912113176487556070,18455070572852699843961936722604193411428711883085324753811985939316288788474
114,249,18385497582384151675608314299747414,5288236040032763751039075181314871360103162978845812075563724668259497966394
115,250,25220789184188288686019300100053378,72305623377959566151491908179477935291244074514764977620028419358857289492605
114,249,15449855062734427226382389639270311,5184135105969469423304516107346925143121303066521075926423205976261458829320
115,250,21172635927914092382531345563411363,106280149313640832775953534395274563342545069026721770212046795463699098045802
114,249,20364201884012397847643769278691605,17404223410623789532331597826562519817889643196643769007458479109726557781479
115,250,31513675849721354471568877920628052,71064404889830983929371480334641562844790103173108140815097952910229779139721
114,249,14156831322340861309508580241747995,10535440579812542659468194477910879162064764001412493264887585301711447981489
115,250,25743675036065678594470460125242953,55863164628057869985112149606425082468134746495366956635224281815374473705861
114,249,10541575572847400620646633903862187,90690998424403614225646511805775535327307743434907082438845667468215777496063
115,250,27581421608853511426930220326895627,74360250697993985780710098046934482289857702254771002239278833467801796846663
114,249,11222101804131187681476309059134614,73139138540219927570203085419827981553571091939314179785051021078233638633233
115,250,41418099828781727099240485105602734,65847182757694569172385229292464468938421297277649872452138214451160014585680
114,249,12999097018976425888983988117794563,27984664900107618369037113964802827949716057310569070235419092455549162328898
115,250,25745667750451198044721672673128139,38572710887893711801234071343104140373695856924924214645183817544598203662010
114,249,17091149261642800970736653245552494,59032113538206398527369591246326857341889601659097052679201424812234225365597
115,250,31007595150446888687566975711125350,54247965298295466784210528360924072222606713002022574045137018087979208223763
114,249,15691250106683276846344636536493715,2924410024265660922279345608362847271362109527038445190346715670068035560448
115,250,36547134036337220785520846003873882,3777669078076897577856015890980763093744351151117031519274913301851053986292
114,249,12116056819132304504205641403715216,48756910900633289348990877621219450485749161803640971077613419200778382504410
115,250,24701775541887031154449953368966166,5411622914101252752242113966073031028838802193924639600397512423377399659773
114,249,19255677161360814604990487896251562,8001264050116444004610380129177474380164029951680269230464492572623899253987
115,250,41139722965654981289934757576910128,22030403263425243101499113942663970820556344687805603141756567403935061907250
114,249,17129645894216793551644929189347966,25260827533895984044654908945395151733605478194059662219561057796815217088517
115,250,24369285591426667540862638229710399,81083762796690484061197540607275370721838811664604311636309336368991568865054
114,249,14535724110546292643175500027721568,45169784163384598631399891971980369924871857608499060362209872437138590028893
115,250,40678276291731894491945877878649466,80745005804166681720889811643521282878386765953530438973337581328411868869755
114,249,13461400411299319113504401704324978,81124398195112156030309481674009827123982431453548450003375591264317215859432
115,250,23752978832377528642258325931156493,109986253878665615155013092003427394523208983982607941067361398190122061933200
114,249,10647760453346564044456482960751314,47042831556849548713487138033819301154349474176865794649411590275064352901029
115,250,31217875655875869710102282546106848,31685040037630148981170186444656004817578218784731285484118391111771314742461
114,249,16954966496261907472492228722758592,52188722025391875055670628189066872008797331594333289789258072062179136525007
115,250,28710394842354739321954685625817567,91971218841300408213280949442455175265481820185041987259161930590835826313931
114,249,16927698887894979226804175144923423,82999497444311408865229406943737847347993061082600856997965746571169778603431
115,250,31257609500661466152252968421256128,17302757408115828985565992892665241963918496490501909301244033833941771089407
114,249,17867823582813359034981551195172200,28774424648898165721319451872178265089733302326138359944455247511298257501286
115,250,33490467625564078141810691114707100,31029847520880307743938734086271524566806921403445487101462107945647285105159
114,249,17679187690028592317201273194816685,93658498836909906886530872321416195263970701724413316808357186825422580935682
115,250,25656569111024260339379926315654954,3828516813285300656942577084804241676105835117515886778348580303102058741838
114,249,17322590627967163613247569743924628,24688229512407596749019400901157951812993409216916645808286687540282611699457
115,250,37574179947858013061813771842698343,1775817145316690880848420420233736374377288129893011239386750030647865622611
114,249,13248943009412243753386956024585393,45567694870432876713988796347266392570030518368234893866550397303774686921074
115,250,31067283349275525830659207665892544,4361930641517431859638786792861637979973805160739604627299077844868374476813
114,249,17907232543160250937009300455509382,80902004424342427324028005281913908140477541552231546199559626781728824628871
115,250,28732551672701110898511102591786598,22859934683918254915595574771728774937986983663835213838008909488751520216583
114,249,20407765831004835612040298962939425,90704559514875522291638439241470670951898841247603962455051808391313826398813
115,250,32707621951210250975528738851504843,27479066070183685538309159433309881016495343430344051599899073796924427674042
114,249,20618536891546048804927653786554136,25779635656381044139338727503299116726674250706940885694175417408400890922668
115,250,39869163928427351041007595835003467,110614608081750430772941338790608737509880989441714334805583070021257431098707
114,249,16442998444187361091661935287601898,9493384667398531585372226500178321484448381325283844582248840916572530622013
115,250,39136763355825391122029453066871786,67594069691006081994263505564857307424187699970313572064953268243472590789128
114,249,19338506464750221850748354553991749,58372478207463112189564390448682451878676412834208663347068384230412573477497
115,250,28935508586330121340673086706115775,108399317382823631116113369254825241389640799280987297836010866817904770762626
114,249,13700529391617211726921430540403428,90309582488368633873702507883061427240049559699851058488235293466011248975834
115,250,40888536476635748584632998156477352,73560474540529727170496931175607731331395933354157642507815174639767405856177
114,249,16714676447918364903361215080358865,63323887219068437861645629064438696296700628715050509530789046356633217385759
115,250,34204388611778778561177994632991234,94755262894850773131822933828381747446156897693968141404441859466439539369660
114,249,13673108538606958318042159525593297,45886386528288600058837805957112130013853451480101860362009452757374698533742
115,250,34698211321851761797364238793920308,79995486999741248816944050842073763278991957811569896330605435017749443950117
114,249,16935860173736243619006164372225567,70405700031414582664456967508077022502248089473448217646419924932111846389109
115,250,26268362012210424377505550843024847,103928103002983953773379462035790137967426140680851324985368960245182147807288
114,249,11660997195896830816697110406048068,40926684158979418670709254158041996195601752456248612605461667809609288037902
115,250,38286957891050450515966079500095056,111457724803596311574798643163791604706043133532355237474787816299948517461888
114,249,18622738706169834117638025675546160,113853413201124219379652982978819128409101865259100394231347846128231527168853
115,250,38257798597831344212657157310517244,55684789120808120006199269820214747969453766866290265956731184885913151785379
114,249,16586633212331168158168582354866055,97867561407584093112087378112641612690432504148832586462046355568530711664808
115,250,36159736163856326279877769185860624,34629800208734162147863251703117897174006863437184992411830721577666486188586
114,249,15927035815611453534785334987991081,310378629559011074361605535556105010595744684686753059689293258417397735849
115,250,26288015715048435570201912894513529,54520737301414902801867580040693137868921857911558993990620272658286016832577
114,249,15164787721188661662301389668565870,65152813529097881244609155521619910894562297626303189564311153787587414267216
115,250,32450061790045275172351172239778676,61588778764710642826104128133901517353394473049924603018095517286523490105834
114,249,13396373851584942076941558881685376,83535212768939620963244700519683685884605014380355650714761349645576755260373
115,250,21937555258460145240381375656275589,84732970233854499713495417763507063955696598572128878437901553271248369582807
114,249,15728546796972383952618848985351815,104870783030660884581205742106281583073389196298895215700574341404682134278958
115,250,25021781219298388695675046456449612,20369164135982439506272083042806836248232670020544731402149065898367719745816
114,249,16199053125535020834983353977240486,115397550717871538456693393902890003228377206795579007643333907440877052866714
115,250,24459068709093203701937366838231295,112387051575280259845686224731388915094556894904266526246746813356929611825879
114,249,13571541779064502736699372103414314,60731429064503508998235120082813390160769656699984670977790449262691638162295
115,250,21720534584450160788118874421002424,106510014738682757372189181283910059883358109125254632193577777417560466812372
114,249,10808036624762534281193782752984899,100665334989973048981710678145785985388899007959660769020856599728229228086321
115,250,26198052505278185696963338172381819,27295965393182611811965431781166520053088993565872367211284306042254281789807
114,249,17944033911186766966601695919470347,92218311943202365173432801843929822643160613394959566687138818556154039566051
115,250,41531026957077853155692835043497944,63587340492595684837215809213459806532595791378104770127017664156759865235498
114,249,12090395837251623806837073743060873,71940496425576348291614347898699495643408428039963264869207011416341579642583
115,250,21849229621262497991979351678816946,87116214954282643808533997168105003850507584844445515651242069397007395684501
114,249,18587859050416082845637822733825497,30549595498941714447912759125442750261252459103496875376112582914479318772977
115,250,34528027974268840486518827741123311,64875609919683346423361615149682860780269317024182982652974493259496093867641
114,249,18210603751124378261740703662213927,62940347315405480427581546257705141040114680655606098313754329579574029582365
115,250,37994129775701941662172411672424975,56513214264719878422476208662898227856358883815954688691936102674252643716251
114,249,15817189397074204839349826411090536,9716916642484146626912041590779832776043657737356422441677152172064952146782
115,250,29685977290347039439087234193598687,7197730338690185725234000046515803904640215919761200395541561674008348916103
114,249,15814306154382886570883354836158659,103031874815222344350220471493481373099172643510839881976091106380941442708747
115,250,25141950713577775182629423483379881,85381236224731119439147633775593506529270082374640931677054665267148301358090
114,249,17367039973707348809254881862771486,111072526891849878226595986827690630641446065391866381105150305597570894938588
115,250,36183131408187397252798807642973139,4506317296598932850912843126593671597869862710250810196513470922194444278565
114,249,13767263874268633220918383369707075,53077481756431781893046265263217195831497583012255591322127800719456938173691
115,250,28125059085416302558190595829160947,94988657071320212960985147649937581885274905737089325389878468577098679429022
114,249,18026432197026125230961373498155088,47184732839411592954988295856335599101751796688764616597676841561468630569047
115,250,25174181491581263448501533065421264,88248739069182103126716396087265632800862832257112604466722479443479069057418
114,249,19373092943837464200648555293446602,94702989540954846971148034229076604760368583878661041773086015399197853078424
115,250,24669428224978060194175347501574537,101286833301588247175467758988284458140402228765741303871283823124310596419752
114,249,17037237341048960565904778787718210,55248920520572920791451770029755327090836795441917008593967633857732196233972
115,250,35899362018062705354727341771710270,87033978085617238710662952607387092055206591756897789196055272908480935642161
114,249,18696179518039578247918188448624600,19886148015687494742550553447573018253821901218251103394786198874874743211492
115,250,36399039534310898596674779435456133,101264549361856853252776276228570994808894876129753769036337263676409112921136
114,249,12848187121942240400970827896151115,114464564405029968336613356052580048918016082241063007711449223961027527053657
115,250,36528640719052270540944116737684503,111398836390098853026921652939525780009044116803099115087260785461537898028811
114,249,15784507462270456557067415581409920,17659210223238414980948073283203891110231465769201267235779451647227518672656
115,250,25527256922004728592169875288873951,109787818572928603913971244175849746882105036077123357254721302163249329360161
114,249,15773029887641681546744809727918137,59879229725650187693104531952425950969212157638647732657279715031545559942250
115,250,35094249752165762758079462144337907,16323156862141681635424555221791985582529232925441767536219823601081849239738
114,249,10771985326325840203525136885065177,53309368386808205050003534457996963571933535557354796765738303212769824281984
115,250,37429838095385926142734818528001378,54691015849373449485748384594068805645390901373867838032938495609679475088236
114,249,18875222782509060390408922086074941,85609988089216195499898193233516520948023795146134787086490476399755434777295
115,250,23141106144617794335774997478031565,94798950954654092152667408173562309271831989889989518146164970199815098305554
114,249,15966644563958019001373404744806674,40093174539976149782559526308161851210760180762030310743068775359293728647886
115,250,20970770239541153513718354850436160,99084335310495336340463148462782352084623171622955451377456135909521049185830
114,249,20677587072254208135241337977694930,54774580432001726188625041765835590741620139765844616515982638004883069787748
115,250,21736431450033607743793798580711883,2152601361015338584779325630061218912905041300773821502723956751226738502665
114,249,15196597122134581297964570427184092,60968391925474669488542823529355356453434353415623692272916588466733949398010
115,250,30325837410828611584904779771849734,78749572788994376764196283030741815448438069240478954304549586933135311844130
114,249,15275006676558191794667920810090053,112970881269851646378164283033595679046788444046402918897856433715133659337133
115,250,23463023303389847537701269461419064,110325786974512102141542787458962557952605871102205760248211043542667997153889
114,249,18166915697163580458144872363436083,95045330350110078544933008312290390397583152405347143000456643958096326567877
115,250,41113254552795924796634814299244317,107095001768953337502401867908990812884358973511900219342865704621842988547684
114,249,17575741521946499126544375653075346,10125851174621956792817700417644171258976770561617132212045416116446868175740
115,250,22959358422540606332796683466236761,97905981569107965771698825064934792876811000556039890738954082290980414621421
114,249,13253181005862311147456183267432748,25042914827869670644503753070377650387663056037770913354437837138730535291555
115,250,22455559086606613816132352187206043,115128465976234370849033927364543446859307430460202734672317871527111164991900
114,249,14961776131055740798224300040035208,12549354859592171343073221991144748115581046668047457877337086065709105339224
115,250,38406047541137276758602905923759504,41808627774540954928402937155752418270609790045530287192072593333179490970906
114,249,15797976595577060065389370232353206,79746826868117179030452159979453620874329618501599807497100274861825623331384
115,250,37651410426164545594928082835497642,73659779997505173067479778381258487058317854760025052918273077519054576692153
114,249,17622496538877677167089112871372355,36962997331446684434091602061201944587270176942255339399702621522223480973272
115,250,38099301403149000584038125185115849,107679817268842326051370347463980336612408035799714056746682955079651779886094
114,249,20453513201489716001448115936502815,111192480961597583023453568829470530795061975177321637918482653737404653751198
115,250,35407484973222900932710174851259379,44104189934905489472323228715798008823941553675033095807614178353970768217781
114,249,10528921514937529843326031131960606,14900594335170169340632251103107221416357705158390000490726795258909440213501
115,250,36417220206962216556630714093299168,25407621652173620727213138704846816340695368490710912354861238392219715481236
114,249,17734129276717169993177165136012656,24431399217609843605289782324453721251115948903812053733708394133747294846401
115,250,33881884239692992844876694665142769,44353325716765349690110542825206893923197458883597756647667003315468896946769
114,249,11180168455593116177515803406747332,22328062557273935010867163926585160333630862606939288849105565558775946256071
115,250,24742722861624904723284868022292421,43799705674968409887459385131778151703766866777679721873760157044450116727738
114,249,17091468220483517148520569163047728,55334560634219763817728419377939326997705197046916126704966341160244834311837
115,250,26170129053559763909439958654156473,28578535992822485296819000024410320534910045115335729112161749675299058250770
114,249,12951019992776854743219177839147876,22205700918904724259232974876087939731714546727086244687797306903771085150348
115,250,27231673153287036441620681662203740,67234430798953810114708838748633916063418385456193923427019734437796800554095
114,249,11479775610007789985014025093367060,114879690061740253886188280119106591716407114018512034533515848118448789897117
115,250,31423539942543503058708744160630118,111828832666201480439142787468945827139740380425769401691269977349805458883502
114,249,16576055271492262420471096388621535,113753728881487503730502858855224591091511639549711672833464723156388292387399
115,250,39914026863072575830495838856655262,3297456325171855975736013678741806345146029595645946749742290648131918530263
114,249,12912322346554393943121643653673005,64105098208632424153453308708647639950157800306573590401161065907493441169820
115,250,24828607338418914361203825230025629,23705215359841584357198862268601045913871184709847955441081694089918009783357
114,249,15005984941605352172909942568908318,111589817518094532633353204097149856794281935766548172344776336170211947109874
115,250,39862761995054917268822853293763050,63641725975579245499304125381500300804089038409594897403322421302821361502948
114,249,14388720945290579600882366137955065,89843579592153948077278659048646782026752310268174930898197349231538588881883
115,250,41521898881053154384396708470525130,23867485233280702067386452860574623952736429847780022772738502805344209215664
114,249,15917525481758876447448272228554110,1837504907168025988285862489201165522656714357603092487766670360026387063626
115,250,23633530355049401631927346163403795,7003451040550419642766213065546215843783316655901748305333899899391924509552
114,249,12443165949475490002686132970794983,57334224944918835101816052975564621516631208954195107707317378280723865565667
115,250,22733093708887621301402776366627788,69421023717474132828258366813524090352865810382074882830823291969644614277749
114,249,14617746330613102076582024619616799,61599689916391487360654953444695275100537607551969020208911613707678794424727
115,250,40261212697182193114554329385705997,41320618622686709803089739290100321373087729888058156892868547983546471085900
114,249,13541857990400775128692055519816382,92605810158948016203669891612030893663591311547174567331569167016582768664240
115,250,29581909100215504792703416452647063,48494159402748492776158441884696591648538930206467638936141044310120719148420
114,249,11564952156158566830928431562256823,63145883952058949872644100312509433899922792979347254506777581754879617632928
115,250,31253443181494030689690208951108882,51818813749802558287558510981379044880448555829307413737487590493999190072029
114,249,16155061237333441408469026064067465,54994042494288102424624745765815739422062501587752772483484797049545702393387
115,250,39447869161755406126786769406334481,81278044818607496002183190930568624905347675014082391858503526487159056010042
114,249,14983074485919425649660854708165986,28579104269515838334217373091161868075638634261764173244432411531788597271320
115,250,39551560744001987605573728748191277,83262670157175287046139375203473377456904894421181842482103104850159642360022
114,249,17025568073178583009963040991677401,110749499052012952177090722231927016044859976419795171313225633903287927892822
115,250,25975304800096672058550472928803034,37173299482339137462146581496442245016299444135172272641527922880105008184359
114,249,18212840644483353712769177357646469,60629751047379152287510672343429158670427882834081419996810726110196101183648
115,250,30260426549231342619920732688067564,27285621669409270338561532233756732204585721272696199621969892045836099679313
114,249,20132746496136276133778962476734680,9420886187258278428426825315538309693384101799146598940543341996775456559185
115,250,22792241765383770520768383999537320,8493266135350790077790524193783446264448134740602192998202893801523033627107
114,249,15033922266268418875935750139803132,5781410320702526123598293825603426322775870555556683152012286666877239269654
115,250,31318797066811220400926729573660457,114999174321576344239052342563761526293690899409962363451660883922885186888000
114,249,13948257928421620785945884700177379,66160763312825359401366231071695994115448739264655765785970464129172015573767
115,250,37235794611304016127601621227334245,71250563455311082594282995906906164865849873817169824768591985420833871197765
114,249,10990462911411160519245221597454780,49218434717441506676187743930825601748112711410297149716134945939705958134100
115,250,27102487625290327417110233413793225,15333677192022228991328471014748865136370034645655883707263674136462553197481
114,249,15176998288686804294851360919549263,29078582541520043879589395421421532764727503019536505389970280754925010851064
115,250,30746646060030905078569310523852199,76811434911327409306481636150511095514097310009713309173151217482733520423235
114,249,17238608404637186110042684471959288,42623849669113070159139872798954873206518904789658571304602795852115328385991
115,250,22695597170777644291128763233264996,59648372844659036391989013604526233938802116790844092493978610522840950256732
114,249,19107552944328234375364195749122158,13111368689588821828708411607326064940771252536482178674527010093050201231957
115,250,25414077320517110015097595962544321,113558176489107168654170733884131365137079622568163542864727639866508847588546
114,249,17717204299758574551016747237160388,114130319900087513516788345596039443730962777215097774923567664537528073024631
115,250,41393628111764451196080984711505958,39159310331444887509913859197631625225434470571512231134969949671580640988837
114,249,12095083863047921444675867162488625,29401266775224294915114108532642306998247443158836830279284776530419766412893
115,250,22159137045875264712390116375617403,43617232631542244043768358832627879898652831788933631218017174738398571001693
114,249,15237642903951133257970701074896034,38801941893804652113422625186709043802009241625293901552297034146246196156246
115,250,38954936372283973437017488680890237,7560855957542462381120198529911562327837999918071495585418978773922548274840
114,249,17432322395265195062845580832327105,114458961876619815415227212096062465115683369285157163785372832460659990277647
115,250,35779016523542259670640957584193917,31430015830944710831979963790811242373493199139702524650278226513841073222415
114,249,10499797679382943229676591558402988,65844608556564060718896546559105855050325298793115503788268856433483475231062
115,250,37625930378483045850799543823066445,47885873090945945151365529438546810252929395237381848172511458684834784713658
114,249,14470673664891727059654063174802389,67672292251192219967665695693703766234964683503420612182099659745871357272790
115,250,26126173789154243892808007764753994,109028781628499302401369531735658756469302081721762766056704690324361346765511
114,249,17568918763866563029045706148034402,53396690642794517984576482091531212196970331417936112792973445659816553169751
115,250,39730889808235257727824738524277146,56867174682054408402513730322887008081461962185501169994955793075928659611152
114,249,14359634298874659039768744910712341,72578463439479988101153788089805188824532026774486702410460728698959587771620
115,250,23995131576642035402403329851463426,81391986028571022871316123477023614161338807213962353260743416230381018467732
114,249,14975389679184531944027475367116518,84237189944333112553997801091241966979636677570627956375569751321924879445988
115,250,32952193002421699078962498656442103,82062451551453174511341916049107985757035555729905641138590160912787570617714
114,249,14806234557022000177217120526110287,101109854307913511107344625534523005662645885668968086637683630817430760379897
115,250,30589469431611358599042835931943418,80159480759250453263635335405867113526262609630530179768961290675997612912508
114,249,10811811678353783412675926325363541,62429071119411457880492659631481315733981963332856826844790183624273329504498
115,250,33627519250872253661892045149508707,57101729693687541316770176907357552405530343006932595138820707480612413221604
114,249,11086779931773703204306341561548055,8307179848829276299824652776349735282771981187724719464641361029782163884717
115,250,28880003957165856032467402242315954,97526052217343288263518582125215145287756523586377168320866555970163064862558
114,249,15365806373042604529017498341785784,115222505818951887181342657730983343407456235499555531157365204764864835269794
115,250,37317575122970942510587848422368341,76697579904348930569858837401531513888073053166369261101174563552121209674248
114,249,15301909666191960353119919623856806,110171144108278945240795981986110992382006211610231820577162287673150714194294
115,250,30073801323637774879409002556979096,32753142696856694316954293042029241704152615402666754681416791836460483492335
114,249,11400232863662931896402520425996631,33849103701928329133853096601613257204121502706890113811447482574021845907869
115,250,39540246247505076528899694766066451,63660829837238918533925140027965273938789850578043336883860967445733864579648
114,249,12152198133295550233949949654354334,69755525581918306918026242865821412689604095971196976501224293705532524910487
115,250,39800440677200175070534419339506612,89941220296152844891481127647079298753761984189277531319734957619760258302907
114,249,14426547854622701994161403278425985,48625575372438236464340281344342161837333473606570823374377252332309952621148
115,250,27919360726907509861328501008637284,4689748430350603855554200801110760434594596624593603839087570757695583166176
114,249,15670524361813287133733496338427772,86053366448388203859474254348067231727180599539414761223641381580016936364483
115,250,28043591447774160191794655135541344,66137264328063562567154984086850899793699359234011874655112115690216344621679
114,249,12062015409519416987123235058483344,47899551009375904226858505229241729716815630563386196270371950014680023676586
115,250,31116331921990940719924742445642211,72325506529391909582145416178694271894496842128329763017780980196722030728386
114,249,20747118675445427821521650088736228,48886018222943471152405451546643977063069072117154452654936614708804259485936
115,250,41243793073848764035994549324355076,34371696548202559567441038537328159193577581382945313871203408404073605484960
114,249,13656175176490074441822851327563090,34678274928016306907354706149289052028602298484960274878259055663811335136693
115,250,37922486930458093583009954143367716,112178211051071003550980613297277724895129247443829650075282344114089461890956
114,249,19043569105331653787695141225893525,64798788205802863096327530187669536610643867497623862067586577568324335985084
115,250,37421319061609895229961810172305420,69530998849062423027836374550708386839078034408913192678535536140599044037309
114,249,13706120936669178325632893560611730,26725418621100974748516062645409794567178591052345292685087755897260321908396
115,250,32722930677699695292447094103632364,53131007955093915335227285019098567859526631059862432276189676215723978271866
114,249,17956893230620743381478899348114001,17342678206322265058852666931629170920486887745166800502230764190596836463359
115,250,21180922041838994353345529958020478,100997757921526744362400964485790867062633713770405864901517615108151679849778
114,249,10712026342453913005167009692271608,4467100886516537199913905822439151585536065572739429786763143796182489663452
115,250,38413501243640994771597185276713216,41028930772725068870508747326974563618544017853331885811106732646237251921613
114,249,11382724061308289100272968364039093,50908583651266484844024316175673359733154111110330317770024463437916969068625
115,250,32128375472749937947619519852040563,98603067206569790742522769029946457101195732943831936527500091771353627123164
114,249,14408929507983628972061482071751133,61230588483905186987240992587932147225709373113107298906386125089927947059977
115,250,31257631186446514593353538644555402,22683493003076672761400542018398566217035862728562459737562615134406659967975
114,249,10705166365493324235653286273489781,89572375560218948625881445979378287173091403624363696394130466779383739429417
115,250,37793073038032742487558937101745713,21719961546071529950431106218259281251300441349158681684622052619818096430604
114,249,18215310463599400577718949632148715,26874241321726396645604320127048276019186412161290497386637515354599404646278
115,250,25485448655716560823482376644031197,55372932379069781679650773860655747331185403588068478706488805907177872257707
114,249,20425771242973173651257599506405710,53425009078515728854739323983426943381162905902120926420970880543369905493804
115,250,36979379154023982132328035138283451,22802975615874621562512236153485978062109692270070642699036025589761474860433
114,249,10650794462463205564114344766581763,111513127548824396985554914142000478838143246097478670227243961947593344522450
115,250,23252989317577658207227113260374406,83737596355476878157436381682665092767316685148497502472012388326140062090485
114,249,18900506181276793270259864874737567,11748235513031562408134824096884830431000060170195544967139251416317800540672
115,250,30098148917233140502336434955235720,108761465401964042728259596791476342021430097977517729185026679047737083383143
114,249,17152887903164564656794202566613047,16600362353060413729998669895003053506097426219966711644250537524677781214998
115,250,22322739839371632206542599459095217,44051410267565440506072594743520159434397505796464384532161353732842423716489
114,249,18743319473816494139345619518122958,58458354987231522130075209594933807671054899208313020099742526119609087101849
115,250,26937948947399466626920991489705266,83928426985726824220844524062860192041631355238594649641619754519975976551064
114,249,20507171484499487874754304196078883,57813503162731421554288825113495229136144536543700111358925782689112593146860
115,250,33220631935241221683836943345352301,37277579904148963428872790344778251169501173582170900254224344026302017195065
114,249,13394122550814793228047983015579493,67414995977899252889893424266221936968331256603483786899204119188248224564755
115,250,25098069935766835063003223926546557,52875512301626975873968670714981478959858283021701784084989983471349020168920
114,249,13696826546085191168147147841415630,94306538475332433084461694708149561058574254482370044204746847526391089459775
115,250,39396876905255586780666420519394366,17290471081070961920843895325299380807226006933944604971545024031646293614497
114,249,11603339781618169425183388900026305,114706030817522495883092714693821405977252598540652567531702070295499639038615
115,250,40771723400849424870392644603794874,96036996037854289626726339439441725771549718120546751578636850684687087505518
114,249,17166669602377822007065752163617459,83240058081029578859396205344187634120694065436524613335171066188612399258702
115,250,28753330373120630689110601555439260,81455650694437418730356155921270539929800961075924547662161532531073845080723
114,249,17470617410677593115382838239405974,60444338858065538575144674683268839718811653013609126679097088859521700398836
115,250,32866439413131862069532428234949665,75832259674425606731645687957410249799537263177327450409462482703977819035654
114,249,15675612978134042310012298552609414,7453060345040340243120467105082176768005832459043062726922886040172664810238
115,250,36816140439781851192212490094437213,108793777847593830348140440979538668266025383399200485916580395270305377219613
114,249,10858081945800708032239180498419335,110903112969269402644587784157575970948978047794699748575029503528019284675717
115,250,39095571578608633535704277600283542,104406317698883810914328035777357083605092547321724518530124243890374523320905
114,249,13337932783878686701999413036733138,26668033342764580409889532205779121936223332793907875702655110878111100956189
115,250,35219874980931074334463313858910800,69580547568128978100524640752990726226425028867775958508471132460853008049108
114,249,11346596409192908585939841560093940,92115808458869744834222719848200393495618415700219071829345386497002230834143
115,250,40383173960582296886626594247924101,42634652966336833850193817792467167269300141905567166767716257325766158012706
114,249,10886972519587508560975008883399285,109620347004205210273547026342503376061745064281202434980137632750614832080955
115,250,41086779669027091815812417293899726,76118375520882475686623270065821766939243781497010054364615359579925861615634
114,249,18493740701021762312978287264626466,19023778216189286584693118355599026438054217755502588652024487391035890032208
115,250,35477739059455692379458814351889712,60178994425356374642179789486768806790575237639728402080487610849494601298686
114,249,18164769266691848047839593030932290,30786556489862838005367695950558149239162889406638314514064960233334904991907
115,250,23713221106124754389191534350372765,31527170350679753904246105445444484475002512641715240734711376649078730499538
114,249,17423989829871937823746560718855208,60777824265159699311094537754839235371590048842107171997098078128872039254921
115,250,27941157521678726327518248487135507,3524593424078737318097941081453056708812174287624551034383470531990196659429
114,249,19732033188834783473525298611056016,66677338454317104417432071808405914702546524941053101210876446728567987273394
115,250,33285248389359639585816590104189908,41505857022887997804743054251660203484070032932797508233189705625179223673665
114,249,20627594539279566001319473818013995,26615303511497271628117387363338658656867103866642961424190692968587106247555
115,250,37605830571271519869331588168457279,27204962270394381110245208532652191408501928905050245414242816436268443251520
114,249,17766072168147203854482369136206637,934944107486802811645590823342305750154101119165339656981008978255514980890
115,250,25704672953201825984616236103631001,62204192086923815601031893949504298275189647630547411457057476190025456313398
114,249,17729320875045906808120299160770005,99479404408628392191955943980452450223734001789616024017642837014418330030255
115,250,34926357144590211112753769894390181,33925181914990643462636048818594834116854873693658392458476145854475197157272
114,249,12286466361319703999351863799234419,1831196523065929872992745376586074563651203782003795215967347807277257131921
115,250,26436839209137524958836701713868925,5847150993185997831987019155954396007686003041034178201221533339982765731498
114,249,19702690958646842042065518710459648,59165544121028949836888143127916799104636100216912934488464247804974391304077
115,250,30414124393070700557354867790498766,64239348872347179256862445481931705173672594575348945795206376095406525864498
114,249,12605354199166226946043848561894909,113903476319612538846459499171272067897950395825724047370018396269949193569161
115,250,37625047228213713740629550675445271,94754197373225118769287741503602757866246248139792030992801126869703113722094
114,249,20337003441584344131151538986549766,12820491531059951549663508819654966059219676223016061623628025403207482809695
115,250,39246967209010586280107748750373600,19733983089921860959806768864830757325855261300823492426362242884017911042289
114,249,11993309472807511352804733456513592,75413616766755709525834939560926439254334558965535186119407820565456362332977
115,250,33322983595344324119281648636298114,59009431248136868845904416200354730440649704994762079000870882105643653528284
114,249,14286773225721260863320102555956454,44584334412986012647821065163289409674295861530229952458217420710872138182605
115,250,32116327537820970424403850580433438,84511534464400974613383811497634606253547273355479867786392863135677370107935
114,249,11202352389388000178122559952317600,108976721776044477102407807317042921253774380640544249257184576838726067191892
115,250,38814856524521109042622663199228801,21924856089046891977132791113200577840711571262683900183098193271594562826350
114,249,13811986756259040070536724722543451,111252469050981593576428876529616909396459817976859003150764946947599608536829
115,250,34743937688157029982126450954939881,78403788003414466261295020468930709393903822080288971725984674330495058931548
114,249,14054648472961322815055491216840264,7840370940845761849968506156390813017828069833505954432492806547973309500284
115,250,31211018418239747507623485441692710,76782647686073336995559504533435476746043250173012935360268588879301697976541
114,249,14941681571047243297114159553354579,52821190319903709739666377267075594968118060893307065223552570468044610411807
115,250,27236731816086326038887979892210021,48782253087869402613726108595897354657544104569844251152168711216123906544839
114,249,18517001840751344555564494775071055,50081576969022393116087041241873256055924481125593183402194046447628855637422
115,250,28075673520478091239986583830651892,105964540463632737450332634186770428974626378214099408865504992382886235817597
114,249,14644862013898868508934911734385258,1623014048263180749674971199398131947924279222313161653152869359075245116921
115,250,37342296050537567166204496362569904,11572044426867753526316172225254854516537965259736211723146393051520873955881
114,249,14137380930699554520751964764721808,38377920142930595720085272492935676949824422285289287280749576385677099964306
115,250,25105175153230337413433312327966355,74642420850746851508719161618228710774903214585179879973400592888078759790115
114,249,12929730697065136165996572267676735,13307114930483661646625564083079258000481082251794800824582621172966910368505
115,250,35074228060598470458184497220282758,14640815818822891091992453344071772346079553044859751288924678434650393795295
114,249,17631786728192688133249445373492000,58206549610728818131581171345643005017580089864049104616061872992359063406356
115,250,39210975609139010644696760256623504,8113829056010978507265770825384076985637196755018994598741559411196546695191
114,249,12089986789738623651134919063268999,17629970455201970842197935449303083634589430723120899963700339787031021084551
115,250,28043320057793495799081208654934141,30806953759273341123890370216689769823419142760460385530235824205738093368151
114,249,16610364041755880769696878392010029,63927067474135004002806839881196620051459915813916509071310084373024679248986
115,250,37018723064719624953906076300477096,13233173017100032155280616895458626814954173903142931009885684293447117257785
114,249,20385749483970101172645240656731427,87521740000420961699149868613645269833462652452239644906315736679847249647506
115,250,29631401163298588242826511932478148,111377477187219028048858677934951984993685986329607765891307878477349056394198
114,249,10846206119226983649382854827090311,89620954135717260201687549489967698487285375714789831383291669225117797442638
115,250,26488934571293377240794932941512428,312754470780080785503889871653406373866115696912523807366864466858150746667
114,249,13063813297940391905341358464461701,55981561757206691372461044051632697661051468644512245496281353689466251753262
115,250,26678329632844574889056020379157726,36515230110682766964681636236851579097564093839239391159626931339864711904722
114,249,18762711659665463208123483403913124,30891205933743719325605907118018287768055005777277081414604154375788035093268
115,250,28985485318665265996871256899393067,9359909664014072529549501972981253848838919759363767545869415614995755403538
114,249,11550406859647814159919373203405484,8416269350201372192517842912839389808440738052825138253354160251349144863398
115,250,39718250672569861223193324196139831,91729502565719936878300592945691443610318078141483552976878784801399876895193
114,249,12053454761813005771649077765641087,46602000223033201146553124115249642149254742281061617967826321952850871115443
115,250,34492206488926158344654547116989588,39876428682187923003896312405789530920609313319268853099436121167426408537515
114,249,20182940919880039913761745999035586,20402717908835391504034022954357053051075863053199719938461149139415626974344
115,250,25322738280489542871215111084169655,50575494312873415103873537466741320697252042153800989437470029252324763348934
114,249,19897375744507914693331684162195203,53448547084472910627183171539433038349691895172763843756564186919880931193417
115,250,36000881893474960361099831560471212,30251837896549996348059146862311388033665658119866292887763754977113731260028
114,249,10880174694808351487226809811103803,42494702100506754000739278443461020063006794373640630902321794891572879782188
115,250,32852208293705997848785481029986697,106433110345715473972829219266207737275199476360702746375251682958889513343734
114,249,10464013732174638238847125785147646,59650287471012262107438198534368632071064656052392790982509513278378927420564
115,250,35940418842388247532289243905111468,15945366818893200598738029168142363378704354777374564782279736664747519627456
114,249,17244648351375860056996046296159875,68598530838003891561625702412527259221121270261643922312146788700934346842562
115,250,21236674385796460623545324256607527,51577212422723166015117117069150453738209391455970873989978030859508857586023
114,249,18248395444467139618162307462310681,23708659028176935162640158789748650500548340100632042225622107173130049544671
115,250,22579620683592533639117378063011392,34086353464096177506247207562776294148552044577642592116818010025748300608052
114,249,11625097905881397790486315845002056,10317817751810660492449346667368390585403166383688557459493687270446931900597
115,250,27661945678616932765042282117784190,38548904573802791992259542279621431928242555397072553786343911393215220417410
114,249,10529408241911539762482640319617801,47028396601470544406509268170421045970163659124711068558274185263510816415986
115,250,35641073849460640346755124300755708,298501097903991215846615097767838454541266614769093728679577057115620517935
114,249,17652618939599294618701889904687337,8486072242097804136569431326038903961944649584664224545705847952868795980655
115,250,37990009179954630863647244586529606,51476687337691319883117980352915295113255356318783129570522627665419421499735
114,249,19574149837652079196106010755549746,47261005339952034775710381279454793400356083239582695774836101404867916798829
115,250,38064989568394471566335235743081420,25448335157138034799762130312516004845528321119923607982834979703217536931062
114,249,19661897690220630461155116901451793,63604571503788571946864333168439864316848904061881126515112079403035837098351
115,250,21396285788968362762888577838121803,9653684302823437568373905482983505674305314056500689358583585259459240199364
114,249,19247982486008113441975929732428244,15099936188171199380845927493407592146470445114870782159069706841252073915299
115,250,32840506066928585634587447030259921,61241195005908852059008544029132930567128264805978102330413587181822306905604
114,249,11786175842345880123833447463233448,64881373716183450637670477399178692706357375479768483080004997400599035023471
115,250,40761229295644309751718552221343200,20406498837622252335797871451250640364490259678332591685182558144880877979198
114,249,14176842444603992208665570604082814,70794712610526289736999811704984237722538720016081989154434310214165589250663
115,250,39592396560962474623761943986727410,55884954624765252854130135239988018927703942532707091735442480391309748465118
114,249,10711513846676045696409548342712861,81237586976736896150982263577030185109365666775596942814258503716892440811912
115,250,28936671985882248131287731908551999,110074228449043715020806721505273731932014062479120681708426285043834514019591
114,249,15602166765796791882532688134475745,14356890682772367803639765755985544429756261271390835543135494562475002121507
115,250,31554294727987490410201584869591264,55063445671495557709441181725931205136842961212787262860697689286155620924709
114,249,17127312255896730732461858166077158,112269986120985238063114702630857495186943550782069816347907052599043238536375
115,250,25575051589606587960074513322122615,75297112658118776475355642939354695867553853392952269229019487607264076856758
114,249,11519771675612228679362573309349104,2296901646545409016696725027010244993507318919579274781245904511295104945071
115,250,36423006959174478658404615240246706,41591547841096001899414224426400819344061378600633611616954715974293765890654
114,249,11595555062005180172606331730124110,41290677293307622886196771002520378040164400200967067073721847866319946233904
115,250,32719300039726021955027187217709759,106375887256907220519514490213522631601265573672951901743286116465527231778838
114,249,13725826521566843870316151942459368,109928367930785600626924147064309168116847175090783293129580918745611080368459
115,250,36904598023124649690873680477919675,54236544703139027174532783234951727446131608144510011018365537217350075324725
114,249,14730842664349572050779371567268823,45076655336408474459060241697743499916618052186187077907153657399707390610039
115,250,34756597548795790525840356625007035,5172431790561783563302235558847955182095464223237942726797187687041596667956
114,249,17438293844787603357797359165360396,16360691250844610174004217270502691646764295162888660079866769862668163810904
115,250,34729511756631639455323982109964349,82441423354105769359725661545887709938031011436887273962706920640265585977719
114,249,15554022349812409989940681209394819,115249778957718243337154547321632324434149511961856430734434887930185030808902
115,250,39454075495532995449013035006058811,50420837081259984951054308678146126111684587609602712316971065662384858914139
114,249,13841583954031819768945497290395941,6680199696946292682575892231598270334982936733231310744895799615130804032503
115,250,32417574716244602659829754546104737,76962760132187226428387427778634376855744698469300082952518585884776907302188
114,249,20130182364069137259002378412989782,34968427700010959831915876231468812847401289245233493195718452645547553262709
115,250,40246731407025160542897457339462044,78832832575835674131786740467410301305212998953574197425669619623661807550340
114,249,15484151693628961564382076578098618,35295735346489571367124049577308094747779534497741190302505335449233227004776
115,250,33287696621444255961914939994126305,62958132250095695221727318064210995353066286768565726924701763043991201507813
114,249,11128219312243665400183245506418527,9879119169372431776436214001896318105793276712704376575557977829480159262333
115,250,23971292925510317975191122052387739,65692660451300257311821593648688759619437450223044191466788096742219054286397
114,249,15676203507105187158958916254191482,97529309022918605401346162368501166531301958562618304403325679586684126574765
115,250,40883887009518342278093997181172367,97847164549681687816311804236806864835151692240345790321555977180425710681801
114,249,19025562061173396419838752130635069,92433618475815999780664400523145606007917688349125572320946882502247379814620
115,250,33390320640138020305941564743271035,14593283633382700014455686622464655703423347868535794934789211024227530159170
114,249,12083748955439979114635912057598753,1060301681393060537470934673242833658904794588494160518100488982954098763455
115,250,34948327827569326768811592782957805,94592015058709502671863030233709512764665474632181554043299608819497208331476
114,249,14388538801580479547626754665679404,92554370622210656142199630871460792127042987782727712285246683446753069783961
115,250,33329206406957234402660551863046803,86686026914457009164356200132832456206009118703017862651862915213479067966746
114,249,13453355337912395248803207312134522,53631476463694277276689489763004121209036654761796715483505643066145336649782
115,250,40466599680121176707661373426722928,99371930664821700583661149912092375395303854996312484644450505074160870322055
114,249,19965371036285559086280485144038290,52923430114080971682448793327849628383426628700283986251952319672462735222232
115,250,38283488030798380732855096904223731,106689475840347211474344919331800137543384484762595123915561852837222116519828
114,249,15967780918131428641155547714000257,86784947521446163222361637912388167976572614341880042559269864178690893480293
115,250,35493483810315787642502681258908448,64490925710305705542144723790162792960553430064215495052667302541109287839868
114,249,19009666248707312953208569789416081,73835305412363507528433372107816292046550606421078983806509302986337979432138
115,250,24733994418334665819994782669783894,34401444804020962789065435642584390882761091021018413303059652991329774909216
114,249,17093563667157136443723768816331185,49843149477467805994953588460694062299848202695973203363896511884719260362656
115,250,24921985200486314465104465869246321,41481028174230295356827985942486995213501624761037285951666085742077213066318
114,249,15517426001729018383570995257467540,104968814361580475962714131954175232719598206485021430276345601645210440558894
115,250,24530618495368445664388370038088681,35828843239743252494240209838982300710649923299602659951968808542530473777407
114,249,13641155770456401792240830576121787,766087233705726528191384974303604955849204024566731577028423198202894892438
115,250,40147221010309114720107278496569464,53487891986747837354881171775290507164810417982849100684581682631024420212157
114,249,11504273557871879943249820757242666,86500805459754519791977524099894194133157211703551971347404800533251206311851
115,250,21664867622243092536980494277760326,25892148385377003078442832895605673416186711699771093618637155636749738364641
114,249,10573433825722898304895646066161772,6964219840777953817555402858217822732300523483329422439513338304258689982775
115,250,30335124368922971065281859256389223,107648967248450747829782867086437817884676856283745686467954302077698707953713
114,249,11983655874753127354477270843480367,111067239040315815292133422713927716114196512608509387421105543163374360994076
115,250,21278639784269851079313445080498244,113344245339612219804091935802387789971818967088497760499696301795442015254547
114,249,14771672907133184833827585232367981,68519277633998117095314494650952392122012808195617285228847544393113719478633
115,250,20920988502021124733809009204026256,1260552844222238738058715668160643747695384385303167978785365050605403479515
114,249,12968736342951077789620594032070899,71061881007728224149427151152341398232726173451166400706790493974616228439032
115,250,31942890401574184003849684360651343,53473400631156697405849384184288955214599101616846115608167232794307617573979
114,249,14511069121431120530680755843837027,24023727039642050375493676733795490815423403458808385592740711456864094117612
115,250,38290285238858465259446415008648176,13886735092594313449402322531929981262136466010278399229674195380062626773322
114,249,14867004035960602160718101150796585,14288841061461609751074160794755847939206149247172354640831682753347801552361
115,250,41316354633855010258821331206905128,7963560643637102757650623990266759202683655507229970908398258222711405751396
114,249,15449362477350755583299158696877331,52666006779469277653163333762336705639350650652279840861991140426571839477070
115,250,28783739132467538399243890259266243,50910165362697148167565178415949640116201639583326888338430213933800351945243
114,249,10953722117328839374907953137795305,65113357155061765474261368508431403234765240222505865326967888428603273268053
115,250,32087025822912730141441953038877359,1627999261732482729612537210811782001320031817583428633835100223269147344028
114,249,14418264708369574048627028665993472,101179002427475877029435318657187090584941609700134755754017583989240749520302
115,250,21935212520667659955635470574678996,108095551949694791190226875345297754954449948480421761492720098676661709389534
114,249,11887362284706175189955383626268657,20579311426861149048975600530650624883554581957595929945946055837397464715305
115,250,23193044023294829752105856946982099,22968007816482448322078574208808084595884727958502499422657594815720076915924
114,249,14196645256164871937094856295292095,7516153037598281785938361907614914821554595335573594123923944977066637965840
115,250,32743862321772059323955361255911981,101484366857454863088335022871940543225014554336166529188328244701593096331260
114,249,18189055202242286431267010755379893,33022236298888172427788979566983632010039983330692369657371972621536333997731
115,250,22025493689854477999779074854375413,110337391055991339133577739450058158991942656778558427788862076971714028677952
114,249,14624620862522527084084211223542860,101935037919554830788554249901007649267724429128351380574362333297463749805765
115,250,31442498770239964469969293115942231,4606006456903689072570844606258545434794797520995966139887302549282866465210
114,249,13058502096007174382828274046178037,55388101873451237070319269816975647255395170194458472224023216070553156146140
115,250,29611929649878559715633250912494083,98910851001997302757457504079879508731918663958737324537615793368054648429839
114,249,16190151904859997000218039391550846,58811418483710383642074697232654776188440900011013327966795394807099819010011
115,250,35805145190564050911586952883746022,74520774608268940204954821725642699294571403021917065780059645117958928405726
114,249,16282153660574263622708139414006579,94770565350627554700288828917722943428569656133029999611769700751081021908609
115,250,40557451720680914931644151319421089,68341143164633805899384617876677596991231175556640835775611867512615098434012
114,249,14160993498845222962659299245478468,84865479812316083303182415225157161973513152088457223976380523579785824999670
115,250,36820062534748606765614338290192663,46090391927560299335916643670814735086203330016065313888349993974014939264210
114,249,16689948670468073563473719608469205,57019117669584860068222626827808876190270586846473710328582858352116050688367
115,250,22418621303232400219213332187111955,71017476604648810431290096240104200006198173475047350430851874909471814087075
114,249,16401740172360739570961754931497399,57982644367531451820078938320470203270081010299435334508047340466311653401340
115,250,30711959851748885297270282177584863,83801387044198221774627289684339067603131408918385662341675948601251412012685
114,249,18280124843790509451483686795296649,100826176024053923643234734654612659276251719583048164915242094615258284428304
115,250,39429776356004269131435394320291113,44314182303125869066127065365823257237405117806306273864260824591274957520797
114,249,16511592717400258849552745667521334,96024122275895994985505463988504799689029021945706315927311272523756545211616
115,250,23357553693566011925177346676693111,6613566465545486535561413751181881760083034074060400293546998671423501259292
114,249,17332262847264945176459938389595515,32302480379339460208051586190841065355793346547533856688404741364704611914278
115,250,40606642878360471622677688281593237,48458722635703081279355502518883985079468977332898648198868225772693150340200
114,249,11784855344865948164500921092850702,102646370283521485840862899817404313835649064653259621002998281595609609350441
115,250,30730469563447960692594308818689206,6349318033797720227850895994888652622667510292216093198209188256621470602051
114,249,10386188680414371113644827648425068,28221452816069547778947778229257838675916145676077476891657822094683448989846
115,250,27976787066584727750195890697182816,5765281836245408688817417143247929330604518398400929253460675676034435520216
114,249,18980148866938235155813075651255045,17072970394018610297282355707972874075315532558585249765905980382140997858825
115,250,35598498384303858333732353747202563,15100147703480600252678634704099085785233658961495768539573832748688442576908
114,249,11275287231471354443598121835348780,4319637285199781230107717463892083305995920186786920169132576252504608801826
115,250,27109586140855911059989843054801779,74548046882954297845477487958105888225258320234268002418723224000662959646979
114,249,13655871391539376695891777412045650,88256923609433581215194119560765640586771835202719404339450076248947745924565
115,250,21038019520518985737125035836150254,13607861339653872011189163561772975913727909820863873410567810745230496786136
114,249,17351377719591880924191670309333927,107673525447671126355865481614400580356578362106898248166091045657733965182611
115,250,35003616496906609983660279871402009,113962985515700065260952977773425435034071216587498662196005270579738873909701
114,249,14108541568588289999951172891729907,113845886911029641939175138183418484081499009346331100627481676802440987928445
115,250,23333377915989977714309173019509816,47714108873392273355044842933556132115187370991137790676929809491647403123404
114,249,18347061357292396137397268399190675,108574880494161124701161740297437611422838601693605679866600766811599381011228
115,250,36412345936483686237309232213631011,71334300598701410745991660010055042479107536247105361152242017629967566522383
114,249,16239782546880716297853202255655069,56831447643346790390139978091135048351514617939048903580592481843253807998982
115,250,28573363123359788989369030487284761,97629294502750952850500497595410181314726300436063476516277227602134618670942
114,249,10956744244346909817183555462204972,57008042799603809883512289153061067867296496011633804126462356071238021933973
115,250,26042290814535187083278366712206053,12998310844165250422507067244437286962258663905746929567834506849731026268907
114,249,14484221543372257948805488111757327,77354688331103144001283861985092614904635404146746216699583071591293676418392
115,250,23661386149660208250897965421227875,31336872021662638402938903578899866849019316807369121138020178016858319146797
114,249,17343836741731443654641083150281523,28197120039904855147471628042421317478267765689444062222651689936123964457461
115,250,21518401868203710342787476744033714,39468875023943579302822554020009107754540366958616153589505487778998831925137
114,249,16720802250914108256988531723441770,112413194696601575066443952530220642535924372327817818892537636106607181129983
115,250,21420050502358198988421639647688052,17478623297652321797903061180739977050779790210940942012751261501015985064724
114,249,15217619828600913353914672871367880,113536363922626089830969206263906741865125662300938368896191102759924111799471
115,250,40649778421459353662106570438436586,88862249247252432104887237000810196859594966733144636687652468021491768034399
114,249,15420933371614314897632294535718579,55542291978267690123647883702144869583461002371190487662056692451012981867794
115,250,22595896319686521947829876468618474,30589865939816055642470407855084775637827170113503768108911810724435814747641
114,249,11404308233470624922335993693700335,38746868907475779799283253666829010633173266277629281197518500120297586443016
115,250,33050294916411506293098139095022834,49578764513160766898552580081094246802580883456125202172985468746116764487500
114,249,11112862991395388186246228894238987,3662022922788276104941579066814205393648967165195618383680860625496583406549
115,250,27251989065990200536190572740324717,32158839398267185219746211092220795138553309784103829775679473290376582623086
114,249,14176120546095723191338687652645176,21355510059881309924198363927292683580258549312933380093033716100765774047970
115,250,35501020156896602132239986752054669,40176564033474411672992954056883898167186229418346079719331953523884911872402
114,249,10466337879399198654373599175401208,44230164818927756557527262824159965215426007926988392951059940927154317174258
115,250,35739277387569714516181608753920015,12412996816097630571597787987295859876491842631849669684230839057150061488488
114,249,18997210020742677205091866808204273,85811640065012248137396353867012816663094858877136905501324512737565393038530
115,250,33180311969327817618660167150153383,91307046725753476889912757836239297395739884245402343382389876607644347089925
114,249,17396569888827344986158018869267040,82700964469164131105633061778851865480153779509343220567716413665085251132207
115,250,33498220765895793617601812525280835,87846652828528224726897541821427808946797794621521861709318587869503270722779
114,249,11310334426556472768468393621361179,101849841668280087131355323413434040893123170639996594261358911409859971951843
115,250,22713295677962486578523089219048736,2793259660396656844212042637549153207346882367287717726771342678015939988668
114,249,15857314818668198045795337652998777,90438007533022518185232361449334260661928977782254246346486459537562292658063
115,250,23049135386351843647010432766014207,109917054489646083962032182744603999962176463494659687419043407495414418387897
114,249,19599110414106482342286873466326399,80125594993367599026630045352020633826429237001137957548271297291809552555204
115,250,25816452353211001655819565608260118,51062137664620132307305504296733270973808362712464806689180588673133658317061
114,249,19170430303527238226223449600080109,48773850967397840580829178814595645657033279703999978418673049524946972535353
115,250,36623237888569066243137054850431056,55496935871521203490733875474973178657536251390851926118514864676859729842121
114,249,15288996980980258094016285890997531,97363763927977503857205694495711287197086435468749621905897984485191284496290
115,250,41217465999630473461942464667314114,34344915281042384743264809239987104605063524541541832467038863628199921465129
114,249,20010237151169070367615542028846670,99809488323237755324011212970314624943002218598662267876148807028948572956088
115,250,28497766769130839411366468191610859,12973282728315066265900996372663487130821718102986858622699190310188386569224
114,249,12108251773241703222776880605780214,35747362788841383480586978573284757699173472872377938512333947338455474406287
115,250,34548032869749092188119062385809657,50405841567047259948609199345520300593675892418047140394813916799515911236626
114,249,18138933778393868214152380974423549,25472172169521388935810930806183109293442260335035798472194482251225471891742
115,250,34798890044533866524042305073599566,58993677473936442838666527256773002218817737039891478225847681266400857281193
114,249,11560863260376512017480859176480216,80161122757717586829873700679097297965670780939111072583164763211162974941359
115,250,36495134728726580122523027384704401,29798304402132197731070499488937629323611886911668362597270999976343343960012
114,249,12994154753582951996639163746735097,16442944834014156624288121979281196593069169101363144526860994033665782257074
115,250,29667197630541601036534053510863121,106387811900807241174241058442649331559123295686290525909051237388195503542273
114,249,17505719563835645618630738335638234,28428476639406657511490378763829840444144944315636541670605410850202818755763
115,250,25055417429033734395577411540953807,94418930280267197001824069180011614801701412330286847224425318784814715950663
114,249,18886884091667243807694956642903997,36401871203875552879227569373738552422624015062769261258162661872276750972289
115,250,22549553478376835482739550493592890,107212789327160130917010410239301283257702624062748768980100067057684405110375
114,249,14648867294156394956441022077337533,75863480252169828247745781945021033119690938180067635180000569389365823173791
115,250,38400095582042023108619689377524673,66609924568898513779926764659921665329322105758148567606709683629211216315930
114,249,20351837771577229695836693327165703,91623283161447674085307425932485705105771813648891755662960113208828210664237
115,250,38961406072413272005416245137894578,8615065118434862516798878984514976995603759123388687812405653106247089225831
114,249,16212552527228063601164555448643599,67183624202244702074616627988057034286726163432499732937758119160753962065484
115,250,35129700992629167018905022325047541,114789888961895216706599762730457496359878305870396396754290126084221070666881
114,249,19159056830997563119600400856304524,2006405226817605006150006746722956769702154343267414872718713912307847662654
115,250,33255634684329146233572055809248883,75483719592564144696693662292305194733156677664580458916558888489112211596653
114,249,20403974740500639387079019041427531,14448405513947727667837536993910991400058240576707150417718404276934314721862
115,250,22267428487543924278796422748491477,67795494574227913292258016214765598643580141987345940773182350125640799218512
114,249,10461623878766501363465825321616012,45473128942156740785187966400391896779328195145524806576521477585531514264438
115,250,32586696111256981635832302555218812,24926333268179234877332800342877613184669883497919551276180178821736100494654
114,249,20706870942576652547319080095237684,12590687232300064306313813857497596899541726792733717186857633863109016087417
115,250,32766911219597145591423558627368042,60513010703695040396721959914367668647118290539811362430848808305021818228015
114,249,14944340469046440885562959206936671,89460643532934027721112764164136390440815491411532746214905317683481575392283
115,250,27613059133565846368591361855967159,46458489499854893102279730275400912739924366293469462221508164217634416749463
114,249,16377219280828964145308535701478466,58435546971532628967954855731491546674032282680351503534771505343374905859559
115,250,38605826567557658855254340818852355,79531720572891190232481987815217463250480204545438021434902483455432435768750
114,249,17113722546671630303286567843371142,22079187353482908920995729400284531879498554326023169087085821672974607032855
115,250,34770014582868009701251432819919972,78735374978924680187428448125239312635467851102152499129739178054050394347312
114,249,15880810348005438813824539744433170,63534953847841215557281250830392894830774153131400261547412864151504978273385
115,250,22250778388433695438909622438852573,7583357041203464646699350809747749942098824284743707982873114930868759477246
114,249,15453267611800047719851938225416791,27089878309201177018617018697746974304040868162254668028750289869327655656713
115,250,40989879680148710213414481616095620,115493567278218462454682007380976547765305693665003194178042876243222336097796
114,249,14414754225864830525908224013809635,32547399302429266793382370515220100591311350896094132190711048275453235011830
115,250,33890871033252910206292376141817442,19185781440140221470326464950046780969273102868397377488263789913950306130432
114,249,12546472115931967736827609779215068,4336975544062505140583355432411021539486623536765924350617763696166178619588
115,250,23015626183358227213693459227974550,63770477641042788050941413359410062305539803563374927961003038440335479746714
114,249,19378640492460722346504631220101445,3850478763352732444320615369879654637395647619793972942014018035556259837619
115,250,30259818509176574320593528599146540,53324975107666469054682376698686465722522708966773889262215030338059038650890
114,249,10826417288424540398660185832744103,68167396455112432444541594470362214498886099591665482143209005912992130844664
115,250,26164694928158863458308481306135459,55503894209674757289943563650784728749168884695168616809808484894651837171610
114,249,14413559546972629285294730221404371,54455450457818335019988055101625246830815776665472660402115806272051218237134
115,250,28829860221297305235397756679693318,33275145518502554994746511571474243909912579272278900378104641695791355961278
114,249,14364467013933245610569885667201674,30785453461483000514326749156362545201804649348977924544117949339963445719612
115,250,40916592671855374950781664407430852,16297290030357195133674209044105279810024371024926001050433585847457745799285
114,249,20075159401769760863341325783291472,50271801719085085954978171827033780109215640161073853981932491809360603441199
115,250,40239621110766700113108337322669759,35949167095722338442304999293902468557916635404248422450711764558774444943154
114,249,10569750473415717159505211043327618,10716863641614857794280773156719252503508275927237469556360334207648173104754
115,250,39921382158597365737269063639818430,87960707570182099754946801187663790986006543376668078342953466031263500550586
114,249,12648192097609688365852239979042832,20817176374476690452581250585060785342226547747656595408777179442408906952414
115,250,33697047689215877620428286578699590,3368701363091741462429064557262016957076827182909444479560425630672227004004
114,249,18914714595619102509505887868075238,5667961696127162700150579720484123385410828666440731485981471173715251350642
115,250,23676804769143358336378389859206672,38068356168792110110700255703925289806756154487878934749366652226900803875148
114,249,11380550405376654001742134486349794,4562663938704664044919633189604271026316251221468407022704855939118350903783
115,250,27322435323232911219593451855100691,113076822828053954789602934703072956685782397387115489010750434630222994957463
114,249,14531230146777900514254801245787280,43554066713221894114898099028353354925533886782530838944916203558422658529667
115,250,23212318704262883540164247961750753,43553359758004829087622713765524397627319127543301171050296324774767865668776
114,249,10782355678804009183535803872184162,66386789063386119741011062487521284497483176937834625885517344964276680859098
115,250,37610831036040368154187523071347935,3253394947613231225868157704310834356540348348935158569896945609030926521778
114,249,14835390412985588234633971236674301,9354239682471620273580525666666305113219912837234313599656300990102041040810
115,250,26144508713321591670810529633613523,72620304207237996273743978307607245349188077219465749805563418550376472619406
114,249,11265510613718362245048714415685160,48472185357065087754916606504190309031964265818481425468747445477521774084976
115,250,23349997597386427182471082286191349,104119840844584033432160697200439612163074702691914634203576156097860647842497
114,249,13475240896374734441840536005080428,25705663695262715849479804681627502849435463398342117755917393569266163249003
115,250,33607600149796016836321020959664192,51047496027484638941750038372439449933310810263746807277980965716148388880268
114,249,13887294319046579761206158049887584,17080430640933694365371928153909540455271262552459904068019403947030251987872
115,250,34483520685171037017577824861569688,57542884231440757378501957498501566286687614716038943531623310096851720345261
114,249,14366034465573928536794583019212338,94349175430060048576859362556313708929944770990552338484207562172691736096926
115,250,31000883926982490067624388340727070,9412500249647017674726045439589153813545924358944808921917532008010072406250
114,249,18739020289920904052108950806383490,18904924013820163063434390390703981935020608150073336224233495895475695532658
115,250,40907174257936384160384645162273588,91596500187821939786382768454833901263185016161447950704864675825711684782202
114,249,11048632485197246470261609964879943,29119021413846228243582303016011593506867410994200984077257841724144696839974
115,250,32293373976161161544584258897582196,12771810960450406484341671297656885729433475923726317488332634986520955182997
114,249,16293523583833605688401246562807736,62014969851345318967041954723139997392499196355563721426559135962960654785612
115,250,28029839548154722567262119682723697,112810237596527369955953891323685727821594669114265377236611596723956701904012
114,249,10420141537445950073311923349840202,63701883479385481792533473106934294966140872420863600717209191503584008003830
115,250,23318397806404490001135674269254800,94706324147174827357288259310593494916563108484034462194579014524074425904389
114,249,11177303572296399889226595542328950,92153263962913409720156749018915138875833187779699408026588914948617972320793
115,250,21050619229125917502887805904918576,49081143728291796411592809909236429892862171040866763616348344287457059404048
114,249,14283497449792957644023250638099699,59769901056844125613336847703307659380033424400096034837628477433053041964150
115,250,32020161406698802728038692674106350,48001298570800599750255934087660933014806781110415377381287860374604481886495
114,249,13315497140527694878422138001681740,5028748358070903918052369977797048593347889385851989225330770086279770620405
115,250,35276778681720986854614375530888142,109166584734699615771869053658740353629569972085172257947517372235338567511711
114,249,12328113584700737350063160091338824,76766887464657613193409477478817420719152239223011385049130433355370933119823
115,250,24965012885448271382295014684260904,77203724581551031665978007295471840183625019681812299046110035248948230729961
114,249,17490812481654734642178403591813531,78619987940648112187090219023815602845951308564622687654951679902405106383990
115,250,26373091488479854800785667875973490,52060869187910808256034265642423667545382946979004368301354409736813521520812
114,249,11322649203221272669584137010856369,8396238162842430956832264995312969098353486555419458449063385170604430143864
115,250,27180625304890380692657603891519063,29839222974234878508718554549423739916652580569523330068221314925830772351959
114,249,15535655512977834195837106864484718,63824545187048787853333327142147003772596234853177726835412640937013897372234
115,250,33407941181132437367770202716364282,90657381469181107248707975975602467512063734987569494036439166621184385439823
114,249,12524629091699411567006770558969732,65411895500464288016978504346943158826134981313180486840234826988504127656829
115,250,34571994462181191395219282093705417,40060606833921162903337839620839556741356178021070312030542254164104913605114
114,249,19726278179642723273582146323880147,718190385864998406555899518047152240572757045227730837997192300745299070530
115,250,22351244983596780576066401120471645,100392546266010523360271783408066386171542301886819016514127897206982928250238
114,249,10850406312210257809474240677952531,89057703788232062507873075701730544372802677487490058912633467982816628739163
115,250,38089612413184663277447219531204674,9451143516129036532327403367564462258834959780047744969421859444076369846858
114,249,17966814077499545379232857656125879,35596657817878002468882558516758665986302740861849305147710893216886335541611
115,250,29014042739201513004909211680791370,37625346895215146650968334693446854962188197575624786277781359213208726243257
114,249,20736148674330870250137662439636334,37560968010685030713175742242207650033741309633791205449104381093537256099419
115,250,28150069097125212830441000365447032,43798589583549736037813372130311283802328735965979411708286206342043089610648
114,249,17631831027861857141903688862606577,50029082525791779069447643377577794694026360577290301664470677556934276121675
115,250,26210618070165526209103277470597261,96321830182443809111118813122308516740650761059187571295164621978557247850153
114,249,13263378356200801275932145244781790,1471781975937891025732764074271707116704516222544132478400718069982812422667
115,250,37490175611223487993269636521695274,83595316879560489350467495597298156431708472212180259092823660383855396891235
114,249,12400610992544445019474578271148416,6183238201680693831950814695854365373943121550731894736423048726210693301362
115,250,21126957156954314161360383491048727,68876973210034168572414502259130210692353985398165762913914597835150963892614
114,249,20033177338262625787447251218837662,42654560282057839754466603971766366020400485010675960138414341710871660414182
115,250,29214955690009618822057171385239767,89011643623535052091175230396635049831382321148889529739198514503279682173054
114,249,10943509626336481619069685813824809,107110895433704459972337300463434483713957823450981558877257849098823355360402
115,250,35127808937165447386780344585117175,3906472528041363709225261427320825395521875922992494786711919725979839226912
114,249,13380283673772711588949502003060412,84349544310111730492574816242067384948480559164272285489668551449659398387964
115,250,36261478257588537503845150353316809,38818600612718024271119209581718622567876951068334345094999278597535200625462
114,249,14327556659371050890124119599217918,95355269281114592668956506841543176049164168907830575613922915668439646130609
115,250,31500749937516209873688284198534086,24788113508924378635762483107225297346641223810499997499222466365543822398212
114,249,18423762015675180673603435531056108,77974681344074591515711751828823317921362834867625884031616912182866473738020
115,250,33480854833273604883079349705022144,15438314919968418970389135052189657998999542327635818999053403046603562563999
114,249,13318403298742343560986026625065693,10279184822891318589432773396136091134694680146529228848912616356687150522625
115,250,24755416299398143573157304777792828,19321758177827821731649774768418672017426482604131416427215228863066139416501
114,249,15378942879151030841744739586515473,77407821721002935930448182897551619051848455290439419203479416220473303568631
115,250,21496586096636571678885446096918670,45124598082349757994211585622760033926086534849637522493774082615031693472018
114,249,19424818741454954774894005611300057,54645683239737955276242952749758130896373529626359684365430884751518829686816
115,250,31972492774119797215045514271602600,15597461590198783406458658491813184276576272868505622820766122791270874437095
114,249,10775609427732548546855421191586739,60587013686471996115569219983486390742251167470257567392121890698702650556198
115,250,27073919071183339549531435004493788,46779902498542983825985976058715467058573847819589778723423793967953331235245
114,249,17104580374905979718081553572861380,18191412990988311369954642076472068811129701925525752744359257797293958941620
115,250,37373902463521824216854415857870139,14949002223526936742723773648790327563785875704663895752486339059781205715440
114,249,14589339353679510730695229756767004,3719129262283723862490604102555646921841679473876605522402131973910966428324
115,250,26489511972083230075879990965138115,93887994638958005853692129658559241226413859121478643427238494214353158993251
114,249,11727416855547309090034588241436096,24558281380907346281497772063211742200661401695885552328598308971011851179463
115,250,33961392819091466884300875913402512,60832910456802906207013586376305493429964737786396305242726928650623648928550
114,249,14800249424919846064041485754470684,18292772636980787076001899805690683305461423470670569629666046587954641739702
115,250,24670933823310627032562277088950222,37145117398898917362983421817411431047953170661298522688986204101212380780120
114,249,17839196676171316248695325381381592,10718330942933875999948816920287911785537365383311995611665362375714098735694
115,250,21941914329403225931649341606042901,114734152291434511233793322411886747360045037976697342136821602255923461383379
114,249,13343944897675528869161021130026774,53716697954264910088556925344109398787656310381491972168414487014867345713682
115,250,25042010723540486689978514393294905,27537569647467793130653455030206805651435305822311288160364011785580694958841
114,249,10873855367491334536253984649084968,111456009101915439495556578729966138669197025064156983162559001411065777473668
115,250,29995544990332589794952993456960989,12030334814583547881749933095563185384864580527831626101219854142157965375109
114,249,13203782900001188731827051251186032,71395505695842201993944355726028684879634293996425327883428733968848613905998
115,250,35447347740416980249125894713917971,40170684996040365327895355541399832395110118945760169622975474898741297749310
114,249,13347802707537291701948168952226977,89034745310533921196713985620723038482280241403985425631407827698360016122200
115,250,38402287554438170891136849783092703,97243861167979877973983417579580300245653761670160608533223179498919633314098
114,249,19802971823801916784527732968884004,20324487040967962347537554628410484317663166364355818658996514827517403362736
115,250,32740661218972460454557009432964827,67086507077516969536446108749175139962829990309703536790001831211742545588
114,249,16068871419392493946292847311931219,94493998288799305823559014015659054532867661854275798828264171491580909394112
115,250,40026377079930583502987572359130778,22198005745726516002836621325699926419663007486075796120428663578042404437160
114,249,15434115843774480221805880680289121,68241504579373242501779953707713563795902217714627509217014761126738328165393
115,250,32947530613013705835205271602016710,63466358021390713337302226135957838686933959738419147839897591589380014265709
114,249,10601186048097081666646285658197528,107560355531926459674499067108135117623849365862081425264235736536298576451080
115,250,27411328690315251964533004220171298,71991266293330849644632404820954885233595855156938127172023611091885447932520
114,249,15936536773649684806186726623732287,114295955245712468428819668960098423420332870978320136320310447951704424428971
115,250,35194816535266416999226986501814083,108047559033728024214608957221178137239802447535753842004478441502338555924332
114,249,11360905270382239982799948557041635,12780260185369330537887419438402338984781535522486671444244654838860531384268
115,250,23400655511815503566461527300213423,96790154948847784811129917215855099436542175478001277024425932286916598057071
114,249,13959220317343384461069926704965349,110491765775891055361469676608557175362476453249463907873646890822656913468341
115,250,25797181266943408684842559885105372,59073562249866494450446510157535059073550852550289532246773819947344849074703
114,249,17138948691075525655147693156137763,6036287146093351671736106039224940607861480519818846029558558250910241846331
115,250,26277448644431328917298163025311022,63434277624005112626364394483694742406097697554528593592390895830886929115978
114,249,18767245231749346222695507074642512,109359150788645034433031253900199668832993902591815384292374640555921990517173
115,250,27752092180416544411536500028994450,102081193960494675653773203466026053405315001846610871508471683223276687516885
114,249,11153843417056825365654971987126356,89123039387820565233499003617254766191449615626377205444506220951223806317675
115,250,32447964272256764359598723474035273,21777051628991732650726638070594500084904804776389027542707413694864019554003
114,249,15005504216382361806341196944120679,34404839139928978445809904385074588941794031087577802949172399762444791894995
115,250,31210675191756646066221746400411770,97853767170960372949369817008986759115165201989599436807005904793388438724
114,249,15835664477749864155726411101862057,115078987786360957104929712264784440965558842015365123842909423330656571968574
115,250,34380791262100263815368347723976142,114472038231568061073991511452894571680858069608271612763377762803574395257554
114,249,12104478079977116001961288166939001,55350127981554117046062910571126434063838824291641856216900026990081412137724
115,250,22108872813193747884637683758870677,11619963507645263071402998988133761483454891893266116444325641171456292463965
114,249,20158122765874546900282586066077305,52849458923593324480999542654838270450461914938122040246894804578738282857545
115,250,35068806206657414183851478206172972,72421366615125119614601460768567884022920819779865310175469671100758860785598
114,249,17116585091082416018500122504261118,81795063383119477703477759990979605547362335479626602245764898576138226375099
115,250,40756963751154211848519063238244357,37525239391433895530672603605684541276952600800522240749417333636681548836011
114,249,14970748420478704093274962439976432,7504217396401473390210770163258073472787601236987943372597167372547216820795
115,250,36571627033442202333328042532764373,29637541562218104760933238954923136320395311144238464721253923749106880763339
114,249,17914767809682219227180251344040287,46393550025863229997294114407962845139898989095235778258692383166022565498306
115,250,25644742734135279501076676879591618,26625569523536075830560537048636570999059666569943938118438735794036079680096
114,249,11307776026280464051590392206397212,81308902984077877944275793898880324950843237055077367776204022663861761226042
115,250,27512457295193428420361261373555458,40330484264824042902513274236276647816329173123199003365700784080231249657177
114,249,12378871750364559482185283487576543,103989657076444932381563432173481502243771810530875001632623941675544451350752
115,250,38756351588630883722438287470792576,385378024020617844193153090295473110847552918886938138012874844581688594146
114,249,19525713425067588552290745435745445,80427269721864047464209845330445192393012214566264605125895407137682609012569
115,250,33458350549069925113764156306115518,81939908933083108868717290389808366179001534094733012808092427503411184047239
114,249,16755994665057060679554527686755186,10721194545440598219141759407999067134399945380179600528228651288749336885007
115,250,29130482790456691452238908522789975,98144734910751757775327563978417160509763359644742076155627178616990179570270
114,249,14449077038904293033872132843843434,29408602909861729921186447359332429076519407263371890197091805498574685563354
115,250,21427308236624141881450028416335406,37599362659474992452118231199849266516778185620860200786283743961536937125719
114,249,16749396870726358449043653540772451,42598253222668305177347399876894406502825169282161492258216289630003507827156
115,250,41457162830711107712873286237256137,20343440912048019426357187726938582740569964796883733365727524774748336400171
114,249,11352220418429288831613096465412911,104944491954447268653914993741423418243792704618679296115321304105174063666847
115,250,21765119602954007444226772264075687,38297847771066757839683795107473146519877224048713578527288157485728272905027
114,249,15633633569478143427162406401827930,77843520422774254256723934104909496416624360023345176784186608285383637324035
115,250,21943770777571378187753735433411441,107326356041207276556254468795480176147846264807054759076468089177208681594761
114,249,13557512478188639181345504897105969,79237798467308410460292355847111150565542392210418250478938766997904759387287
115,250,32005041432195857448985624079615900,4992826351880871464156873030717731968734912571901454047984197155134314990698
114,249,11743674859249216287101092975361107,7713898144113220705120333732322798462181541064237525791356062215056451824838
115,250,28944243311163783366326400168253906,32315408360309049820751234912286434128347518058743222182085664653518494146324
114,249,15068596253061361895173418362246546,75712517017425462827383093495707498197446420451728441936776737225130738063007
115,250,28192958236476910869000486933348981,114800290998336474682381091443965050644372038786559604379167338668383062700401
114,249,12531148737080411348676485557022812,97419298645244409963772303125674114789459592511875737038457384283320865521597
115,250,36507014138900248842199563638451593,112005204514995417958086949265259990564315390473132905988014450782240866608321
114,249,11320245237144423976201739250721736,60300760063696131504182256998675324917748098615179525661070205938188640893745
115,250,32032166292586964642487831578474757,24054064310336301900550555646468082868893673349548601685354169022083578196715
114,249,16928789929702914299128838080449056,30811930583381855761614586238074263420804264672602023696611517506983857805401
115,250,32732573792016428138814442241986956,112307871394313112689672733243845157067559131877984108335558348294353169012765
114,249,13880107295818817857244446972797817,79972338727326222043118318819709631653647443659472585287025702792971304309953
115,250,28701976166599783497915760371246970,114565754611183669373703515331880492165737211531618698455045261823636285900034
114,249,19610867053696439840999431714189675,77383331530715825796898474071370696530662280522229236991022172430100869150079
115,250,28518949782639540963108146675246281,46233427767125589759587961888057509260618665514244110349706837072088085246306
114,249,11617287575299736648709015530732884,94807544931388735262074483341845953121937765259712208814085402768757383909901
115,250,27952391495939973106072853774217194,8295058996862947583875375953402196127431738637030116354263477629869193949197
114,249,12344215013140003071029305767790864,2723712118812850583971440640507445808825078175451520314568377858209023358814
115,250,33383650315639553058592575274572726,31328265541702466001746138890855539139504676834737202688795827798744524741404
114,249,19203876094537668320020009372214700,113543653774648966096980516085594197680997104698077974962616817483119324979159
115,250,31716146262430508953020359291736154,45580716977711144319897536468005000862849724559794207626895943407025262975243
114,249,12542866684068599968317028263334175,85517719503984631321958418153092714894880074056636373973629846401575850733162
115,250,29782693891742446571249608474883874,99832873450391780934253444874571196561178107314742719765375413110013738515118
114,249,16217249854642511577108665510597590,1397151081969107823511171010733005732571294011568880986230096845128590866442
115,250,24520715115013211990726187230493321,46271483561378638847585627533181752586412295534249184358998211611300400354294
114,249,13249123568980312483061552117006575,22928860489509060914283575589525511596030235858870453627981924199242271187974
115,250,39877563329185777826773516874037285,32966473533993503514796173706504041221857728363167320118721875528297958534830
114,249,10936296850653924563236657755447574,9162612446084771537030126885417652524276988471687709648282095921061420037721
115,250,40073363383286730258240074426576759,15908416896188003844955156708084582188592645118352003605502504392645272776630
114,249,13380117586066948999337954078089475,23086956091308918378453405610040545831528481904085350567353799505374761588204
115,250,20971790262555022344238786186829150,34767915267521620660905884313504501234773543210252373755613075698957522769923
114,249,13561316883238566384373866106270086,54674839687673656356806558255287782226669178129310085544692458017071752125426
115,250,21996503136931067611042068267745616,105678274077381582020729015371780430555429991712290501132548643754239857774695
114,249,16794638949400483311558144789186097,36152270372610819442169584868179292993812575181219605871028699553717929902690
115,250,38624039495708311937290919769001434,2537631114971985941050944744083459158583909997892159803659421357201506369195
114,249,14887872850250648925365207740096201,100450834371927407970380428917316666197127016525980133299538857319783322078071
115,250,23014837235453040790790021050499256,43876931911134735346475443045211650731697606704976746498219602853639373974425
114,249,18306379213284936133960386732051083,100991967479293041518016907630815394071169102736635810948385624463507982987688
115,250,27216879957104568554711386287369670,10874669955205069540243548207383596414623878115557737246470905562267864779892
114,249,12392026800130309453636564609963111,36804795032000012933393989521886214986618224276549262121665425057156892414680
115,250,28266689338391996224957520900101224,5980389244891845604351025150011721263785110060256452703641375847361467112547
114,249,12493443720759444844794187610912714,56256741808996147912525251734959287927842702532896228407588116039924679026578
115,250,29881148177136359853470828945625774,255684706782551955379335683115981809405259283422666293260711077184145985502
114,249,18646919173612503655193079905010867,46525096439394005152159225780207646773914453758017828090181870708275832840980
115,250,34830708779978833856192866753021025,27608945152451863836776021777390440063735536427083785634467478168622067924150
114,249,18690112564345375777286254755153511,114760440368606815304159371179687554381271881218173712997657069132619771355298
115,250,27588570760307245731234396473491414,109762332302896469479770768879214156481404735891366514288204253846563204160616
114,249,13099270475769585616202055407850279,23298218699471108661704045274410224845543069559612820823783925368886537338387
115,250,27305218556037318564722541881267663,80453802898532552162783938412291691080778105735807807113230393995499756897791
114,249,13578234526620284507745968463607206,80797647793442255859084977150511116145238996558562025019108838777780930304267
115,250,31372067904417334694673203117030331,25946769395002257640842901851401093632028762733393647553024957791439810261330
114,249,14969528817898107371722474387629802,26411482164730586979150464803008597492880140170874039039794116591692583924352
115,250,35393407839571910480755373510991743,5406299338507114390932795344919385204151474560023736190812023801072629536429
114,249,12897624628201601901849029338164656,97191210789967644632894428523868929009881709917433050627818473771127474754927
115,250,28596164634862735562219597953551506,52292536480693906502885306781121910641764480212519559345931342643220871572415
114,249,13582850646962056995908258592352942,92510240400011676770209439526808020991704151170814127578945001465767687402310
115,250,28026519071100575992165282734311947,111617697379408976538040781990014495152612954285491603406817755330956374358063
114,249,16424027605771773059293952156622116,30148918100785029780639700323263246940058364799494466580598583559169993530426
115,250,30859487324072116495565490342544260,35977359431517629926529606317499922159625336608603081513384794450317654209100
114,249,14359987253859280967708983943874774,17629200484227219980508647063300784761964381568115848997104019666246245243853
115,250,26958024188438484779401940193412835,2608787275742092530391532396828281006598693714986313172525279072889816175724
114,249,13921099362273085213583652647017652,47576762170913460746568569940617909111102995910907490708757653927659556754813
115,250,23914860280073322007201143964074335,2929091763146040345313280079967415008394799117383514611269942588147438676337
114,249,19996726297120587773997678690533501,25835854704777059842729373446395298907074243660026065375968793483709477339118
115,250,31974477119145678875982054774352111,14227318548986990499133649073277092202912351564741728146714572867737593913645
114,249,10669167064512553421899199794812340,86016963105137947900250986718653747212642003891088337583276354082936352283371
115,250,32944219187910790413297628641201342,13592283812154150429506596983274846486640846598634173010586172901498008125751
114,249,16960301469014925071401315534288895,112706030147159940100895149303097980821757177511112275202554747783267318814514
115,250,27530306663322391116721578189462171,39302751820085921297830933790979884089942296225574847519945529527883046585102
114,249,18090392527222964111719794524039497,25053663821262902984593026311730049793140804046976911764446910386135041989941
115,250,20871054173822917091875359848446977,98995687534840444279739723599335107557525124113182155259032262438141803155530
114,249,20571979707868507486659571668845412,57665549934706617845234855579887282415074473547990595351970230719890393275300
115,250,36500788539756589734958121156688466,93707855257828487166936582352787804239389529456158558243028439766042890498968
114,249,15233335096676927755235403614667370,59401526878350935347199117323088422460795582942524855626200084083446838431822
115,250,29180618342304755104824081569951168,31903030426537644306727608500971225580011417492180165130739450609160076011346
114,249,14607558019868866466710895813287708,92111823209197346043732914132418035818267116984627793460060905313259520130165
115,250,37432178338102917672330567218328301,106494683485759012954984449841220029110531448060709228107853957451970717765646
114,249,18304361043272769425050300641255133,108872192734582345095618703033264683538275362348890017799812181944092161179361
115,250,26637808964771007625214701108226857,94463991292004095515995170277112236657671239286819750901980476168409276403490
114,249,20312356752363738983220436514592122,57460023946148666061126280192455953599691391809637035863595207720316296108926
115,250,35156542316808127857841007230557958,88930010478441388360042483066319554714721599006939328582669650512357843816748
114,249,13585081773633449944590186221509466,29959043659054656489824224907039603195051569658378594446962402599815710557002
115,250,37367449860433100870139804130296984,28333511468686948926682216176560518269646969879087534079719275330259276080934
114,249,11891670105694234436321737004929458,4308808531264515619931873116116805596466384326531231777093484129014299289747
115,250,38475730442926931122800521007220811,98567679669611460978313172494151788468284141103318863092529272796597535959394
114,249,20295826078099241446129902868167668,53286980018715911121119621902220996923769508054491307788031081921934281122011
115,250,36262659473434665657725641372602394,84296624716916438416575450076858961561663599763056880110034253601745933294259
114,249,11346787422022111161840380615907650,43151001937569373185726113024505795270367873916716792871244173272614010531698
115,250,23995656251573119863813552523010940,83168357099383991240012559436337463751073670797576554542621516513276364149664
114,249,14124199937002649246972061970408934,69044253561975878727586886382212220985127188182430905564157672039819923061427
115,250,24792017698376506193238159962284958,35248005158054139562656696521133510767097660494568145666227366842745770762498
114,249,12070958196386149882397680961056190,30030211463784036778743659014357377761894530834456862947633257684594990652403
115,250,29981892160251451744062102784370974,38477679536638723600036206073969669719291868677123621050605689713127247642674
114,249,16960713298440718212388541427814416,81481739667362635571553266109672543339802052916382542010240377483364217835631
115,250,27284618671344327036538466417063644,48237871338166805259240319836831791016008338372625293747233657303422475713758
114,249,16804160437633625970737429298397649,59048009801718618477545491149216199750865645736932086547480702239204305023740
115,250,27996176699117130344675001517128876,80655480295519603355701275166457157193014157618264125837280316701112871623490
114,249,11989617981837355720524960463594449,81267229302494977505637808605140220206779604653226386302546766551703095344147
115,250,38290741550442037368842719952712461,17233463882170553653722073569531119241671420877843881432546869559378264645293
114,249,11298309577629897857462735175075965,67098990202289794206229975979809614548571264997379785834232837816584259231455
115,250,33369250887306421197763088790945490,98741028764344217409695073605313173783912344012803627784898585966664051832618
114,249,20738559475536898404883457386231660,28126853965604660711972264683202726126027922180516359971069414702082960981678
115,250,28096096168533428018469495365365950,71030081316329142983086573023775317836560039815456390612307157279897358833065
114,249,17523548092901284485721876872364222,52871321493477865262818461706731135259195945794619483693488663152851335264475
115,250,29669185920169243709895025663674076,25449836518622498110806952004102203648553585788167977729588873930024258362905
114,249,13920905303606393904247711038278501,12475793033731464976601121748812853049119581009857443747674390139527902818024
115,250,33088709995630015031368479240473128,9674502097195460608315671056892510580113795560264691494427594521638286825816
114,249,16778232043819354180007046777213824,105850165814187149731575287697924268334714232946433796406681684950127341874832
115,250,38403845031904527569873495709262229,839765448269626953656215281367070561004317993251928168678728696672918910650
114,249,14849310787737770683171394983178100,1385932542113884518797125633609724407222629559657036986509418451669047083986
115,250,36150727988515166930840939012837159,99323096348057291555750430098973216960398272629930747194686615116853809046802
114,249,16076106791641125348228875363269668,100392388184942843818937926576303394191170627749550027075943784439964389331140
115,250,21510913024471115430344668143747545,25110132159462537826142311138688617790975735858092345941636565176354041430340
114,249,20142754730123760275899482586723142,19066964123758169688054703740320672866534658595475972689809661879162574830077
115,250,37795266320494614057063338225291038,101422085701374994461623702284706990020946091829329989258193943043322626328787
114,249,12423274509741198407614441207043465,800377632109820556437162269881970616375766767241475210721568681020971514803
115,250,38165517348245700164246829122650550,102281447343476078356608709462597635637928105374469039922521960765187235520192
114,249,11307358128748510336226273169412452,68823981740046827497775716597594557912405435989943174681967016249979866346641
115,250,40066638992270918003242606253386731,16874987846729037285062337887053265886536903025171881168240021028112512460665
114,249,15376551671025851189360725971689027,76893003457490421339142343816431179839763135219585952070619486998777131616830
115,250,28378503757311421088338036003633063,33074538820645745279310444271222326399971250555867576486125943031996545166052
114,249,19372426055498119486738572671768538,41987278958826418308356111324608052561604138727556210672085037962660034681202
115,250,27364242863868426773418788938865561,104882952120269572091251934977177466580810417450865527593644462765402971045868
114,249,11330073659299658036554477480866805,89187646021333158785402955624747852331913303606958690468230394344847798380343
115,250,21754826195805989707849835097699848,3686015801559644720339279468266282879053936695633410576509386616981413788126
114,249,17957034698177016687746944108815365,82044237039470786126773779328809940894574173298986941817669693207568307653412
115,250,37308702173742846332346512851665952,49671841019445209751075264438244073420869277044833412892645411887422729797536
114,249,19785675353245042775225731640671870,97020140037076300543665405053100524682862975689235520339633170856135903276756
115,250,27530971347957209423471377528970147,64207164630815502475757554882739169880998723115503239263701909205455586452402
114,249,14379446972716469107590820429674512,23324759832895256181323509952791587777729410262978008884887969472913850598173
115,250,40863426626010587841826293271413547,26154345872619121639731637704793754185309845198597106053267767603429326981013
114,249,11882230204285642482248485849131814,29119380529044129182019611241888368725550579572221177363658733718206746987465
115,250,24295052590924087451388695550219548,30773106179780066340448155151413246868214595725942755951139281965563353660392
114,249,10437248498043429413962260924426992,27484513274523642595081597416773211818236903053416563609926450027885754904530
115,250,40061641695196054210102597442502581,39718585244554286471706742389132321085590043266589430764678389557214623056593
114,249,12660592675260771806642178383159839,54116360177449449468028732440038637633908546104992799464495473219215273738088
115,250,25526613586645471976768566495581691,103498250068308325492594668636226754268212810362267676257925703159177233721207
114,249,12155643746251941093563016288099334,35029620614397640614933366189264822491418345897285054875710453546978733858502
115,250,39457699001746304872498976208251825,100773506394486670984844026222289832943906486823860978322292807761896077186044
114,249,14833825380671511065420820773341725,106090685061703841874559399251163265756756086445884691673743414837086672381323
115,250,40480036205972030896051358304462209,35088628756259350632777922441510583012798712700836777859874628514207996469801
114,249,15205533994705817740956627432570298,80823892228728872735359886606965356598722533129856765459120157961649078884724
115,250,37860572588119240541295046217175824,109874891226600980344785635223559195922956748382284147711435646113301336155473
114,249,11229312623104426862841375856100221,76328330199561974572202311340870909036658838234088453521183696986416997206546
115,250,23734963679443207279981002868324928,68802709894841882706057522589376855592717250022844107094209537397793755030849
114,249,12954295646107146606993743552040139,17097380395782308512366302516758005411578099396747478333739175586352355215211
115,250,21685299030255214433458716922856924,12276323386644332701206253147654957077370097190521920472596370004693112293690
114,249,20153300999019366584813007381755312,60286183564711739721947716267295878594727064179636686452066446413236211845281
115,250,39720509296935978124842723773318856,35768760930346034368011845686229772735871373367273137434557626572493802037356
114,249,18840296428804946318622183165051091,21917784712174736720887959450907822413956865561196432739352592221750080586814
115,250,37383232910707071934310257736011415,43840660889593908881630471766369408013301164609582555506011819988643780735620
114,249,16815731303570374934456606975450723,23117351152926089989822954182427066764635612511965275787655536131452951275187
115,250,36980621639508927334100106394070841,44885452809727352387306951027382924832939299141719940347237944058631687303504
114,249,17316496675331024165312402713692222,53820477397577081659964530002050402707360724935561554907935436537651810141009
115,250,32803116262306046174751219316545392,47610695358308974452790095398251181851722015318409959641167686414485402902082
114,249,20641700856964118176286040793413071,36151554624944992935943826160308551970314753172616586149319601286977841493219
115,250,36375979346024001410493532065951174,97233514127739409411109345235905717349290638587271770312290248559111023496576
114,249,12680495719380436469405948859145022,22675990397529808433225977096174237678795342095006917668062207271829345056186
115,250,34234245219336980299583186647826683,2950419658582633841742333760907478578243678989625790695064523372114555086994
114,249,11716082258424255085244737772339554,81316835023476625234259077672817702400802309843000821753177843057056692692537
115,250,38909804762600637083565269885619811,15596008604311126457414584181163056548716460288308035075216180970946227260319
114,249,20639131710759822472584933072341239,93675640250410702501545629272180429097976981432032140001734036438802379187813
115,250,37965863214512700831263241517319854,73264441441750752904092560531718579882853892569657758457829710161846255666099
114,249,16524959995625736847700552616919222,2242432150489961242940581270750376462408399584776239391049931934429560079444
115,250,37462602255849566759140889816868684,84004864947276436390369001527814367615008495785432485591763499063974141726085
114,249,18675224262251451157410404615937828,28194644186185062209825676084216998060286878014578460368655065534767762096971
115,250,31314038259286985712672354803818372,74144726789753184541572868402911053726204691505744455090931118386495573452700
114,249,10913014120565018656627702476665372,8350652979864559719920837926268808414073148243244521449924349871496522668483
115,250,24249593284169373224710639941234397,109548575871595616912196051963923388916500260789474977027923156721755365905095
114,249,19572236177294446482774058483236691,93916533113209839726935476420547400815272547850138731766169375729776630827617
115,250,32818965710750093553497604919427001,77583276733852528925261693459684807594747485311540935314410252758639012960108
114,249,13670002613921664218131702809533620,92617685876359623047428802875424092085170478564559073587296655458978994750205
115,250,37747583093292494315902463666597958,9059667748277705692276404490678998790102888036305095193070255041284426129673
114,249,15477454520535247638866878558095160,22100142016340072547875224469032149441807192083542065887807363757361855457128
115,250,21602115525055360477297615977881252,111693557708384853402831786389093461164319665487639414496095352143497966856502
114,249,18554360552013473312307302203450386,101353480730458419442248010918251974326442601233022111438137444807395002084735
115,250,31733986321600536277919399661629764,79259033332703336731123577475615164800291873262907159430955059020663611518709
114,249,14349343623836040171038433646733491,113250597263307131797442040400420184550387290866062928800708429292577938822324
115,250,23454198890292952661474544495873331,17555979961064615118147674824689442303618778671625538140665709657466796238578
114,249,10430357523755029709036523985954348,27639977895199025743155780387117718821832093383603883736536736581895774420973
115,250,33166517974198929520978686140679352,55161809641414581046433157410387271282802580268719085826735809210445927752979
114,249,12830074723385702123598864389622950,80469379979465573562546721256162373588736495396354610413105903978642002504675
115,250,33029377122034429902433526237331288,65585019852015423841975728331866186198863523579574817338720705198554876319235
114,249,17547279947375604573112383679815527,25271204832329354589811622838226614880964381541137856929048685955201663671999
115,250,28884315361923800962470644484420887,14946863465759149554912626903450545487983262637857008834125178989091709938688
114,249,16071220516843098213078364256309681,94370581238188137949641421822797799841222236611402267624332531929138560683233
115,250,33941295259138463961271421163997944,3328653928836662299290024624758779745258985698852807483849525272401225357608
114,249,10659647752417777358171743642030026,74881457624659495529076198100177821331950897197187707347823254270190049840032
115,250,36906935021586139819331331377795988,104352081413978654464992868589637132654850548726661366382444126929705342696232
114,249,17413578071821149516038660428147104,74378301977194165609452786315641672356945804414417341943317909238076665760338
115,250,41266098959322716522323202734531466,101497143771286044499962663446278203949464730411597303492488619077286374831118
114,249,19732976413866926330174915480271679,28319428178451659321780029354471602477529105200753058286802678097903139721618
115,250,35878124889212087901837689608069501,105136858182700885380233423010138692035251463484038924008976597809170495022198
114,249,11339222858681298432086689618348370,92044864607515477258270339090930740155457273785694260199515523469461037118695
115,250,33146886388111485265522110297001260,112490758456007598788532921428989481172728443504180101505617509045069106538548
114,249,14814168011321074896322308106652840,75716089673682866854740351565759832894811907145555261714526797205379605872227
115,250,22441200452111628860984805671143452,17088441331914057433467309185545554882436370168306330791366361910467617572923
114,249,15459490639013534528749932149448494,79578289052183474021058542079524990068604737278186984033528638436943203107559
115,250,25233409802924546464705006855572813,101595932318423649750019520881196862789161461917973336483535773100571558696970
114,249,12993841073142605285797912973445903,67271539974918815301738931429077706612453774529686440824880835727559295460599
115,250,20926851765791734131047113773552477,13688170570101938117715013750183297689449178640170758837878967476927237896806
114,249,17305517249994586734512796574498012,100505342012410274247637044128514432614924569688108671811249262720447720182554
115,250,37492533750043558615438192193512320,91482714520866602291054151541945394067648762744189929782674074942539813394803
114,249,18652300957885175591418416802310623,40854370711282004506435379435734894441248062392555693076849660513704239857109
115,250,35859241597277210871247234347124978,41781432068634949303699588402901822634031938525850205401943855725950618506455
114,249,14233305233317592266570990134083072,97931332749565990786361199871173936466255397298052271416819113592776331639625
115,250,33673500375096108507456752208799312,4914310173096995773802464455197231072066901429854773901436425778837737997556
114,249,18255120514545401609401449221572402,91278623046084916346281740550500913664957695308230774740375806659598580829799
115,250,31304358961934282237387753778122260,25104758813909678168533958976074087917991923163668782397895626063446742704374
114,249,14092994612898412056443239158402180,2269141933244429921847449994083548394293945766167081744207742242139625571525
115,250,37577077819558841152666335029073662,48774729442134036704776874730479916726091007330330067345807551262834037878252
114,249,10593728580496834225765136794653161,67153092328262171584837949444837012709751226761354629514544911889130528172879
115,250,41463043761124534864861488845827855,114058303208598267874674684837799128265905027115329568498806904323190927381841
114,249,12917056426008497548200842497378597,21650559035222106101658748477490169157484898552602740612659593029783902011593
115,250,33032936381326425763711018224541986,64776582965641657719928255201758257450533140524829100548354821390706617171468
114,249,18111959898339682934360962036740775,104024546282797023970350869762357424164101887053460664654894888572134412982106
115,250,29601108817957274799954375099016371,96190414586429852020718023497731518427950617669612527417530614307586783696752
114,249,13437658938543755865883175507855279,44995175253754657203392964295139143813175528665197175561260222591847676266869
115,250,41274643943871137345679344712500062,54603461785536122350573741770976052269855070707321194405883965770548377003969
114,249,19077468769994195303337412849278120,110026391411507978757506410441399405779311089564885661156249089549705544895746
115,250,36166975674963776106891392095775664,65678261655495777785634034249141310063232883128753043350318639307705295050094
114,249,16760229714769606714775335135109031,48787200273521058450983401160453990871413202348434499715414884014899861256094
115,250,38832345752136645070195170009411244,80589489103378524427800123392157667680919614901142718169086221002012665287622
114,249,17704503885085796202001876637453812,48370157910508171145369974483636940211853298323961899999243139172752664627096
115,250,24299944894044124581452692541838349,28074444107621739400961905160036735790069944915971129037352172076388223019058
114,249,20499740333426831888757087948102708,94756868571344299654927996294213963235957916768032033670424835202075036788161
115,250,22720720054208515363414309442305638,10036569742088719302321309457104745602282859252086917964003350722981454755305
114,249,20210603301763539111487773082920217,111958492937424021645672584576955922402547848557734993007996742262421788647178
115,250,27714919452375469770757382599745992,109101587493765934483244132280216029697600993671823813825687431736589765531988
114,249,16699317048149037009788822536189769,73978989016815103858456298228685378561268029551061180551468212517446762024283
115,250,32786816580765096844949080351753022,93487678476285673015005862682910352961734039390789250895704645351029412049002
114,249,19964846178812239228642211796621051,88753548796220512166070610950165602622121165623636743008477968061765070107792
115,250,26612736666919118353779498064233906,50594713463854883056101457684845394073834957536733045505551522819861315151401
114,249,16357547320411211166906798836526129,50315752280205224585852034735451028245191964663936586696809480775517684059930
115,250,38818187871334726903267957503660618,96359652830354060097733506025636941691276251243072676531030343932020662800989
114,249,19436540069808735511319476539314071,52641242567805753343161911492129221631443841631448807445364115496949801801199
115,250,24272473637643718843206246238685519,38654507038731764377098040079223823173140994546832163531496372987144365866814
114,249,11908101087849683257479144770436604,55238760233267098214472904422936750499365762521136269928127507284406284716389
115,250,35875120283794445850322792998100274,64999740279514155144056866286717918850758479157640047558718494658082348379532
114,249,11715227496486500665623234165534804,38889022510239006741140554226539449289990870580883917814853279559958941962600
115,250,27867827362885326843668123315082485,114693877763729701193266832795399111756196162957898924239707590024506204291257
114,249,13430196888323853585378540861006352,9022571888677164533568466069790675623513605881045966105672226784538418293924
115,250,37965290588968319702232190366570626,12662540951113821653639381996589077802682911949031309177754114089567726264500
114,249,20272505062014353503510027582699703,43619436783238361838474381267039765945157864586150103905847278500694176240090
115,250,37759699514365885123643477713928305,96913974194061970352786289138250780880394876878534908267722023081441871546007
114,249,10700329578657830883334870663113300,41312428383554103847983788550290646963901055415117771595446675019560414098513
115,250,36507368437696757274298547858890919,49958652264465859005411149462111050793165265979965377767028304141809731605730
114,249,19198160166106806617975374967602527,59468878945112072649447395578685938812992676990161559144428799498760910258819
115,250,26766827051362653443543954101765783,57871731817993505420713673838286491452717543452160157545644804959745852456763
114,249,13395557593762376049968201190219617,40895558508824398752780249236583744287414459089066265288800708348468268513401
115,250,23313208247400514051075180272465650,64811378967352393230524136378626415202430619721491627887244261222154255996829
114,249,11954169752677198175500193847824702,32790570377221335840092017551536382896223859065569161558833031089040116320941
115,250,32628640456033662103156740336447532,67556085022450173914899155980921552987919916857253113843027349083113928447916
114,249,18200399583956262469388060144686268,101886210678263701420820009109444318528132195123093661441165220142979995497788
115,250,27614049886076858714864414407182020,88297832087451852467884164954020558106444856749580738937734206463904064223202
114,249,12890282474338935040647120503777454,106262608379840739117424726177960851489939326258719476023193087894571106164667
115,250,23129944497611929815768743611541036,34436842285590879607339343827038873138770700901060211385671391870493952687881
114,249,16920034893286780078022682656014470,40604686091530230057851060551794700512556125731228583090551399909738121656412
115,250,31238986572239160958446428332112177,54017096981553554692092166514723517147191601283001408533545441974631563519734
114,249,15189954427365754780199169153885780,82334841733658905741598405926374611506844349623139901092487272090217151071003
115,250,37269744165464393000843572471055892,7142610096211279014231901875800512327574593240108061515186464455104306913697
114,249,13775712768832973186970181235215415,29248854442893018533938187523585842931157160912490271670085637645712632296383
115,250,27844151927787787717212594561268439,2833647693093920768976676182236573373566202274937570853370860778167309557052
114,249,14077693237300056746471203949182822,11606600166833060521922744765766762841712702331253630334485395244190035185343
115,250,25233719805190366151766103173657603,45753073481944529792257858366615095169264496060827452429322246927653336398728
114,249,13265946156409674845258949152773281,43930341867114989259452187134434327086593168248418910234768355407589063069589
115,250,31004869567356276584243815522796703,1563812360363564706590498557973579318606502048034864891579841840164855309279
114,249,12859502475434323843998314394102292,76888215347974723001210369522843572945555373759174207603118837001281610162552
115,250,40100112916295398938526071976860174,113251190603439123667259027537220152135373795373711635934497987378639175499464
114,249,19641075284532633046597894315904569,37771907261322367160537283090482241957424974147375967283660264952825085586888
115,250,29872520231416032655515358879356086,115225137794205191612000636785645918873945133553014936568955873445141435960761
114,249,19400094070366334786869591812503112,90903565929881309153679099809913481162497834611610460740076045529133480608035
115,250,34777495942025580427641184989423027,15892600583838281568964891364714059520946216183288845693548877821683664507466
114,249,18103880727667235632487400692176849,29514433469633433764051707838782156300660424085528367568939767365725217864814
115,250,39459282840515893951347504844722327,63603034140353094712679242701911382304162112563550814975522752745696767494132
114,249,16948691003673691018160438673208077,46386742617302960512942801950954019691989295605759573959663033380681770744289
115,250,22039213175362747720499423132423627,30490338788476843663100548482432063653064486077608778506761067674872109677035
114,249,15613919180627094233576458070674524,25416807947949727221292318595193101109856394818411905479999901673257485427751
115,250,28313962369992433286859713629575887,83733316151020263594069799918896237560769485270441826971958575165842366355735
114,249,19107791717240886087301441872725683,30308916336007075229703018911105033440882610405498183264046047764396665661535
115,250,38128872408552387017036659249854353,32866844532697048532829571886893274131688659258666549083463529968649342724533
114,249,10571471822035378821369081325918999,110637269114841454196888619685870898884032583096055550004342463830367463260793
115,250,37613604565373147467459779490612101,33080694513627516364167393721701622152919317276187583069840619452465386841511
114,249,12362521241900524305761616263167873,72046562638225562960812249809238741574197173083040182162709016568968549939699
115,250,32931291549440007993315339631154940,90505568353178659600600327808678396444746018104413883146951639254655765992175
114,249,13132191142421239939563276048181434,93665331058282623279775936225803332415402210993110747202236188346280653815563
115,250,36768140164260629103102101010846697,54750304764744940554310507026964562394185126060354507757150841980128080547126
114,249,13094941360316808198886389204094074,114115208156419643134083873089967472280496521629604392769034838882676428902973
115,250,36981245411232825860404184878949342,48180627171621988704043262262797308974641214339342304277573894326218873377038
114,249,16594240056963339246724719518569931,76599211047337234038478603292830864541562758827179167190390323587819216473775
115,250,25362459312212427320030658282013751,20463271712858338277750401160447709980475354099668214808136169055405445534968
114,249,19377163470413343404052512205838903,60933101922375483741227677801879520395889027950172570969804290514652682247597
115,250,28854991636121688641565142593901545,26095003051054851007181854678752289271725970277804688759592282073565012937760
114,249,20581658718244727618626872647825451,49132244500346249872429050237624311008731115563695420686878421921727732961620
115,250,31136051716508135592326914026598330,115059122068740820650806412591245362794215434549657225047605127825528461134763
114,249,13776560057031201340613149914382934,48614102959689307819682919989597130457045869053239936663596244257626078768801
115,250,33711761521997558844218857343749540,67977360768874993264354367524708331783253328273488804596992574660944667389887
114,249,19359494716900058415045324246418847,92218432053725399005469922675250543422362568181549793106996740180191192388015
115,250,35843877829265935839914985502370938,48841868959442710549247291276674287471857281289875642730098868716061724423424
114,249,18758012791311000764078909841174549,51050941846008615423365489272269352266341630006039579253924519086586248530285
115,250,25628117577030568583349415265947179,37939331556229191607721749929276354446696653361862351882771816673538414287833
114,249,17802100343666646189752552815914968,79270824683531821096973642079228618258131941668277561500931642894418013914669
115,250,21250685676441364744572404392589804,56284957913477783275719657902050555222764142733564534840119609378041884105179
114,249,12185522017716901248747780698634266,31584297891036332469836408772066707168696950443668281778707786301999705872525
115,250,36947478280923298576144780737167545,32401128621151762517738597293731448400439779308761037450121304017245861215856
114,249,15961817056206581252163797958927677,73987135693296760744175784902092438482437727928577980563952775619475466579945
115,250,39609699626155399148279745822550987,81010123322905228627327606172838210737088102702786699594318191364541744320399
114,249,19857542898186940148532540617629995,114072597408335002576259494063910922556799478199151901518032691454161645700200
115,250,22308199442986676688234221066693530,33486962758920136983025451876685647000638533734023252411216162327560530109641
114,249,15508546218147790193972086310263979,23860649301095712094565049134855115220808361926750614335642113248018480898083
115,250,38213616433904228039454465155071494,93361782514063288890754836096404703962694716874870064581606459897526548194178
114,249,12727233939866967057976789683359892,8603138423870289663099327902570773126865646690424573416998652756979417948980
115,250,30866343972906795687803081726509726,50082077136196474044136905134175569362354973268671090591464768986808576133330
114,249,13866001000702492130304026624395673,55344077012777246337643435497671349650364525685073159842469689073537917643505
115,250,21043077780999107510839373653601436,70451246770930423686034651299175331472094377042457939117900266365304436628315
114,249,15947834978655917824521143564089663,86478471704129068533271483367247845780837689154598829247110188250657588291002
115,250,39780629688422906171295731939658330,78943065741814827154306822576890111098813386613413971226820262618141144307707
114,249,16848271760984205075273785304297128,28143295871983021629235195657541012629178661710051157325958365283252042395451
115,250,35787210062840460058187744618228722,102471160148061314674697355834144552131010428841716153648653733943518202554382
114,249,14540693725667502872878114313933337,57473969211625761339719463758300058872337377777764230412691256572840023620692
115,250,24877984639996247314119770732418853,114782942046898899745267993441807336720547783343230174134340266527885801666560
114,249,16440686395088483668707099015691214,76368412449309442943564000179527050361432973488414579253812866059051206348685
115,250,27123647840329532114786231094765146,69148481876443049250697584073636523195167735207359198512272437090440466031958
114,249,12226053619582171203636011979675781,110675947752737775151696322044950741242793137629067035233580371533565008024379
115,250,30694596973846573369683512402808685,83134697618198691583432092423581661669184299010374534099895404949400850346732
114,249,13734219697029275896188495723200466,51197263810757069111765935355004800336162555813421031066268049639548515914989
115,250,30379113266409295010734488435551040,21144255801771965964213636230962799681028205765047990496376534369707147767133
114,249,14366622331944166687434458617264533,389712036497667531238749809312680437988213588382887703340124886523171461793
115,250,32571258760777865306337269325073567,95574814414032973179831457754024775151677645660115349411787068799960952536652
114,249,11902220590467321760448843562685556,109596631462939886857008233906387337509144113085645462869729438124516856743073
115,250,30805385243172468433938183233421359,60668972079254817208649384835018220059970685618371540556297927011427104403700
114,249,13742879892731448288242973328970571,94956446900584190062506034078526441467477905377405586383892246217575610053163
115,250,23815368072804674353342082773315321,107404035962746970525753553430644563034216063912761517708756289502970634419984
114,249,18816677467711095164116518829336955,57807921133287531431062696760748665916415523379491022023925586170830552448522
115,250,32996734919664644756780316595864707,89134683535398924029197797252815143368526820028364209728491907849995538022387
114,249,17862780092750094302778512486718774,45977450797752525018999735298019930633175725552568477380623332530441842783363
115,250,39159607251219476065703087132049913,50292489056214330547772480215666967110069466813839613718222871230016066321744
114,249,16235374272806996051008591555479157,60882411855588713605037033269408381078360922453162436501160184467532830895830
115,250,40226071354700186173818480632692305,107823094442131670373730704346525999671532696668872125646291721336626379589980
114,249,13016027860274744458220808773537971,93642744219027517199313382716237159223620466687968338767193290311008831427504
115,250,32198649727496239095416956993446757,38900411796214745533180029693148067208332310407300837535520924671485178292597
114,249,19678710237075591702061598289932212,95649139393945608074847736573663621175536753210947243824427911611328720653107
115,250,34620307335442461225055948896371020,35520985468212694941971319597494304255394039863899743036905878990107746420964
114,249,13862729602220783493145418330665427,33393767067053849728782809421623724449145535818671403314058778268461716661727
115,250,23396270505843905500927105294021139,105656805993964917512574155016109105503307530008482518203797280914320877777288
114,249,19072899938597197790312983846067097,103935811201210264609099254515476086613649328812537114584970250486405465398616
115,250,25886820858695424239200516252586405,109649770089114537682671189145525422063431871208697070531019668028845902950230
114,249,19041733764404562867767452787596086,41709337842351827207350316984917120222311920877988497979223786371075119494882
115,250,30884295362250348381577773919848733,80842192095185524990263492593283587163933337782607375309752623593923021875443
114,249,20083251530576861586004731788643592,20039913343601941930830821297121198372066220154988070925790772336536821822710
115,250,33263321803976951044648625819165812,42776213118957921561936390013981581480561297066004028703628627883751369414932
114,249,17360398290318041229290850059290133,47158874052397263398312963110236508681915233236096001169004891190388925818506
115,250,31781455050502713096238248195793454,27822698261087736178270277828988158852226563435103143778502559422185979301182
114,249,10432071341757806135437800705601464,89269347120390402012111964871557169738852119242147807595150293687373599870624
115,250,20864175884880236762805188081238936,32158781836989894227108582907187853060427370380770530659357206685534081642062
114,249,16688731963438674557723460534641398,38769829943709291335121985932616015546218129105416664836142175584758479409362
115,250,37201511627770587010336710756848632,51964400341116211933745930867834556924734287866101652307381164579867283382646
114,249,14753330867833160044811960966604918,16093871143033325766214610707752828293009828520128088789441920050274601118513
115,250,37347275692769874560818471025196999,102896145682257558359975509783746586841010770695437040728756164657276253824515
114,249,11005380554167097358084316597911119,30568162512344401165849955540090222167144918812391032237167855013355693963539
115,250,26784695875977389306021520779570985,21408642464075392322393021829149920675346816249842818971748822462634264978676
114,249,17901698313777431311427425112369018,68394849414249657071741318370747074933986478098892355804456461666370222065948
115,250,38026820341728910822065546269225318,38436025984923738082521419702970117489244308696991594784496839087237703150844
114,249,15263248936072461519854849087160608,55254137871720449526799117281684429585555911744123806674886930777000827518232
115,250,32485579510941185052720049172933089,12032276628053113654437011623621197899123472210424607967316804430752351127126
114,249,14984720634706067155792503597700213,40170850775664839284350092457303917789250163620852064777476555299690370701365
115,250,36325526310915095632986330506401943,37394865097010394125393350683830300832438472900454154917076901098527679219476
114,249,18483922520434271607637868856229927,39504309683617064552282946105740580439282298481860157826940169751278859602744
115,250,28813439681786114601077943012917016,61277692203239535823633421643774633907256707966051727114884606967687956219058
114,249,11918582409439856905238775458289454,59024266358235367992348989529448365406614599977073252405857905895813088870103
115,250,36857753501664006455164591464977283,87691915500009797305347538000921611938048270202418274323981617894788654590737
114,249,13983198188229173902351977006915463,93132852223037254498201926606845040596639257441031777702804400268934799572092
115,250,36160297747974148603332401459021637,63395927129147069672105233176935805570181118020216235244088017017987150415385
114,249,17781122172576198319172749060748888,11719007128642614850421967800729721520987554590263586864977933219316176623315
115,250,22507096962842011786587802474706119,92901851200014085395376067201217716669886795723794212845545843911797168651604
114,249,16703200877212519219680156223577482,107783652954800285252364850569576694545902285265428351349599561452835908759186
115,250,36081214135069590656155970377902132,70538476666529223400316849516043895938571181470496157126718416033834712503409
114,249,17325782792426633862845727695066458,108625979958272969111520032586688455275347950365873782716902655852877363381658
115,250,26656514936371751604909674681068164,100212260063464292897361364100351824896289977016301945817166741088033269153516
114,249,20291345167974855622257971565002241,20549939737295982517819281844108427298103897151055029853392437881830234179332
115,250,36827266096487575065386851705753570,54424452591367103541210178413531781171095072397308428883458662101650883827907
114,249,11085481443446143884078103822641211,68000453689216669749984914616812843048815523608905789143155379418914932639130
115,250,35917346134749754786356309741717650,82630779314664149218716084075946044694046629431187346502489410576228050057093
114,249,18422269015113811229283881474359365,48935377844037309709714102521590771035680852252153492062432761882143995346933
115,250,21593905280039172888114437650566396,101343120937098263337461639484241508748088745686443282449612673925628360257387
114,249,15761073713773376046730163945935116,110168153206681644573693504550171109870136856980661220096715820528709956026534
115,250,40705518589994813099722842070444598,72370955411108554436908343642983348830119039159812093013297306582074994371651
114,249,19717554488601184199047574266140439,78958598304576275266112920891203452961670884836982811391652775379112073275805
115,250,37843986437201342280434457642871830,13469673826695315223608353098468778096371130057587069173097698516230071538252
114,249,18475660092853347129386727859645210,61526108044616313208485609651778948302906648431111359444050599606913612864730
115,250,35029153122744520556540951840721562,55764827246850426194564481064365558448046915558092976164357188775102340689431
114,249,20753656837928975712804117049784149,62417105389818039492049978670809845100840900666313304963621400825074346556876
115,250,27013328571019816240062441649043570,111753317861443661163430512631878612677738389834761132454688590887739042673723
114,249,11294789184364692026860295115626132,58616898667197461604111003599548338221197849014300231616306760403545919787324
115,250,22855275737216926293319584616106053,106867886572001404554336794783785936491722539985657519147195432712516450121568
114,249,15427125245698011922886445155557726,63741234086027032934227624334557208599796816336755048933000080079844395806923
115,250,34553018868491473496687531316927782,70565440165248234438257555433004030241029321046240880771496491996223207845936
114,249,19755336865897602192420425568897941,106768561095689520676755544551615990718884954894781960904449268351447101234035
115,250,24317034341550567795130299555907921,90017062141588170341644706658084820716012928527326442773245406554194148832799
114,249,17975942138852789079697642953560435,24795818988750847233335637333595427641013600259043010968104690011386284991441
115,250,39656857077319507548490369822488372,47023530630791591400111109775042660446681195469039661133118111414287747702556
114,249,19851072530453965102152459106354032,40027385187311480445802637120161707132012769546989164854995869455721208723610
115,250,28580593517545176584031152311822267,27109160953399495843699733906401746916199811908917497097125792446980782372153
114,249,13149774086882358919343793302189151,71609334137055039315595268796234090477771276967902485087070125854847368387210
115,250,22453740996511315315009131232187182,54750242366405775739267245880939984995186273463914437271320853900782351358641
114,249,12241073175449685272950022742997406,68028612132953097461196149519205775753078381752068977545486000309886669832113
115,250,23232169431556954748820336108261168,69057424698483560879405816225301976710073453039310442718828900642110720533893
114,249,18950409396140118031948518577832502,54345238068416593159444824497202745673591741084800847308953588360319360240780
115,250,21641302804494978663977460337929549,75173749538193209836147572251837251708631911985045717401511319603516799885047
114,249,19203852059938304058881626649190020,97027850866162014006450842989442953978181105263473002318149088143947071542250
115,250,29363813301364168734465019509599565,75610003687954435441994600919613427101265231279363180479963948242666431218059
114,249,10596362763571587569053713699202675,60181767747230487549222197157293539764379608294585718376777629846096942060241
115,250,38567566582164354626504761427018055,71864007121705906353345556592928962170135717801071074805011642049322478017903
114,249,18174914996557010500935124145851412,68903490851359062667842759177333421314991808669678606987236676670157664791456
115,250,33369802966374993198337638207650001,91187360103365361656584147915967841255328482383701525440339194923819422061043
114,249,18414663621052051739516746321611870,59377523525238677708558566459668195646071855808415658082684691431906645378509
115,250,20779698734636988391494274978207951,38544868135992830126444147093942949735300310697042586127918506141162191826977
114,249,16013507275966262289019464064953894,42401857033103043598533444998535560654494657332519501094914283232969681818316
115,250,22742800713355022172899737684587484,25233652085243092436024976594701416451767403698190337159590121398044342855737
114,249,10565592858165683867217673345247895,85070104563223113061224079539506937406936880928541523404419647299383516848439
115,250,25394256078763357054896042793376937,7883696620321175625436701576708714770714477180989781558363832041792346259010
114,249,13484503385269797708351118815745473,114203304619943700106164108545309753123872607880332096329457261298683024424300
115,250,22053447153516960384798253359740740,96202552427077242226507182909562317260018245940017014662266072375786622650746
114,249,16876937620495175290108346787317030,8992520461944630819981479035066579262175799694967091042115326609953548996438
115,250,26607806245941179974465216425957860,5871784395352739152147806507455896418721568020110538423315867781324060292703
114,249,15985617133887777995594769573860500,104824569067013545658435924147753924221281034443507716408354206249536002538916
115,250,21132557165481026712141532643013130,51369144953664821055476030628511822324171603878975769328434250935415652781899
114,249,10857043142587507500854935293711580,21491996179609338704048749816836357346551474306051685749288865307690618320705
115,250,30965894008888506094404954498775989,60703168345997647298456160050939295718213525364156817935307865263917775746912
114,249,10414663001801813818087204063500155,24689372659735236846664450496084878494922622025996508173418778748074014365044
115,250,40163351621460658969826634909797622,51778714622310286454011372829435527295767408305722218781625750831768178786656
114,249,18057304928514447637418454694998068,10383678957716639664944434690825786744570593109023792304472800718505285603914
115,250,28055514378450626736678232013275907,92491485094568625051339905982956732072414069400945742659264321714909814444923
114,249,17675964169998365834462728997861715,51967651597299259826463632643241492291551607656431861199057189542726934871192
115,250,23690771215047588721053167014340104,52476545963397213824926550678238935943942490647952057319402042891824803385777
114,249,10569744931018209774231986518757057,39301167780126266643471965579667534862657435656750648038154876061307160426623
115,250,32567248441843133332043524356434906,47001006037801058850614108631873928877386529773160027834479770752203479439475
114,249,11389507179548180273600390781589345,37713671672914494270342439088666394319640781344742403749468210151556219757705
115,250,23300518566600685588020500470148523,8926727271234063437877193548185806773866885397823577394471351662604129783817
114,249,17439863571014312716082454771634478,14234002219988761546738119313331862545798562803977220296391105071697896045344
115,250,31267769028182002520490871513137253,59429515097953502355880908333307953592905132636640075760797272082393423565105
114,249,18927953041508405122296098586229999,75348835083896967664015200262551649269312615855759402025664165755476670329557
115,250,30572396576967124649267997288836239,109520375821973700697996144551037560909816698737901192804965114088657976859114
114,249,14003903805064983863603857670655652,88951103003263319002024874284959905790666152657297602132696156814732360519942
115,250,39996522875854268906764139334362394,92245454574009497751589936151685703928841632526781848843752318095089187021352
114,249,18766254986179363683503070266979242,87050996317569626298035259356003290557545780018389096792160820443717342398562
115,250,33353709850677330604983787227754794,11910680952312980600569429006217244116423597371134054236085345470606047845773
114,249,14162862179993966461280489727191898,88483113686928814344709188372089040319065032815874756588916592254010782747008
115,250,35022550619546747878308319189529191,93332094349288279826941434528663009497143214899068337768646571540675273393912
114,249,10476808797511293861999812454003279,68937063104962432336761810476153127103211995771044305787253982740269394027490
115,250,26572006686733882226329833785333383,46395391053247860284310977797983714310824518593446830958592140516024952754623
114,249,15726501688717694807783337566793072,14668872809159582807307096002081648826805887610555410743229233200278543615691
115,250,28330210480511529122821076555286702,62975021598921762823469499184607021597351428892940532321309955706327329570564
114,249,14159846134081092065322536708313513,88083517058063514694964715735413353485338034403562491574395821315984926889052
115,250,34670339512775308832007917683513709,23064772174471418778775890520872391569353185816747399004118172528447449947530
114,249,16942246107481172026597115157870843,108859723222116197300580646902514153724241976396260205113523140979776788248066
115,250,40850659786916948285787955658463823,41168673455627265645904149172076698336045815454311786430663284177476675527823
114,249,20462067904436303037632757570445794,11847463162134783924349668879609954881185432963456625413394434412611195936016
115,250,26059165748738224042627921471322893,18256006266236415164483239516478978782213995507626529506602624333003310080016
114,249,10867405080709568419590502964824118,73753445710128049555355115070392987537503166634109953451987327771198953254533
115,250,34103039009534134007802825538639524,87769798007197040815600891982761268554077408946529226529397133907704523336629
114,249,11529129491036031311021012006973608,80822095184103615003329572165620885684826737317947887181049737788647094098499
115,250,26700600812496701698944684321076498,110257296057358542683850131443807256851239745477167852229832081571496195655094
114,249,18201952943119486413076879734100947,61310818923686192766460647861918444635522526735533600282265298222688942437285
115,250,38472571601856122303100932486103598,67914042552064798883232141754984548568215994443064172461805137594289918508243
114,249,18378534295285954536721927743954414,51706109163806971071665929120533488709382623740920167335491968999227626175757
115,250,23130278582624454977178057376793780,68032441778470595642931554590829526005309133919805531265727450298678172510299
114,249,17551793606301513579788197443877910,86138397628846290419259042820257429354656989614539934782218958428933558008817
115,250,30854965705949545361444367758982494,46317309781832584980907772517717519020478782180203538802238647938723330465320
114,249,11179143068010667946384260488618437,48308441999604053129601523652089360247310680566317241992332993984107580438673
115,250,34134576912645254693291828159643761,53145738227664843417434514835564916525591543821693402309974209703199149146445
114,249,15523459791446767478895478242473935,61728911059172991794671405473233493125099794642159304283170743651744167039954
115,250,39254023446833173913182749755596047,30936825541757734025001526042527009578643855329202830109954585046049673469381
114,249,19350787385724454031505925801684430,73740820650713099425863757192367035144119315105045688494311997682036618485199
115,250,31532444198932385369921436175893259,82582628164745130959489107365824082563470309904505267729086331898929463597547
114,249,13807606374489439818406381882195544,17458174507962982989875409169513856517686353472610120277878068954221795008674
115,250,26440543212327796608512047754512069,87418292576332292239312072776415365049637601340496280505014806658482134979618
114,249,17929655053786559033036660241204696,56072245211954157093974951353399272840478939764519546587287510107653194103300
115,250,35735536194548423587589842329054820,20399493452418234981556563209064318964411282788344619055802415552170437745928
114,249,14608378379885471809841110493624446,28438231106530421327590938509458062912573785937306399117265283355652968424894
115,250,34338178654528690399084512808986746,98999322256067867634153186852515565617275925793930445214560987223204690363372
114,249,13510228840421116455671356854826425,69772457661517768386980511501058063508151894506542889646757543816777877258636
115,250,27642556240577920940083295278582463,112865268269228234151627819099071797658308845160709458757263712422529158196091
114,249,14266868737085356721887884393541095,107887262840320082772601233705890303140835693847677582003625816835259953079657
115,250,34863642009218769953024552503864315,35189328542823190154015638330203353550075549568433798944645381254540704156507
114,249,20069022189859733593757351042884166,57227767540284185723424149727873149123513314602097946269571323426659934767911
115,250,21611326626525916965777853761926127,97899615733694099622741802604468543959450452967841332124812769604348395012763
114,249,16818129235067298787014406873521965,98116438781696499507645780762719138204270869440117877116238239116729125387244
115,250,28326968022621563002037443159190831,8898819858840600144294071059100454546813015666684955556916602379261648349108
114,249,18152563930543190555347388536289731,67873499346202131494911827962229731687249258967838485807746656748639004527625
115,250,38895277163370729778451969506451952,66890852478448223407094643862275348694530643908572853015930746800247158915401
114,249,14440051984331672330030366298461591,19774453454356789971927441759206665840305356858755426163085717852934240669444
115,250,33780284431243198614055179050951798,92644064533418850982295627085972472308315070069158101613263753223238737732169
114,249,14108498211924786888875511164084654,101157357495637971426361729435025822613780011213125612464090838559371948384796
115,250,28791407077109473226934783229117618,100909931927789528415641220943948557177264295883569199000880996045344441554824
114,249,12316830754102148323911415796204813,56095682239133878151103970731948798497217263933651571186118932990455022523832
115,250,37750282188640071290954820733677703,27405669913153757912983525729637454929447961789599703008325307073254096893854
114,249,15280590476542660282022487759564470,19808064996059548276316982901768940535667795411378922553105201573836612774172
115,250,38054254380473074788998542563509896,30191802523125340965715324962491910249829647382137516188682739885802444604650
114,249,14665099588256315694057430770531586,24660275131839931259474620619499159350506324305889496007946581302552430762526
115,250,38890418884045663675960390223653858,47196716900261156897676413303572784879839190963368070216247939007439660573615
114,249,14559554284109647700635835397481482,68210294376703007663686546651310484507196075377929583267166730665715702966284
115,250,29236586185164080898796863908776465,23502300700422064404047018180919793356775733105708109460670767505679338357317
114,249,12871616903757524146090903621896734,37927476809840991130529260116350051040730680912695680585000865209929970239999
115,250,39789710829487489156553750544189681,1960964395594447063008653982210927663130758685940704761902107962454925533617
114,249,11926780054651610784740876958110923,114896606336379674093751760181976598611243089785454054559430290178402620982707
115,250,22981668013702811307038556454257222,30997452980870774591344625165636471825445305455637835945575608118264406648646
114,249,17048119410551293710282482788295669,33755700884680804688024343570215931681155252699144666810332860406340088535974
115,250,28542169067606998478397365781284268,48745331195819000869344339598318659537913501665069920740476784124271818809393
114,249,13714903149701671583348347453596581,43683654781813074016635080653220111824798411685337226086855814995098885458942
115,250,32494361577355320571261037889627131,21366189892728893047516684328741296738633896692774494727886461412827237496419
114,249,15209497041029932443252022640527903,114329159423650908692306216826455577789859279132156980079561896135671115717718
115,250,28066435890898280918137213986232642,37284761761859625238385789785469201467940359058029903731536463908187672419431
114,249,15080032303586196218132873188357891,110663818882780296879885895402058530137562364065577023789821225193655700771697
115,250,36763562657421079399358542792142210,85173583545312927371545597829000873208978517085174376309898219581005665303609
114,249,11544569559634643295481370420002868,66062783275495105820748289140033379356678198900620746823790799351995238406009
115,250,34994604063944457395575507123861268,1449301173997917317124852746569095333085837938892061025198448267813130150607
114,249,17038830272445728510763136247801242,103567982110756794812784326186392284826210921225904864264905171297213085613660
115,250,25358709856281041026306236217508446,79918027975317801967117317426282305409871324677324534502405237954804534326671
114,249,17849152365704348385892840737564192,88039414296950493450679248645794662489216330387380338843238894105471919227421
115,250,25957811422966782155567058093807315,97249041492653489403403320233835211448248220620809292851600052218549801003180
114,249,15706068332243584689042814428525453,60506800553197235566127648758348392679871393976098601255897222186901571319476
115,250,26649752155839373434760954862697747,23784874827832941975828922361516296486722043909941065534378405916071226365659
114,249,19084444303461494360245320401885474,83143317818906130903665792883523502428787840006000094374449575411820634155795
115,250,24069814293834683999728579617403618,404906278494413612578769586470081910483867005359635061026714297824306196459
114,249,12670797380921473083356356549077756,108425833168610894742746281986084383264763178282478996989395981694557641551351
115,250,38301850742938727631492088420199859,89731855630778192482116224322181561466997779659557408693020152964302597356511
114,249,13194673109178539007438474819668265,45650281853862195967536408941575560318925466532468463392002979467505346880514
115,250,40336721756065750456068398830785064,17635263705310513788148070225256025584847307753202510168781311688434597207499
114,249,12321755016854668672628618112854427,9422997155015240696584701514675221370199088224856419974058052748991094052280
115,250,29589723996210995764003005493052718,65767620463551789751797583820238996369185960177933994594677575075878570595620
114,249,18101494384857341570012359789368288,111522741552107910117868974177441020011093126465313007680399681178968500456802
115,250,21623660723646460526721453366491463,104716777660968071774344781644173301634896805237471435906633286491671921698481
114,249,17405770531139691627515597255350487,59145357602821224783255887012696588651434758242852604827106363422379758740211
115,250,24323861549818790864687447374053164,71347523827735745214087847968999812936267656885328678176514990681192119634856
114,249,19522545025658190034645359815527411,79169230305782698034234263398498639188487795187356733999425216502832603831806
115,250,40818157156911333991329184782160973,96165453019624038526268660434924357695705081018521118908608132995586652612562
114,249,14569006718694450678191549217297505,34715107414634990875314430720835280931977689290685279438495958446876611644395
115,250,33582693179990385018476979794868927,47101148086631476027980522000800866379502705998903643120620161035570997455854
114,249,16657565400057944814793439585025338,52613978088532621721941397715750454211195084119787059022354341553828133698828
115,250,37864013545161921640947849940927487,27731410010463454391129739962828273690490505285428005456991885842097313954333
114,249,11312847503058725899475244990562578,96850173609910183162408459764162128166799886883609525905299843794470217441040
115,250,37477888027236292874435095608488944,31477918386526478014950142465390322440340793985976895174528376140010397355668
114,249,13663023172414096428971575935976236,34960581295955539357843815220945407041104372020822305049120032432674056832575
115,250,28031515920993051736066553189518009,109534104461807352827198643844382140106291873826108499096955051884509047613529
114,249,16835944725609316573211680512472253,50433138607542812210060312249183844953410374476782086537618134898830760911624
115,250,24208983620167776671656114656399377,33580803360614644163173333520104372589415810883171626625265162167746330675936
114,249,16328044822547906706597823825596340,57333907207624999685641003337618203197524991711470758200359835955826750078254
115,250,28645375317910529683374965008377600,52518472853634806843966803456107012222044399946837157589360875853245893332686
114,249,16034788844223894491032727560194027,87696815798878065573860489928069878168849153310427128904320829043364858079746
115,250,25367190298336029298824053087031085,92508165503825719578008409105671658241044208039523576875207205334037154135046
114,249,11576540756333163165736548887813691,92807701415700782007817873728500337390547911496602617125973294830676916480939
115,250,25269570839787077653648647820143110,38943616613287249735772563942216886716889785379556866520337547339450031385097
114,249,16607221591800847171187828031947354,83446178174554903649568183940486919229308419192035057451937535474144782837161
115,250,38731062179937296347049088806078559,43412970086739349327037632346049653374941483814113995129960641852538434504432
114,249,14093297936445817170688548409995552,63824577004977309462934456633536748594173142670953165341446097097169588031061
115,250,28073381063751888660045499686990961,39455522290965527652933329086644845468915612566178504403374702629822355202161
114,249,20553469647471356558203400466718810,57783555973970037860036227062731829214177240682051178697070119800863424120906
115,250,32945483763962411031476655562474010,20421420238355861320760451075311243269826032373087225614526456527417084624907
114,249,18116730106693185717097159750884524,83040707522572354852722696795787075570767526795579259842391911362287308355272
115,250,35288467031754613575219230893012151,59064799698219837140539292433714479458548643163529036902063430397117516459428
114,249,14300586766385339169014121424961298,78343177458165886095242936821678632060887144639437238659120848200092672722242
115,250,24784344012199744688220295786320072,63642720849287315139577983211331570978879779074893923729618319119427958886775
114,249,14645506257895383282035052092395321,81688826160018560322576718600608082479516482767975206633477530492912570748262
115,250,39152808836266572916221915197056996,86537914674710215056393479870404899026880628257904439540937832856669095980661
114,249,18289861236444340288758172377452257,69499675826084805299921214435125659783151615246033628709203089385036968159418
115,250,39236319374241551393728413251923107,94345990544395029948357479324201813517224007275069712053656868455770767381095
114,249,11398071017133568019064727754853797,44974941165861334008876988263037887381745108946445343320854591360687286621627
115,250,33211616877113958859366176430417787,5922701394974369182948037480548554867267699575783060295819994733551865989456
114,249,17428609448980060467811893105845018,59596511831014586276366033210701209472263846984821984486839359133583174009745
115,250,24204092765814066491445775983721328,32118991037971082356295619192494063971482310501682600644067504121020781743912
114,249,13351259535261264430089002993651936,1846188438481674233319082931424856532127687805746405510571835205780779277655
115,250,29393735379403654706186070341618312,11674156746683395933444004255155347542421152879299489944317078165418669261347
114,249,15916472467886812166254377600995935,95045923523548446699936808805708800173656137202986012421345729447751881239911
115,250,31531349171466987824350073471388840,89077638920747871247951961939246189180040202032325218938901863052289604866072
114,249,12322213208025139211660745855927405,1985798899321415837397347109773960221398381700367359227963000283222639409834
115,250,26424331867794850572774320491160324,25891308219175203504242936989648434183621937906222426617298709161715592984637
114,249,12455803664250129550783168940194271,61721844897884566068541315249616976982870261207124372272056960656097266760748
115,250,38724634342730452407486278782289851,101092761720496587259506384061233645535455251214304679727909753545446018087494
114,249,11409183693179342164828718084847473,17695199834895832136604334390414589892717436159611429546635493838289795469038
115,250,23598642744413789202761097713896964,87786036926081987406337103768518406797642954634452165470909725260021636328625
114,249,19986087391454708964575846896477637,48773059554002628951091967768840783127276360785771375989299238363116327011407
115,250,21317325012118341227518121758076175,18019078898168981081854832709367828810631071191720723113211364343464734201426
114,249,19358651718895496114567080426478538,15252741074514866209995057359161744704061580776041254486070340052105469921856
115,250,36806913906920325805139904597271006,99666010542136678321984685386399886733188341631609217698947295534308310014433
114,249,14761966734604945309035662085702172,26006151788172112418972682321820389645058125618026485692350708625715478146106
115,250,22245205175822009016862806566298183,82618823289475227020957320360897971427455239409161559943035359188044403324947
114,249,19399547057731521931563322443901270,21103927406237309322985155940855616279565068708949108498924885282343884270919
115,250,22190504917166472719681148523218235,11058396463177102730084600082488098281783420900865553003410646594536978318522
114,249,12594888114060792564488042635238577,67287149621302341166990848550820454873227134842475215949586258624087034011952
115,250,21243266331894438591267203537680667,113861047523354134196861702709289994152750572322817683281586056694693735864193
114,249,13975062925421740108373590101374560,58158389690362589004341227731402359461779375495057885556831443542511755558571
115,250,21279726311306537248076049255668485,25247708923669184803445049286345792504208245727724492930753296935442409113200
114,249,14625823227006500966047064877760445,27005027483463793916919111971890022607609419382825258847488578438942593436594
115,250,37370257544574262145205295733592809,52010632190063917061849904907407277284159417113027407656023766967568933241932
114,249,15404523970616331019316058193527082,66684116683164505185766121663745007603090731349790167792598075687189463024716
115,250,27048316044233671525696863305614315,51355027526320950336993098457776663203028890351958138027723265092346429118246
114,249,19292916612087955522553891810317218,65504125698522461079260738262373864607240931718065255829167277821212068904757
115,250,25875861174779515147816755193065568,9388241024635009771925989171967063895186309577420060106294686993923041598371
114,249,11803241682124597195736504825632855,86665460821032774648572472363047353959797173056097831304388287948804263242327
115,250,39324086489938616191552810765035527,99857427148855339473022204269790107148768690069995161715541156134281177828104
114,249,20708840525950748796616837249612637,23227537782939638148130619016215269369867484854429098607742917556607710333987
115,250,37306110723154962771406962726729964,43725976558580007660130384813426413635436197301848791214775324408621757759976
114,249,19671301722050273526814273136042149,285356128811792187260248038336193083784206095268286385603935285294401313901
115,250,23470543641437536686940981696157331,65354480582287313657547369437263821124045988987417296518445711906299570323123
114,249,16054686774843794698372650051141207,18147721530055305370368250126376870101571141097916703142439101834805725090468
115,250,27373811473004011375015918621188893,21492063048400694375341814780387284435285854681148719731399578154317397476454
114,249,18354585824182942854527697482518050,2386069188061884243026686534495792600738844961825404880660106469299064044284
115,250,40274948237433789650245756333299648,41751264968118416504962473755146457352728106354820191648056841814032252929871
114,249,18873378598178686301421683556435456,27456928455821091639040442065445782326626264514838860916732021847388915953467
115,250,32215126263243662553680991727208828,78686184193358655820368288034427325838028807389051607000220250478229157097366
114,249,13237714693217068424448676638537075,105195313546732627571723438784978263585195932565180747042319615284023365185765
115,250,27588992942315836706392090171220085,11218978191863862917483675440950097317735220129571077223987267662089678352547
114,249,10633921096396628997778072121075393,112272114729831858742948183298884060844606773309976086381402944530422024518746
115,250,25085780160884427477986268228104730,40191838412885594364299723716124321306274231201354365372650597384278044540505
114,249,15796558518795282330733637333762096,63635121870608181292432995856756408390017356569778097983085922229984720065037
115,250,35519255027972345184218350285097805,74932365848160146501576214108490464730656956659584605275843721088649276893566
114,249,18674855554985037958075622848577834,115115227889165427460647939033020691034469360500558597508929684147468875117250
115,250,30737118631515002597546720515051480,107675329916843219565087005942199010096046421819554428508998842171953713374961
114,249,18196540027405453667418002140250249,70949474742639431194341301654033121452936219222736349864427279040572514135830
115,250,32212488065020103292511152983917716,93528278516246160383964247676661116395295477955137651308513587310983714118253
114,249,11511261687519592161539185334955556,100742922728425504675077264443866735999239572884654178864936990892399213429102
115,250,40089461463188495841657484814390318,64601977851806068180197247665667114556551799953730544321197689339069739487394
114,249,16494999449547003257409716806357623,46076329286518620044047250315346356245126835979898806331306995023622921420997
115,250,20774985918518516072787824254239142,67146963834630600502103816267887388869526533280564170302837936252145453231651
114,249,17222470255063947861445764175705554,82177631285276328115484950492095704873281508120510447175504080108999383988893
115,250,31652753573359726077583034797156705,66496786734419001311838532560391967044129224211747451762973268381960394786098
114,249,12792626063376603258351560574110470,102855657730224197463348123933913671701768743097529862022623126370979969425435
115,250,37684516368702438963750397466475102,68129504785223540694187239639116151969213860634864336907528107552897979197255
114,249,11309676308941238572589080173754067,41081762227057609166775581154716083670946850633913392147313170605661796699072
115,250,23712991148932459230060931602177371,68934345669932936295353236151157961112986857014044362961762073773379128721685
114,249,18216916539241988159048767953875425,84083462024967633530369610195948491617007925368425460693692494723351612402893
115,250,41202286535159740085894887350508431,57771241844948646088316683166324229988001336323679224397664358150026631854571
114,249,17659975409472123879365914084549525,68814296155721274755243445132898130208259688579110237448636130560032114151640
115,250,38215800030716531084086004723683018,73661296027056126305260066501491001276642689542823711504318191630702002144480
114,249,18513778430489917807094095840372620,14520125713705745784698132257358807915886442238795682547488462997634353983014
115,250,23993044587504625711361798087917069,42392965664641403226213343086726154857248296590055671684208588144279395041488
114,249,18137931553793031258030679766427775,24719357110975579503428567022028436270248602273246002825695086149161785392511
115,250,29559867805788218301794946115998169,8914168932543537342282946002879953871992767303289311149486223057781209837
114,249,11397628106294359368493879829447475,94038494440556423161901296276513017840871049123141472860546024513854747333012
115,250,22406024099755865418422195228208651,13954652599786389832550940587615579747340395116430833631916086646319617020558
114,249,16310527685916257331472130899692086,18649195157786720358117998409510927532041728867725719337475341973169298921965
115,250,22531185286474141725365815118536688,113755726239292663263017991035830928277824226200429811890920819533405925721990
114,249,19873205706411071733054441113966908,8898800198727550218014178000506724141037570613797004067342365601870313983331
115,250,31014708855731325381910741700369164,28490764405868270162739822404305976849400051016710389840120008914640738415218
114,249,12828556307208335208781987279883871,11556758372554989032735210260359611873471661225329876547972196640656305171563
115,250,31867528923065043815842192333563594,62487783297025637470527677743472032563238574117029730748255439810144961355006
114,249,19166042326702614055298429070961431,8550609649905720717199017727913098734170660540306011508803317237113714079416
115,250,24569359489520281786694319760270235,83250602917137953398981321650445877293266973046197304203181402108550202064535
114,249,16686386542087288959477441639825458,111894521544296730539714070209487858652881608181134213428558404585273073297250
115,250,31938626290794608128623284961889865,49019607252160738587057962877642665322432284765172235002216401264852177258252
114,249,11363574133142086176099606773063456,67981834937994404399240827230125696632798241342149974789136015164754272445730
115,250,31273637448329750999044976431225653,50212609370319813682762368835196276115554679408087090570422952158636580277846
114,249,19581529125116303897662254476518620,61093092007936152484203581892665781911687088108176825705901164740062832853082
115,250,31001562582383250598721190326432767,47505583020136250723245728602518761004552214656745545802676958182441223457535
114,249,10894075342822369175283593602539019,57383461443074624921593795975634736164965595848344404104110897143968939827151
115,250,33921483117452657528795309375722824,79878700200588223936725293279868515009388870630039226637317368262729796489207
114,249,11109629836834239124836261569155401,51680961406548885781516301463593887393895249418245768553307590819113545836637
115,250,21554814811598366843509825374383268,3523639929683123229745918983462108518735266690365810247686292402529979858258
114,249,18879021758663370466126975926614444,99753532333180955070404468026685382347205371870304545864811201865594192252328
115,250,20854551178594526125573922372586337,51925116574053143055888832361424992180689910759597086149596422495241153579174
114,249,12140607050602256199103873202486062,66923763147417419933825647345361749432586554309619552340742483017746507946270
115,250,36640682102645387914467675117368489,46814197965545112723141415445209474463478517213190928637223286062138338178343
114,249,18021404418308953196566457238835250,62457043133756154343371673367695909314462581146831912821985410276960048630402
115,250,34293015886603466202684473813942557,76974106211669446067613202355972952986301073005549977559560387776821255301668
114,249,17641912933764846623095048348311569,33675483965449338383149228903336771460512523409629323699176418809179264127826
115,250,32241251242938861041601316686614176,81185439381614695363657047875167712880800190767705582670445795654132445480103
114,249,14326632973568291807075024059265401,25281785114868180403154419625443441838046941227220160930900543977818729112921
115,250,24102353920470066228154623741065573,113491742815475403516613910579102943788090560190109796597475802959805294927472
114,249,14683747591391837073460038401659719,16925575871189861615899243407257438602045668660671091432885963802421502431715
115,250,29902151219735163821452874162930014,10769797933210408566786123180996553794607358013024086162904315978387311453001
114,249,16843941694057293737470246327512047,49905674825208493946978954131368913780598706742072256091575948984463416426511
115,250,38254366951352621485169689144364081,14443444068196234155233983732624318881323363133004770385679811035296777419164
114,249,13697790548746438164607394678622396,78868371486090498500972574383479885080773702359119100782048802584939398050470
115,250,31472864850166051252607775693485722,73353730462419075094614159640297036551743485987704477158774981917215240526729
114,249,12804583914777841686190758058755424,113242005460614647837043865027782531995848919683006487770570973543631281959546
115,250,30780545859997493933494709280643337,76199061690817682554723282417909598107617735086166120570883459112518323187891
114,249,15983653744214664179651587682212971,717483341604506600686723510765670670549862879372333953987851615740826941250
115,250,37055977962062019571544976390394941,91952831241065207510307852239820568256649022725131747758427854510673031722155
114,249,15241580002814025190569490467121997,35748772617607729865018119107221533311053430124975272850977735284869261390887
115,250,24311982825229205302234995184270999,35502518506515730400645390368040439317374785001149079909768270285113110003057
114,249,17411719499981493643650444095261721,12901070076130429607240972440326564211261149488561551234391877433381193887331
115,250,24040821649731621176913977871144300,76972034990266762830428783272581690701934991810093824662363908309791088895156
114,249,15419516452007538810991819668358319,103629655946614635341422002608255270699717688948865219382492844185815280372101
115,250,30434627839003787687332417057826982,84495857205580328175633184688455815055878958023447827741269567156739219480011
114,249,17322419797980060603605922663416831,87914612477987238669964039755811351612632079881259587280606403156321689052180
115,250,32702109543847081012236256034015754,56841396827864316501168121112789031679214372320316732665034977427734251449189
114,249,18330179072108699787805910046668460,31946879390740945851436033570080315389187118693248048671696158122651862731389
115,250,21680830221150342965996590441075321,9651503088567597267893690518280065220274450278724895012604566932513711225257
114,249,12628205014349451624276105987256670,26973545122207122187958288081433813863227411877417432804211796513131978537586
115,250,21786875158591088868054837849786173,49359338845134516855142720827258905679648811455484692633077802565871248779065
114,249,15309505975293742718766209325816560,111694905635797323793288540688555489403785118841776395786459768787809354189730
115,250,35398643875684626788666205977396928,34987563439706140007423045134029739680090268496922104446845925546236582161866
114,249,20382243635404353328393904755788182,30247176802355175794096018875937831227214898564199143825205131937404654932505
115,250,25457711004633201276394182592426033,4465496160960008200887404360757336375310787486823120432595554046365187325147
114,249,16691502271698665014910658800975979,99424535364475628869871302813014176299791270196067964191368987701522817427368
115,250,23023693731236480050306646403671587,98842768505627762100907571837882972501611360717929572378398341386056658436742
114,249,10780782930308709318190854281200236,108201897764342039421356537094098126405985003332519333749573844061031210505597
115,250,39644424189090123828405078827526044,97695141804909495453484431046293596130430586876857841548290723007249733301221
114,249,20522836079137341782363510767234783,9866561063089584558851537388729731089160180938764022005986191251237082029164
115,250,34897955222996963558839696382729542,34309947982065583388548160899220115252016920687660340482193691840463474074842
114,249,16617345171657244059590949276473548,42866071362353644029202234939705028309169600013050253638105724471709361195788
115,250,24997518600421316761071560107166520,17643072533164404099248191132700393341189148150089445280495354121113990459220
114,249,20414597367120521417842592065956536,27298892601187397617442806504275189815331375831335380225620744899599298819414
115,250,23283574739281991330857897471436111,39669167751371504649365457522273021403510155680949232715112055791463424741459
114,249,11013084101050370897994355524900504,102899677261887870748934617343268090475507055738943923920267040470412324487111
115,250,34811610572210642517090522873682254,52788540783104493182535611975297946191493445083578147646344364456627579364125
114,249,14521865804022100189159602162760566,109590745652878220162858865051184514690658249672303496592635802079510529305245
115,250,32336427105583427950880083253163192,29840820785110483301569180917433586060932552554259305491667964024666212036161
114,249,17795454851424047780807213976781038,11966037869554977437938170974247291095355612919077139571532020962304181252094
115,250,27155221601993398330730789061536385,110814636663694365805911511262625135916647224749550123816191249700227250166288
114,249,17322323836410828139842127035574308,56664647403765603767105106209500767715831910546389334069446224983909255355446
115,250,27984398179321828569488792880655262,43843440282307035511072728560105891736532250218694865620704652490037043149770
114,249,18260918359342182672185006292543645,52632312837276704229952252156478569787434932319233392572060715461238425046191
115,250,28357914107460617999778597363556287,28891617027970638018044891433830892282253948797570672598902853224280697686143
114,249,19539633967068733584607348694791633,20216183962474271431742588443555582497795480933863041306794338812287203760404
115,250,39622029197008457660323203216103281,36672810955742850663295352538226520661559614251136900460273668496390150822336
114,249,17575590665204955255212329125472144,99011817291053202781259574563900715616214152260022207636051635740001238189848
115,250,41312767933252955636617186589966441,84243314699713633541340697832604185253581265987269740705836768324560505269354
114,249,14331429955060297953666923686258523,99659406312094658747897860984815235234896696893299418071195536992186196121379
115,250,38364468136462537155232897838415059,98040605057861141307242201978928277870748140494090945415034661339706576299823
114,249,13113437791468453066655558117948474,2200030383590025338615912568227995065717151326576941446302765225479702355186
115,250,21782973120150828129806578963693419,28740424603098489977509826594879313303435360935533773685528669189366375404317
114,249,17280182016141131683716616353629043,40494284798322446049716296272946412074428328154020436475000463653333774242231
115,250,31615987729026843194089854650104436,98158575605075448158478105107671115623713995538845599503602111053354917215326
114,249,12483049016896127004414457494994046,16228458565841873750673124319868787851537430864584000175147818508828872301762
115,250,33601475444611021522161003371780519,84472063811066608376750050739192244990011701531326482852103014913999841022201
114,249,19687436692729222446428007346365025,12748539396012175615402196588793994456806830674449083028148368149943154256763
115,250,34822527827140851985296357596922678,47544383734532465557060311041080809879622888067580354759699428628949408703008
114,249,17478681512761905097593579911252467,77363176361607778682868392907867749534548738918152475688742308322811282814953
115,250,21498290395365023581297644606718254,26412822256314168319677930145599016405736687807461948936317877903703937355790
114,249,12715966878862095023845053216233334,40153762618988227509852026309304056213139321523143489208347330587284208943574
115,250,37162320510326412862272933709605342,99767883012350346348741335228903202832456616672583971372061077654237440544445
114,249,16745831598781367877502038568224128,64556311145810043485464968612707035869989860098089406788412789613627152744846
115,250,34581437515239678844824825338316011,40779405909881209578692262173332802937720367194558925979003682949559326224804
114,249,14234742082107632365630686868375958,58289310887972125858298927277098619525027947230705486748290603545842074925656
115,250,29040877439242398992316387114507335,83236286597323651977210026791742528666271309640211682867617636365681664334026
114,249,18214489377802228812642535056678524,36519409803354852226083256056397276581049474701228389662920984449061344331034
115,250,37214159370380906033784061510886725,19626716732146329553627369075378627421702330292137401933652807034307705365559
114,249,19338223404997319565864099247998077,60358122311052622380714762248201638400211160389267662471533891059663578473411
115,250,33058567832115567259830680697193151,52838047158674468568177022745756568418787914062340724932969973151398874877429
114,249,15920993527990660115811561147881524,43808041592231432265588486113804771542297974070654248269581109619461650284050
115,250,31695218224214702049324051640654131,10398428064352483524518663446933595943267384697917117099369233958498185680597
114,249,14257186974483437997528071952834559,110985119039206718981239535676751248621533771516205788278196179207541809532213
115,250,40587343965521032715794510325293684,52052429130422624788655872118171812304388708504388195323767807602948624728826
114,249,18093408665969567926634181165178294,79692366511518224093419592498828381888940704284586912352350352114978237537936
115,250,32314619670058476402215004460668525,67999232417857284964025059667237135195469720408979291686357976475317114755170
114,249,16447167968077802203286220746601917,36698865229542400773963824822650912444277510382801102675439712723617074301773
115,250,24755848429118019950073542236941460,111541970673335374974735534272981888658566324279843063669833923573411662885375
114,249,15942822150700355872802681112743864,109050267420080697261790679603294501412807986182796494769418675776842631964465
115,250,25173769230695836969481771870275638,18945602556788614529600326718194574327933634267889285656890490728070702730867
114,249,12991383596432215635361247224952562,34690183707946043938524288470829630182102110420023204156417653106121652081765
115,250,40169448495055073676681003256491724,89251077841200326128654102009217231099561520217370943294917777956070337032479
114,249,19527847377860701995376156012398825,37270429391920458815470390132107425321033031061327225259841421433828829041668
115,250,28290716596715243912651573890646836,12939345725694402575382217336634238238649222571111831924192075386056542601229
114,249,17948561468260835314201894736859231,49243431554842505548274849829935613798464644624411287276280933427071415894134
115,250,20898049729511678152598719571892623,74465299772040365561967434788281116195936537843065800407995568804776675538336
114,249,18605731657970192909892192154726958,62057256687857231142358206929695760049542135946912708320837336891186605141062
115,250,24724904754665320386285942129118803,35172139320763430715323777722434166182199766440392375940144015410522084343635
114,249,18705045368761705150217095870793943,104385613766141670960857000499288968669047940903792335756472619748973361822236
115,250,24243849377932207642607574495830700,54314500758236709657302135614325188263954563095436633450754718453128227988179
114,249,14831484054699950662723573783884812,27295693409435995272454349343538014267825099541609782473562475291277628478218
115,250,29053692221627370685747619366879700,18504903387266445332724229910098389079346582267055080103873953898072958054858
114,249,16631482514762577523839411840014187,12495875919305860097710727645351891762139152892913093004809049944209724641612
115,250,38090955053648919900938948991986475,9929773983663000160020057153272783649972824280837769356119059709895134240778
114,249,10721053882912317241734146691369790,27621735545678534154896302038648461865982843283017298212556809442309669279432
115,250,33123705715974690090003966510575350,68747372874754315281366376072414775898780355173381730143309018548451325641813
114,249,16872136560865890728559951819996000,47864085337046009905044679894006768486955934708994919672926012252050071841435
115,250,41048842704066388658693328132645141,106456568287477890462680143465935994858223313510692022361118962420949117876630
114,249,11345742166369393085582820392772571,72419945383479170480769514490845021320972210483855684446323685117089186584698
115,250,26174948746470420925485390932271757,47870804672625503650721038111869615770905361394426750176310388996496669650366
114,249,18612116857526596560593612042413010,79064379575863482518899906644941811996350274899010941986521525794437810313969
115,250,36959363163776959032666895024575107,44486750374589751486995464996317021850546603666346388422241078863818060570687
114,249,12827363996580071191990572858360676,19806633587230962914999845849610788280818493008551102355699013958328371448840
115,250,30742942456304132667524423766107242,23617356249098034863624568819427947466599549286733613426864714960467909036355
114,249,14669023824752194595904807363126754,42561041408585350435857159263150177624251403676168296735328449035833595088122
115,250,28183804660495780020815688510845384,29631623618010733222985252645133591539789202258246465882446375040942444272797
114,249,13888005133553259967694796808404659,72350115386395586634870273688503151599363578369453640489070229294950099672110
115,250,33967929981069610328626012963149864,53462694110478623496812719327159538734149165990588922107700318404167482198459
114,249,13875551775307849912935118107635734,14986424351745172027893089941829531515070142263834481665153108458552169763730
115,250,29946757793175608282386985194506612,100471808885351265661572375299986032397439113772649412310320306093185308600544
114,249,18770853539974391337750431447445100,100077370596886871857443879081745538220758954933952313778237967440070336267040
115,250,29753539872981131610615114612594867,59002709229506945764920116293228362919114615952649418918782904945216667274525
114,249,14104761337349203689395008529182691,12326491823939621853108143006476567284792925096003941619718924512841147671984
115,250,36842002878137621863749212432274219,7468429677486325364769297086873029633036190236126778587445749358983465791066
114,249,19955555747948672764401785272880272,66761695822369668496474340874604180450468236591187658969700929725552148055207
115,250,34170188457090132493192811718019630,41593355760697521985064532986153378952193182997528026590367202927209438488695
114,249,14453913249159501406013970561257178,48047910558560993956025180394407154174809392079902021566823212090848872331929
115,250,21930516585818812369968726052109592,20103983070242205685550716191698551372984997299171139704402274169603674785736
114,249,18471403251223747677851267573481215,110539105840141962249404132024749324908636869075442857830205710904602630958730
115,250,33276754871606363503240817071480164,37871077996116074888590427365799710951094527697133441765546476557483017752703
114,249,10409818304267029664423884597681051,38975848993076520405039492853189590857281241085844122099663316759702752843261
115,250,24026923595453227363904335801861721,50732258361281299506929349617263181045672609232546125741427780420798565673732
114,249,18118533884082638520945071452040944,111349912782671315837422869007249939579606818058782061734461281007615975761929
115,250,38017066148330826075724639614307478,36473237448070532100778340558019621293621788829155858420314848221439094753783
114,249,19657005586424268029728449675121686,58620522211918303304878416357966096872449782727690270714249092078732947318288
115,250,39777718656861636200440320125821109,17868180886651019301117403087692693216998094233109542711900056539328132052654
114,249,12758131034019215473857514853645022,108849574810519013143512710113186842218441653704039040222259512440727741184225
115,250,31519557075787998571758999834751806,14948651017784309190318880737821449686958033496815402005922165000403317187293
114,249,14385964657186374633475743076770541,22675288558849328048051031767861567606260884440549165571077134506476150884135
115,250,29096175225080767250993774016089354,62015706382605016651404139766446818018708659274474697293496132162031334769111
114,249,10936762510424156209243758331354068,78547063194370227148627319992864670336825020342786740492523881606228951153940
115,250,29457924627410189847804817231211390,12838022619703321873070589224115901864479838043965724846235478775751393401068
114,249,13855493219248966698333918839911326,93420497758711757371706312670432333088309457583037721932608368450085314128374
115,250,36540163361183577987387376957087696,20901791636694191111997055820875591561973978045291795517877142636436604896665
114,249,10740399307959022451900963753304801,33461764750408323009142666687106279756218402717797327743346640707598658104552
115,250,31017361810306764587457401061530402,53685715137120068927437285500762406987297507014565913103881217716054169950246
114,249,11657859543441518866616964269905073,38168361627626536587490087842340268353547612871155759104811432700929591600057
115,250,30638624443699141495720476420539144,34543853514818688021378136192436504703788689492487222232975087040384718332517
114,249,20670200196373385877373203302308157,8096371368193379272147175275743332609057796781044213309629210567034099118016
115,250,36264932029809605654120906146092263,52695420736054482713083117428114419160800927703803165686883178448082336493430
114,249,20625652672850113308860091563786237,109062100396865623423841066543785998241977309489610106040187419789867034175440
115,250,23745023342411092690150130965472056,51932189559283883558795290385643201744157010913722809849634787545104496178793
114,249,12720077046292571013169719610658457,17006616016429207228130770867220899405701468391124269250810385942436069420799
115,250,35026268352344605062963162555121561,41904890587285912228815560074214312224373653850533631636223505843693851839312
114,249,16775325768338837864758808181509822,84638409680858033913983794259121835116851088438308358141750941787440941326008
115,250,40085704941739536347823318107966364,32527816840109820150054262453806637294396483022663393354109613024696739561859
114,249,19923783643308418482538247850928910,84733967826095047062885625283981918953633865406622268713198717146249727544146
115,250,37319774539780356067213478138043836,18406372095970787297446993568248780868121459744968070841661581624576612808922
114,249,11256374553613056988126885696368810,53382537639132697965665088053854905457313867296704142861042861238082496982639
115,250,33956273061144345510565448854630708,111234139122326313489987126250362479400077790066306285839476077533862458160405
114,249,12905818900788212214798314029942808,74879547832853033029405352005052724294198847171337797431789432362067939568647
115,250,35518743400831683396496426094423463,25506105857163891965570224555668688504304907368116636319055721255959592466350
114,249,16473781975157280814011012330821936,113465475218553630518017977921151242079170284084872539224102343801509646469754
115,250,35172775118872748749147237561814982,63699090119745567608953882907041805285770077528896733217826895947812724220331
114,249,10683938599273187188062371201356575,34145528018673146083549531815692758697430911786780554607024665087211809054768
115,250,24784040676637457714182910577778082,107354952737497974874652587696275943833582842035623552888181315168114112786993
114,249,17426614227134630058736598886998510,101012112714375635641173422477977455945992978109031102822286927425844929009289
115,250,33586394781079000646774697208809483,2781670400387553294779819393003063254295099742253068700408875473189195821650
114,249,16781766948678285932896559084951065,5495097949000825472129540627135931967027796899103460721517564998305006964802
115,250,32986420973691262348480346190042131,10903675655267962709734029702996236863096089880902863773168273015172709825858
114,249,17781752661948943264569617780053994,16588208926115345957383298201059010322057259660688864203621499563621831997389
115,250,41466430207076183945698291301969181,81348039141638933586779441163772330049936135243985876503633852093375847438914
114,249,13250614937247517767162812581992701,2289542100373922815932313111977737588293999064729988653215928458141793670069
115,250,35465446269725098046437648303127253,22008259413858395951260135370597834328812299220654158918091723035236968080879
114,249,17411836203599578876416483371891753,42328836951555736961931730726425328489938724359730941649948132975175706498264
115,250,29908569271003889051525461326337371,56498677484235138152518903774341427561776035009421825272269001700037642387025
114,249,12653604333689709383390971829609734,44642159236446206202014223671265124511246523748456435661900633508892425050490
115,250,38409230858484747193706050137925511,78184036082385018485507596771079426041290580175283803088498951126812063704941
114,249,19384566654737330751918365165113390,14024577629222420317200482134627757226380012463486047760115504437100709342509
115,250,24771794122826903232567597774313453,53302049033089430380845669327277675205151353652855045489629119004562911212635
114,249,15639619902509519084992435066432847,39353459339679112542543285359983516665622380686173208498732045004277805969471
115,250,35359790265101410092216904161238547,76044428724511864169068535006869237721537545321920234993777307653689993714700
114,249,15814862052829675722824812358625342,55742157431702256234786930022433596951288830056851010526752460067580613687086
115,250,35727204060532499982737520106212690,9867481445012134462568937958841347584231640938293101125064813781613631638103
114,249,13536516139743958388562901859941554,58872280272923743789331855399923424878681654307971275095615640080031990812963
115,250,26822823684622194546893041951522855,91557818244641052486191413284045842217362904021475212985835427481338274608244
114,249,12008963340701912985092802042677212,72316839842644264226310347006644756308550752812017569585594075149966573318024
115,250,21957988585317199973212899281217362,115416383107696210655969843291777047955828018016302023587500752404367442150790
114,249,15759201222041787967932495543059855,115763804520701492308001689013887444143010474984040464337299113879640286167405
115,250,29865446694582847383311901996284195,54771079251320711581005511911967662720764805113406906575004028360830273428653
114,249,10655530425955469108775975037633637,40912968365698056229555197891214325776696596358523666397211663239972250184381
115,250,41361260079252881875491926331465076,60198471720564251758135296011352782264782805708733542861786298884154894734606
114,249,13157184466942524069810123238978846,5466127373889963081887646787255673369023825424845970992131960791145523290094
115,250,34082909029264944876258501898756912,36828196242432297787173187842622168982834595516498644757676474828218356330082
114,249,15394639414598368605806895645216335,33080417408688993133406682106147444790394128557700574254478617737330732267370
115,250,40653967405327197319712402833707206,11576340030853489303042499186721451105610131135268325252212538655348904182932
114,249,15110893195296670662277939570580771,38588775827672175624421332197806230945563278503408580570087546542930792341680
115,250,40405999055913922424956348871053763,48575220464279884054538131348823572941353263133785213240784259126304752193193
114,249,11462425365951688413004880655920580,83458282652526081613884850910998483954108188927892204858934113217362950950471
115,250,24215591106367471240327564312097051,45120132994574258631850194724651130031078228922441592856184491816949836317866
114,249,11227570591383125834581590014902447,35686140990625534728460559176582721268306761587621358399712632515760977513336
115,250,22246051154196897548644903466046932,84842745713090624657978465620711230360088574388086103447736923006647908674868
114,249,14761426013103769349261533783642341,5112386625915572043005130374721795738352456026030797361032910939039042851760
115,250,30595343221741548418455367654829054,68951153573630469094691770998433254698502988945144837625310146878500149782203
114,249,11634530582595660846143870561496981,83338963914710023719412334388714910947684408077026876360665272489548418901216
115,250,40576262009826383041592775588876753,88325724274594554820834790690913118353297559397619151478333749067412479554684
114,249,16285584838033863371821417740605603,15549450994028308624498711119329152940614808090805539703981353039579790025310
115,250,40284716925499394432581568774931073,48901140877768130291939870634852994293953748609002131190084512367279350507899
114,249,12160413108045760472573100317695402,99299664036749128250083698998637255153131301715357153505037980628395226008175
115,250,32238749908575510765157059709851480,65677176701463132371362085427362881864141720121652867774010625650776065885629
114,249,17434257374762655877374958916945167,95489160231812760211820242391184352111828074763249583599387564530524197902594
115,250,26710598551753690846821833067012751,27657948580306370349709809453944244102808170815630109755518946180223344209402
114,249,18351535827529963580785303728618734,46427418155892199604401883633252249631554835677862560072486679998979434845433
115,250,21618490737478445111061778876102997,78841961341697204043430678388886498392253394331401864141122411347031934460337
114,249,15897107276513428158179852114412951,23205755962185493525838861534707196352352003833842942015073046332934697794667
115,250,23609298596829130812194330793350410,76446508713407034560490242156886294380432458472824594116423901559128504354660
114,249,11604792859817623445916000027199728,115688790466508614072826528279624923863417342073013888754262023876129351511833
115,250,41296399764304457894380627441469004,76503104801502243210793992764371386736369086918754093265544737141728687720561
114,249,13405201952454421096815452463727487,449170259428795296045632200652166515239996251159551164969404154943578253662
115,250,33059516425988028986639399567491591,2558603726650666761401793770667163923173477965646466584756302264255632116538
114,249,16554281246306067699801110089252135,25755364775273173477492023434819903763026516757356821483672135065220235542207
115,250,25617495159529058551804768802885949,5923308484554294173469085028295097292646853226411872664948849490744187476708
114,249,16845112753888680801894946250259601,15815128927007727109648901174182633456663706677887848965333185409252774099173
115,250,32402986351029668332725869160959063,29922948241863350303042402600455710185592957805404904097215629817626959394745
114,249,19675818484594737810870856061650524,96788532955348052312466845124085767237093395996422248589338224099631800872301
115,250,38433504905218494472346542616939460,59650215385789033650219470416719067327263799125157122829920889991026746790074
114,249,15097784812412776261535296890949783,109814247656954099241519598352142745208816737106746015070977218308767038810526
115,250,29146867425301551853329714192631898,114190259943339294518137308615500499623349261064978435445405026798010768295342
114,249,14573520091905083546135147144563973,69646267352242263783317017175934318239980589335678761626342338905106727802856
115,250,39291232224586411292794321518167175,48818531259553804842777046195752565443710654761657372256876525130678597226132
114,249,19961463813207638225007084229196589,31828369037064441093382909202470215604391232312749183971752302825286954206277
115,250,22714615239857964919774913363403052,10800672036456065127844767650319000474942400056308174039615193512296775041203
114,249,12600827867926447419860779015581883,69580932911242435835505837629914392151391179361644771829960458618211196836452
115,250,31925983038127791780517345811450253,3510204401214964561902955270627989516475596185567745009569419191872026245403
114,249,18256696648722337285945374836643969,15295119155670967012600224545149211802923325262340293158035680154318028830422
115,250,36876235711739334507455899510659396,66851174031554696136027425938424517228389419507802316024802161431415058614813
114,249,17797068459314832551414967094300101,14129389066056177130731331320216125715317762888605478439985254256549196473985
115,250,36449413248766384641529950594588414,52268468344666661686961781491932696721674829435297009625604812216255541891532
114,249,12460190230833514766374465816214283,93916118264736564575448966956685277407245181200145065591915434988809522914999
115,250,20841586875819839034455352428748881,45598454481994777346351282822784792640335462330177170337615925145754741080398
114,249,19253276156687632274862405180208417,47818655075083243292997476233061288886199928203759282852772452137120731093533
115,250,28183047253614322807206402716640580,38463497257893840043809743768740226987387233008967581169314863818323409980894
114,249,17263033222823129828171669798362895,14775773907291607677577741306672009002177859320608029740918993873512756784891
115,250,21532683028520687186424819072391011,69870355117042417433495939265000050550913454837931722700178272637278866074535
114,249,19168890386069824453401035481731639,113215817014680673867672518432123985258083950375770395896401272944683020554183
115,250,28710811390788756409150747970990987,114404489399938364816494391056261244677845708862645436206081341340456651455335
114,249,17961710048062187415156606239010051,49367001723660540070621778593277007378902631918320420720418603033871617960194
115,250,21452419186408230893732842640543102,38951864441103616590453016955257017727520572469519354822091717241528632092120
114,249,14146676784203675539747196267397285,90300973921511344319137173921880385310557135652858242402314990111358412100336
115,250,35704403672889193926548760715112760,89386791436912026125294908301542998475979638624391360565904038379283476166466
114,249,11288313732905646742916639853796992,83209091076144095746369899109346653699837603575856557758714961663416558419865
115,250,36199673283227688902551597721467635,48427422200450855220334262414057687379287999887759060151783343844267985743433
114,249,17448457129498871096108387131172519,24474359036771557173369895379913219242415697215624530693129374469589925327943
115,250,35984846964295437086247024722494517,19232986558875078698244449050745179374559566304010420733215782021927666152441
114,249,11693419790012321982533034852405115,53067707318410365292042127687558467367238284058029255451707929365508399460340
115,250,27594394271962568019593329409416340,82718411718911201460170686119853094809646263478733760244097647614718853872306
114,249,16253652656464427338779749640520669,63069599039701214382636382902517380737671918684250957181049630472260506739791
115,250,26263383517289969743590781049038030,8673501867937906031284888535029349806745226306793111347802609387650805039471
114,249,13335619577405688955445396114405787,100120332601653817917533266169178271610188484438058674714755107323082973368480
115,250,30252126517979014874915988268697749,98052506308375946843808658038447645952983245632891891659115054976940773733254
114,249,13935856324488566864622377920863671,13339130925096752027152910201723226374084979211995694605765834204977325423835
115,250,35950874831163635426600426305988048,32485182923897663251254259825042170636825445633098355081990408679976680504946
114,249,20500356599242015532460805362316994,82697962792331687953706397734948198466817435174247260213432070032833751794500
115,250,21568472191421578031644393161648206,82227809817554734816765093724827191688862440463635062296178184601378373721168
114,249,18123230003789092223857305894488292,37666017859376982850855618393667406826478395837165103685284610098773442947341
115,250,36968593092804172863733922605622334,66305042741299519590682162351027058873017275322771425352092574236223243068471
114,249,15632676189790615824041028516670501,99356324253971263695858440295253094899498990966791074909586578340579804818870
115,250,36329929731150920828049967321589093,28593587618426551546695227255098751706621228962423289972002912385237492506219
114,249,16069885804268091630180054983840720,77677968763035930788492830749021708313233876353009063700275137420654033601571
115,250,34180025970875701564433311968769704,68335698972067632881948163600087020965773382812737636505770758356292278123033
114,249,17549082244928708716085452692439737,16867915200520999042512912008138850819860807294231679304750541104844234398854
115,250,30988065879366317825914647254713888,102992873202856051777256854876702794093341223613585644524439475258099068100555
114,249,13604242278840974838771085245082341,7305190096798167404820795405595806010029257727874542028886485316386966125191
115,250,39802662033303057560334437317287307,80616979787712023354831520985041914533081028889391989892314750819327314212437
114,249,10941139754771556885346255962557834,77738626935346495094957024887550190710344427780867236292710674857947148167681
115,250,22764428931778631430403355191861273,96709152182915342457789387314929086727179113309309231271186410123156067498223
114,249,17024535663385706557649539976801438,52185067151169678604118574916557490520552906053883779934123648855482844557776
115,250,24795728841416764830766289596188628,81428462563616497123501425177632798911889348287096348581535312695587289929540
114,249,13008937528525023949895784819084069,101602644603941077446279715141024635865105956213058643907991045031516546407102
115,250,24618460804692913370601441672899557,111204576266474293084175295477163704463475994154498112725461374016287553465357
114,249,12168202390664147467735104106098078,17636183589463292593615512355258030792328803100959819730416505783965625703676
115,250,33147838810352103289793052912282327,82585701825101579494853960536880914194999194871128689409271263226628632993886
114,249,17962158405426284470609519904913681,12365760347401448763927521641677740746101854621167436379922790701504040698275
115,250,35832983201675515204545787201831600,9343082947259182958787314839602165731161746393288893799425019743129463870366
114,249,12393838755080695898822148838752811,88679598262633858985184363320676051819532401070367451058766178314904741099650
115,250,29179785009017368363967814659831339,12975382704986766174845341430397435767079040676896069996026668797463577900554
114,249,11403612425765418354680717077517579,5072719408799188998562515713553374406677758364859270725869241809718632874929
115,250,28660518554328796893958089615347921,37058078212123284020283855937993949693100757288457695799413736151110521669927
114,249,15269770041493333031851048509465350,22822559399129848388390881400952762797466272155670437032627752333009741315873
115,250,24669215384543226783515357147777050,8754525650755984461984836790242059873520006325352170474860189922306497221873
114,249,14555026936714575056315315373582759,22245743256758983302418489023934979870329563162392140112137189645035289707887
115,250,24576406007179018201796570605939750,85822786098550166344464275326608977528430977462419221562444420457885456447378
114,249,18290728039014257533491007017597556,28991604225154742640173513821804122715704959630506659152720020277607915758373
115,250,28855128557270950762903041325422773,31715035419072793828867240921199613653221874749137335129130139960485475426556
114,249,18884105124330704453484476165389821,59274783284443086394803968273853904575047764211419631880539744124391368982909
115,250,40124987397323628145316531272289311,70075834267310906031081546725356477624213798861838704202481334296510218480508
114,249,16681515460593986940100610100052351,41330365468161096574730788039237862130008019391731385892278228229189198859181
115,250,36965317055490661352089661737112822,101727729313698167135020075880430284685822130577928687330070317069671996819946
114,249,16992238676956999043928892045395585,88432113088049738603536618005951088199828755425980999542071928368423515983310
115,250,33616634069187090821303456518641799,107581285748903371823426916880236857054500765140848324345143508815326849282342
114,249,19844973924611686723382531017954230,106123582364881157785850604830506218533837833794675509468720594850787107018487
115,250,39918866213599876406184084854649751,47853499044912346324626668070171049619403309920750489535569837162102120582842
114,249,18511066856725977101560574541067525,52944570756982673891361098568126822114097922979152851537105544007503564680566
115,250,35214317734894925649384493857417358,23118363388954342822763025612332613773590781682437265900539320755101685996948
114,249,11243597545457422964841208050969791,20285697849730672590509984370225235354933164836923364257734577842774608039866
115,250,35154320638889792045520651536874283,68576313250885706361013869832755813131113160862627671279109425000276998653264
114,249,11673427022606248963868133972886289,33421408239594034995001208383771519498331113074591710307420368316909154268668
115,250,29687574509160895541071269389353162,78601610232398000478036415711883792900292529962249074829726119575509598749208
114,249,15000606177662749998913163877540495,114869352654434521880384203487373905778758075115497182081574126503299012898595
115,250,25749098757088561805797807348930300,79482567502317115675308536942597050463692462763676241328750638217328428713933
114,249,13548029872845460760793333088510254,56718788637748564746700313426096865652419529433385497680047060927099028946728
115,250,32004080962759252974008685877673161,31170513573740730736630540609307231775616179039540830427082872715039203585452
114,249,18892422138608003044507982847389147,12122718896921752044313302418984100958563094777096449097025613137762321075829
115,250,36427746961578000406462860341535124,35325953987832841426372544417316726816994550476407412439679809221144401979211
114,249,16899283968807945072605781697532341,26739338402364850576213067056923181083290389241507524912364491473155213068944
115,250,20992311009851701308723382905607604,16590604266567395377222901185042251411046155585823724216205516410768748951611
114,249,17360933431176361541946184446777731,97680444024306920056432879324326195011959631778404595445050570481497665567902
115,250,38157472440272389800679327543636559,62135540651239713744304002029854703608056672990443707994041040104402137640790
114,249,17209032002309822630654007204748846,29063787817872685551510486755177649310072988905122211951426568617711061872166
115,250,31217924120990253863187913740409571,91349513169921969645190889395776150868570801280441775147563346493728010753444
114,249,12020288189744919480977116574232135,52954056548032609873451627158064636398086037702690313434771175047579966278300
115,250,21580720351835552422131889341607889,34846367513005672562114296749634623904461768384618899056348022970285588390231
114,249,12857697402979331988323149503421723,106475044891411884117041370515515533361394945048359505979660968746647576570497
115,250,27208318456962939735129368566662164,95745268725660974117839020044153827236585583317567440192338529138843610638746
114,249,15678119440221305758495554691231202,53422351445402928337486001403009080066250318538678067956928957564144716506532
115,250,38345947176542497111629100255538586,90739055319259838384631401067350535169660590513846763276040929841467233591034
114,249,14140752972916134793082343293372941,109868428584356795708226899803404015914840777077395089891085912317562474155598
115,250,27413120372361386453887076167290301,25807638030741467512524840035955848223478328368439311089273253595248729975087
114,249,16094503699582326395817877050725822,75184475382837560740934418422512231913936314934647428161371459287125628042161
115,250,24098882064970324221973594233684449,11027117935024402762886923429374709764116408447975616294047740024566015482326
114,249,18912739228899021201449277007387462,103106362063248516644471422860994928391770330270284385257835272446715195321760
115,250,35353813976630974898217725341111800,104362728044402324697296614147441622894276224498242058662370983185218155228338
114,249,18282414595847486324456773802144387,45963727753944483222864444328901382878008006172250739346855203262944631690141
115,250,31436804962269719382891813618786918,16689605129645488965344723595170204079337196444271817926333137646827216432303
114,249,19272368610063929987712525343909072,105587254141137569453154886551781649591348012464741719030511114105830098715828
115,250,31462116120067814891096529425331023,115317002944025668830614848083545592878115506615423625821214828079265203692056
114,249,18577972891338406362625832596365250,33533410861135322701095725050009734296475382941703693670546299447912964381549
115,250,32177426139713222827493761283490148,15662233874534204027533972575762622189889624574696592560009317098720600139679
114,249,12617305218668278645842995762447908,27074546767537961337044079089428770283790467644345672766525885437595769454073
115,250,31187404993176905872303226508108795,13557797319845113509808016166606258539839875325377687663882675582178049726188
114,249,12942958204530476269665925331578252,4647972039121480422513674578107355922578162197375106462313339975500597068920
115,250,26366552711970384362281053228543319,80409861781958899404889588925186978962426040754490187257378924164942210772942
114,249,11095927424894056361597331747465680,70628453551470558927577060017967812888318240746485675060943228590282601345637
115,250,31410645497854556995306758186090443,48912800125898109821010829531886270209651817865674891935475554622526842826730
114,249,18419726054746276251314630650308920,38817084325521927892372030015008370168048058458056644914864420587823705810017
115,250,36371429039937932793523540369374115,95331351300772867533892609113321411068209090553396272330355089007907285148565
114,249,14538494687056330108459039154084196,101875527741349109903367298119725206600074003719098242582066631587555179905918
115,250,40822287130588916979302867102264360,20306331758867530549872742884561292902905737408089405960949476067723734872082
114,249,19501370371692306546192691397948377,38999626824599597212797620166864344074779057748338101470559789176169256061314
115,250,25262385916224228860258176023019402,107357474912188451416776218836374431702804831226144891819304302295940876728144
114,249,19986382084970823799927957939536282,73152870213873184440697349335542991285397102539795670311427359107722204699032
115,250,23172472495341074529672254784911951,8388213727952100507674120868562195304495106646470856684325522714074134820941
114,249,16198836282235623334662294878560692,51376456763903864145062230267534425748737898194418113659407761291739393834515
115,250,21320652131180513458739988282989142,50966764259744102185615717177549886815056650428446260138850254791008909220676
114,249,15277590065420658940103686973828029,46506648575959307836263259982446566696902903396386287957403289086785468085802
115,250,35329137549062653531201181686322659,19835091628763763814897294332907572034759812982132332997925816705682353517288
114,249,16947148408911353912127266066714402,60364973975829473415744075127132799146500963429239820851898977792934943965074
115,250,32678956836850340860239422314692778,91085715605602497605410725745226215483455144689392715854301400750202381567900
114,249,12918947016862684059835688099295246,25624620295446015027754910258612971287065194885424970098461835557488345290620
115,250,21489802012719160662424821302433998,44197551566518175242567892762586829052775353966394439262077952257382976186688
114,249,13983469859409253460515752964510899,71726759785212866678791847031623422688691676905637391060265222833285281632089
115,250,32261466408668930229942722837164036,23913625376193369686896933439964749936154476495555325756376493912113577206838
114,249,15685726064968159650415579229406395,86564266729812109975407206625837492265970058079459813507416979380899769119185
115,250,22235251405971739706667565829856708,75697991753525305481623192820763612944801044902498711547946474940794950880140
114,249,19023898052364018332428155145664514,66275919194694432433853499985228022806875672983857141038810010795835177058047
115,250,35762603603116146134632005738763568,90013079597426608692709590425582538824160928653501343320196472771522177561550
114,249,20589742737227836281084562600855273,55156646441016366312954249873070799561297285539131738844974013631006679489669
115,250,28813023346763491821457637219558554,110954326224258218910657330917638768970877550606534634420939992817738336632218
114,249,17855757543633324155984184131591932,50019896362412820340407777921219046687554700527889924713795201769360147125742
115,250,21951353186146728215480358291168310,75814107411647835339378331762605804118048633717892086716290683348976524136094
114,249,19234324659752015467510029442414549,107909491206105629017645416510759055113461503999875410622543594745240124453086
115,250,26178214550801752820842806443397342,2290442873219425329319372945142276716099747977427958858223848156058649922123
114,249,12277013228194917787778269823985946,67673072016064100301025062678004775014800686932152464535705994120420796704920
115,250,31551062371050474189964872381314681,94031814120643733001216646026658089836571407957549778290325387615819653634296
114,249,17101616466519458493095856163430191,2889904739032933433752819887120465722898087399611576214190635378360118715238
115,250,35025957769604683193901810344789730,78549652633591132710629668713575593672710509753425632909272850356217014427746
114,249,18907424315734450618266038943555051,114089062974608231459189838543340803131491826554666406252268995172819521058707
115,250,28105869915977098663462610924876257,10181924098721673418214732440284001561409284287198580328940477726117927125144
114,249,15055934680969031803960373371169658,19605426409030058534729014371553403720226268033485885957990473208743479142673
115,250,34882253524403224405921950585747571,4131226459467101982978845385011055267425434840120474297664576901807795537478
114,249,17955302685302768084384458443335750,68119406906438591478423851125481870150279450219925933479819701451209443628686
115,250,26697792610047397795137414151086280,65834435552433468367219711262062882152645351771771292555495304858326566183491
114,249,18197822046801275781935465439314790,99943953459938385778484836934207729403403732964442973257108737700775222864851
115,250,20975992360512962627600410079787609,44065759920874286360934925238791115226556352511409701109605067456012934526559
114,249,13262975352259083291255127961407813,12829338992972883702083818553531348720829697831607555888157218966598331386221
115,250,22710532849323839832398070323660703,78160233729185783069180769340566384844557570672976444527070732321085473385820
114,249,16540328413129407108504911347945692,84588003821651327769172527553218031222786185116059237901810353015460795783783
115,250,25663777375891237052033609622372999,64573752302645711274934682067690127665386723370415651855097583665278736374533
114,249,18579359838787148993720842190581691,33696468645639112944618495126712701573939591569889585570856931527436480961316
115,250,35476848754044375953443163467236528,60457243626164112299014491144048199039835049876565747187064097258249257951234
114,249,12562496007788123728928177803175196,10474566466877200360460783281971967158770726244705171553995710765988515272811
115,250,40372816543008645530147476087997973,4324189627391333743047099973340865557470853123976557187468151888422219023422
114,249,14537689411146211386456696098974777,5949284067785864572190883962597122755210380951001732282166681888118773861767
115,250,35365911983227159951940465515098582,97635528053686213385865372568167812024265359241952608618305831128582412289011
114,249,11383140108092931480115694612956663,72977461296235989835081417970027352429594230962671416770409492641739565144183
115,250,36437539863710138571460157709948447,67902355886859424392959150074646432884287723482485071677610528482264384245430
