bit_length,total_bits,random_multiplier,rhs_projection_ell
114,249,16594443813871657285667553776663082,46288175313721255899730020372061546153186953127230220205951932729866490709360
115,250,28969307683483149176744822249142200,114999064669010840876292771042583024085065320485758978756234663986857525321416
114,249,15744320853152639968051051982876103,7746766025937137659771466577189117762759470077412929323114502706256519200674
115,250,30987442907961653244003103313929420,1364024865766792970449623017362811994935542074336785471768800741530253759765
114,249,10695742425598477811069828684992000,113186474152228363390526929173824440296123006201872595855991821286799836891002
115,250,27609845103702512300831883848499989,33898025422835314609302234586723481092847410204749532084004261705940008144596
114,249,14523481796891272609545416331369090,1691582043038651324266948129632700522758774077575852922668442989289914473257
115,250,32123423271251200809338258808638541,27575392469735935614035924558400691207162365543934064822244821782728762711131
114,249,18072583622575447843106679936028715,48870576182058457172094139601317363845541120396022825943350372848161709063182
115,250,23903622931140373436542969688399701,48497852971091170403146104551449862536516222687364913640187973998346702373649
114,249,19499365289181959504124917364363863,55343019701892025441539935006217769959121494332197875555546899274218740270370
115,250,24169783971061751381464558275106733,14043821494019702209434468660714289358494196951613346625858668215167581654279
114,249,19956670712200901428071249746884141,23968829692077791428018976481618088863850013702013352721998323739378393042243
115,250,23327828758545972286349566395488880,102893962603774083272722064094024588105187809678513763067471217264783306212045
114,249,16991687804420293946270441981381000,93304333255056442494707302340188680243472229505862958312391396610263280413152
115,250,23424589755385692282549059165856232,75930478131898908294633076974069907317051526054457636212634725186048495559993
114,249,11781477830459079314033513801626584,1151369650016775690956190935523925839615987414709991894039218233210100372587
115,250,33279534370028317048591009581789731,6168324914932265753196266134725567427810838259956685641817182778231291145261
114,249,18412701344228300523505791801575504,83267303718731359427300844598845819976389109606412120545315758230149993209931
115,250,38325134699160341893603757354702324,20794664874328813052405496395566119912561309554589735694135888884192831229472
114,249,18393289367179758010016042661654884,60346272433630295452196235981440979248317995813268023119447522503781781440335
115,250,35120570085028225280878302025811660,24936277047920860626378873145411193436303367242873729756742428544096118160392
114,249,17204726838710133208376751246839917,32694291312702624587347915449381822047919815411600890409868708846497932090143
115,250,30618123527681401106011512861040988,33234333999048048516955888165003180845926838968353287967269306721461552902383
114,249,17271435806816946011926417792136226,80686519117927421330550915536964193331813619705355320704478919505100483333224
115,250,30958982386118960013207296707372913,106760410791604154688685144951151816674936994499799316578732441832747873708926
114,249,18621403202175685375013448279048244,104282219428259166140701546681530097637950970526959361961682218199322104966754
115,250,40762472588692182685363559508036247,99836397439747473675018481759234075603701357007533422808958610958809995835553
114,249,16810647337458423404887121381128577,112856723117691455613559304960297387169688940862557723319143484365822848284790
115,250,22900097972846937619935656290982922,110387443636420726230135021235464042054814433148542079688141439046830529039622
114,249,11801594085637659811071566295973983,86283184505617430321291899717542189333120295411801541305161492401439935466494
115,250,26179220503064125840216026942990630,35801233793815946844446817458697051928612959606836521482069145523170561466620
114,249,19704307626768197158577699143544353,48470302432050712553768435467833589921238112629820821910177274636004834415779
115,250,23449547951206747832149865791619883,10480133260713398676578651479067129347135355817725790439094402211049036155299
114,249,13285099522655819373934023894822698,113290340692849500162919494501831653007672455096980722451984082512803886537700
115,250,38287569841224130414972666856357426,17200533409359810419730056182962176285712237835394692060217937026630118501979
114,249,16779842238974354576119227188775581,7729683408226355135073604118923003896406824817773089449392338014035309553076
115,250,40676261352764445114116151508908505,13930627698701172098216054552361193273198205370146503519829185635310183054953
114,249,20404528912597309930585056335280915,38306668355582457839722856699017280459804783040339926335218090548183936392050
115,250,29190621696567922350210859964690441,12198321534029999600750292866632495494312263260482473756821009225159169526029
114,249,18039876855072522977963236835987627,29895770632681652190553238717156272143394002379653478104638213245749326762265
115,250,32963419239734577611775819608095267,49130239826412057276555268825439990513530216070905668919674518811571087156897
114,249,18511992263820215099030237987877111,76440921610266964923941481865000744135897348256087249619283226160733612785849
115,250,35959938747537948582478491737833637,49086250988405871613484544790108272403599096200380296418076469870626900845058
114,249,11658086780072945654128515249645593,2925950982815328222295423138050808098963959528791744874004011147920364649789
115,250,27268675005754588563046375868658335,9050701665170826450268162021509766314206860479946940247167332698581540070484
114,249,12007100840007620478707312719589832,65351443491090789464208400903013188455962804185230572954512073894686713560273
115,250,37613632050648428765738843193823800,81114761787911198801540575681575507462841512129550485802901594372861777279943
114,249,20212458547050533068916242336487245,65055048541482126527755528748077594544247943056790706996422575535670030723260
115,250,39288856063484020191525115340018088,19858474584590072208789482046335534255574723286182379141332133612162667647869
114,249,16823386918225133235117589013489780,47793958820728415339017463968958959879796400972584209442119012992223578026921
115,250,23324427244569277017425376827073590,23220512994769445051951544509445388982316645791861529978185753790178182082726
114,249,13262466999137793290378125457398932,103046696033648710382718130121102289698336218512384499878584816128122047013223
115,250,21198310007042839301865916116401272,86355324741231306301183235592124338433217123770372610087259104199364009139490
114,249,11841336332658240146496415914000302,25765175015003545015640076933737436533392165342675334711022909265832213730059
115,250,20880968034056188508106799074678105,72635990829960427898548895937555590551881822004739741778655727561857909165596
114,249,15779913858005254972816355400026175,114405790996047067821900849805163570309803299093019325839308221711576376185068
115,250,31486880214821057942647546320002094,47679628447492045094518355319709869740904198770266615308993465454816448391712
114,249,18771040052573977128561899207322102,87765813157946321268339378155064466188850179922220977306608239994333435612212
115,250,25397229999186205767338253475320575,13679781679650731300148983581145630847436808274467441352556617021104472254082
114,249,11176321157046070363744690568863163,65080598742737893447465667299556524878031378173362368143369975848188015718035
115,250,24720812982126396082773228823562409,15721186946508083978676033337345310321609033937636829855466674629628328490350
114,249,19297556150831315623319332785358926,66381789597867248510004387578427195086421458217070189892643287712434642911265
115,250,30350895812338961483252983514930045,38530340002864136366701980683128136262081548833770814944527519467662233873195
114,249,13264910059484509717204972315176400,24197974627877144586988129075521548283985965782882309590295816210757367447581
115,250,22307691654552543515129689508002572,45113392123475075749725974491985676672548480389125082072028584121924507877552
114,249,16904311043124163738518408275107130,77994105394857514050413522556806870422597890121896116256586965027472314956928
115,250,34786243318849562440579382219728659,93424145946279633785920113871201570054654183974684668570617094463131385249114
114,249,12826880303669111057976413916044545,60512179155904759652763112921774621583546379406442782791151655171444088496531
115,250,23890201034556193177614876339459258,101175907433799054466845093372638571471665977019300312048023755815584766324268
114,249,13581592933255608582166708503195813,6743946874341979063905170945108285671208616121395511794660509382537333020592
115,250,34442037779699448716321435806477046,17714320741527030391469004983327827629448226129440056199337929896731866824919
114,249,20265593474779180129635108391066248,19596372139811771625363424964755202235709813016289426534377114548253206100773
115,250,39804065353401403443460245887717564,42863351619789337400202177550706744176269970811993789170622904449256927644707
114,249,16088540225827423389214085698585267,32823344366081226338953903533958897499229900895607940995019284806126077535647
115,250,28232570428550947795126307575286302,85941914248467504747165762796549317472731455666627668444445865410126712603786
114,249,13716285703809405327356940569970389,42390580045787435744656611614494175712195758984020649609585685794966567001191
115,250,28433764888756858233952696305024843,26086818240552226942141194080344440346978702583264740317394705574533354666222
114,249,15616860596779603636330144223314530,17812245331004372691878491010472012745742190023895295129569285855378923666178
115,250,31949543767184662725803873559663883,82058076129175214873398341218647804365707456077407748613579161587015261971336
114,249,17296252344659291358774958638523088,11458190010202969679394519577622444907310452478498414703540808086171400541005
115,250,33207965068602971897850739370776498,36479528455412919478627453872774163348674063199034097236581725492171668466118
114,249,19770967864055735615716875790801469,109443619516285337104725930484087117273682065717621270862541818734646217828073
115,250,31564169167882130308260277289736786,94528086163629150722491481032068742966539777704888817847085369061633085426685
114,249,11242957935156141130129346939513453,70051518903588497925394719378240746299706856157339363597527408645538883492290
115,250,21436743209887009246301606738227731,24767917989257674889217469798029088728614441214481133725352554900818343248278
114,249,19151815571902528461030003558124853,72617191500813232640431450583972057320657754298023737876090404044313350215143
115,250,40992525134413787792512151250544211,96614226937729534258590859775658253407029426988751144144796443188307582849738
114,249,18122640224829282990140409343103363,106425142259177833841874266646069119611932695304305169171779148800018152275195
115,250,27773852070162742030632314558052970,59191875500177223319426998527448545594263776009956822352073706519246820464347
114,249,17893740916607792688947870008706152,30341205952292249070918837782717858029057340274882094750809347896403734489453
115,250,37590264894308579617475210843657228,43724896643607752632395515133461365788182292400065705979444939788814233312052
114,249,14197318915221070501079507258444303,107980151875341392526890633299978465326636116793966384464247464433391799484662
115,250,29996173621605458407977760873268799,65664881690815835873298534165982009787745709762664772059098786725579969737006
114,249,19216666951480514921719824264750608,14407062544956549113679030805700271784162813999975868678292665185543300996188
115,250,38864327498773691037731598050754525,98736531189728654419973909537428544080945337229132716251385652722698424764003
114,249,18288316461987066017962342552904172,13387520803429476176744893828581356780995519754198956688379750843478748884231
115,250,21553044874875166139681932803566092,80923877242371888960762152780180852944676804805077822676520489552239273661322
114,249,16649648897133690563338910179329313,42993219254119250736514867798636176115034056369609735939416156191469990304292
115,250,29955328644963449120838237560852439,24694364573965955230978781737134318221883933948755745695811416276750907792606
114,249,20389527912278489095097221983803025,52644646796361070486811214419806724907314896422860516552636862581331567942986
115,250,32564416740241803728649257454232570,52210538390444746235072556412114040386484203198090712937674374172939106812634
114,249,19395431384952194299349878191497050,101124265030187989200078131689866918448740635006430276057098110345230067584082
115,250,33557337918923859967293556861338050,74188758586593539019053878079288229612767404606611261546849819904464647891306
114,249,18058292038584186832322630683479350,42073469283336326540819073625601378300890515196383937558717158484907839645923
115,250,36576479640013457085851835636123819,78194774590566017152809286370254531980385717085238137818958467563199777926590
114,249,16467349903488536449582998517909812,17237559620807952062735251445957623203973394910611508363925084539481902516480
115,250,41450746141164626807571147552730916,58390398772865461967864745740224777656137866161740006702869754266547746329109
114,249,16568542225237740134281649839758899,86299734878642498134999409182889131241148879854320621102941490567685078997844
115,250,34911599198049993582871011409483194,46597627391666391248723408453634135790027036202647792408329499559655545213899
114,249,11824661059295024021757973462214571,9723941330622963847659540059257920569555224560857071549509869711962889942447
115,250,26261139161459230301977530802392103,82877864372424150598433028044480222018028387797641178775487138513446380007327
114,249,20275810999924384468677702833427977,58058296421978827732460337504677041651850055170443957603717508060649951174141
115,250,27724381325808531095377758756176791,43765789029144536204092740373426978851006685017409692287802415867723608338179
114,249,14380768016939982651833876983994182,58010730064404919939508336675812734304159688077147171052864089127429845594809
115,250,35201583900840078893603717572294457,97054595737199908629581134103533780183567547168138544329559260515009590685554
114,249,20470579493069872433011390533290267,42357097725885730114010173773556743255127464228851720123192236186753695331511
115,250,35459713540809243130268547642003508,67178076610012735215808540688703533331130676801133993192625023721359527127477
114,249,19587569196389728512229823348366580,24688216820136049483648964728643132118509810206557582011778552587820956634042
115,250,40351480496480701049923093567442459,111360783383201371702428650462324431506038630782434181365689283515431514768519
114,249,19055835296609997083901132301633589,2761199133077652275726848854317689223511610646873684077201446774292636954321
115,250,29446460743826370620145107318929795,94956698966203448734938140740644473142240342410892052936327521359995930996240
114,249,20638032846152701780116496710009108,25696998765491029182987885075465255186705257861205664901512007546008072013308
115,250,31743455740337193358845841290846522,84320517361771936853720163544569904843297386038202417516526826454753919992613
114,249,17709273037506795763787184125613582,10532074370953116593183671710407690857847009890952355579758106905553494732144
115,250,29827754100591836040308180924673728,3614382208104932662253061130880606322537819604894615216808816621126308253128
114,249,16722314231144730112295261715640688,18311144242439949115107225522157975427228577728202721693964264628907000010246
115,250,40575728028988684154710566277750291,55952636455551231762642621662741249419378999431710434639290075665689212247730
114,249,20594967220755711279704220891561050,114287749010123969729406357056068493494349794850500319284223514869433184991203
115,250,35256750992690251572946829384862548,25510427899296876378795551964877651410130163988931021821330017679396456756290
114,249,11190315895326706986653518263449847,31538523607098589085974933313313615884608160725021890979958896794564458526346
115,250,32880043356230483308182725813181162,74830284042882371861749942331504979469495704101914226032994244844089918451054
114,249,12282049773504275442274579828655277,107085546492485647506228525408407282711496462555093697052975182279103016684563
115,250,24748558709955225149680719421455590,73087031329265637243359867949043465950036641668642472927632651250236246475301
114,249,10559380712239397612410402440506372,95168826725929869413440528604901853733788540097348505886133907247717509210170
115,250,23627487524844646223830296739819755,40524865625691759969755264692391064256407575630255718680264703903778985602429
114,249,17941477174228725763021873311323825,74666142081800376802623826056834944851091833650502678036162758747773019735660
115,250,25247394037273432898256754316933557,68093957557932147125643815883017644679866359677488752190301884780076185706797
114,249,16765192068361315187756263263700508,110687270834007052131702477866666452509023287542101216293891709556121637157234
115,250,34166947951305288745587598003096279,80455923624686782900869842523018367074777716771111897788891039978522633410828
114,249,19483237030436036217768086505509416,53116172400764175112892764671587867691049702965096476417847753216440485475782
115,250,41319089019667700376281837385850281,36323480786337941035441522799991902980836786681236745777010143429740387566330
114,249,11861609952241092789276830480607958,95942236128557792708554540922744614443466436665997687012367581518857204085316
115,250,27779742288345401509862778294683520,77540436552601615340220731156994199902995068965120835676856431633811371812666
114,249,20344751162225017778091221528381052,66299082010770556907838658397703384140629314595893293393970440172625352400214
115,250,35284179947832099586271925534594335,55117036681273804767263962721874045058557716680134414069075708842921191139790
114,249,15615722203817867222093312189713228,64784507221375592586817010767949948923943275428761821298392235428650673123448
115,250,38251710553157642060218767861594308,62415179402093480885739239163354531561459154098743298245913599803656857480091
114,249,11918589234588176510175926021930722,3374052500677820955942447610050201987614036623184253982300355187834294777188
115,250,23985110758323651233629674572336024,4416971902686448104338682407407879787083791639146881980997202779432945962775
114,249,18032142572461027648886740311750475,44307799886672284851679440272486814926075907892791609222785100314059550265472
115,250,40762116339212468368568844399545506,67775705707153869786471846781187936190403114373895341344008318967967901323079
114,249,19002161044916489250527069566492959,12409841610941210588176502055167058247148758893481667654319191888373231316416
115,250,25800040681092551771869116312647761,13382446448144399573361902135709679420723979867478700980725551969651871748759
114,249,12868528856679576633534013809796044,28850486199891085914783830390195226469983488789376397694120200478302752083369
115,250,37403275781953009644543838827004222,69651790120705373639807065551201881440336794738486640897839849015012697917883
114,249,14112374729346833289677094197361542,71496292902071975451445429659609876303435562127188485500006707594773010922105
115,250,28700397318467470139207802030703751,24398801405961871731165918968180333574438570701312250514285508096309546994341
114,249,19882593719723530624962018929287496,41743188695602799959307681297608624643673505660695390715723822451363339843872
115,250,37090026378516176362708705221384462,263181769759504947412060293520568157165628514630617260386602330269839094717
114,249,15430752788737768336793848328170084,108934349596480423384855259285252068453322603157711151095731012351042692417770
115,250,25787756397111947712460457098830710,90274564484350359363145826111292806650528404748497140293034398368042710450257
114,249,11639847662025006654577481161839307,48656068974416453170330297548164952352340132031426385092751779909943697220902
115,250,22687623269781184562328891580716762,39639799088692932392018586934787680180137387770041505021253436754530902287288
114,249,17670597568744831675710568704988976,96813656750486842111995147752212785278692091086975212260026937143452227080501
115,250,24789724251740711968529677329498280,108147984261052802721702675351196804644929158224355286003838411637892085752511
114,249,12086145562930148348784872395668895,21588151207998501137304915474900404709115499175913773306112044517815455969154
115,250,23311866134254739421984932800202200,103626913357548734060195681818987502570622625535923168210440914167079963173607
114,249,19032302786584004596494750289412356,49987271787369818267655105544144814214051756598166162990734184063183142504095
115,250,38309665342171728962347115079773376,31573971115809381573117809069976137461764537042547968884779205983117405367310
114,249,19494232751440583099976052325374981,59129500070139577495045148953462217076805707979376126193858628884010714153930
115,250,34667198054829159937877918982938252,92798716870910593290858705303565432848975076319861492454177783229320250543382
114,249,10941111870339995467914690894071955,17950792691355589663425370091718183810924412596143851916779544250644385394014
115,250,25048835346814407293455031396671038,97941437860519663033074484339451302157100698424821722236863504622236886102480
114,249,14717218893806085578147900865938913,96414370071050059279409884046741356196490337140382263832840456817116317031520
115,250,22930512511489095773714500492135858,1651273447918675779724227316386404180982862017233469653268730148503224008217
114,249,17061351693947090924370708463269989,64258127255272517111230622360352652942774403869009521068257364908738641032228
115,250,37533862083479050380504694033250715,47503087230586000890101578657043787273160436446064432600944877381929572420909
114,249,12962919296988330466589544960385119,15672494168033348749217126330496559406885629783989918172213494170968703582200
115,250,34329665684758324358536275981191555,44425494751012540751116489034666055070958006697119097686354456249940782651929
114,249,18701842610769773094505458056787836,53957527411396165728345707892708666152620740954561341102966734433587455360541
115,250,38681598552741374760730642605474703,10194075959101324846717224817181169565248173192716137097102954855377143091573
114,249,13811197155917483033301482829234198,63116434317983213327186103679031862267111212611330145711545918948245966969823
115,250,29678091558722660608046410514544019,3451366985520037139358935909224804677600798938267210162197742301087108015213
114,249,17637120047614875730799012111745976,113408715011943814891600046160427170090834411435202385688720418568640995217314
115,250,31869934738337986210365236120728810,72867240739755175791569835046957551570159034739718005162265305635930177196248
114,249,15588842837672382691845750008771466,96570816916399268782351174172273388862325768664956369246003955143125288094926
115,250,32387254920665220068074451836986233,60053181214697838355980187897767426228503328257219352065238499282420753195949
114,249,12873114591429777293974584726847411,75973563425647087472406025793887009953269228284376085656231585855518974789449
115,250,25370320001553767707522063379193832,1616845430095073241090084719128858598811059203701382923705769666119771285337
114,249,12667019919347217248179726357849618,5691202208724701404863203400078723936831086793664938512082424930580787585137
115,250,24247615340828018040933865266766499,44982013955380554360183163774260071547559479352896716527430569708463281089712
114,249,16291924345260115677688894461174207,84903043776670195233136059739379210572558180847784668430956142576800301794879
115,250,40039127843988296090285974916121673,67401584626982714300228617092518017013489454639273856009842489579823951825199
114,249,14302474261652171142091564599795106,13103999672371651829041565867945807541046153017151362632297209703210465769225
115,250,36152811514886780714928841973662876,47425027679531457024483545724348678886774019105017030961622328132914640891575
114,249,12090476364539381265114332191431959,59787425425130334552232614898640112086956079122124244252486968850637878709426
115,250,31269855673952885430017609414375786,7756488045165023915874610420485400058120325453934634048172819318556010539324
114,249,18245316050879201730739574964166588,32713436400927869801233867509548260610198113042082455232791494364326786176963
115,250,25881309045185180494437753419450967,3447681753986124980428685219186793049663611222802313456594822152275950187008
114,249,19005547040921027440242361968336090,15448972937461127906424630731254304491240031389538580644840068634478792274927
115,250,36880048485611935728023368241236724,21496769943303312980345440020333502901386892769137509975190446957453035133334
114,249,14250490475773020805016869397814056,71723560997384237314582753094815637602450349157379345951614179310158942317297
115,250,39643253716866924992186868345963691,42751446416766776445595202751941937550662332428424932915456050163900612367057
114,249,15631837757953015466037601802012589,67574424302517269092554074469435677286952000599066810623054150192658620495220
115,250,32005983492912314798691506033717339,61483027524959529451558957492907036032728381642593380311724298370475842564064
114,249,12906935803948629595182065199322803,10722709255030641834478999230507056469200044717370351412621322218730324087217
115,250,37321253796597481264141648920211650,81494631070964509974951844874393550189563600803953812760258860792709224346550
114,249,18369501146102485666541670232625435,10221673530222583041805030253264473604136125794294490334394783144087263050131
115,250,26977711664644497098988955797848951,112787055074469466349362836557133320420471550615580365770708608795067171842672
114,249,13042737754774325078181554636122075,111638048113199349909145382440955208075450255098949872621763444642949739977254
115,250,26601023800240746961619219003251730,9953786545773605650463077424289690448190893216975730920691746947231873250520
114,249,19873233122727101527714556498846893,90373709428769507887606969734826387158519908346359636441913142094321192596078
115,250,33767656150201515994357263310194736,71496619743540661540872014936359954243723611492964706994919935344445110018709
114,249,10936123093563005419477030881920837,72161564730747922662225115749808450403425948184138067454491510523893920815480
115,250,25690928237829931159678308363768193,18143407905186579184753881850639328813534698280958112134082341542552431221378
114,249,10477924405955194363771177685201166,38325219795922782566926110435134573334980470685906204071413931602573534569590
115,250,38874249010890338432951314167084908,29957065768501738060734092027127638691028685427539276064469301882959336313677
114,249,10859354189910769327951411344033394,68895701204961636776568421745859051532376675360000169400957841317161810170570
115,250,35277466491512848640633650368111127,91226074338126211988402501065922122189010405268184615333594429309286016297250
114,249,11429610474924719414505488400627164,30635936383981338391029717374852012028619198336248811518482620721002671637152
115,250,21975027541464143874776575084775803,39579184719418114374233649806017358674960890688635467484136455257740244901470
114,249,16541352196709288603412885822359786,74526420037916834379158950169061128151718869366696995868313582562216300789317
115,250,21524636538962359857522705217628314,18225288702106636734343808264869495387183439384240894867090769369632366985534
114,249,20275674082652102029293020372392264,52341418127179897286672988634338205572592502734572334551629747953430149769036
115,250,41533766245083331567663399924972311,91164453081145109574982487958972457466371407864721470985037334919123264917662
114,249,16988121736335139258888793460858920,78174366237192015409900581080771879572610444156135576656262667222094996060130
115,250,38954487321242199027358189184407113,100367484562012712591638508004902514295637812468865771564084727355641088247533
114,249,12839979720561566599476863357957406,74669177718578540513185235888010553858533025781943758603739534486852278995497
115,250,40661174952426583267340588775567405,49126740973099588979032372024833186821663303912146943184862933912578874179774
114,249,15202889507771909361451559810570686,113427123869780491440821203536184398558530009982932964845801660502896333499836
115,250,33845958238621954956739439871935060,79862495055031918079861068102452801681050764279896957004766389436872547417491
114,249,10619524546706164848857476077650132,32379137571581446920254655757136501446745776540944580094427393897323441049998
115,250,25418936543787497649571981635963943,95341568528376293800676172686938071404728217291780562740410307332013866423937
114,249,11739428710047379790312475108033373,70207080652045739755514671415150449381440172210099253458280010942852706431292
115,250,34632487225136449657312766884306564,36320560490400145642156029182902379728000710425181893335424847733364891076303
114,249,15172930168704052578688969961057399,57225136402271920370031129716592357422356470826651217044465893449176884163123
115,250,36425118722219951589328217490612902,73654962243015601626653794198426198225484812905595148704321861078465524539708
114,249,19117436160839707771471264524394197,27380352786415882328721486956380751317062692350350218012031277947209090318756
115,250,37525895283967073713843750955801181,16657415297499619570784277113513277792676736053193856030494825176498103991855
114,249,17643616835763032207906583560962100,16774686646789092579974544800405458801109051331113507793010013345440799175613
115,250,39612317402640406497120866882246459,70720862942261454992895963707076202296985756901446088812722910538642588398086
114,249,19872717827873567790710647830378585,96456180632482190855569975962028106037711887340584825986281825102439679487975
115,250,34610529251157448728368209075565675,98767414553597138274710613599520806311678375293663554832219563154636977973760
114,249,11197437878679840435397082090121665,23312766215553759095487366545801528272567966051705179468444350070250400522952
115,250,30339526369057488840531752839331109,110341131311102017145591499120387389871231321656289955978917713008490954727282
114,249,13130976858241357761369000847693326,78209393492046168959273321734301003217123087504010057315203057559575678910651
115,250,27441353681085334398008579667464127,73919044440483271450166239754429154487763621956108621131805562258088070047107
114,249,12993379155450002919668944447630350,30868336263300027331291802309333591814000910334362426006045965130126457087476
115,250,31731971423516358004024958810641373,50289890105999646869860492214560215891847868354840857834922151012871470171488
114,249,19151112569393205862789564191624825,86031380048097923034791654610815175227598717711892925571264613339858634179815
115,250,38122811075916559277933649578745434,38542372501572663188176875270002191264869943479014667939544614781877886575368
114,249,12171268185519356957502176494410692,27377696960769738637100783965751630339954383149255932003416334708297771580981
115,250,31800334381862401308545089000187190,91178549049337811161388874784063556756787412391486824798077688717732523682293
114,249,11086925326333661841061178622106195,30934883028320546224626651105871934979782303236765107160046930687698923695086
115,250,28602060781596519178083166446730997,36912217849614643354494501974287693418069490652766769455637436976530313221872
114,249,14947778270923004018938944824840363,107129962253301370537137658461328188805615850399993129443746462769187528690305
115,250,38061711375581510308913938459700828,52317726255933808676819453566018522808610943335524321421113648251307941281025
114,249,10567829279367686541715338471367423,15718043043259241090933545335853662601943983667608963807684343891853065201627
115,250,33080943963082860297631600316559354,67129484643418432564589223313388164889510401673727966305440310469411585884715
114,249,17881709171118130188899356907664520,105171316353717903129052385370179062916006763612347699133402994720148063099744
115,250,39944194775366734596309620036797190,46386465699347617067100543317292495378374514620339650479905001053897987207861
114,249,19960342138887442698986811708612759,51067333567877563325230744192372647077776408759868605947239603293812216139731
115,250,33025521858892378350474024084351070,100573244127090066967863997532627545659730620816414568409151220716456346128444
114,249,20180939499133366953507506110147692,33756735174311053623677943532934162575329786670913018601868819426305493287050
115,250,35998813850634137180108070092535285,92529457939839969564502457273568553696101187755869546501680877501183918603293
114,249,17627104891713750225545625149098562,112205184725928108368536120032740185118590755951421339985689799515814721470259
115,250,21942878512396478691080527235927021,28128868762602004305289964434407099199082068748339315070936201877939620607360
114,249,18967252525092501518294080733091502,36531914459583069406301241304562224530160550823419585799296547532260261711420
115,250,30405186744554796902127864198382792,59524064587964631768950258081723501497801861751371309649539029911770261286145
114,249,19250715857082966332543606518119523,81546056019589068526195455752333536568353689373860209143074099722747341351158
115,250,36526344668515639918110560531444265,72266949014469388672746683864738989208701950671070607542325072797199075736783
114,249,19352201054009516888190357879532866,69476182805863896928990500874834281575990558637864536481633221897247334396063
115,250,39664063863022669502186301087110070,87368827936373033734974926218687613949273911265326446978743300605574241251227
114,249,17568788876260053084246850217211253,42250800223617050249796156871898625484406252678569309242660256526535048221292
115,250,22352295239065760291705824963319524,103290939653150077648295463989389026653945485801188075337883342976548153254244
114,249,19421747644157100737321253765341387,73708407424394503488766790045923642530435692761370323975464887647524261825209
115,250,21237266290162986844140819077294771,113017931325971642393175076460691976017845702125782299410195194501073090408205
114,249,12490446281868538612714068527572517,88559249073568305858982860238319198630984715016319215330535039318243001401056
115,250,35050450499101995230150469666274473,90177509015697129047827680904807310878066491733376977606526571812017845180707
114,249,10675572913138102251496350667980129,54763343226861702679380752961106012153493213730851221366433178348782505903386
115,250,25617723718748173870501812955190065,86980040412185990161098532829135244024867844585785094439058876640664811731750
114,249,13156721476343364031421895192221441,24847641355463625829895297929414690921426126482208585350797196026375444921422
115,250,27671050891441467814092494721660024,27659862011936797249372500099084689027208634578885749448985715685347264135928
114,249,17218339882352747823927508637569531,40777781215660941675817048816514331070995113978312677714333615643432016443622
115,250,22580678406059414007168291803265174,65773399367323391408677627170805307763925798927689450843317299717233976217569
114,249,11909182845841498659970491715000238,98877650499224206381546963806953377647530007194568744644503401338291694572686
115,250,20868008925141944223170346269644376,65907653142807658929340592510675040323526204182075645016971847333769628771030
114,249,13564601366310426818555368428810916,16060456246989739097001637412245325050186148086207765422540010260454521223390
115,250,24951760909611312254372956389475114,112356927040964666337471582425668045309106206062035958649355824735035629576773
114,249,20006253808938944733275845690806227,101285310689549121891204991424843792773832293175418384265037632213048436507817
115,250,30334307467500779596663334177646958,30251204923571238899445183004575067501667539954943663585424220432324346942035
114,249,14289471987691143617083925864254380,66729757111468415948152783550733508623106429221604073037438490988942997764144
115,250,38202655698080577855088653000210826,33537297061317448200793529915280764690236043743175491859328526238184429443819
114,249,18257061728824119674588960503409173,2569390984192050073455824628581172912743554231354448360462976781885093622706
115,250,35813292649009819217922383884430719,113539372422617535012119936042554050430780752289039336284760358262167355892607
114,249,19166322100709245324582974280454648,3902188667677944966985870161388121515597615613658710993632478569106622940464
115,250,40561837254232508569536750784336319,102462094561919935738756815128646371856398607900663372206133004928248934977121
114,249,17027169997998594450181907346973491,28929888595050466301045895764897036775265820448480386618452103850742317289184
115,250,29141126981350789494435197338836147,55771521873245768712497102526240240557580468680900798792909196438755460255531
114,249,17308900392550339143312475817740958,50298000399628000261595934442566037192206965984243017412275176417040844063170
115,250,27236853162541526011932707908518512,92429122219911968884874791103629025034911685477099755444208276850265569740922
114,249,17995804457315843055831752754994221,57409562853423706908434772594255569922925406947357835476027516325567620872366
115,250,40425928401323255480602135860007524,53455768348724799941331743863194042521644644613643496059326894985120869865240
114,249,10677878506845651475862843716575425,91747274849581194017712383166860257005418052929788166014648275791062098146590
115,250,39273766583460212361992059675610714,51113661264398385285598077153656511936590960836954991849296198270510532980953
114,249,17830233102442843543909123668589302,78349855060299528325318862787338820688172088835199533912729162905074854924927
115,250,23165936337038735742699497370537693,82948908976350637983291353782868119311183147770742448319419692497398296275581
114,249,18351053102774819822581471590997203,50338896612289266247913723039697082503717066583477791763991406462988929711709
115,250,41119424301660384219913167610375224,80944653795479042115789626033753361177583832026817232538027909445482108477039
114,249,16217914289507005505674309874645167,99265325556593064083566797072517512377171778930191196589110532851154711813463
115,250,31301055595990520573494878983829958,35640694220377958406667082261924345344924748347773945482696240009728144045495
114,249,15297085912418853737554982733411806,33754193640845988816598703248415923914387161116118196802410563208259258579639
115,250,37959067086049194113673218796315049,38474339584374035480766481715817933631453761145060330739654781998346036389031
114,249,18310114620623031704991352997076731,85005213760847201724712411338577831408874173377912755665329466866748247882340
115,250,41448078197736495908898880347263365,80827019953300722910331903978087988562768647341800906595305363748100613210076
114,249,14052536467956343384215155425411294,4235378890450986437064664355863065785026126297824535741211341931539903750579
115,250,28684208334034481536816557167515174,51194053953857008301397091278058771329470820976773727023482456255575688285175
114,249,11863208859921932150174613215928696,100322793776325441394249305228826322625308373312827472013977376751184231010474
115,250,23987203933861608533723928276764699,711032155577750228857590688185753984863245398790136523557583445342631566665
114,249,11107061174842193596860924601492231,80322872230458241921133019063678891832733754927906570322292800238790067683622
115,250,27825048976795060149257509240183286,3790672957966711643008071742854240671333170730271955492566693592360835725198
114,249,17118032974483059960414987170737564,31295815629518889555377112231543904878987967901206261195721019780806475539376
115,250,35435321467463576242933593587697211,109284004336868261109542104148284016044258834824167377674039232055938737764856
114,249,12628211835996259098823761277213671,62919075454335618097446654294936153545581421796209742255092727102041552759175
115,250,24729546466790823091829188814027649,69285681642577050736448516532127081980087191831277231553665088864205634694911
114,249,11063611154473913654624492985575956,102081028798370899044255516064119020080368422481102696496025559217343292935573
115,250,24812497413746895568565719175477434,114465528281038843471690761306739472398351604037086198216489496578996948502923
114,249,16488883664281174406867964813750983,87545583710282449948547731291154882922284358013266146773067018960225023754860
115,250,39171532262928790591919336015217133,16121583082448221742490430180916682768654554240575900999157601419772759303308
114,249,10953061983397573320556503339120715,23861573510769934645522069113764783866512070248384962882619590282616827043740
115,250,36367594235080979741286236102404215,22370639827861803490533999158587436313794671174189224666706577839255769028064
114,249,14723383414487115097543591418346296,42450312708383328050569535855340542223648145599203838717585460999779394562176
115,250,26862393185582747231447127044786755,29018424123534685026302942052034270621613406183510515299081723959957159250757
114,249,17944557337352187117716537339542916,53592224233586994652355363336731217801833877594992744479984095307416575162973
115,250,36502796571919659141717524898397982,47030531530932336892410462104026775835907924719963149962397738183491624665302
114,249,13769936938080862707796499174039012,44525289741525167449284856217000097596952756747660700193004807176164513527125
115,250,39462806525185070412592074651551304,36423042929464938350658211951944578260272834762615199568025411504820921612896
114,249,10921691361227695233467699567515244,44781167543773995660254118359357110672892516763992611280133167591457202069929
115,250,40479618027335906731126716045480832,83922906890387414231868202598915623699368862091317333513847357086150074888359
114,249,11150225776556464447142422335844314,108668351371941607335300617964414151338666086341925662178055639016225158933506
115,250,38083524144967365364702701186773149,85165211008582245076952114783106703152714195288111223276872368080369100560454
114,249,13792817577044320921887021148627836,73923386049176303557798936133564608051991567260612847117836033015127782781224
115,250,27030336855362394271396666316520944,64471679274356175149135283384565008727443135993679635220164587502477960944666
114,249,14759606648105320742364516716260474,83036024433269194733224538130520977712351660025044548292182861553327245615349
115,250,32015245540345399705417829304045319,23927530088644400776795151315603976005026285680508731509512398530080765449367
114,249,14721722272403871915628590885999696,63433110510361761940354276145857230727787907414914075140434486846815646306694
115,250,27131504359251593101874286546765070,104393797164217513749710241342910316065097340470443541792389431847493848211059
114,249,14159757525682192738012137483808854,77643118522679820413381079449017088970410942377524365420912661335143838615883
115,250,24355667809279505384934666255777045,65481244354748528385894672635088929044838518239907609386074253070345451346755
114,249,16557740510979188691316513842020062,86492038141633327494112723411502647292775905856089260451858054790266829527659
115,250,24874878503537786589123529397542493,6463474842110851785493350187193035931967629088586543021552389205530610438265
114,249,19186668577179118141344132806415618,92228099946336035826313990642335388960329271435053058865401894212784215479906
115,250,38857344387944898812408654856712770,46478301544890728502979641610891684730396948286122635274068609679500585709539
114,249,11482672420322090665466034884287179,23574518464601621819543056149724743620013028512038785840636421702447477194068
115,250,23025993848497376263419904847445109,68060913678062227683509909298845809327405999020333577161098153586641073389239
114,249,12657863881194682046943277574243449,7117422085259782256751750846277399783272928935177375393207757967185282784231
115,250,23051381802929052354958279403648694,99860000910638877774365054026298758589850031142426393899131876621701636647064
114,249,12311091724876134508762280870486278,49175681456238737258267768462320251069483687409218806086003504698564296652076
115,250,21088099684373654146441147802428376,46131538560132697580145780579522428571938422054311498895235037020738428615752
114,249,20606638688463782771339078387467483,56602847081045231215872906533346186517459916013794694719566612959963003966049
115,250,39481361852297861188076857556675571,86469728385281711259978933430359182026335143603698632264042986397951774763025
114,249,15275352763948029771316320761028980,78692063613406225621656234879819443256072954363710098987326528350600034297088
115,250,34342408294313286194618233730008698,62858998497520574310124725671179434974642937433674789320185509695070442400837
114,249,17490417009953399173125540095954435,86952429877519998222600195471969757081945779806500464859819929311254216134148
115,250,31300310181328492346254788198025375,106224421529657456407186880269733520224945672558133115388996854214194103500275
114,249,17432160505923491775949551541318221,60700407414570075465154042362149721729572496035683868688886040131791259029972
115,250,31942139958543593591424694600768447,50089361265897081944166794839684813122513804881349175466488449984891881056305
114,249,11026301331910915180280358169171503,20751419666859976769433813476114970811253906843372796459061420753998084597419
115,250,32755384535708901624881990407132557,101097886793605345302005690167383281402840295622529304821295192569002510071363
114,249,13781848471045504880380172095212637,17202434158873532666444579693103072149893129201753255199925313127197998771820
115,250,27742202127731697794133512836255315,23922967697697152371286200179059708096153509807920161981738867118260962798654
114,249,15581929980990207212409643304581097,61535659249602019869346754220672098447757786549372931911945565929446886721443
115,250,39444285497610436256777486864210751,97482415795060060684222763399269178747024497198203404142274334649238586546247
114,249,15937091632150167492084027668576502,71686887033534651056472967393909207581828660142194758510830629269111249100213
115,250,25342391532277078581261162736901657,62552365483526200202245489168196496929723107455866322141545931334935407433896
114,249,19289536396131829892256297963547756,48512249223894000379643888571364618873737635894879063899034872914141949795149
115,250,28292324978534013429631469337756702,53249567603680204555978165098662030135290745537905498243587284187146392435292
114,249,13075975633494608465634482944845543,85876828513200833145743450977803133051291825977728954864586197687914585200303
115,250,25902994489322705954885033374717797,18102233431579137106442602822278906185267325825491834884665130134519004376667
114,249,12040163858945290529817987591598174,8189073025500177883783413259201855994388989462207181612682089713826643158782
115,250,27949156494463149487060495633500768,41383202172366530452283547013184697433401927453094500111983277554491824342062
114,249,20494715148919294014930613726299531,42133881713528470349848237675992596787405441275311555991380611191664247569548
115,250,39169746238850565794688161549660565,11371297601170661935058998744174879027965661234285550806534789246110936823351
114,249,17980341223340271459363164319244786,92104448799972611008783120558951502391126298832117598172201473823467979325433
115,250,34983961251025927099032640658835657,79038276239269584281010740436476879289068897634674549192896658033002718328498
114,249,17689891304601011559538177445532788,41862171009334204874712052455621193345691879164861157203317486531881543161426
115,250,32125205422699050848320493909605691,10116647022576621397871571932984519221244205815167415038912307607993444142488
114,249,10812281722144944249471781336554414,69310846215748364815495295534420323306091888869629445268363817187172841379835
115,250,22930794381907370836738406422241900,49547680451445242235722673410314558682520241745882010918558288692727841887558
114,249,15376588267365330021588744494886000,48519569718201076771648508092986972943837267949879851277324201543652625748923
115,250,31060203801995783163081056426139571,29719279355377368518235874652127847788707889276890817882394184890106678329819
114,249,11168652446173802397584391575110267,97004617553093093514517296983955003703017029931394882636520554456688920044745
115,250,36147189033308608763082053387163557,54848477204192856029435430123121544812443215946888495779935088814719133134040
114,249,18236355602161011427193497603707317,30230622004381090413681589400635642998109923606123794798028597216699617812464
115,250,32878556640138657576051374160538430,82269729323948364142347968314506228822291290268643114857447423677918241374876
114,249,16171461375436662758980057942321449,5501722476362806800641913811925511873956341032450961917275220744614393068823
115,250,27460005359075598283223828404595798,41962474983013943531757899426884677120360935540863568967206931417308128562124
114,249,11531719329971685424642513944291658,15475221397788545328179738593048657356996665196420626436796239754335461240188
115,250,28850193849192248992592477770556079,82955731584400703428590394205161457581719479658660544990066380637202020317781
114,249,14134350450415038899095088934365996,15214674144298946435081885296786712873812077366537835822346804766963644380963
115,250,35659768280033091470352777032077577,14561161778165127943341478898947120283226872770491690628733190201963340375134
114,249,16968586381407824680453938147147877,68656842282729163674053972221912339861945594658586475300897891047661425089756
115,250,28215209624847302021519019897347249,91019103376362267178561143225921865640471861773387029328935793240407719340426
114,249,19592740187585247515693562401031193,105050346028731836418537436473443705844036072734882909133615612249875632709699
115,250,29182300285143432009044418041897407,43029773979464469209057198415862462400507867903197511775713864672792320899665
114,249,12994553726377283275392935324505545,92996210580984925978548262145375017376095733534625403171351906406440709436531
115,250,34244264372822142867095243695381527,17297682783927032479027010387804526857223949603493730872552024281860832452190
114,249,15471310684792356139371487309913640,94238655626109032882692235095884408155753127150577036704030843110656230858384
115,250,40507453321080310703321262122639857,74368830870845510231394216170633208000880080768624016767589647895183340221753
114,249,13581187961275461195836578933558932,19686719492013426183259926314333251905554359581025288137498401428287830508921
115,250,40883405735732200248806076030207159,46161038690941065832736321499979116099666322592153285895898762600744462494636
114,249,19622433344030682833167688690177847,24303260972353919886515697609425408029133554791595731492571810666535631657573
115,250,21296826540650422268658470165786790,38002621677467552146571950374616236947515664208713787946023250183900374442300
114,249,19044329709647340091773744876393106,36728835159941615256985071555572932952547592735437178697259429297898084158643
115,250,26175813828582512150346414070481527,19998034907475423587964206509242853145121501403685806674087744972065922395034
114,249,19704105304824287121173372167241188,71320475723584949918887403242998079353208985694989910279340108064473544087752
115,250,27576463941857681877778178249602777,56906921558771596046206943815217172258729269095540901653194025336228083394780
114,249,16143007945295038019189962161339137,43180147256194813265878466230177946688756269433829773028496487621134661212897
115,250,34720998813353567836361590434636664,106993226267343502707255974804050101560454976275749600948269968746742340613104
114,249,11109502286921659031723890852235746,93483106262159291212984316624828242459265528367000821367586436282251279375920
115,250,28332302179317443499233888856387599,50105272334367871584799918409799023283051487089401767488163098856215279486008
114,249,18007234150370828542204152689471373,48874894139694077671277550612314706021266729757258216866148754526403228443430
115,250,36776493731863607018629062384209212,10514571641416713296763647636534242546043780786299927325315035698751287625376
114,249,12618940556528580285548444590074839,21907054349686185959617777781409289701816045508437330688720575513060041513422
115,250,33299279795062551243715620599696718,108858005689597718856806229461156848884930411039631971828913546083662706543920
114,249,19683805069456422292465704905513139,31837196969456417768125768327251913402379240643237681205717147964129445515558
115,250,33450352673546051265820299684559316,59883687096165534645695707934339796991800837234710441280129662847546662727784
114,249,13940095790304535453351364532840414,24820138149677083444224379917134771540016480674897322239624499385111376508585
115,250,35937422478538357862149421383205897,65081969958090048924046810775165125702215722172282156944589806086218310636358
114,249,13035923763669037350046597927229286,27138016450698633595732604983978666405425542840206479627584435076935009979613
115,250,21898482996408000533324562912433619,110508045646597807791742425245784223552376862682143171850176963653640258325697
114,249,18421174895806865572255451185306899,26202327152873504093650132411648789138602199438809156936771225802687962918096
115,250,23612359166028911270260821876463175,20584961501998673466577969777063268747986654401362941004175378721771374319330
114,249,18060000854801209330870145302431094,60536159341249794611424553753865445110500800488008731546298416128610404044833
115,250,30707105335608695095278075292017931,101438886967352419519493268165719454884757319355070311116818453364758835850562
114,249,16961078638915032048488813426505474,59676735600470044044408732954194427819951993359226818345823412122252553292454
115,250,26692759859225799658700446833032829,98420103125967355308262568885234205227938017947044367589394903753137250524365
114,249,16368255488328483244394069704090420,43886841848962854442161512603837743879519035686935358637047860644226459276477
115,250,21988647997562727144344986211435784,112949722225048746169436088030117406806758506645475058282804223470146057305181
114,249,16935023691377570766385542635436610,907833771007426212679251573796186110372555341792283133542082175830392423078
115,250,21336720404404163152747179633428733,77351206596750527023791359472065216869262777933144546365123017701945246891604
114,249,16101789404417939438425767091526487,62079253114192309209594615613158637304060368815162897978561603865858474658137
115,250,41454237216658645343068850989670178,100272636647508800796672293743651609268275967279505098919615511780679194943519
114,249,12248265041926839035220176293847230,45978654759288070755840009453250223253637249317833673897957219800891496416848
115,250,31034130452805423345973153777180834,72265380083219296223558156005145601158496794601017658745780773718438457306212
114,249,20580640343182609154387234309068779,3515158021961455427979230213685888318261054743517275680917839685871644306486
115,250,22032249088134146372230289493508361,47898769352838235717455992845322145833547880298448005523730377656126202958723
114,249,13909821565389676128855360083024284,92736412310210418314062383383184917094240623567292063927198481212853750265830
115,250,34515020407940539357788083791701763,41916172008349902328171467537645071814937687372959158277180645584470420604525
114,249,17173982078963944142640948663031235,60549420120087189317509880479156381427779557483416316245638053187587439319122
115,250,32234185598983555612996153605264197,4281608257615037760719942684289943638451593928956724527377710378400898211451
114,249,17431264046401758251118825320988170,52921306561033652477845066277419535616498954950368332301173936395494919063704
115,250,39189878715057205422912820188979132,21079909989990890486232222608868432996990836265334844414417925116986905888932
114,249,20279599942790905862304750909673941,20247978764735262134138057728308870318258118868276749065582420701852175459601
115,250,20969802283288484072737746627187998,88263064156396698097473960831128899705700435589047436223588520928296779086536
114,249,18299562947339468272235362538367304,34964072548647386911259365287596777135337701746239979617521576201271568016891
115,250,23609842292760990710603921623673783,86130029103781240549498527321283711913918653911636137514471768995807934635757
114,249,20217130965813836530156963345267573,86269569517325751987529617148082956315691901351622329168249639424862594776134
115,250,23772185097567546310882603862073366,84040677129017767317747196174090109366288194095534607164632200856032149343515
114,249,11519436548886179559157977699544375,109110846868597094429636321256027426706140907343069734964056972838943203970122
115,250,37141879576507431317276804943253214,29289658130776893401967217427849660104692988508449315194803070392743252397985
114,249,11663295779722178327253012222897418,55269484902579539473386165853748354973099964239361435118055061814473587485456
115,250,36121299024170182933059222584049097,6400208554750790001133206493103556698707304449542378857875943536796311594603
114,249,20626182376462445566796419429332372,51379110921090066559253457599933896437401572288441149009970046395605286539518
115,250,29257982429970745089407539439550576,21928525074426387242357324230281533287019836423854811356580498328397221715941
114,249,10707722325737704751349992893997767,14801065719254698789961965951368115512375147350600604399336860764072252576141
115,250,36276235175406994772103775233317961,71580513849030123529901852244094534179919995914151559830119407991106471526889
114,249,18949383046054297223742112974136278,71040624059213001861804338681013248316583014725023385980547553534581607056374
115,250,26299231371597106038785883587875714,53997885596515311565359926048737761247031931682525804765065392250131045075770
114,249,11193874907914480251029357172899701,74368580963667975617886738455972658769869019023322781369145718448516747052596
115,250,29560517886858380326130844457504813,67858647919216291309067279054677401683560327214719188812389508830632996007788
114,249,17213443070120614563778494983825002,61666274165260127947077290070939664262586156144662092040010516299980844140063
115,250,38680108507017465158747103544762031,89366298822555474856267881704573184609009783296273076455867719233381724455341
114,249,18425632544821863517059724031769504,9846920736802798474946203217239614241194566580183430019946173320395748700439
115,250,35891253528075424598846392045033631,36390925354334367317253205948156753856742019269599604287512391217542871117889
114,249,18787218472898347092218698183057975,69639016211970258144304552164853469868601392143595796216926693100273801338777
115,250,26232621940210065800960620450482539,95384528770826601834462509527528804813265365535239399371961329606555762846711
114,249,19450308164305153331369706248114216,85927682146170988803067115208491891507946076743162982408141740321763094084229
115,250,30447134461110844108397222914418385,90606138478824731010703677426625904481366133555366185892822004475415539153150
114,249,12143968633448073840964054758110673,44866509901007505105706577579714077247520543968955549437119687297755859015817
115,250,23234901726900872920833188142834340,101872510946136338775636475233603004244718201487553083112032513803369277176875
114,249,18088152334250575270616954725962828,22608025462646749890344297722721399389484534593131040711326186211727294164648
115,250,39343810327849128499281008527993262,38301863155103466510815243045794407620631464882238587137262272034656755497372
114,249,18816955179917673797982764364305348,111298956204112441742978788031768561606423258140199628201580526314944615708113
115,250,20888813831869730314119995297500685,90083784459312700821679654720803518581107103395833752670495338040460153156775
114,249,13286645549659082866227453259411669,87842979432989571701377852681601099125485615600647722191315706902561985715701
115,250,29465601834960766871911676178727294,55353503507886682309132537073727358506997196950526256750986941899601964040134
114,249,11505555176186782637256951515704454,52583728728676130863977705430417763327820736427974834619786445627943122481253
115,250,40266446391769283308383367239769876,26095212589886239224131015004390425230710716234242879921560062032255713305261
114,249,17401757615353993500754740562426159,65234440574403286982644230762516563740304382931544920741886267310792965502023
115,250,30735457010960393021692195846891375,60979406468997881966350809605540345439357030926625282877172278017826466110284
114,249,15117815834001736684379787246835583,106263703809930809615145248734179432693344272810037899402470497986800620631096
115,250,38971292204168172068735084835807358,104400720739803390839483274940444667718566473295924298873166520797457237095086
114,249,12739769557780793005111958995462297,59575433278430695188253301280506489219348627321419072703029374879892895296282
115,250,22622564688379747251029848874944710,37217112263290394863976682828096088620785162207819819060708076788326498304801
114,249,19109123706933545102781616140597494,80807737665158555579023117262722947928190585702803494683147645739901658540752
115,250,27909988804509224148280878184799968,80663606972717052840947961149619254113143233184286570383051040691075179897433
114,249,12237745166954145635580082379199887,1981283461411931705691756479879199602247201815041159188606335759564808695061
115,250,35879879183941679263360141749427118,70649550588179099222340347780606394108847428157271380532004066883623974728636
114,249,20496230936257753778121347403069775,32580649608023631983727501552555144774186624676211407610959789904037640090551
115,250,32909824559986773499127221173583683,98957586332681679514923159322489347766522133972091486116213064382153277917763
114,249,20589173444187477808073284647819997,105956431175057868144510787513419539296387576474983156118860966178301545072502
115,250,21373055808045501365792940598539247,6721652882964429217933162754032033342847110103074878250369903520643170723631
114,249,14334446880284131610368402133786837,59952737946185442709689846898131164435739694166796651200887284380056165373439
115,250,38025373156956698236526962098130023,43268138469498599298909230770026692011447063006313492910454881403510826106393
114,249,17062845819456485219265244039465705,64139951870025841895351643588590077272507837696069100032975426789169098721882
115,250,24277590634538470968120027176670732,49839232619463575544573282287536377410718632123540915354065526067269221826068
114,249,14925921736456981843487992709886987,33717942515927948319811921236315536619113348488417188946175650042757556644144
115,250,22772999701145957097246345459059537,114880069857825047046776802684756152732880189090914971079488484456436892515204
114,249,14499245298188911905500898533235274,72850270606672859114800782473293553850593106779065251708931458564602208661422
115,250,39550071115301482713624152852545758,51993689995540016425003227061741633567540528812953616276363721350518873667670
114,249,17087339197417414675690080364646103,81146327714405397482074446116476135704261064002925287272309022620230571148294
115,250,26613797399358136479850520847587854,4710038549463724657089541911053461682579402958400984777400751772970224658712
114,249,18082282144677772582956578863705700,84537272048827763394780839997803046921643338374034566431224766739651219137265
115,250,22101047954960218413996642209998042,35906075738248044595491832972882627908915857463451680104741561025689222029835
114,249,10583674430480245537817019454834373,106016675980239185885283839000804468033721394419072268876763692515538437604211
115,250,30582820790394483650789504761377191,104814051661621973269218028856390954333005670794988724246035289224237084693570
114,249,17249010064883903979122153629801825,18415637719783061412902006636530267188782999327614939485651791660003522343139
115,250,21995245085339570606310261398801697,97390600324458346775511981267989038775624790232825688787629261515809014041368
114,249,10816051835415022269063688448446097,44886809510479537404746962784032916036816636695756485101745147288363802869018
115,250,37981155492925469526943140406292467,103108430789352241208633341031030437279983402420965471245165597710472128887064
114,249,12665491085516607352051152643548728,46688722078527994396069636161125630426623506350746616484055043095303881693467
115,250,34890984354091240178269631473380613,95959925787038738870417046179062883098539546239111516458954708305959092386634
114,249,14916307683724652680207369734388200,76627392571634789544280804414244463225569010711917454132302545338663630718598
115,250,32460848192845173651543760046178143,52506423658138992733157111134686520355296170504374139707958415856396451957231
114,249,20298305175851919688197609618910056,59231248878633455587923848657097410595426337532697968553273779652758647399374
115,250,22097234482489744504266740190021460,64979651523778568643549552513291525338138441740487178576379473199340601929104
114,249,20711481008203524523534387029960180,68016023667191415979856114429620704437202803802759149090469364490504968472533
115,250,21197521089475116595681221578210505,73588910766656701091285679679048573741960334516085776326652338582561668332729
114,249,15214919451838498680475880288700318,58263251987819374486475021800594908125152075696999601195215715221986609168499
115,250,23980495021219633093905288856835816,4744648120609456404891184835962873124807934387770837682494541027708420375660
114,249,11530391977925754746842988393616785,51080917465182147541002730267822055871193678895626195313851667157921550633113
115,250,39473399838756217046593968329752300,39076586386478233535401064017980630502099340514172339833057975191861613909756
114,249,17189262355477837000942713324402594,69920287629710321888184549366487252643868936274784721500544054624302954699394
115,250,23878795162351041392525821146908839,83484312156311251162939149691732049770381822726477477948671989175022660180519
114,249,20584809581200699481687303361525023,7520556351586375448085359672134921421413393429223055377278442582268360100404
115,250,30350053618987476422013997064571842,10950174752897237377279031343148149458362992504560010447739454291650783369414
114,249,11436194177850624874953920365776522,81920518378308053511632364070976843598982166166495345379957568822151468299576
115,250,21837638178492372415420867147633737,97635210305293645720163189991976088653963464487838043081350960274514469824278
114,249,16317360963109414888608747222391606,43065515728813337280132491354066522155332360749858441319020485135443825669694
115,250,30605398480862783931008395778668751,34400586982058517482916886601065448801058790980312518868813078776298850475415
114,249,17932213755891735280030384192722278,40903547371628116209476205577377541412713007081768726983627621693822020923711
115,250,26541474678671227477452804988240366,86200458320188951256273966352269233998168215545541761799378821146433329667289
114,249,10651019464437027651299295459052358,102529218147604898775341062686295057084453719835909669104584761086338642708743
115,250,26869622427111251632053473158732054,91462117786876430135575575255153393991582793699990149596924566911161013896222
114,249,15956012460135052230067108812636613,48662121151293662256076148476140787024622191927421332589358884103856703889779
115,250,36189349973165840209465682405793738,75451347009217071165717112296997382138356463746473361020503935471844402826639
114,249,20681324056236700378879686841362541,34935717912711261609233487505105342387617443770639361255940352223620086095388
115,250,29229508863269755723299662098917944,48265634223412419268312426868097577053290955487088578612846973047034180308917
114,249,15904505522556002468213228618845125,14189416518590819481298398996353928082213051313214836349605693246557543666968
115,250,26222608254483805553460550285919116,67254206986806752335114359998782292715784363108087922878509729522035309324318
114,249,17881274941340288786476362450019635,37370488577103711989590322539152804850428181190399741071743468347968074297030
115,250,29159911186926044128117748060159950,29979468887296904218555429648550074651556210388703335822421252230839096613295
114,249,12050790156028824222973475355427836,98318424147608401388454516683426081275358672362226486841157870970959078757126
115,250,39966920265726280234409974236682999,8592446289473106576668738788703984563532134256158399433508036503737179829219
114,249,18779514337397302101915724202752117,102325440468170841226900815746846071837035321877915936956733518877832172081284
115,250,34104144236974544419714950719258222,5882959730961338247860623989196637777652309777793008268140307566149484402932
114,249,18237157486281614073958806277947873,32385412474804125934482145117861199583237591109027886879030113301275576212488
115,250,23578209528273473363691427877653434,31402825411368842953067719654101547309214156971484169824604940772987930540306
114,249,17343021377486878035024368485327265,10610988925612891140036081072166626578730763524803944047373286839024774342687
115,250,30172767571609043329371914918438179,112277013796147390997023521419492715735805349076895091289875074295050146276343
114,249,12772472641910845334942077649746190,52036213994967499332683085055522149944192472477731894307277635225777300208643
115,250,32318896948102375286693682974534233,17106399386504414233256658355573513695944739168391601166353707544713805985808
114,249,13669741285696249809943188397294762,56960182689174808517835116699736988696369203386502568150508627844229101757291
115,250,34496380076837296216818995445160219,102135407618698228653710476084467420013824914706916827602728430859020340531644
114,249,20252008877629241096755039141410259,35566398725773560409977987978738148095905075286304753217133883251425913072587
115,250,23770815496477514300332753469158080,40375815882954738891769122347746619031767596198101634497001661991060828734212
114,249,13940217884264052286559792201086264,95178684180779630398880011511543768168365089652314430900056566347395375469870
115,250,28665425248793035186558286605488425,22007366074832913525831733125392168208245093837311417556033630027738959750388
114,249,10390315321305414136722125356849518,96506679862905680731267334010469498095744700892929582937504936568806512300027
115,250,37314498468574948369520284141024028,91635050951787137337776402986138704524737284303957588096290204628926557394855
114,249,17927017341136588627358335333038925,52426563852018467594428338833753504034382277371076933501753956763853532553142
115,250,34235442122391937161999138061055109,21577339068484034813169881113776161086981163392201330953671848459153858419762
114,249,13383040905984720789739556286275614,103672392086197467879660280953084455610802399482239754661919839098322458115857
115,250,24720430086504653194341517752415570,7054452382528871732088563403767792824336999917030515395340368934150351687071
114,249,12665560434031255510994050438384099,86839765950157963423478990160714034296488243162515874838598455423110010958297
115,250,37782234017980392479060610119665997,37536801090908874385665332624518731898907787425679289759178280879352630124246
114,249,15401865441276702426903587223624860,90510895400569069565827865964666860446186749759770793910148581466090500601751
115,250,21694981068753475827427573700460422,60255926213577154857952006886228292212207329589421592195371081545251300020933
114,249,19265382927165592173897430517640406,107954045137510654846824200404031035325338947807397452976122427968575986943815
115,250,36446053097496867834458813736237141,84890019458360068167011240006962832876362510192515798709862737666100824933518
114,249,18309628427795067386578544961156370,72832533269173370497443423634729757389059239067561663459168624185672335277619
115,250,26111488530149195750375094090342355,44463322950351174092867873732756209224255613543563052198424521107398732423430
114,249,11951622147289772491940598444209705,15095762775127393083314996237674582299476236518535184611831444657665315609946
115,250,27238683858550772262686570285801570,70398841101900248853092461715672879037400235316799456122892841114324507058835
114,249,19529866217979816512025840606177637,2667332340997729294479972249506734711226012340088318347571260343797426294608
115,250,30834289190806213119532004637197668,24731276817455271314057818144626157786808259230840182757362867609282408060099
114,249,13457211923170680068119690394188565,3154045568331289159315121469895576523973020043904868631462034725967869654688
115,250,23910416818434813116292637458858866,73698117223628915610976901976430839225573943699957622866770664537187167833849
114,249,11966243595072670731099988809576708,107432996188758400411894853142217013831980193650358525225992152737958429755077
115,250,32233505584583819495745133665355335,34718018040350633033221789089691759779952533349600709267449179235118975182221
114,249,18040110225200076102632469698854170,72929356360506288120066785471374429360981062645165081808468621370147617664366
115,250,41403550633097061005829062850425632,108330321908371207491972291909039970166410868468199264708083754111237307240475
114,249,18788233847058432441810479286018210,110552427143459472460090686548850498780843576467636440883675670225599325210371
115,250,22816951979378708653236511840948297,2592594205789747151550328057412842764240485975934145645706753070567354168131
114,249,16756777059967801739337994950593852,95734741762469509875230544235050766700198287319707927136649832660112214891577
115,250,21426125949758375622230275746520869,53828916594047986130064082014542405063766171950676061626104374391753878853343
114,249,10561082350647050953187361785595621,64575839286861036574199775851965281131983773881574365534121713345246655559816
115,250,37883583022034660898135004364170136,53884697539215617780191330747444933701884575075105628082137561875710415053207
114,249,17191919533656335744090526165268897,20135904500156859823831806550660599109329563274047760871653190568237608816331
115,250,33951804119421968919685716803283569,84527906138160812386233678053798043088310369815605608630574734593853596544385
114,249,16299403302237960802658637285531007,110927832562140995447337731507055055643509970162879492426891045277274685916913
115,250,26967902331257836495446367851786241,100107842539973642210504190880930938069668277915394819636218226118773650662049
114,249,11677277412957845729258746238688074,41778988646426774732910632088074962801448662614855380374859510889039194037158
115,250,39703801059780685995430992150018089,56777746211632743428413492244045632448419254162011945933096674401990313222686
114,249,16102368624468970310633258719445250,52995101353015096419233312262646875272869468055610247619199515942684361582198
115,250,33979749167534898441054812869678309,36473413381575812558177937136946071242904355252256337599769421475891413702764
114,249,15783393831705899780931048885344133,16111739281610368695993034749065260227714901674291307913632617848534603055434
115,250,31518735935252821259870803268466991,74351112318204432290962659761574487728865194088614808577799139380244751456091
114,249,16365354489541766497406113819332054,15602122036413278357750934007369731196349605272359096560125323804006108665529
115,250,39319716756587299302936733213962589,43301057001198866354375798666956065348839767096954653215919467494538008160226
114,249,20079126217672576690607749864041819,11652643476102662750147590525041387558306206797277051548398187689653500364002
115,250,26946334589171911481895148290163787,80238630747647483596413930769752672236976082969770959613930293472666102550562
114,249,14715531457358238297753929446218629,112708762967625337598150180648978444220436245301491273667221970356254458724726
115,250,26390492468291444965428217504918072,112359342690886076365535283948194649963060489362717817845089372548206294145793
114,249,18340006068558575931536098498980635,112233739236306933723840010585249149760682546533220302293002897046954997072015
115,250,22284299109827367102011307539182606,90136046080688317054876372237801981362819222367774612147174648177240313225432
114,249,20279847710726429164691211630933966,41730480248330088322087614292488380838677010400745190889816391306793067265431
115,250,37367403857245844027866962712475602,512178857171345501761375704135188898465595155632526913838993316607556306980
114,249,17175095804031584072031070315499969,12970766376898759391110414218280655759561004128664080528771147430848653996469
115,250,34856679767976489490464233228446028,5348469330039567516529956480413558899728582398080310989492965317823014393151
114,249,19992357780780337576015529152581590,73282452038336225289547586311489453366731805283966486035933776112538383636350
115,250,20969643558968480737316953466379095,110833506154208144141249245131439486708504478704297651038302015055024258667073
114,249,19353840025949912357371728975590909,48823428125452320240193848972930561373632782937462616615780197300759337153859
115,250,41062908363953176414432906539230352,104468579627715140957930013394505192137724326560643649639136058445839772978371
114,249,18850850078330310862606126677875907,38328598165933532270843765545044666082537063862475530944784152249304184281783
115,250,26792041845524462455076737960785296,31993769562245068468244740442787503394816763861263729473641590917909703403496
114,249,14285471609563241774462183122200915,101104162283388331031722679228442024587847136533615972163061069700743285147045
115,250,40993395013315244671745742895830143,98952358648414698004346785203465731122682192778909586806879523630427300788385
114,249,13031604017296886050200385527376524,14179926036376555419669684626060311417672580866545185592509263617778712877355
115,250,21905279137855335464810886484531426,101114403353056443065785102257742067055594629593096758002596677977730848339102
114,249,10686429273336273476198552842724707,17420618165300348724006768693754985212226825953707357750507835298935743408516
115,250,27283797931607827698685352997772203,108811734296776088508359692551071589581356864596409176475725022686651669725238
114,249,19279813552493864101161459037130730,25044218766988845685124836531044474871048401210119531436774633994609545352755
115,250,26782132804903529867223961636046647,99272360614657997027135314642128405428929212287651346138911155046162102804799
114,249,20353753028288851680927171704464259,19886866852038046850116072102982592158746993520825170183997762460324246349421
115,250,25736772097904047559745866095670158,112075408893366026787655948478239012167761472667206354158989913595942236574262
114,249,17121107515472991008142312916623507,98591829304803890638117924005832193861981077383131920527327250065827259301908
115,250,27220225945281721882467518023487867,41602098227645050300278153932525187515812025984750388616831971345105942428750
114,249,18807550518341988130996896542797528,87470365112098864108687942880912270636976154566228069527512487444707137573369
115,250,29461668610396316827882795531773647,14892149209361426955095310763950051369840911823035864892507455065535094323654
114,249,14607418800486769357715110351752509,61939662472526784832299254252765346462745924306716004322151228283776551981335
115,250,36158823392514646821374674314938518,74200182117651759702765154278136044437453937977649655738838533082952179528785
114,249,16465256147246664580438265553748466,47985409216618015091509826059322628184736547951890973989676537590734145898284
115,250,22118608265738628268732606575590521,56079104555251674360206589008876880550255847316729324394703403348124638541821
114,249,16773102338756861252400899948728893,32997636310121976243415158449346777520881411630371255357466686678823892354626
115,250,27081017695458797069521480229103520,94411082407095710413086082597279965485320091242316226934973363088594616738047
114,249,11292920780307331363355038475232489,95704202463354234965368945130284000702358949195417279268432737406297545454308
115,250,21738212251219500158420535125227055,106969804722650334659846910766828650603203544425945041758651128322607740253387
114,249,16003967573073903951853689257373241,89672471067109002043239073753014492738123523809049480685908511518850346623264
115,250,31696485206337710550897128105449812,47119734083037567739852837669795188613454668457278439739336975670630832337006
114,249,12648530822370620022749599045351580,83978267363790630698739842227789268070019052579655438220629148269782328058690
115,250,24469990834911043459659745238391224,6180209325200864702924676389493350475708292672597063316223193823996728262183
114,249,13152642440812488775077781824130502,71185191900457697311862552924427133344613013191615955622140757351279265624651
115,250,37744109524697997143269817165995878,39220479784844577496157562926652134578301075872274086123153733417821795838557
114,249,15791036261175893380488685443376346,369622334606866287361571075070887003035422849292362281655167636705491542369
115,250,27851430873322053268120508776662098,4714265101637431554723320161700952120303372491799175582251021837612139196241
114,249,16311567290545846133550837374811428,39569037965650948279456583081892890638963436606306011866402968938774394071188
115,250,22282794368100090393680903026674405,41482487034318407556377741304010060759351081334215575433387707098695579179173
114,249,12121885375042267436311615301484227,98921976547071725410135477506593282726318569046701800320723387602618769608348
115,250,36098486530340197881901327924356060,61018090846256148860063360255607230025095312535906926921450168089412973354242
114,249,13656282996047454950644859958260210,58028963723378360196652054020170852769272358246191754583369238334104592137448
115,250,30901433131243466207614560274470109,81625900846341924276570540701529966243196411409939431793124521063889284714317
114,249,12647497100383577992393268373230657,36780902489309183633912126933413037795878993595893755730409010328447937192079
115,250,28741256544030050152356633023418574,111340716030723493494129239048933416505367606878022069684330328183953051166035
114,249,14304007825630945018838902758065542,52245610616416183327261642757575908223020834130649150647559888925715994335171
115,250,27382092339978346566104788861875307,104893115584506981174864237776988607462729857387785521151773359589949613369045
114,249,18604452128638438144688398812659727,75646168845258527253177093959317012036011572783907817556314702884731734855236
115,250,33244673258376841892717093388655565,31276548623871885494272961071166493789800117510048753489224560875506776966632
114,249,11835524537369824593633907295141462,98076594705504555616903557862336440783984763946950270986403436174837553899717
115,250,33494374278589141284832069278832778,78804973329987149859235961790623863086454970097629785093379554760445330147487
114,249,20477984137291885424948128360038335,5423833439668759110398650515072387858390472129822898981908896402046644080954
115,250,29106294195327734480493664831072297,100723300679839671456305180378559694542182012047207233731256865558024992726436
114,249,19082828270997736256648998427115376,22279850567818008453245032229135389673017455472511807560609196760727062583690
115,250,40748093062584024026008322064358799,83820995757578135360725350191144431614972134494988832463786476446971144225429
114,249,17039619652409158947246089186533304,4682196609189491633434184703521991922077048707112015797451527917280538364946
115,250,36482428108363074261293708391254505,73128086022496880320136675404349473368847742741454533337275633302168148116911
114,249,15114637444900115904039134783515158,21528602573283288124774043089828222123595891909393420241604342617854781318255
115,250,34660674136282031735949963200904099,72417693392241805197495538332649029595585495188880952275982347994553936403943
114,249,17593337051723586472994797766333506,114426873082455382225596816015128270931851607420345327391234227229262990490348
115,250,32148822037410219239713111767245051,36635343909503447012885214104431062906016079259297297655237915380587970299576
114,249,18412361309657381775941789069364717,100673232194607447364977928835457875284318133441004533572367006945919197387080
115,250,28046602018514782529720679850067529,33493200177266584509320069392263545731325417425788183605760385679224595340917
114,249,17672576953136304397386166401417247,110929650867576590651815766717509238076839381549596154187200661124675700917961
115,250,33561702080444398656779419148851878,21377916491982771473599225709630484096965733958117212937243927228925055984039
114,249,13313164512736246433827682729630111,82150927115671584266491949569303295132941986898880282585573027106172199941974
115,250,37437855891152882714890476239329674,39393578038289002700753704959886791447710243776994822258244093001809938182259
114,249,16264201514876656783132118349452199,49989467329144602691932848539766149756082740870458292575966599140517499286245
115,250,27644031335961232545062629264669636,84607881799920719653332046890538355413694915594623514636431162481963736762593
114,249,15794907193769643351889298716318148,98599739519343930238248403966463037155998017728242024322772098900908301056444
115,250,31523583563925660694370709300009911,78942660716527289259863199499923856128742430972525669325048645091464575780021
114,249,14050969163371085234636618329080215,103149081977891190112733660275729589372067367974436109072005354090293517324603
115,250,27498898124694777272751761738875694,13742653387844261416601704700957724437889996939987126170606947967083978582278
114,249,18794744103631931230958322249454903,17789707321169195253076655910506689430537227950546948294483971348905517389346
115,250,21237377781049395515665064703897658,27954202823124863517389886464463228488711302554866168487724991674143526920443
114,249,13032376487393152992194933106643819,98164297527725658611793207622099800238544887468012786031808689118819416903952
115,250,30864062092687592820981916242869413,104566828587862391737675727602060994111394113476419800470396443229473459369571
114,249,19206294833877962094340425999713148,71579291885953149306467519677047370733631295990268858602389308213549569054751
115,250,37783068837908701458204568631361828,78368742788324744388914213860626368908710683223532701389690846962223122354781
114,249,13281049899138306221963015141008319,39960823925147877922919242461332039694886976159178717026633891169888323867955
115,250,30160039327816622643235893748547102,11530954771777207043916904117290697999464243942657315772461617376267655913758
114,249,14528275529821572293622541288719441,937169200153327952898420495582905985687259576917861435251672601933870652009
115,250,21103329835862932745236991078162038,94772930795020985392284025393834001279564432156596909291930213307129246094951
114,249,18078319053380886135111508486685271,80746296201120204657014514688967109512509853718028003689933015506754879185826
115,250,27283286939841843064109276955666263,36147951321053741228285785481785404928964845960077016312285743531891746664336
114,249,13670723048910534454538708218013900,101184436187059444905314511839621374765766279733570057581929091074002986444171
115,250,40732086421605056299314973531119473,44684659943281800313092465814995290798671817348415507228576945868255563193428
114,249,16596304013823659748669698893321088,86936377817314532655780182445250930472042889042892495549696314489477949790132
115,250,22210347927272383946632097982787335,37982259882703896537397105064390166396496731333558676348014558759186034571047
114,249,17059924122267054894800828728816357,49986325727402573225447420450127418390717919604837555469414471845745030911231
115,250,25071952920899146078258834995312067,15129663158691969319828477231305367136230165072070856301896990878126732334429
114,249,13670592825101582062555351682661055,58281209518399952305524992157767189378546674690233977903889958676986823752868
115,250,29281360679523461677783967740347278,84025008341478372211624162192507808037522648186895136435125416545623236739555
114,249,13656692346351284762202627212765350,16798764598548566962581227213712224136133928513652081814409909855641556153658
115,250,22496476766907027498167435192519256,10181841563379561775195733388238734359888745838343903043808629145193020779861
114,249,16078544366599531330875046796356025,95790915678735997566031069758458704926194265204441307368860815024920233049568
115,250,23576957857389137957995562332529450,97314473771603888335351028424545091255277468343238280069434683546383788022527
114,249,13811779846923265712949294969813891,60570813287826940698944861437635037908977306777900258793497128312316889682709
115,250,23187580511005620511116271269527796,66446992803079885257253705963705506588541678600422771577738577911289203003002
114,249,20194589610050316450699482598854892,71258987446856001664927292907997391698228020283111605610053856168764989116063
115,250,24376161509857193504694565897248234,44380500141699820351958694654491520880537567259944612552691507663154261818420
114,249,15998863121315859510284376681862115,104833616015246034038361119583982519166149947851249808204448229258468545532498
115,250,34259523313231431941598064427427861,103058095744687641728432307429345152305787522955219532265398416613474484172725
114,249,17740720251592587056246767594492005,10302608068261854892329447372322592826740905838232445882078379570243568295959
115,250,38546923845672665115662771081099995,87691352007249241683000024304633922310325163448774499301044258547945940006119
114,249,19250673012341014383511523985967768,38658262770779230057925148183125196493695415893938895499071998153706584939385
115,250,22286444170235627550521674913500558,115483097112648082101124549987272444781319289872245331267804004347489673159556
114,249,12129275660880114534172090103409466,63076230437606353247171911875617558407662271913339835444690115813085186359719
115,250,38472885279844537001395592788167051,42640496794889885342308397234094139937562104174989636109479970106451366397466
114,249,13400748776015047856022998425953929,34310528275505378050330279392594281733001590047401901934923983843164714349094
115,250,31231249835438744059366067484842811,6712385110836704567007904521919418949786248814061413644040424869356734862132
114,249,19367859844667718163783302325421846,97374752819575269612564563948003666504761849809244608561951197660023765663086
115,250,28648922999590618913834907814609574,52989981441235494685980508245514447234523881237638591375156407674070558614075
114,249,16819269283419783088942410841142020,17105362150582451834240199651051774075887292085303870180741513921597129824978
115,250,37911081894205106406581444646668289,59862695624391763020158757278772599219216412928257367871346018051464656033881
114,249,16214240779312522445745976171442306,61307779430179643889831936030991103528478805535484486101333579196963055379043
115,250,25217159106103871259736329622772165,66976932390570516607528401023844154729893581742000078892949826562929304816079
114,249,16664386411437748037534919309453415,63415165892395285128096120733685439010837801607788209472766598802315711808286
115,250,38526421039468077481401091173261208,2910720499131457646614262868497499216678655388811254060126917986244213525283
114,249,17016070347546441786995000104298187,29254520336385804733230087005805463920284306952741936950170366298049623888517
115,250,22466610121841718246575112788084410,38509525075129794903800386417463235403531084253383022494960357746102834143805
114,249,13993830078083125980615550831618719,90756514582408193574086765158520548737814525521981522435986179385507310249674
115,250,26323216091301848239871238091283538,108979981386956470057349046529495276069238583999796459336839697786181103197178
114,249,17096323227800062168472511189979198,11312721788223862661340556074642259127100009627138092846780111270772127219769
115,250,40615129309836794781981011614660124,2629910671025948441142053039874247566805794179556420950564541226804051872124
114,249,11611142723839235780151999790933660,12096038184694411418017701206091256137295692504172465505838703629376598725727
115,250,28678932246715562808024909781593818,52590562589792926809047072727031546980026700945625344970411730457466771188482
114,249,11648181746706797334267257773352666,38243097593799653213091884287245400870222910541759514347835357693500255194321
115,250,40656470471069442067288950953010638,70712289107444499344555950727453372742288473660798150389547380262853982491634
114,249,18832220482325366264906982151976445,38596853610363096518482481497671038310321290298008551000218130817614654824350
115,250,22835966765376335532473102415692735,37190974767925683970573265558478450991015845430149350570417480880055184843259
114,249,13507322832861064252316610952178047,77369375752237137732436656325786131192182064936270288098699618995300134752315
115,250,29323531316601602642330793449423606,45745256753284706413642721858622446276919630661784058069725923085877320986617
114,249,10687243547018235453328945525049041,12903721015372368094920730300073078479452284183720860401655256185921991086242
115,250,39451246439370784867146219348646180,105996288484474778100242518848353529112981126326002920771315008467778216881548
114,249,18624568632388057338168583494127664,89499902543780237139549081379726523587849188294569779042005658876744487413059
115,250,28226081224569721188158702018501192,93341248170884264237461829268021702955277300287225108572512841566448438092658
114,249,19058598772562419178772594052126566,57070367160838366639299414883287194512166686874736514797248521262310700804631
115,250,31589205050338645719008686867914701,93095421448419187216076144471990367651443962029940802614565005112188450420107
114,249,16735842074755747993775488199458006,80323515075769547502952604880674114740379660736388662307056015406190040393423
115,250,22026242029572480477385488653077703,25926164542627586870036412427846927287099218885650859207985110837377430424049
114,249,11349466670915386361876092691251979,24352443729965993021746010389872179084797031422773624965257080149268681688218
115,250,21063446234813728513525230268052913,7966956326526049843384910723379091138497506443463636404719530769515002507573
114,249,17193428210600466341507984815672941,77861737992569378425474311783018332474047267542739819816024629973394383363086
115,250,30867385714602177531923486481935371,18689194638478565104809804849324582322516551335154353963621995000397135154769
114,249,17852689900632010062028008060997919,97081667063450699506046322534839036941401651748720884629807181916258023386183
115,250,27483214472387589672269211856981768,86077849880760794728209536335383655754698728690918437817951873857371411895420
114,249,11841114487489409265812528036885998,86512573501472483269222677910444792164737434890096197924418206516509669809796
115,250,36710487682228792603188647152670274,58794336578049842009586736480613338321635676077507283761966941699661897300159
114,249,12946279240432926892446091521181432,114243400891703856126134135036188195460008293266555405441523760659289621792899
115,250,32272267371354035396678371180467538,115558642083961318502701577337677683490323320878179456622562911015831900163106
114,249,15449437572360413267826105724064697,107576819509727975862474424195051670603503421515981995145810463138159786637345
115,250,30570889292217716957833259781999735,108263330872045095297273756538731122758350942417731151671672498380652162025376
114,249,19438666282741475585281631201146628,104894889174064539042758374447781590521023042282048699792385641723654130679533
115,250,22464114806950889613694152772102220,64442579872964880153563663593404187962635042016223183173151593925448760694293
114,249,18244022273435324964181505252015793,50203124930406533256102471504741282539496396883397191642309636626350074299226
115,250,24040955625992746549760007254994575,78148541049395162049394387160498494194325924126146426037461952688278510108799
114,249,19472754143697652859861327561822235,64010764278628662308220670570473919682275318645026669574119777424651670746362
115,250,40043041183597342105095410201123811,80683197428750600346594952585005370643587141600909598450674107398769187055641
114,249,20395518998833767289723659462047555,82132342354987436603640954263739454127323417419304855866468631356029735629096
115,250,29502032972608269620809203494353630,86563474723113640481401898151860004273199158897563495861541191171571201325619
114,249,20446353374640345358502963014501861,60243305418985753623585291442947116531513683365608993340538253163037693845482
115,250,39923112282916335723183600140971422,12499852434403813927323827693820704080162439781274275003572809241794155835639
114,249,11050650248526719819584179605526872,69551014707682273053821072045993038608940553129501571070058689375826066609420
115,250,23766234251948482548525882152549185,57663978642171012896327243848466463478225137587116842421462452810793176960758
114,249,18428682266661634099131123039829066,50942356601401923180720023118762501603468619022328317319184185561976002829870
115,250,29837929020000428676344912236085705,80328227656195252391742116281997789473646507736450002977675066677647477763656
114,249,15977187036788413822270723880923776,52069506304931794807442495124952606329600115703748280199305798765451352579651
115,250,22950640042414890127914317361452070,47938479772982178232431672923356733253762482105790923918154765458758198498546
114,249,18868448880758384063740172200050898,29564143510050529427362497190442819714839268388037789276800049214663292498985
115,250,27806585911217779855889168617822543,68499865064272342240473799849628703337755399212595165706494865664237087436303
114,249,11597350797840812824919915529567982,1150362554171950138267042248061992370621490989833511041585348484514029358759
115,250,21933584835913726249728332037192933,53014007922010695420097414418180526722104985897978795285405376986631316284993
114,249,16781621784929790170429026962432361,13837963391162599717572554908703293544999678012350849297271511955449513669013
115,250,41403063642129823300059111151539503,35999872539137184547828407274826012252817397455661486712777638725951994601457
114,249,15047123262305132298908645059440897,21197253343362385063973154158273086591695747387739955595190913005807347911629
115,250,41132232176657353603268796095201428,111382487198404263067567992435579149343445814700570166528539123603263133404602
114,249,14830632523707847559842205166750107,12413606268923449566471845868790106162684157884900106185713040986795931657734
115,250,37093282320448616726759429514639307,47419425028420586809374704172802938165250486210666606216240206597989349955681
114,249,10912307294231597695290887866502784,51645090743356062020379750442188078090920727777437394918980149628707555225152
115,250,33770758327169293893808715326953508,35899539736927052709284770318610083860036965746200864535313194879818091934350
114,249,16713042173675632670624921540070507,20219159113001525143066648890658470435695268159072858282463183793914851149717
115,250,21182342244887967920310965078452811,86683613668719301762128610874997464035472388690172584980595486175577006611566
114,249,13254334036330212681873010565030511,45154078566717127398338260175305775325684499342117870908150924198128463350763
115,250,29291385142761315313935905122524781,25615071339221310490737609636639945262563154181927159003413401686552634955173
114,249,20485630351657356715476804874238957,20471792037621782191208804355931394045316911978343295123152369888557675303857
115,250,40465566288884850212728314434811469,103292832101938849172775958952105881592702853669948127253548275144713698131910
114,249,18305709510281003082460302483062439,42755887740142337779407896854087911820816496520412511287605483324807737584598
115,250,36501028918289528200577842759048370,37398112445239651676593154673802489934812156446431867418591774745901491565975
114,249,17678094532037218775861283368778975,70719024378485075171766346914534881082321282445417985551404686537821452047722
115,250,34987303426154396615117935587735311,40587371855408378755811171564774031571155683566634150432328271168545085049109
114,249,13185404488843330525463368670805817,113492056330003546283353740068546133478946880686353375113259271979648363986475
115,250,26368003679543695959224198219410267,19795719001574336641648581335380596577305285573068390240054922858822615016475
114,249,13986475953908110765543063431241634,103657920079537858903596843059374821656386843494451655634728885184175356909688
115,250,36053386072030172347020190784498522,48022021261944465727646482183884912296313959443360796377406043939417002319283
114,249,20585117948821091859619176927095296,75010647004257716207717010379534398182889579029509132362042120287563871071328
115,250,31046882074631296169458542076411197,78824763428939185413187494287170367962908390219996582118928245954706805389650
114,249,12992090222192008211319825276213767,60658898227933687834205844148978738748072245954785633606785274648087799991411
115,250,39887732580496170143852335962816480,37680173609108751753208842093319931994331435265270115782307772379157091302170
114,249,20687342644964468883654344025999402,108348798537564545308433192645255500218979146934318041591557186976112629912391
115,250,25076018489999573560185322852557122,80681175427959065343808571606763953454099887017229235610431531168157927744956
114,249,12015565997315087451797961095712582,111131749106243119557010812272270658591032852541750738404684755973437587730247
115,250,35617844714516276560928912288474033,81164980984627419218558166704750484105877415337657898285797296038051241287982
114,249,12350861446181291265074821066775830,19784874978058777405749482049026035237576711005381694789834212630407307216138
115,250,33841063553952049663427231039802364,83623110417743219178490494731823879676683869903817870541630154247413506340205
114,249,13380734234262476319340110511938361,75176746260448858177034788027080613290074940074568217574400115491456064862584
115,250,36090928788164035660087556746593354,22363596454011133468192627180602817876761533470716617621024131546028698118983
114,249,16987279871996545419912897231133501,25156363291354259009695660891764238908966237493500209851221036560669318477334
115,250,24917344625010884705450371851361337,72698330517575402828748312903836497004261059854485073000286590918078324344758
114,249,10716000395268627340333710938289409,28120227215083946567969919088622644904345875081920639418455610752699907130122
115,250,40905825705040869211834691962057088,71635966095518954435495849742493186248019536144215214587232100999566119091343
114,249,15003880635131257854796883016084336,102152457764577694812692780971907501750037917749853894317928184173703133705282
115,250,22432106500217977859604979837019975,80043551711173168145643744982203599924018522300931195780628771373878847964856
114,249,17836431698429268565742053729380487,35657989369263992591867916098082068589981832435146874563856649613766645610186
115,250,34572211682188003604978555803027025,37262539295377038506061309219176466079908373471579149153568405958440642106433
114,249,15290222323154660708766542994051168,62322900678718071813743242676466014596164310116676060841931604053204416728062
115,250,34534252561386931659386737925862301,34260756365958853787867885842945366497881665482827038851549144057640026083136
114,249,15267892909730921041839395612280459,96264653467789770603275049955579519606455962802030739317477342362309339543949
115,250,31688857164207066855380212392465480,106883992945509639293633557922540619902954087089649821736675685210722215711641
114,249,20548171988140197263646246927967194,1692057884073294174865247049756391292023557597474734259255087400306813821936
115,250,32658722128905783844057703102174009,70435411023094390101187528549033302333477902935021308897279590418711355412825
114,249,19015674707482476562327069752651881,86025969050817063370523428225629480685149163793814139971799103300495364931925
115,250,28140818597397352331169565034584134,8232222682286363078503450432853418889809675756045768914292450699271024971696
114,249,19673901359240116199395816206750939,49608172239027354260239605923820603230240316463714734907160418943006252204012
115,250,38409053923687115192100871520790520,55694497132653938633120629211645809673129845427935155657427140807803135621197
114,249,14412305138316958712822868092235560,89122985143442684235192362551329853108990375248586153937460045527847369649155
115,250,25430527659659388267443664695608748,109049378121551675569893442799774156895813969688472114908847083510649465184223
114,249,17975402314698163775734047203732479,3377557645353215637120996002615417670485034302059741081930906405193466272058
115,250,27918449972892363308384465945532505,87532006692847481145508387610267482036746246300880972650661672548747452142807
114,249,17932751728081262533920897748740924,94711874200878186126243941140783682436258509118240623796022804858401773722406
115,250,36063137071520327963792107953104875,27326531041175519310479895363741257861160947535096350707108333833219114307642
114,249,15311574060525015075024004123940783,11502506878508604868704484764796463899581752171087802928059051937644984909878
115,250,29839423355536977056036474440327270,45052784191129788130470621123543314182119171131481394499196718388062991305255
114,249,18845679360557179163769029360291071,106608518575268621431880059100462655442000706875469329686908818377539622270618
115,250,21211485464500747397240244783157399,28913253691897169198018506087691884991721796001356398849179967808773491208010
114,249,14408517287063600822305276830437547,63685667759780815128696280261858952037389585977363015955675096692642533112506
115,250,28667788343385438611533819137610119,95815292877690660718332410065657040489101288854224055350483282905564936880304
114,249,11884556805012919741346573022928007,46140454075088476596967403258499181613520343799728012380463796758238066025092
115,250,38185434609025954830905317275975338,28735303670245808261244143801849940766968602660563862501251544895428926113373
114,249,20123569477727488762892286362532513,16322566623837509928946977557715720951909343101683517543652969975103083731013
115,250,33749018220284748270727119791789103,65986580209536025877070867563559609791124238050773315841183246996305570608375
114,249,19937825867342673252111572452894031,24427692205848130452953500090542842401248401798206984718068960036753747013224
115,250,37238438972094988042177340802763234,2861742655386295488641550208779669450469589959739199977300013674661654591638
114,249,11098360734695094995252574850651678,78237225820331637984524909483876185334479293958159221593283928017749139119717
115,250,21985619688675529868402662905749201,6750818771225110835390573091452095885798007422024763146232094718183684728524
114,249,15240042009197883820522979059057496,62743487570119023199047950966662775736640920985306099584667582603982797616491
115,250,39795214001846423313063561552692236,56255777233180329922639209415220073809085016917194992568813252671738820674540
114,249,16353353501246741547824620625355121,24255375330671471217469436846660478366398788879209853310439216383611104251652
115,250,31967469011007242252486452743943689,11266716963305409085231207083253164700645346028739052191977172210921379077288
114,249,11409378514802085651625014039242179,9832841699698287826601349597477455800792990865077442018995773882116210645998
115,250,30220580199010553973783986336714942,73431153830081247858892688628474565156506919751550547171178549376914906910647
114,249,13516976518901513892921269699898210,113555439223473383539724495051420339848907440046908967541205130706807963788274
115,250,39050453334378347446583863164439855,31005830656910889574281015105689289276228794591056911095822043062118877734369
114,249,12276724114532307656570808267409777,16744505353279654415622643280248613178077148008496469713898284185210288191849
115,250,33440175873604952290918212826442506,25208558122490802051651634883459220622478205178566217645606874858373018486600
114,249,19449588132507011622973668478908278,60983574547197463978542834390063354971349797886512441726057367872053588192419
115,250,34421311182972329113916748359430075,69178925870288686167124173173145606532432417036373441198267131777396916750460
114,249,15118389036124922224043164019196995,54144975411679644159815444479718056001920054094257845072044543055965380073101
115,250,41384465974723407827605817295246784,97999978407580298283417248911360386056473881918451618965616848633465626458857
114,249,16875820495443636953799063585487241,8364305742972063410891970896651585692406909327030169136496937540296696719913
115,250,21076274778000421663637753407396507,16297501291981581513119237096331832273799404408926892639637873213952011863824
114,249,17133005288577161355085427583440132,97661784907138012697806147967511804620741517118420563112226151713432039478770
115,250,23435798646886323924957623246720539,12920437086180863448780416871719482732643118930456290527703884245331220725747
114,249,14445955842183504354881074531770413,50365479605052417036089539268540872561184089832848804205312031267346124716092
115,250,37354507626509468759077434757277930,52176710016023867297232623821725770696214224954180129493530927907176490905343
114,249,18281174561428023303834234644963598,43969453809344198549758218675869465606685153097987893224796824061440708921515
115,250,25298453133607864621313331637217452,97943100297653131540320701241763829750399276506599800180992087164044054682344
114,249,16025872247501029699596551938082320,105922843400250684817514822075994093201169138798745097426197385242616738342036
115,250,34649064665994843646215083312622779,13795582684013526471029426293995461518548949715768839279219250551763297094949
114,249,11773445474851320862248091957664077,13695611335284830814696434339780666826710780873743170349815290067082744616161
115,250,30982719162870822617719068397668980,6999252886840879941025987631955296208125534124628945708615956024516898658879
114,249,10755264041651353936477287067292873,4489521362012816013618957889247904317477455211873564832999948938078243695315
115,250,40853065054595254648727250916764055,78177878748009502802388253159858070367463796739978711021213828535903111114246
114,249,18783225884719436164465360098599093,92742319835472492160541273910570391309829503576917962003820277008786237517609
115,250,27776452204656751619470671632222540,76323091569307870890568433107373362087652646220240031520968443313721773679039
114,249,15427431093901925181055716488161795,52214798316704098396576435282406650058917438849185005469032929571601812887402
115,250,24679225892904398397668166775684664,10004161541297065914530402393843586812436647793972784273051798288874755646811
114,249,18817205087648218559022003972997351,109269237123068972649635701668685763743043552136084962880578194445840024732012
115,250,22452555828314230870312377577873920,94371829657244744174358778607347712366684332330578669845615856363727489695012
114,249,20443286102189736418179184615811668,86003414532087654166558799150162028733956800886334367001855756087375798900265
115,250,24596950371313264562724500605033194,91529207531285314718747330259016787911565730000944474775140757924931653245029
114,249,15619228525160900372687912586064771,62791278219833299053775273644367287117220307297001862526577657584769359182513
115,250,28505239082643909949570448542961728,27962353275363130708594254799719854502000192608886415120787714319517105051415
114,249,16194883582315335956716810575776832,90011629520905054938511577185330111927183163829937298483078489538486734310166
115,250,29698388965580644590134969309510954,53633210098902615386009284366604332966467290871593614263262042515899284183746
114,249,10445940239602110621057158999509117,74420760673840173584937728604780091013116755909107306020143796768842319257241
115,250,32317042577955691070479257148898629,34028742930137771755988805374617933321233789448727773724051565092779796384123
114,249,18008492745321933129216930101236731,70689861295355241896580106930069007732560954202566083112910454120323616604465
115,250,24766771901413973822280840585122294,103863095028529934842177828148141278167369254424657937821733904924316872588869
114,249,10713219625931430640081474372854527,22379234574743611788583049274667221458659567007310223545252262697476469597895
115,250,29855003163677179885595822360716758,50622899633416651289906310146888419486781472891872605790441820519758439222167
114,249,11791741252835539468158607201708285,52928688471481974726663322699046826153021987573320277984206954453518863859928
115,250,35767514171174014120425688997597935,68133668519171545135550350754521210637444401512696371398960938066022137803201
114,249,20557785478338959333293363901726572,65515346966181596420897554481612201497754217471979232332844516557456636094291
115,250,41376642046618093885417961758139994,5373086264305611410802654020412495083190268164449805921055504448055563600439
114,249,13312650715713969903247763512118048,864297359795311615619499810950730266420045857382145115923998909031298788763
115,250,31164235753256019909694042148482792,62032386991695237121160672106845288399249703223066037478263360353712437558431
114,249,19852606953466898114380856574564024,14546925308445501536926883749550502576016613750139204400028464083903196707666
115,250,32211496979971388322869967204348620,74931489744073399996086360954067754566007943137935330727169142028312087254736
114,249,19285287794453731488264095196377116,57274475029693482878659770830861874549690424362113945446565186370325916917057
115,250,40423694309355024202371321914685649,98149933736811190106026347139130086999710274179596015137748491681098570124284
114,249,14832237830221585277611039913200833,47781135251104999331010965611110735702271505048719187001688572551552126284449
115,250,31083539458104131435259853003499058,96110046630652117482032090940759873371972069842072872369170896437182389043935
114,249,12329509191946572865218053818828082,48024800540104461347168110937606201862233468714293767679454235312887846642677
115,250,26901102514535978850746094362849215,66531822375881911409420892303863831622926327971149910237850564462589174487845
114,249,19773075665028723960136074086041561,17087265936154627156068731732058521419613452274117944800819377205177738168951
115,250,20978470740947825558015097066304233,98279158016288300865832221518361443781794129870728955341734015115667839738417
114,249,14771839112220986555401475397049113,73191036947857755927398677023720208236233926356869342216916069674550582321455
115,250,21392177545069857737987270628459082,44045810164534756793254478189244445815610898800478267606052375088593928053783
114,249,18817571617806768944438072372142530,18296736090857186370259667566455170803645198835978817487077421990380196720106
115,250,35209764372616892384047342315915730,84469550234881094969990269134859704039831503175681989742537426649870370484081
114,249,17710920732727696783220417941855703,23839142430789227841290690134288217304589902340029214346700956236797535886815
115,250,32132895087623324070132895011910576,66153191211659687832474887358270848918814701934538727257431128836577723462330
114,249,20626485367063989865500650079846203,19715698270601417678241361880241264465125545119762609966174870182624635108931
115,250,30250110363299951393174287062251109,39094691766181628007681759967437165195197288918176012473446372425090400624666
114,249,18091049659182811048735382482541213,36498053130361021926716511574068928780226737422747339697160002754769226193315
115,250,30141979707578886828502393738926429,95405920030856221141436535615539432205284511240124270670387047089694573264121
114,249,10765491053372639910735368275996443,85293592725654438492026297500057996763872878912285645362722611739082600949027
115,250,22903105157494673120237298024385810,38676146823603757294231677160431776806621053443938062452325465506116821687250
114,249,11956694017321269538773366957039250,93049638605130758991736196216988463442897167480102248114091748675281444716163
115,250,27963442147431045153231268974013309,11225195135378431266494456691524878948504785225379763023108942295214925814300
114,249,14481118025882680765317894079990908,75088334578705091081589283312157983911046036027852862478407811174870507258768
115,250,30742437446370377422211230627112505,74049892094207793831505217074338535930551765643351702188990342543715584053074
114,249,13503567062480750033015236631785111,95907025154634785300007614491745245934690185053945734702804009268531495457050
115,250,21525155572237835547414744111900807,15264132268830946743577056102828577716303653851551539662860094377504284123152
114,249,19333875784489758590545914825463258,32455678484044953160267819170098355515951193525651692678265290147564894690804
115,250,40462061959402554129220295089315963,84245825961458409306596330668834263429141390415688644439869333716043486784325
114,249,16974205613892151125546482951774094,15473687324172524083891581434705787990494979755827437632166200305884780968806
115,250,35535918087831936471525548608018352,201646863204159675148626500152469518096582415215912431189179822504801966494
114,249,12329464380754891184193007364122408,10300246388824669220973724294418858518958385474174381521043727494349460132212
115,250,35752123740956842364283502789791190,63664043561381473358222895482975963233035844934950293475317992381246665412796
114,249,11329228491846669701861251952319805,40990185189650425048884445879401800505493352179571744432649484434215779092080
115,250,35216376007692310370263427192388088,86111126565539069063735804722301975235836026314571805742922448043751478644375
114,249,17880965139238431577926917119131504,108544899550698053040518918691836136577315468351538133934532386119358122645262
115,250,28305042965223082283259611707117981,67682365131582859061845714229732944806645458239358540891547004868877328460546
114,249,17389161892186683101321803905724274,39417492973114359125424032204046620868776157027158764052313951660371641216681
115,250,28353948266114096604278058262896522,12447583636674710488645642134640660979919430912024026132915176731303139977972
114,249,10579293078009862443834212441131489,33487643392811434563501408969617048157894598173711412008658485569286618569295
115,250,35571883076580760664867716148420727,102173725688634605649628532988454037796337304916995973440233021993575097533094
114,249,14635015430210781387064934234857453,31027656786314319869263264793694786840541787293631614542059250658218384260596
115,250,28456839838489700947403409332319735,63375179305316889692499815971008189468681237608202328992582680350545076156548
114,249,20577950493413397469920763379633381,46935099847310599297445105119538304678059208977588185082080866469743693980365
115,250,34334824876193726963073598687728062,18674842329266548420133070692531732193950035060679009201589496833696754419061
114,249,14933163472157786166466348088695838,39642796811974360439186931491854050469799133006891983721628044873484781358595
115,250,28369875354781531118268438268751139,59257292481615582808804705382199429776549006035768329938029964865160704424923
114,249,13559793964019849257659952287273342,105662780379232198938825579945689644268665324066604044439053173020845034201212
115,250,38230996190613054991876045324861003,111379834516126546652854678888152963663119200605690022018347484514099651453323
114,249,20152489467430897899403743419767192,93430285942166987334178353460201546617613763407108331518389970630469160407428
115,250,26146325154779450991599215056777976,77862988667371037848270519901634218676885615876550849121925915537431004139662
114,249,17981898270841805538126172893467251,61571270819652059435532423402796100525123355747385593226443868922805522348793
115,250,40395102759296454691912864375468476,30507758558735455359188122080380339653881329700666639142292243908810359704919
114,249,13297078804941906011905785169359004,11783639213542935478134706539269800692432265085258843622245279263284755213724
115,250,28356768953753400741088945416643783,112077902682123704861868041085054843935489670172563994393101828669254127752063
114,249,14392208666463241026831427829627529,39389068728107517089392696972140938383126348568447952954756410619480488392258
115,250,29349604055290722727493230632966940,1509197582557580633883166730899545615368909119090836144816297858404496927562
114,249,13619393615867874617946063098923606,112816447204353886227773672263151967092554434884757239633446073537374307165101
115,250,39715717958339189040916070841672728,9727027557974179230250075350242531717499137422375798975458622579787893601184
114,249,20088436599004083001145029560041933,88941256476213334300186888694929481878155804578848094780962399927978997017437
115,250,41007578963425097701927039884718835,62834168565675548648948991407624233682094122837448290956093249025900509509795
114,249,15341005918585046120052879277899455,12942255331834206150356228207387761463447045641767322739515943424086647363265
115,250,36677913533758514440607247453035798,112278444153728299923949652900183135131148937552678472172675437497284040906156
114,249,14858654495834869327186968295256557,111933770186728337076991346481297564175240703333387318684840541523619950690034
115,250,33714573516827078557784082998624215,103951054756877838868701903424242122995353956534904090898074293492857624568720
114,249,19714408436510120604188380176506143,67900089416525693521860620315889803273272856646724092184917654043746375458244
115,250,32428241582479878258457834203958564,93038251330017399029796546997176439492433044884571938692084480043149300336457
114,249,15015331769307613406859084073932425,78953015794323822262800442150207014998456785104249001283126544357290163633780
115,250,27349567413434938985845579238899763,44748556863601222319881852268472829847692435795075219307538215775606286650630
114,249,16397959390849171309609631535099993,75609977191184833240488000940991863117015765733739155919326005830250288617297
115,250,34270330344733380428676994897625992,38627780765339710902812178004048353543775948274589380137496595282453587885897
114,249,14381021153193886721073204174486437,112727701179387570224582571981875669202082133116977233859970058316795652150416
115,250,26120850761730994054611671892679130,115294152165158782574645922890575864531437066713194859486144668673548001697907
114,249,16729686919315989334882706985282007,38163486127765563381060451597998871621649639311822998817577806333086120971049
115,250,34011070910442371362674879783469020,50258450406604535821217884493824503835818457664474736249477754928363966137997
114,249,15360834622933800453486524286952675,80715756878590072492945152194080288809361268000466300699955535996803208501438
115,250,38614802472654515219861752929573802,97359904426895855342373033027193508597031648808880971483119159481840921012262
114,249,17940779608940384044540898994275828,110350008849235334471394058384229995191431079749779483581124008498516212223848
115,250,37623148004890637413869122192315986,83565437378951643508696409803042355575333018999279209902233218691117592161900
114,249,11332257869678722962769689037863579,25016144340246778476341138322857787421669977418488704937577529188529883883930
115,250,38631388017361884795108579599849745,46430972546415419549649211552052740869692428784293873352975217066246492242512
114,249,17490227531981553974724952821671104,45569628285818574617479421603372149951224859405998820841373418586935556371573
115,250,33956059137478606904327159103477611,105057443419083240002385699988258637220178144534424635828373698718109539843912
114,249,10955747187275148167126825940941212,56543106893082766460720406698490135419201020529442588717317671838888875719687
115,250,27138593106354689210241418518939402,52069032200128021662723070203214763669612435567032105866647550814710264783072
114,249,18222289853175133160351851583826276,64675497212620032768578040668774540692647660653122856762185544298669173988298
115,250,34376211708843642011620680259662677,107858732843896888944719958063147989527873529621911455484448652265156655692584
114,249,11381315913451278255010115422004811,84182584941593318543665630261415729000880051787935036970824651792864986455988
115,250,41404033969821758730380609097781874,65265367635977526918208123530683410576115727469190220231099391724992684413847
114,249,12654996896248440850459538638435651,27837495487118434003617896286286918000077283631037442082432383839766256112870
115,250,26814497207015703743050850415578506,5925279813477418372263528296378513456879008039831745868234906118225377080035
114,249,19935668666867819505185648406862004,1604722123649664522027154479635302893516514975685321284982032529986639045406
115,250,22159571107081093994336778898986286,88112989074275060744164071723892660624642170363200132762996020656822361619435
114,249,12992497578551286280819405105360900,44929913194120661081420987549695282381552729641336793060562409166301754235619
115,250,37182220269599467040492025087728942,56181453129024822283347667610431774180228072679123077099950073404790473613697
114,249,13599698423142750614405539192583220,25941197886348509728891003705651661220446989644241914882080860949836702163300
115,250,31192459408219149298797318712559150,114408837829540978010965226815437191551070493665490595273535553762155552475600
114,249,20001275418568307720272448775541702,83005730750665358358185094145672553953579795158777394347718046945862936939842
115,250,37638088906493140634482507666324079,44680935757753672142042212626851138975899493624268076399433090945006943643216
114,249,13616130563867391509390322448331855,45646392864150405629173437651200738111980148339349709155471389360964492481865
115,250,27191627031829899132535568451067826,58939183372941730526279161361105295004817039593298977526547165462101639712740
114,249,19882047133552717094003252821408544,21770053345473337069010149868994546743378709736761594455215147434124228810900
115,250,33730999875549203457934518656816886,58715027738751779684895424498278778054815958956811382696590430490110268443111
114,249,19532919427888188001088715055571357,6584379066653849752640204257690494730834752785601751997618347327043619329418
115,250,33801373809048970412884291750579416,46030212763530362369492876338238155694755830604087622533741051481569693571603
114,249,16521079402475242405891129373971377,81193145599327548933673805851445361292476248610367421808348085798529953546256
115,250,40984188788155797153844116879873135,1728062396871291212293950157052462009802069482738418504985775980666094647684
114,249,15889873904511972228395706051715400,105793798519210595370482184217110982989052267510420175020201944292841206708247
115,250,31563069769063160181016569611817276,79958519400673278200924201430047037421737861715567289666153462267948845313453
114,249,11991902936591580682251542560957976,32640604749734585907694583505918781271475141623215785013027645842900760679072
115,250,32951711419938839384688809772186623,94149834345180267356022773811985457043851289673110447320201084783753041427825
114,249,13701910339237091697536704177060094,58075175145389831225759674643578245730051410667012068593046996236279795328899
115,250,40400105348406941251749482414255734,3728439802091612063864793899494371216786012811817323929247333639384039562407
114,249,12722349130216528386824363958360132,21018314290471353026790267587918967983632299410566089305889602871404915143571
115,250,39881482112577295491455893991485042,39719357126953454987278859485955414023893888558062870360367791175326679423624
114,249,11195157711868608592142426548752699,69218616625922183911302657315698221298319718301801356051014112046884440809784
115,250,30975690928048808184133225226465757,41092855910440051632338680206538285662878108645486371511488339212881075508268
114,249,18476671662936425695602368278189210,65862032327860453236945294910842027011534718545402476249509186659385397982664
115,250,39773330249519365202705762739994847,110064241592806329099142223833383538371677050635280576215206093548541289535693
114,249,16274083334020675777281593351716185,5214945797336020510935728092841327682682957120160350265004785389575575570774
115,250,23731622052450720059091004998587816,99614265960515762104771167479448070307899135788369810824964087645021324324664
114,249,19994714642925593443145123968787799,1875972348362087471321276201591746584000214916303021172164799649682467757035
115,250,40099937005863017004789460693128493,40231464978575017583006861755457150542704910879750147606499409712537651381939
114,249,18945177325911374726290798513509286,59909474789404100118783992775067504897303493941863994001881381710543586395636
115,250,36612609138604193898538549515253849,21882539854049587169192190911798625455139570314322280236615059733438994125304
114,249,14906743977843552438427946508948267,93799019415028481358597927918124964096305934214198930058425414245457948554642
115,250,25885104329785285506458601039415992,95833340324574236355925614242185787213259800341058524450512818135012133961526
114,249,19487537135943877971174048434302870,68429128480639803417537469858220649693896953804458296481553768047301948434779
115,250,29120051395214084295585568515888975,111606946760538819307631206495639789165259253372498115237369098954454787415430
114,249,11828605954552888530732354581836343,49299613737613766466289282807847918852331780495748355202516348968774040561930
115,250,31768343040081006228752489143297565,17605780876413224768490896412088721013925685892186214604241411346314089672496
114,249,11117579097465218099219634827253190,38425259352367988111328899709270818291553440134313371448062028112168664094399
115,250,22169042300228482283287130370601022,87191277069265763048723911651789747150296572377435305842279497428768872669214
114,249,20522993862232518840493833202846249,96087460458148196939802345167042277962784817915154914591131212928006754221938
115,250,36274577743302931624141869653120269,109002888705904474838476121949969435934065477683315337613345336124606510837927
114,249,15127689821377893051366647155230354,87661530693977041463411146856204017991642911544237778313702821750340388790691
115,250,30927137530207353841582135822913485,85159331434694990368379614571081370142711829198621496268853826419111362714314
114,249,16116894900319618873288527531752089,73643352715528756147999091933243778362107516999459973278855297556200182798023
115,250,38192236571854386526174982474893969,103832488656281219432121959364498775207404379140304568703962900559059472193489
114,249,17403958894621021125892403424452093,71845318177567957473945002460557467936082999522776438417154261461371530516388
115,250,26123824910632218043875200258054115,103190659120548371100440485395678401509843324498093099391203922237844602810750
114,249,18088247622629597007076539787341323,82340932426575897260438074824865576066769321845091541175222036583418487725314
115,250,37196453418237761102907941340430667,644125650770644978242325203888086669933416636438035539073123149927786740529
114,249,14555994352466041827590894078744385,16437658239100497428581130877944111506443654959234746020334087536219498344031
115,250,36423429836497305638973240524270929,35695537533624750953518406894505249920396020455783782788411577120757184076094
114,249,11458172339879256028020071990283040,109533966118765388337405200200866723271031273041743720807560575508236539644985
115,250,37562927871940231430753241010029469,67911839290522791395668697638554653812309857632708162886030089466306533103138
114,249,14254543657307802093595497283308356,103100127784046308873244573500082512143624986702176832583766253778178682241706
115,250,22191496095625959596282226204350974,5985607810910928910639074340532240816080398159657739346880021307497766557120
114,249,12071565429114389391458186029510072,65691441939857888912763924289169448183357338455235748104188125919194306933741
115,250,23458617523133384274121781990574551,115725749770068004142236517013203800174204918227915709375825498713909428024971
114,249,11529663009350869098208517683007422,114809212635063223097571264507727284846404738974603207154239098873625476144226
115,250,24113262039442215978911503365894403,27792991039409464760417726662169795897322802206164963678248517964187012333220
114,249,11730612150160478417744578717870704,98708772938959565655640260891876801855336644427656701493055694824547305841834
115,250,24872738416570799083604502594740244,10092179637711243036954605951692797133499197332552862581971051888446395574421
114,249,13680497889730540903309611351139293,10338315763009742630761339545603166828845755006874413473847146375338154791541
115,250,34764170301396594924260011720673613,67029017963609183540180861650905620824922075434240006581534943382543901021337
114,249,20190774377548063566754036675837230,71622061124672392712353262960874410901141188454569580599081162788925603014003
115,250,32555767999007349311459757289391485,66223066999968678684412836916410669871055492500010227971905533648599344873463
114,249,17968261230732366755856666184126240,47720487727717427299306015293627925179427517808903246575108565276749336279847
115,250,36495240746592933047985726811225879,69237119933333267925752276816213151052163803774997283642793664751468335937580
114,249,15805784983891448082013255819171555,41532821379430836383831892452977574065060405355370268672003763410949418670685
115,250,23713032697772080703322070638655397,10116886873744341855415692445723754416061978636170970000668150507516664804268
114,249,10626687799308736699777103931058007,29065334350209483263349421228816723240932004714973142245846812004500701337668
115,250,38204464710682339506290066711811696,1079776709114676752176822984048819171187647782106367854077814499122640089434
114,249,16058229379267946734092038447735366,63617818916268811933219361722983980580537118617808041437563091094641243188867
115,250,33937093649031623657701509395121173,49760104950292223232157199743327162002110796168586914518099738858143194893066
114,249,11430779999481227394718735758196811,78080922364312584135093401082128139046438480747141889534975972008373412404721
115,250,21851845806839454180116383063436313,7768289306413263654970010733768388467484123607532014423586537629353934058445
114,249,16857880735040551518911605915883305,29834861520222571882883123443577583907318828136454245759945571000890343911865
115,250,31588922577416015239295624186224073,512615811283605808170602469522329022745743694200276278760108883334730776757
114,249,14779659509630905685339094919642176,67270757799157234456448437222108612859800762754714072981864664111898652451456
115,250,23893102794123541315026785267974549,62879717917839646283273509373210503292331358737446076431393424020240348407923
114,249,12452112577693793382442483562024084,51345923287342530671782496662271614539232591990311001493545046950275753596239
115,250,37924318898332052858237913628014220,2111511363136094346968549609311110644940802716046940287470107131836865035984
114,249,19895361027305197594281434240469701,95426093810477656916149834944093811631797611454553272013222431821020683139317
115,250,29689852586176708135703958324514452,55410443658741271545664455894501945390454211389670572067595435044514407243845
114,249,12123713033761666468399353547688111,24441231870742425135680835102437013132722824970794342877194630798046769769883
115,250,32126247528029551744513990790089316,106072890043315821821431584024533280360186543447047042042768685778139300008189
114,249,15821998838695564446577945248524575,114968604869300907972164053068222153254603997968541147963215801871647361220733
115,250,30162704895849452078449075317223847,54381590809608936567051003865239685052165241091305946074530210776177799305440
114,249,11598455727261450705783599856999028,32211339656877526552075782095990063105167882592573484994048145206601976590582
115,250,21626158652641761378204298777956455,64817031161141244710760554549508666475629181364359696093882352211185544680527
114,249,18048097740783749357096895503566098,86772078879606722537594738293227819900100559529656050295288422620247590718112
115,250,26210323245346485121291026042834687,54736634698059706275351044888488279971097861901708910001122139904388741530273
114,249,17960334919020543301448351510907777,58231998743359181850771098305662398826385354472759859746877489880360663585569
115,250,30197718458251155067096390627220570,64754110827267941173675246825501317604108471259505430996746737454097429956605
114,249,13290042839907870990915409508602900,6905840217528161643463428219634620241493479626600276069433315944980288853516
115,250,23499463449926669779735485983882089,94639680929492270440294948783629291536531096120214175131954642780565595178076
114,249,15086663427701926771699270536293743,108479490377046930056908838587044149496164951431508504408721199337913761450993
115,250,34209783651889026278870116576723926,80632854836405432708856885241959465665530726772157066145994462190568474596669
114,249,17156901763941998118716157294337172,9462384463924831087443411769123186539518886607141938308242122659605498844611
115,250,31123533531179683706455782398019821,66552599760582432655120476601835631548971373551677314971782732937887373029270
114,249,19532922587780935720379998870801725,51451362351666227392101975671416386502726639756683827014381813159174914899503
115,250,36758352414062408245308851390869983,27397541697139112359578562290980679203888056779681199860222820687040884402494
114,249,19824944939062543350486946594651401,71401193168235822512185418541218866761426890343643984887168417219899183451278
115,250,24427155931850008211337238705827574,67916268151717591381043779323431766199976759072432807519294081709611639206359
114,249,19665731404612445728481547529036054,61599268839217576206153790720111335700540177873172266644202062332430219853115
115,250,24875641451623773415604806244678024,50070709706690065318704747752890230859664857476272949804708687226043206926687
114,249,11039891966352997483354060700902556,55447578002161692832082455813394489473239356392574726851757690124266946106473
115,250,21706423794379025600882270400322646,80405715445251539016734520114895762057879587433206177967258550741568559888701
114,249,19329501129482425697026213290414375,51703977269300608009283029608898888853086756629470090988309917411588773696141
115,250,30442146757629390212275658593043271,115323659998828980517741224062793503624499664791047235646299806626257098006473
114,249,14958677157920563589827622005835723,94956233856253017635270497684722967105607488178414559916318638492894914381689
115,250,39838125275870266737144508190685237,69965351122359506692879350867154860832374208496274400874564638491586581106157
114,249,11954294291887429345811578854824814,55583170837796402776675539252514812916197466505322028089965021854767083321432
115,250,26105972353210485482339496786787544,12557032634334859780064123640250030387923983636327323989721011475212172742884
114,249,12248365497459532760870816433297746,54690564471183664965861896162759095359141380964677806677592626252424502855025
115,250,37676576378121495112480596675923821,39162188930090259501139244524417908014304209891365207039419383385490678816447
114,249,13585011149536413412708648439699591,8522698736924973834294975732450576155267429292936376449841867151697017123361
115,250,22023553895405993112733079479268224,65676660566709575390825132602583862365581038454370196812155654885549828535495
114,249,17378537364914857284042806360419512,11864703511374353061925528664374210397141334142868766391005559462889993002722
115,250,21337537380357282039681070490418299,81705603734738286522475234727746461130883481989103822639374290821873927647134
114,249,13812045145191809036980172590968775,28272076296306737543138696627921611563477017477196082743955617506059393571613
115,250,37703418916140788768773305720366364,9855828290442390534672872538256867750708169169012916088195196185959264145624
114,249,19809887265602186966637868400093958,34229275194322891482728586210662126471960821794306928859311613816702264447765
115,250,26979518632837597944680621488714616,57292813520485230934280687530707950678303575651434221349526428860665950420705
114,249,16392674718732953103888004506460468,30666643519638855789219924071398213697800121873584602985659360283424946347921
115,250,39754110498593586084025283222690884,6146943199001554142655560919580593606480630731815177133412326083459213210876
114,249,19808973949812929396974280623636384,70142616979408539582966556360015337155171205518934418499991495363735280352212
115,250,37976961955151556944037885247190078,16159239651459626909326662719279565315038454125661947478902069130942206454282
114,249,13324006222228243340238406128824629,68421474117135651949942264263546591087998899511659144958173247537141002595562
115,250,22226419472768636046511926074671168,72303782378210834796300131965692115067235633742283536609619519289833092123200
114,249,20544157916645997309400156097454444,17009644185483295751679394008024650377739922777892859204799426577490748545462
115,250,32403269654080764836789679624814775,115686272607695452612792487186871983238523496635378926585476046462259624599314
114,249,17141394774469481910604092419145322,17957855471071792622872759527845117516518969132529690485907203065407519528628
115,250,40211753996425040003185667546120816,113782791651603321994305924084268560020083920601714897800774061284628673829150
114,249,10596600161596485789205569733372333,62368184912934443014817502286516770413987821791170035450953583747125544063531
115,250,37873690243604665890408268963328337,14808175399502895224789247870840361334020599752344384431674805468463264346832
114,249,12211951531409313662195251225188908,76960947790050379103261101993140188802013992168295875633891655883729196801737
115,250,40623242939669637740414401127583293,80292833600672019623446931702777951972660337035415194557632103865804506513599
114,249,18111062204514598149316689341563614,69639540058856141001139599317864031727681414635187353476481167393792754864231
115,250,24045063640620273039079793054056877,39870860095330176306291277487694891853364757819552748028838537652621563922766
114,249,18067862269895434574447877997606733,74359889996156755072657016764373111025285442553881061112701274737758437129232
115,250,27810101804895768924051970133233355,55729337957746020808214187399326968908717468249700836888555507287312079606369
114,249,17211771107809900305087480821750388,67813681862491403152313380255608151684027109385761742312132561406028050988612
115,250,39649567717431707613852304708589967,25319177411968513217245012223222099216018240403037963994024856116049611855431
114,249,13174680194415740326757206561013457,44654159673189219654169817683953558844878086027350291925024175384932465300714
115,250,37378399339847661085256797188023422,48822134126596871167054989227100708234220873840646105694978209085036507111258
114,249,13975808838417415268215145599479508,110940072721813418025739293379872221299859895361816386395351404225377460147784
115,250,35079424289929404584493061551963428,106142564423195156692235003294360716562998708194619454422150755663285815641352
114,249,13463354891803173551686904100223752,96192317084590848525965104459335094016703790397378324860680043383175456932420
115,250,23563543991517848200540371274721432,51372226154301138145406045453428807718455088920728896113050789204188592672256
114,249,14626493529931835344055092733137758,38661515269425705301568435429797708572458747484429118417622765193401989326255
115,250,34202783882638539202062005544892581,104040292585055646015850103336775622025232556169981579458369964668487741959720
114,249,14554147969398080644370491062732037,80444808190935043535272804045743464101334841809633331834338209902089840185054
115,250,25710262880028505547739681079259375,20673243215732139408275126755948749885397022775932858286005418370878591442423
114,249,15240544255998035621832577973606298,103362537593174790764112302896330716020382537382585267145429353326239336117665
115,250,41083837154521289004845518019999157,47215622225502334203006914240130587352365107051848204097674664688189342473196
114,249,15544001780210861916621169166220396,13105410412676471961941601509232645338679311549631047926339931639970831173020
115,250,26384926116578783922322971746410192,57493544817699685761076642861716038567485769132260855037565849132617453319227
114,249,10385580787885017435363506363756678,111704177631942417498601187945549977861958158848539578908173337838907395684769
115,250,39183279814363729608144852103933616,33528617176774889038061827538592652399449698473814321602572633329390067886831
114,249,16680541765774208790070000600322317,62633507951710685243769027495078217254686997800176783352721112448616455415269
115,250,24467120044056089773985523819632905,81490748389651416408609804851490838992404872420643654279224682448359865463891
114,249,16211250858269250961878511337640179,22718461613799354366762408047088284777265198273641276196448382997057557329545
115,250,28438021643151443522442252379890823,57303395768408183983579877116306727635660607431581835004310156044468907221877
114,249,19923672253227445255265748428658830,21131749311768508125983041936378496635316761433747351910131921328488255770224
115,250,28014640796496661142656081492507563,81472110378722980790300701778074472005502190812035873630494638018831835595976
114,249,19493648283004384810875408373182287,86095609743511929593801732451053095649084740604918260113970270526034718180719
115,250,21737312775772612775993096646119931,15361421862085045567717572468903676014561604283454076116470599805466945684660
114,249,19071294566700664766925648776923219,93060140278891697631386365702443940453771278964860534010886344863261741794273
115,250,29322944097521331903730217502642657,72072233357147652607964794520068994636793260165483471458621046901332667112300
114,249,19841456085350321363343590217809557,5686556820495114027180882905178338777563205605825451540254597407562677466510
115,250,22876558995701861819155396880934239,17430917437601457227202801200314795429547439422234065876443066793170836403976
114,249,11985585394902674486715400962291351,109969642681932405996846853822986181084557021357795544603915089154403850688216
115,250,36830971691784768808519321458993571,83158454414499658443788363595456132868349562652273216731550220927755406024375
114,249,18599883408617103871915850281069632,71921717436224443082298491641792841396627410194819058208400004166754455731639
115,250,27083471375480153827810047888753668,4767767638767236801579703899585590404278167561667304997319829956217739576816
114,249,15298213909582463134661472562979953,14724794830505615388189229041064945478527212225972868262025802596921383804117
115,250,39062391157625537264351301228967998,58796485303304903546061887692507361637532906447519531713382119174821902209924
114,249,11237553551878765499778979770720173,40852171403490550433925193953736667535808742601062965931136531280877713074431
115,250,30838732195628860913630199832977512,17030095204380986604380203798635155146581037806256212317862310153006388917644
114,249,11187040886311059382234053105911181,109577467031052733275469488608505287644635281992455548936582065608004712823210
115,250,26796685631411567266321851291460486,40328461040896238249686585094123219380663984506514291015284246044176777325259
114,249,14578924430369184720597052208162736,84044932440240851526679395172271523372595147957045143124863351854182415962901
115,250,28627533168019055342511487639530416,111613999033882773095348214187820857995756424527542484961558922861482225683406
114,249,18025688416218222983356328761647834,1556742977989141117973850250559804991585915486584726774353467574735658746852
115,250,21533559943849161412984994663082715,46687970470593459734250509950211124546613639000083165325655219805672099393016
114,249,11995342795937780547528548996677486,111181183206155250947178306211645677378654075923347012930047084393580102672957
115,250,35483085379496834981660761451663250,17278517131216340887601272903138775303397448118326018247163096568640192148967
114,249,11584377924397511711995491203613333,87545593332723046842194959076677687563400597277969404009265599968223720189340
115,250,26845226517694681495883482989390184,43776846882770654875930153859564752146662067068604168187650848171818210047332
114,249,18535912070996175554715737626987635,78283209064956031044656583692959089566727019813825015359170490566170940504282
115,250,25764865338361392375915795214148463,86334976657519622593548377206895881209815912274201219058559005595658156104403
114,249,14982409145024937154866389900650807,60945446356505658721339610904631794250462927100688798034479343960551864741055
115,250,36572627503381426195338670666599702,6483962733354349555697797025518860098761359052352077756758202867877554170604
114,249,19113064958865980715311641192315909,82397618760719940621828861847898456278386759554723559649558595313370437770687
115,250,25238401850115342087907597521443237,91904491971019751223137727853650170706849042805625207802223992441862414873254
114,249,17246535809596789200261928066481243,10583184016699091096224724497222181197812404690206453371621236861981864151457
115,250,30128382266504182269330184463442317,41689997716674387504483443387549304324144414637553569892207733702845343093386
114,249,11483210777619881374977571599864678,87092443914444138722375371569962230644757588555767573929859349582036392877149
115,250,26261871430307403791383230642694184,10977649521147749246428031209179508925014084451868406411381727022177488252358
114,249,19021011326587892485459095838606524,40737193473686959909422566483943524966578433416746616633342059040945147971966
115,250,38396943042144780994914347741622540,58962365538252363722168799890045818327138322836870697887374098883544822062000
114,249,12068207612340025697726512227044419,87835328077153971287406645109228550455409563079059014512136695137844079291808
115,250,35482365315821083066087161412589124,82852016051076723647803406970264211701354855563982667251708427949578820342577
114,249,15902064977194335007603711206502383,77215092018140766961414864601228005771936672305365681283341043518451089251621
115,250,29899154882656479811983686131175995,33615244480280483648545658039569275052978875295797223624179538252101136359116
114,249,16265107607147363833856378846026127,45341360686910269963705906920894077977060841486908488797669438393839454158496
115,250,24502384212161654831082366490229862,28258037133023416019590741244259225415286948811618372197870297831873734325449
114,249,17494908687271330305355940945660595,61232118644060041958756245340247055505657379826574604550428818950069648073889
115,250,29037498788221408614519836360085073,92101144673102476345530631320733890104105637763775949457363908433831809921204
114,249,16654462903777275579157492638074650,72396592559082908970832049150289335580525224445799770623899235580865764664159
115,250,39441581217640783348837978108514407,16936911890248907301832774192717990285333094554579375884758243316237821906368
114,249,12197331670845956849435755237521263,19662464027651908579731229039554778391338328873700752673280862372575813249916
115,250,40929543899234853114893752453037991,21041368823813851508570152160687377246493716937753589706260253033262918077794
114,249,20461488585192349249456359870751515,16743030798933838051117768018965935424652572207703377609602920193891790769161
115,250,21140052589579142884858710736951113,100117214032257225363590812962289206531503833900754838048316721160656882735388
114,249,15539120354201488245400355510634751,16260921230425198622686439105326211061455034570348997640705114599160496354002
115,250,37888568118763650375468210866634845,46395594591396529054822654450234789887574421122087493380383312432315004856372
114,249,14139423886473625840097114961272081,84726033367391595048732124657317284263868852329368519654914795300569677882754
115,250,27112198132579920500489091934849597,87659068275240949879639858137878598794619477177865116524658513431679570600000
114,249,13296636958563490524874084888453523,6456797738268704516042754370003958577083158441600878268916115500529107197657
115,250,28904390138434540817047062345670572,87122504868068487383770353808588281454623740946403270581490251701517182797391
114,249,11276657469816355327603968855855201,62313673632379684887284476626719244612785495436732066142728172898293113156426
115,250,37680763063583831012726233611266516,85435841341421056948932301982671414835221953445278856658867105223810449741303
114,249,15452532002089337639123161766941522,61692596786009005057254630025874023075106719004441060682750794456972723489934
115,250,27337635171744062942048940398042842,81929826396933242326583902164357063263362259408570147905320757077587293580522
114,249,11706773776127692211703616381583873,44266258415719465341879021775265696309864142585491030066321664775378221410960
115,250,22926971856803277940128440497407356,42630986360144525565621218369517517849950251821680479590306438365377235228945
114,249,15143614151921243831328131618440658,66776023909716356747289913158611430671481654376150661484326235833074202565891
115,250,24464242205904951776973699833456125,66750232487662577396815992386017395380442041148712475911587991422437383114640
114,249,20683047040382088175467352909639126,61074898961238336008764921592999845078081483950419614257641254796080871068805
115,250,39917683563781558262417839713808702,24377296766249529987033520343372567094898632629965829348680477368178180203813
114,249,13334115440320326283055649452123966,89576435747870421893421258248691197976870820464958310694398202456528097093367
115,250,30952785054093829670805029367979779,59797143349370499349890472513833884675025528729566200770673117804362108497046
114,249,16782405889589287385561930201271583,23380409187896614104079489839560597574166632891978786060807664711638823723389
115,250,31293298632039892388273669713828127,67225817205127171433822657830794060125062902512412424425137112330524693847271
114,249,15288924451323893378951613494799152,1197383948089196597839679995196693299575122926956007236651519433107013379405
115,250,39038225334133619091676308520704108,64011743849750982502949628563881698299774749662268501502788151673926874957019
114,249,12289595060332697806243083181913051,11931149801960900353119453207580975098226498807603030803790135008812560584403
115,250,27754430994490852920752018874280394,95756338992635947957405704082686240258616404912038317678695645648691122514351
114,249,17848216719877925934867191469104147,35919401046328024643145749346256669004476263450014983581345716134482635219692
115,250,31220723261246945182059711679794421,56496752336638707795406723126768095854778629039013758406512775487279000866245
114,249,11666897025308523936907219004744845,8490914831406012760623422452882595912115021344673551670573784327631332008616
115,250,27937456358543476530345299152141425,80593226390192500872491691620204040664361410921360440004311629323134026866655
114,249,12550657199628821858493350931370316,23936108402138291317774511553273007516813667154042152833046644855704801831139
115,250,21769393256969530611939958644441433,32134785164290795518686481080299096775801017554907458241210697478076309809389
114,249,14585828848151726216930840321805284,31510061351038250604575952301311111298719652544656455684388144373666525721245
115,250,27265622116885762587583925552935402,29774732360964322860032206426603220880460273696330647673969691388958963209588
114,249,16744862544619831094809069963891019,34633177206411058591954831966036161503192508375885568237446102371754889280027
115,250,25489086619149972443979056755226409,57508506805016281171111617670159235136572317172723094730922789490690104755084
114,249,13563635088358932786307252812847494,73351178334821119573581229632665337874808639300638516627467062159521864006135
115,250,20829857265043349014260861799105285,155456199271704148134201825572814185351087118257089181575120339265114879971
114,249,11078610719895085672346570479664990,75978460542006165143061522900313166493005318781714383304212012240493427660238
115,250,30585439030019623671729134852911156,110879696288534269425832990431257905150496791189632648866665602817962123870468
114,249,19527855941064974162648007484473459,95743437848402033733924386659219267808270972226067939723244624982407462270659
115,250,20945401302224425283901308726654136,16526549673697828885657336003447709496973943983571262196720568753592585481912
114,249,19772734271350053854363336931692622,106060595591320173951988794052927507569032444732176518455514330057307038776657
115,250,22740496285135492312762189167060859,104798310029570174220230395859326774963137838174849052513132767512295079132812
114,249,17271019893298145317526614950830275,75094984917542341858936526626245035387083773519795468906245414198631021240833
115,250,24997540972824667194700750603090125,63818579974155033656266780593335185199193708884269920797120087055394477146622
114,249,20640126896796229903972317806445525,97652974647760545069082038456103204368650620542002780050944653415750389677425
115,250,39485231183315832269400589766215968,31017851924440182980743379644540946153113754710715036735745547009624443424727
114,249,19389441133925812769243688204078015,50087847549414477958492856972466980155635904550649114758606793837636555537069
115,250,40211785230734737161552132052677886,5115380366328282244591376587543243449695597333845044767479893963936329762795
114,249,11867312759962717886932432785259584,17635564228849808886712942672050965525516516310518127937521469166063185911001
115,250,28102963636967782713112568231145091,75179650854282059321146904528260669693674035352894963170760985475196381775233
114,249,13826882427086449090295962197186507,37870231722723325780027548826679610617199208535297621587153847201144856355550
115,250,27193592724767459895786822410844354,67017238505198993043147677833358904525335924131523316379456944505500235516673
114,249,19726408778217231860372131058329950,111602136575848358915694268816243776076325621420019059637857302066706189111699
115,250,36343990101821882755610974864505641,79101889430087938269506568535030951109507619472409740708343954630069345683590
114,249,20438211079507341260424257243438473,74030021802222248524765495584091421615374884937793532392032114300710783103902
115,250,34046457508005395234673779743243261,64700122226006191240034342792381460842980248571670081158551161752022553182399
114,249,10539110002329909170125790062942555,86919749426319987265505724651114807506993473221183592414530006511386248790081
115,250,23179978302791568796057103567628705,114802708163297480555844977627320113164352746268951436462602835903468641855358
114,249,19659659298508733074600729249142856,5672641897367582119319794905043656827545294154983944574788232302712857509569
115,250,36113463692565124321149240030618182,92284054818267048618765276217726752145115651820906895010264103894123117916953
114,249,17005794630395908548354656381202881,105467439803209147534302706905417477489458898107088116307653851704076162178792
115,250,22804345015922685058017539781325736,104150573349350423993200281556363242492953136098041169857820563528663193985500
114,249,18264026806472807593433286665283299,28910541500745397876195135786724673881255535078970650577704974079229806076117
115,250,34958275332750224311386882793779683,66991384510161066949392716642420472103846512011225951889149339706451623155149
114,249,15597138055075000853212496875088803,28950802040681199451196140567977252451208222088949431747293356467772209401710
115,250,39698992256361090267115007438437005,14664475977134525629120221448492404895137683331359745622673934287110875629526
114,249,18266013261702069760621114073928426,90012184990582434466281792996098809443597229651225205403483626896670434553997
115,250,28910213820277140327938998918480393,95080301701382216279153553884575806068070320852603119904640078902362192871992
114,249,19693543607530335716565754379448035,67159407184854049317550527090028541597937394726654833071816931159733055618575
115,250,20816026830040505853376294758533978,104792598427244413412492690955420269962979957287844565089908850182962147028307
114,249,12655685059321639966707162489433759,64273484879226754967747607613456339928378496846059575990636693604905012029943
115,250,28195972171239920397653239064135634,107826388135753393594743453876774023598416521929825048424633694037997708663499
114,249,14433591848405790392643367645573373,193278189552404688199393456674756580117719676988767049832352383246137886776
115,250,33122877776105182484138837817373210,94930700030122215207243478353081253303074289847116400447980053804997727957755
114,249,19329257989280096344748391199215871,5761640428754496633044450541309532044910191706073530673750581405998353479509
115,250,40622063450068205568509432683529812,79340916099872946314252843997130253968700175061762441221163833042519423690928
114,249,11879183825598565383735380642009084,72689458695333537782664268962935845479261983966706843502808071600533656259800
115,250,30840267677717252721808476740124115,85015822405350965618961773085886230982054935649258479496589528612109975789261
114,249,18639095464346966705332415842448677,11362962746891560084113266704143530027596928166641480193743522931951212065336
115,250,24009925978401121256907756864128170,26877493878460545380398783992215852897693043123879420484725057680432642848375
114,249,13099883406032780048778788887268831,75762948738776785400534985611259914924243757475222507664830989418737871491634
115,250,30296371817388455692687963346352352,27518148501830189212135240148648529583946142347473216071007911682131397032336
114,249,17495968969289292186884917294275599,104576296469431572708279396310181895027030359841959895822108856328235927517291
115,250,25677818969766006021553698648815904,21000481514586732722982363419058559571575438456390561193438597616997863352238
114,249,13394919906767373263836320702879075,42535461030153918899713162510057382360969955062317775528581845587946452972729
115,250,38020919550601983083025740977668057,110639051827380050516073001055607524063398435421022970726635906132432759628150
114,249,10898213627522415069581476181787093,8789498350835928663419486304067319785431286241732728203518926951178019358983
115,250,33568770495343776242635666326609812,76636015371272847490244379861856038653636531578615015173458932955444744072422
114,249,20065439654246932550757272500442391,105867875757630452312003831307312503852376229186131226677834026920278462570730
115,250,21407382818531542083190041549795838,71882285946537069144774656091712064870339929932314821207232462045163120243186
114,249,11515323431053860014443703316554562,9578793470264451808817945683200989578412049967824374522946068062007023496395
115,250,26002503610482343652444821640509632,113669488101228530463378590476405315890810029695659310156216309728546287168854
114,249,16984998946699018798687012656541178,8585502449380562160010169277522241581090795329455598431338640075302927399054
115,250,27505084869534176415418881460648328,92246352853864907593694798107806778147424906825278299589504447706232205406677
114,249,10398942201808726070489216978036442,51732862814988494123905999771996921938204042810338226004892548231672649753933
115,250,25787565131335468770341274217371727,36450525812372916351768744815240667943550976837614324685323748253157352691223
114,249,15009312104989207898738453313443194,17402693543014511197903937587844774707409334459141637107032592701810500035948
115,250,22773634533870597743888318772893841,48098828776822046690748461479478887012851622981002013351363155537095689593289
114,249,20715832421470134052283074582400179,23767702389577429187297374711394719848980920388641323891896939180610869294156
115,250,41081631151568798558090493466661104,93932842140862602956299740863532232654090149302668160755913082865142214493468
114,249,13119935935950895386952611315670409,47018821370847707026418627107806698522505024644403923575845283125776386167990
115,250,33083197341644756165943284538926700,66035070541679514138949529562265806066967381271847875979168348511279615618267
114,249,19164561086077635893243656024843953,16597531202571589010129353548664183110477496026021208003277055240907542774437
115,250,38596195280243169698301526836250859,27085307572291740456870958545717696031698158207960527830591662781654144453814
114,249,14835039397593965258423494804508992,107527087962108256590478054824663090530170808391180279186889439502469833899239
115,250,29805333902723637868651034948763144,60964510829664045805618933769255041143425885670591601958865921189790448972648
114,249,15012992370427009584431136572210608,18924095783878752059769603538003509829627999728398766198591731003050141355104
115,250,33162674676889912657335119271092697,74927909077283946022293006981639398135131079354679656690879269457109463506195
114,249,12290768694227029989630046127566776,10231655207005124731875766728602352670920951096423727992594250809719543531251
115,250,22249162670462611031498993633238346,62676591497509876863171442076111437863119484207146060959295891857379642836414
114,249,14015774533572181245823059728077307,50715807787079394707783345163332328518671327683699126169908425231778350055085
115,250,38536121620420627480551618416967026,113670414628983928741798762461020823741496671552536011054922570691835964961213
114,249,10960445113129840652480261911394813,43902224110756437759317072950025218684342331558666875298561642891062954022789
115,250,38992721838081383751119473736641732,109440999569532396757242281961043866746848573524187511687213511608156317845425
114,249,19415172722761757729519017324429541,37056331174226643458660080934779814762772145423525774542605493651160637595577
115,250,38098951897496867788132075447680748,75355183805579497567725183946068980814275808233849971972705982450032828042395
114,249,13276407930253764042919490877209245,49130040646375191366263389578646759211483179881081922199900881335754654852357
115,250,38073479592119098897043579082137770,6073640789729474963108948109256111276677142627782333963789573075675043748458
114,249,19414501334653456124044391363899235,103996625137737806640310795718560462964083359694904559896371541703679278627419
115,250,34028332226846178724967230107740849,52627589882290228134866788184880433949487207598386487189096183449078103381272
114,249,11105677126223139549276667562482639,71332261384316250108377595655201480979467636937513787784897365938774124640938
115,250,26878339327908095840091862574126755,12456059428021684429251918995654208152303217871157327661149072603480220595826
114,249,17285623985890207603534976709262920,92129291925567919992189665461210860697841314177399948748010307541042357194723
115,250,21955717261725123252599249761769973,91091336524903113117922628072491559533852394345102659301678377228610898346211
114,249,14280873554690716309672936943166472,18619648400360894557471428604052133503269514246034355885347001848199116274695
115,250,23316102987203599992873807191418870,8577473469071953670176558950655416204389843232866397520801957369423500763457
114,249,16262649336189789845486229763489157,7520906128614923951689506221692725776705105630779440162184636985855137359294
115,250,33305711063699923430024118657221536,55039071669783260204609463335760885997643026925151437794212021979329174207101
114,249,13798940044638208584755090723036243,73029583675305418430013615132230354622271062635572614932959004312360274800220
115,250,22393405606851103583989098699159301,82432688191100594454080324577990476211822271507042036593931807429095349311140
114,249,16081448221815061381638770465228591,41411958271195526699341708436493372362284794163992674178634861196071905112767
115,250,33675541234066099532417924283045498,88306169205750645999096473335437938995414955527138941701170980068296665322770
114,249,15155698331610886422385288946518656,81790934205895631384305953916614730726178458310911875227635210003148548411606
115,250,29913790252483865259257883958175427,113896874966153844032447787365338828179921160297223293582479328690475836674327
114,249,14828403211684361913805723225225333,99458092971474357439762731883498745361073870223250576181816358526735801673778
115,250,34011733348354764857000385391231165,92174808988479974614906720081869169877861731693826403868103408175394507890014
114,249,13602119209332539215120996443949176,12186007895703323865277354882753854078826263288869492455827544881037511582037
115,250,30597211123403667321260965039541555,42474921141334568387722170778790267074388327780548835143926530787724920252116
114,249,17372634137437830042557561902473152,7546663519578304791432403825121502851130507992999636052931429084431981106070
115,250,31682212740170294913724662386555592,46533531553943197405049602796021886133195793973790102721665658299149625999156
114,249,10904050173336979992173849097653293,21747437173544053365904998524543803235232310446117727318076554055654646507387
115,250,28574671431057924029757115662730441,65007229657278456537417154834931825360234597837959597515728152908588260764141
114,249,17520851031646231800721335786441833,45466073819002310642355614144432681195561433494464514054262875573422493665758
115,250,24634612874000682727521845392284319,87771230013785998960880157181678712388625983008335645238501130069565380559651
114,249,12410636684708074777970243710848985,108164422513403851049929834853234353785372473639989593632739517648524802667824
115,250,31008483398559524266907833888475645,37853915817041122446037694811801174641817782098101800929236008521109281272686
114,249,16296930143576802749701613856534623,5860604181682929943410678250375955655246419146561959924259190468760266053123
115,250,30354999468019447074161533581417098,13400572762561643465300473867272349355145498200730114253823359917445884051235
114,249,14424388406272543476994188003496015,33540017519726022511028542884831789746762662910038399175898737477434338371866
115,250,23865853230726568173815233452459910,115695265153533128708635828480265344736505256699768335789949183489943715741287
114,249,14780509431211757200171201819070103,90939640743118596879133566509588752243649771066593291047972674600557821101408
115,250,25858214282216123446243507090165611,29075822794782362540523748312829585713641378432739431940166914679576334378113
114,249,19724839383417807622641329058831185,102232345476744460352313841740342167533257440924665485494398690736750906994842
115,250,35572678227139055431873198169149163,60660401112605551301761893023207950874712856385020808951479708288986513332327
114,249,10878152210644070995053532591080365,108090299508092520395848607551288081445243113925468118157576501303186307227354
115,250,22450098907329925379752602063153504,15930297633147965016981233582229051923033010596495551143663692317766336286230
114,249,15473429543354695951893448996930978,24275666968853942819460734130913119119907734681709493089498671878762130504567
115,250,33716062486014889868718861123836440,18703123795617307737633555751845320141722461741710635274703478149389926977736
114,249,12577759422674005745725587685806049,79506706259127560736136839667962777121745266022292342613432204719254067494526
115,250,34476059668345450711757455940343708,39618335219664015255136493157324900310840303553733828715298073429048672224781
114,249,20120935131704231194627181526311349,61559934956594727594748008520095287002143657410276884423475520313398485087498
115,250,32199636868673863472574392586881324,77984565702380969616413204184077788257822265351861710528315353659826796997141
114,249,16249048966678535213566321617385241,23219723694985811299035632309915411583815971288190289996479931103181686969786
115,250,32011222598196629485478534944673552,96368568367981193048666395273622506174906856323892196507234808426806235896136
114,249,17582202217500985117852029835966431,57767274448726697220120442019686707652722763991419103935858843498000999651598
115,250,40646969426093098390430852722711276,96757899417779758178678560334825302945459105849302472537066207452760755989877
114,249,20540999032465442287162177032320888,41839436403475090071478440998582798436804128955589299004121397659356382072016
115,250,33748091669586354161957456362378191,21653919575810517367472603255663135808573040280982786616670993874458985577711
114,249,14887688647425559579667702051308111,114922283256267655840658525942665486947923392979307401281132962937381709716741
115,250,34792710744942330668826140104256475,99236683890652020066378945166196109498955695230602342177128155245197728321465
114,249,14434363099417687187696503338584098,14071101537531476553954923350324799120142486987748781465822814999677198689551
115,250,23351892819589675043473641336266079,107184952024051428700104110572854300248193650858129633970467459756682478688881
114,249,13801137633095849008905687101109908,85083215955456670149670660160163545190438290931736610955817255114312527528323
115,250,38782814024120397924297249281055393,104431726192630037467503895220285135025298390696513703780213453342294908149800
114,249,16105882010837562158966627511682945,108441698060282094234431015889937695505779270627501094832316364530580372689059
115,250,34695862451876527045153990598368122,70002504990527921477784087099673847014268111708514253005504321421533077737932
114,249,18529798130877289144524366325951969,43046890911803824330953858417687789403777506517292072782591728578908340235154
115,250,29672830525430188284935073494908882,77727491744848306561421442441515310900110138347835707186364052305262047136962
114,249,11708892688704217412018043953000428,91630183902187152078411665170472197323331921192883374479326323258846492715680
115,250,34627870348045021905132157251851057,80262652861637820809508573545650800192356995897732439970247455561364185188229
114,249,17894547736908466915203509611638119,33593334179249432998105893095246219570623923088532945053579720387324535195513
115,250,27983181472023903800639588370562244,90903326482161132799825377447375859727800388279478688404505203712179740022524
114,249,19458445458916027087003599257113156,38778468911604903935810653234063517478245718531057721951857095531221848766016
115,250,41496279331864001015756149180219622,94321615989079224552057137183780501187345553812540457227215501647613302672626
114,249,17930726817285645475069776839791144,38031725299455463646477739238327432878479322341888173322173639373618984418742
115,250,22142773148732097517426242635767078,107003881119090533507553712668656280520658856723233675614929287622547685792255
114,249,20194287474463432590033662640630025,33570070208877804352624086861214953657108629471835693724513058030041399305854
115,250,22596363576542784487710707026744913,52141887755353529414979857253670000845850418276692509406963684653527329730150
114,249,12540789465515181239258432523839471,7422048275984959506864700257608079172662566700280465113886364547606593030744
115,250,33396016620373700770689490839812831,7421629846236162525168067327990007384362003834979100826106822800321146592491
114,249,11801454963653624549767639685491111,37690867990598610520277815856908314706237615921928438627132454020410797062014
115,250,39212991207258721056101743956716578,97421784618192179510460124194975382070290508272955775978979158326614205789199
114,249,16261859519271574557341212684861074,12624134551165219056843544437925817654401769323892291622476685118605517180920
115,250,26103948437936024531840399260735907,31738216566141198964007572830965261473207375039697220708892239808386421220560
114,249,14097659250639668296151515374327719,20077870577347176454234057312263308507258515583787766929080495702121657397097
115,250,25512252260879714746121058050852930,92728748500764056526745112240813256220144604656748128736721940929495567566080
114,249,20531549281944282631369955527085156,6182912264129456080652072853950251117176395348997726095820690368963532863983
115,250,30044629306487481221822913511960232,32928973952724087446848586621372110895811305059186564544954982847406093991135
114,249,10597582677893487939439739022854677,82402776369448011980665242469088181725439183491662269611448749402781935359445
115,250,34727835764097742034619854043488602,60879541737138681209789608461114049753511027074012089935495512747954645730276
114,249,10966742728107634890580617047827514,107824465438308866214767665416837148157738519764295862862794112828481412986462
115,250,32718308474433980382518878556020391,5861408341447555965973626164453803804874506155531258994962552003572484227681
114,249,13096383065163052239800764823151871,114620660041978146982504928733327339414304301628398480698620140861865122996304
115,250,32842470007389019242586578236984753,59653797090756894480891047607826639153819789279827231948653714563754248449611
114,249,11989697735483945367839925721919381,36733891771693016980181465763369786283932094333476321522188140166291006118428
115,250,27952393786845289612476048885460885,110028490883251367461971277444864663406582317032219993900781356469996571513140
114,249,14177861302279548804663335046159544,109990636489135923143289077960987056703315996997111125877228596389220258388166
115,250,28628441764928431014039434947707561,102463001961781383447732094085002321274383599730738851863714693099041045320747
114,249,11200740402017072720171267188802479,2866519048292595826707741306501591667890552962840207312129206750072873014935
115,250,26396687211640326013217572205970563,78458018764325033221581629391507998216021173381021756902221704464487402075938
114,249,11544466673886770376527799465335907,44121239135673436483337912892948610292348774438867100077243757409570746198660
115,250,25189537957079692338625125561301934,78029794255621009195071696850624212468132835947721087249327475173056421193270
114,249,16775451411243671107123014633603119,46459730870655052773650377676278625267138923554482855323925122148225373198804
115,250,21978249111885877628622619646948588,48117324670155565157980533758720585681437131092444137643412341845722455430972
114,249,11310317923973056578501484099722295,83510665133493505055132730046378344311374005889922657686107720172109514609588
115,250,37383085960671212038322508324961917,99688588565505187206091379468909954420124656792849837736806313459526082952032
114,249,10606329913909186207975359812304332,95990113695333481239461130921289127664765342861022167445652563050311187949152
115,250,22659250378417830199529006031833211,71771953289137918856178048330286588664016443625141465742737663563376873920775
114,249,17318817617514133037395561568486600,68402377888327605092104534004371294320149814114319379227841562605756874243479
115,250,26912979913446830200093889754879174,15611212800323056154739965016503799769251487041365048454019975311772322470208
114,249,15662152687383731908282668615307824,9543081966256317443913689856847538841541952608150024997083458945864169649105
115,250,24187351891095912975588865535452848,19028110996238601114202280394343823049742632127826811592840298178100347115603
114,249,17411071596380155007594029759516758,1371058263104478828000011372795853436676600539906575803674597359850163752364
115,250,36133786518883261477058310070952436,61238107680504084697487995828940747621923130309704370218701284702734690998656
114,249,19851648483967661785311706008181084,15044957908499591244272344131057786317789226386527430015082745523413186389442
115,250,28157531565455864522608669000166417,73013798933751366336350569077021597729278650093220340881202154614149929702304
114,249,17536758750424755612027175947018812,41208393582547193874145736427170091321031214076263818761794233048327392612739
115,250,41365138580182874000694220559660627,94638142067412097714508539235816815805469214159310776403097815542550870200532
114,249,18254163659129767190491097431886782,56160646797807446991828818045831201976770896457665651623885323252028637639604
115,250,33860400364228537890989538686265675,77682140248605040514895781451134778369622117156580597061408555477234725475403
114,249,19262745803803140060418436374587991,53231017887653368966254818708120138682551876116643258039025771542373871125850
115,250,30291427473732044390451765196119909,59747696183388358322933944344723985564112354004588173477218345689627372152028
114,249,10413147805074852878740836914736032,77082070464756183287377789000472183278492781350959584339309137022689219744263
115,250,35769651575543119625558825128221305,45621576235199286399819084116587115162234205462334691681748033553799826277606
114,249,20212778105967999156730601636788761,34260202364161709928195730646340541713157357863522818598636020506074747985674
115,250,40105305908067728744584326453393693,44152544792215939517974487988584004904267959718929405159168444487045193640448
114,249,11814791107854963128459678957301277,78673086022152853735356764221490373773327744707502714541104537278696428930104
115,250,35447744034849786477545056194635920,78269476560737906371752678035273506701256735902466872069464333822067194182188
114,249,19818135142249370425178540678791877,17288420199474721205115616423324231447063144120641048790148285461866633332925
115,250,38821328691650146222339260890899706,14785512384782648013525982011779872047445144167848988044642782367109439036668
114,249,16321186517589171765276608571016775,72215503830957478298488946073396279531977961169026446055718092600054731133644
115,250,29547768698095976114779475178128862,69593499240178895656804121696461792165832525668550061594684284024942329917932
114,249,10615293668686425611013969805900341,91699284055074761848865162604954303929027350339261805163826328660482796525899
115,250,25974364562843988957840821347825925,72491807115582130129948939790102677451124096889645814338508787318276221385797
114,249,13908872413648388258703553679071510,85879810448387134664015247151029285722511008048318429426118135684292801813241
115,250,22667434775764637648502975465821441,112624177870772524886894277964148160224354345268839019289966541540380775951146
114,249,16929592144697702590898764234944671,111292203552129723505029780995124643269847870928203764096618554500194218434511
115,250,37806680965294590387523983211297978,43064143393836576311152639782355528972225517575792021405196804084607871531761
114,249,18638463888762051293265883711086530,63043403886647966204767101974940564124905279239665890859331318616014809589114
115,250,21222313601358624675597711573122502,64696604012003798963099657721529893598348500225261271439118235623424467984579
114,249,16113498914856979958335835966225261,4108225835439746749965572734448391295651528565042852891909860579948405867102
115,250,36040223242039870530804420288703334,67302836562735773192825913457124234574643025602214380935070903391134217989427
114,249,12663183628682379096484868189874476,17575313189100600641483526445871312964810945452083810825027839027684201819400
115,250,25377828049050843437440886802009149,92450183838299420811024771874118503107276503181466381061013957961928974419592
114,249,11426788062419899544374379800113507,25408426446747868724128759050233441425320966703953771754908077496068930706519
115,250,28112234555773305079518290539822448,112898291285480797798347055215743831507162535422555317671011285038934502125451
114,249,17526739952467552136521196804047009,90393696272197408064426538845453932725859231277853967696553792335582588535576
115,250,25687016176928522955657805257939918,12937973617262002618290338318308018413543827550048984214556450989953263904575
114,249,18261230708031806722628242576864746,87224631974749417889016033057615262066015982404327347155535469784600743338312
115,250,24389577116511190135385696003955749,15560759828047942535925131658214023072540328531496348598381517648347980268319
114,249,10509188973475200215265338297791028,66923637144848945311659750853809786384024803706203501127749595813694323626600
115,250,38511841315323098142126078800010584,74275863802113334663024940370961585311062632931638443296544943134466738479732
114,249,16030075315906234473852366434074653,113198600585550140072617764013111035284449357322508658083897314487168791196971
115,250,26652557456948242865640598015054746,53717767903078904484204568195460543128543625499987490452984974513466273574367
114,249,20621657990954668740556645038918172,7649235463421576007269184814801241073249304894106076185439200330467184354380
115,250,27265270045304997132555086265653479,100487117258236457583381598364141828309936636185158355606445899776014955456807
114,249,11337252405096472880738633226445600,70645275885577969694214044068554234467895490155337741478180081338070709681533
115,250,36433283758263693552777866112438712,21231556005433165593498253940233690957632630232836591036230020990631182917375
114,249,18838334573773585551896023906778588,44369001370733876303901353528234739732919443899209561408438282539697606231595
115,250,39792755740521604269513349895024789,93367957090497840186304681721024778262143644993331832384051160760446977592468
114,249,19519572277447572350510863485275603,110429079378680473881099525367450697259176718976667598891974907025706709674476
115,250,38383621738398542982044783833241628,87682539768083563957896347726051895284882467076066209101161945473695721925065
114,249,14598254838481388895085173373165474,82354271415490698753890996014372316707441094231136967587429876655439375761135
115,250,23143870308822822531096326491636780,20488547867722973469384959714614736427826355088834054199357561237872515091174
114,249,17089898879941432927857821576515949,43703680275703472705916218544507108833538172426804068103216942474093116541213
115,250,33135881156739132245808464991972016,43942934073666338157909796096719555288319302373896666649143111986279481264790
114,249,10904726701944708990609022572192757,47426479037738417646418429289406249441449631462140030111264779149137204308561
115,250,22796948657216025543052553674075692,49073989029943792467030735818052769701704830047179237854295345779546685289278
114,249,16258724906471578070366877817183522,66416249786707426252660336646340381918023912134011022168478105785080943538231
115,250,28445254076813187479346998795686785,104564191851199103140698376151865666891401228876851677267658976063887086766449
114,249,10600119193076663306190458378399564,77482379417715722240576046226157284738155240632265070612908797658008853768253
115,250,37877528817571584308501156871517640,96771905989381938557480250427093893785232182698057845032310634398491572294031
114,249,14566189640147892949318201455041822,19871397605620438736935581885500162767331348794751179574564789826603398166148
115,250,38834826434553584757565144394435781,112526586004972021442597805276453108512677318448189895932969199392562613005927
114,249,13508566478415656446061000742943861,77700974957006008701265912783659376848712448262670208574885966670009216343382
115,250,39324071851145341652935115619129498,34054863254024857169801763703175391791014807356626422008344244432118898160980
114,249,17791883046973416807471557072565687,81382232059093348351314912474184904720210303363466426376705561385288826233506
115,250,35474503102776332423800035170378902,43799390250846137918708099140486006793581709908427530411070953714152980659215
114,249,14435673062226513547228639853806013,15640169769959691621290801281056238659445649012696587704209269957219033740066
115,250,28882123962276485279674217273952254,30345008404425772970109558771049096244151732524105277417203544777892903076614
114,249,11748714935720643548368184873913317,10749215161029940371925211255692561503545285281423303156293971193265941347907
115,250,38875070763550104771700939939339379,106159474755581671936495055548109805842574029957558777256249381292585135926921
114,249,15143032729168399198065920998368632,63533305727346765392534276772238850428986118356158203194860923748591061154833
115,250,22346780185763337935568227293400407,112662020583821826034735406173378405568295622282380906536135328978080110489891
114,249,14673686633649320277648980179316556,87280848994712725254880025482882568519627300147764642748237342975211642656507
115,250,29426713868305540727711739485518431,3693466715833659459329766048898411959796428366396763284142721721388177755871
114,249,20022934675276663251419618851486473,36947850219809387589879850965233818099472556436224002957810206161145987208745
115,250,35531813637386279778729675532494752,47411446346624185031369454367813264318788518373119185601753836398527104204927
114,249,15946842868081861280949502312447107,24263784512228185020227173989415488244635608413640052101943909044931357284022
115,250,29608752524169254300871253006097184,75898322699624036775516587940232717708079111204435510898378015321467885436179
114,249,14152716205890807494884280016621148,36360691631922863939272682544112543309636548334275089521561686706990388096789
115,250,25172816873393572320460298084161771,17259566066561901970800163900105302436590046425875044453335830464468157120467
114,249,13750564256517435891538390856499379,37570183492141230884088102125310129392427912899030525352881869361484692408179
115,250,39978058644543145960049293760309622,27872759341201121796862987243496541276540917119404837161333173909957948940800
114,249,19966173751295536688355449739921097,70087435993727537019909093242730714584745500199214518542153477751395862151713
115,250,36263350824843369984281416725911340,5899640310042294693457535875982025313140506876624877817296296559848816964254
114,249,10762515889833905137568122823171485,20667218516665093562308660629237408380098237788280624375172909322446540829725
115,250,39160291129228162346115550457482906,101531901150412172360638000079112163096268871390518652458149020635903827652699
114,249,20472642207797668665389231018448264,59224002951298145709794454714238042461181235272916978345883303113708155845760
115,250,33775695323602306372262932341412035,11070117280081589967178934485123481908431684473512666384477751239626948515219
114,249,16530228069371284514542032231285838,2236420907702377667431212572957063346788090428917423131906822073952132224955
115,250,23482689983065376574532354571654822,49624219219353458731193292086707019134334846646495434921644438446550032781651
114,249,15639371065072210573000474761608998,114640619419370358200019368374587273896742418998502912887027854238171451542200
115,250,39685128253485674250375020610714021,69922617592606661362401732413506261189995988495680593030711493184490845956851
114,249,14647901546384202546813162065725290,12741221839226555749502900605119692735468968403876735104602962876105731438983
115,250,36951175478995636227824751466972035,56023699617231670705854567351199555055692314363532591323462406378923058586651
114,249,19752734172406936526529816151560259,87512712328723210528896269825903908410562108484908009552668409772687212040691
115,250,32976674443263916845419041932002984,5928606119866771007474181480893837021843690401702153800589389740890478486981
114,249,19371110810569452199487802108441466,33468215733225556975352475008147770503759401063872497047539621766532744982408
115,250,29480993484024136511779347190114842,6410900839637326851372743465536534777651567271797883601289461955488320218303
114,249,14519586422490163009716951648099507,58254677469584380887075745257770424220271810354451874738084590078302232713108
115,250,35978490503973225949004786919577667,75053030463173472221033583495426842649331997854623132132532732564940659385234
114,249,19658655232154683401501261039363250,6875015592139021129167726643749764493839172908641352175670142907670741967166
115,250,26391514734892689527888997020767269,13453465019559421578538123085328590621342736207259854926801492381812774594346
114,249,11589231718110791162384170537844362,61015980874461759602825931535695685231857193721413263068715601094997660705759
115,250,34792765497904184952063538700909528,20801471150089352298644717749990517522541486548200229056496975450101481098213
114,249,16408599290281779715278481736455706,12099762147831430620459874659806053148391770555460487977577134569923860456284
115,250,35018487341712840186759308314774999,107788102560719273116282710325752031758412521396699960469957687253800540831521
114,249,16615577946725576837343418019573890,67031300643445147719374207392702252094826435001628728161996821063194764511432
115,250,23221964442878120591018433036201981,49694349201146689410693483740098357271199790861137812496338562195630804975902
114,249,12618771843691778896578426581401488,34069629228549184687791693736077919737648242674810870069208374664030065088392
115,250,37733808181111339241179096819088008,72634029787527691523840740727041150946824520144354796842660380643748935634643
114,249,19064323557910678860528762200004022,38459302345234094940528533126391748818735127153920113178622340609398397745647
115,250,33327857127386988209756400675103769,15356471819682420975081643581379229522899885443505104269671339998721534815350
114,249,20301729207845356522477652612057429,77659039625119183975371078362119349973245842691023156543044807628804188836381
115,250,38433785079913939068100616206965963,42784708614264315116747333234341908180063058999591786013261084267256698309905
114,249,11416429587897085238575838781625136,27654110845411295359809253997625309092643065681399362285762435676099931046161
115,250,38527389462829631553776163507537811,70566469442762342120176218538388509201616827314047353024867172885405279274063
114,249,11936351447960720535195607007783979,52413002785235452363415593829796105777973685404270837849144777000217330244512
115,250,27842062169966407616371818411162524,21236013223574646841745456930090655977826918100797469888326378794908546107010
114,249,18584554573553028325916457647813041,58867955468683625846867974728976532457917551518799333990170771285325749699902
115,250,41314786733566780698720509338646961,89122975521515571457436281516962221689026641549909357340600579603689187978468
114,249,18792344778211676985391267025346144,271194254280897661001679674610050772716271198468987234487421579000695587155
115,250,25926653556643234501628955705191419,4794215653376916940434571169045945356761211287224658434767180440054414284557
114,249,10510111120942128338754468592728760,82460756907774997235827209437516272478508591203702207670908773828313433564273
115,250,21367887677634565754082142841562911,86322557344185253008285282154335972330309778661537354640768743321111110464685
114,249,13010093701930665083981506515428126,107448775390349727132953841648647302680024806018638322155792880448007576088466
115,250,32462410454483517637292310774843300,22064777132394129262626405182317888617791809755012227051559335978032061783493
114,249,18894362384456560977425202982054845,16984291653922032139913888323329381072069333132820533818824359616819249011669
115,250,26637770653798650416275095232888363,11608711016005259141475583925617763249296570267936804381145995765880293790101
114,249,20447911114759072110406586780973551,39079446921819738145032890504070467655232984596966369171648454352481623257062
115,250,32337564931872290480667320381620329,63875837645122723822193936766764892515889115656219572941529979848917602159276
114,249,17318312865012328809364115676846410,41837383175067630455186955393409844129673781508418033971775269564438871721340
115,250,37787172682269101283341430563009585,61562935398115570620530157974634156360447404361948883776945599780042566565313
114,249,18709363694926043981147547189884124,20548495923715710344485309610306243339777494408975429216890742446306067736412
115,250,37640465805096409922679994368844788,76950017650406964391660476492194610550011998817920002049588870478369995046533
114,249,16502980943318752997822237016228902,74497010012577463505589803104523616973223802963506615517494427024322459607383
115,250,27016186640053310672612509090259104,54514511208136723652694234009833070875531995237064655684718127673436165342958
114,249,18881410040132375978708839483365941,95559756948177779751220904295439414857432230198005167167483786149288473165061
115,250,24500000827612470800917258848591997,11521025970095671972169137735454738717801297734364365747722430524444615187888
114,249,13523504917918859344339847211727913,24970638818491977206635771942656557434974419761403447640837768332510309347813
115,250,36262592861405900562712892998651448,22510052743906510286633250515872557689610834974236920374351085833091945159490
114,249,20554688939145993642047842755683272,23871535206745165092703872256153238773757470053162055686179339327161297376854
115,250,28097961106451033897274726012453215,55356865782696064936205924758232913766604332023972825466313610077087304998390
114,249,10488755266066243166268091314012861,49761012233578061039628909251838268385067564993212965881601684314360141192447
115,250,25441635066560320935079727093046166,88449485625705967288964142343139207630360124676945933778110552499302030149045
114,249,19862994518920309182587650034216196,43895773962342659886545606417553998120835064991787498689987382554036601001109
115,250,41518232355530696354429071947340729,91997690330379655233315317138871216828702705558408399946912217090930428420777
114,249,12629933109329760247540683421717435,64155958976724511948412656240138681083961329798145906349526681027529903888513
115,250,21147124329663273394828794774725173,55340044563148966827416594442549222550305575343251168368714170852457505292061
114,249,16461991595603187915772176793728786,64263866991719416372816712302302536432776284832249949076108999987420340530462
115,250,29334046943615514382581562607364800,77624175879373062735840103347418300951079880606406385088721421184343414637939
114,249,13077269061088779070039325026426606,32545190415112202199936279192679274096833039533690898441166053432157749121638
115,250,34672233752697011954583272177084430,64115355402465977936653468076191341576633383507456926673775097595189902446739
114,249,19300529260604635363365492496345254,107771813938634738346200389522988148377700859267743482122055350691709755632160
115,250,39877840077380275077912147832040032,30575255199523328727066688525103345061639327243742551370383936467411879203025
114,249,10760775195670835900737440252671178,23946824891360705163559886952438866032697823762990898561678170248949821617078
115,250,27139470019569614237261602778042490,23088995183659439796081481146636754206971775247728660963244739789488415261223
114,249,10909844229602533936137098244330816,101581901511134476705402635783078905591192477997744302298153674798397328313808
115,250,41232841428350807382012037098112899,26544637845242027573114406911328755944390007194892762716643395317111694903050
114,249,20181355850436023511758749279394669,51207843928184031858328344453651451768027346205517799073922360476361228171993
115,250,40556898074744967467336581927430997,76348862345528126226503398861390514668876656104712791890598569462609555627021
114,249,16108400777537738070515585375733013,95510171261650493583296068378969140221251037747245421794583254653337550963927
115,250,35839249376755836782667022837862900,49547073694623811591278233727854752232008778279513572955861820572859350159884
114,249,16060147743407099805711713150662067,113283359846424232527954485474682062808820667763858704578813327649176829708216
115,250,31234348140126279638940177728612104,95350230541519854152779589455947342912108988169992868072440754498325528536638
114,249,18487430512683960982779029861012267,3171687980499476648011864459014174966097770221354209414534478151506595538409
115,250,21353583610640544178235967946870966,38430692317499181606424575586839627624677252668548815090594417618452714323221
114,249,17812916331900364375408297732257112,23697707477796790158805093808750871133969692018573679676063453448752496573969
115,250,32942341851995249415983367574911103,64001225373941455021842379553567758701171162933092214046495442935297228226425
114,249,11553007688002171699718996125217335,22138503553272122443309683412371964090126041288800010364740925517127463639378
115,250,40534347008237383535360801714405355,14543765000017067960180105576045118415916900811655206682453829898025097785585
114,249,17276437466826553932843438091517960,45299944463159703370745789546537993208708657964367117325157616625088804388174
115,250,28917400079170302019582954505787116,46759335528090594709695272664909529253047149639884465860829236592687380992194
114,249,13504162312347866537769973662930950,33602166987332931922159501036237367958940830491919829580207588195459525518108
115,250,38609896726342791698070343032990580,47998202621675716391702299826546115117790143457146145589486362522546232140384
114,249,17356187128834951794742213893353850,20131670412675636587328509540123051957173417558420108008116478316678498956130
115,250,39255875514470968357131942956552370,60441148274136412034186752339143510966466473534703127111674554740159675336623
114,249,11834127511251522771765012093857208,74468491410056645972412666191157256683336014588473592988415195350075384975085
115,250,25424554327460843636899732212845246,45410810376475275708206528227162503975751694627721052861758460225089471565419
114,249,18148165257727073666735079078831170,105008061980573334087650482117829164024658686620853662583573030551146791050761
115,250,26873938584641698201440376665087892,27180581811273184027541908159906199234433736748821091883547971354886211391338
114,249,13183454602470303549000509109462496,100598133780481145687140831503792371068095915927461256182242213660074566579452
115,250,26460853614712647263669139967281650,97001614118609578633002558212994915189617798090928317254163210861382503321154
114,249,20667854664397276532810793330149827,100889241017107740432795469405176121306916966555996271526323167251487588036551
115,250,20894512643807424095287344700132074,56298677352552371986396458809494324537980350199136422156909717809769173962592
114,249,13200744512487698267047117669192478,35230224658392493181157586650975134690430834998217532826956431940249572198472
115,250,34947689104199557081769906338050483,30740652502146119113333335966971427303779316836665591686514623580876070609792
114,249,11647768178650875783044102486411721,98831552093120949295766454142568961232965300604223738813328998940260288521751
115,250,35037287877526187952523765255142991,81266459865575318760166062033323956652784655511884180016164462440814116348388
114,249,20214900883590673700503324959261184,34508153369255263669559308644115727628819434691974022301354369807279337397017
115,250,24003678520571017649062552176492248,64528292650839813233817534093281155340029928319591757342589117949730444111709
114,249,20523265289497098481089042005285786,74574137569426531799961418017086344151886084678638371322983040468557037329414
115,250,38855122441829677294855697737006653,24996840397203010195355738122566756857429423155049040943082330325487260547519
114,249,19060715265538905645786571277025702,20299365858669637583953757082253569080862191630735859699750843787278040636171
115,250,24281115128504141698746784079996287,32943093809449029606511027159847611022920990266920609427988752107060630418678
114,249,12523985884430803939794767655983889,3709755545691581756831607626188360610054587654386842069442333393146094953879
115,250,40386576472627940685962082254901652,46127196752225985230539059639547988774989209923474594340942102404431484555907
114,249,19377396655120752070719505398942580,92041032394764901249744570515186851282486101302399189618891819284979165727121
115,250,30158126148527247519234064797004844,58993061244829065412707595015662534217506204385260982094050237070891484790323
114,249,16378553143738401429206916320234655,84574697972829426241495752914280300964575296732668195987431224479263176400390
115,250,31502867848089381295679231857376351,62154128054379523986332536228633578761050006442812567692744068199049022845728
114,249,12920271581275527554772260525410682,8613198394094457288607393355081778961285445757030042098802896956968948192461
115,250,32095945182041261425243808195277846,110000048272482697072473897559427340942097730153562113254360085143205736548529
114,249,18462401878785078718967021881499179,30024367513097433292276521178830077981682776101094971025861959974346099672909
115,250,22860525889246723945310860441518680,39412700395000361383411518472218906697049545488753287561082888334460151391590
114,249,17617555355460190471494046030113667,92748214260951980712867781641540798883804522754579549074833556417712145781857
115,250,21147815028985275715043449454645810,67062282227741328577757675479148797766211612841138363571961829701374463855471
114,249,15717522225493070393193941237685339,49133014104486715261977129213152961961561551523737718307130274198814127729064
115,250,21405465748893749617809434281441793,70173167252218145504660423014644575860348910333017823499465550561959688379050
114,249,20454942091744488600924277136321829,80358426860069445478540921856304153634624599472890100733955349276236700744534
115,250,36021833132595939853407746161080550,31587370230660419657359422130933403356185806605726453054046504741835836368933
114,249,14289135263726350438401612293033308,36942555359448647475551562007006698743135922368288711171011276361372740349929
115,250,37254355131168249186021948372983998,56941644498359298358806119687481754142716059796506546284706914624412077123884
114,249,12028310814661059245534453476923452,54599180878734073821548470143138798142452124764420072028781713253268738405354
115,250,27550990225763421481983782896324409,99465776226821438901415924976734504622372542031692993857604454990720460774822
114,249,11750163269341888558753073113033889,12512620010681520828966251971417645533351540959179183965096851188708129881537
115,250,36321499510608348353438413600331208,35062522617180575271944106455994072083439287744869289734054946922685773618089
114,249,12449137351640882675823959871798483,24593932493932680665070347725332968133841315444482709113562997361374612994861
115,250,35577297343773398603772113596885857,7206608851955765084044635240245909679199526131418050049766620181788470627815
114,249,20612429406824753694589383838670005,113401675769422652805030404641173429053128480970852828743764392360162854574573
115,250,40411634051187581574752823991526441,18380868152834343854297381485761274992405326146589893211035819160871649782042
114,249,10806502345748832566451808054131504,11782852265849477284159253352508490646111403869166410918796510728883761003477
115,250,33173473234290802449495816070869465,103948709342262109256924956683242853698197789379999995993949118674677130442431
114,249,19810840174412011447962472641452593,114563517916037377766323295849021787365982951433312378445044601514254148475828
115,250,28556752198318281902882726012888806,38212942273274355774978936183596320563781984720765516731619675710235941652453
114,249,14921338158998098550515979760062277,79589012427316399583977114152266690747708602091263120767941912661601510083312
115,250,31719520883667455957308761272406911,68425648365408266923315926464520913593010274773950844034853754452574696166830
114,249,16720509725850288286430249820144377,52296236972060912647018737316994704447860813251534633483122752469364370830143
115,250,28673120734779462993364852584368104,52224025272309968995325778980740172066206100194879728635922116874718124333441
114,249,15206401179740834792062832280917491,106942311177365331152047674977420773437759671110239650247603336021084027002783
115,250,32815639569684417914214450911090863,43420795783779755537655568647886153155716583961751940999239939527878179084436
114,249,20465551635452278003722980483343589,75088580779999278219957331204430072209100704794284404588037121285948798394155
115,250,36916345315601095987464017626218503,30782549643023164675854272761556586621391254497953035158873820513140847787756
114,249,18414705201195290573630835902492511,58421307537846006044789814872800073646287679841833750015906684379821020993866
115,250,37747564106017246696513388205299606,15478313101501996008433795399085009480464596070189258474266874237989551475893
114,249,14424639269741770662715603532000517,2314521339830534717824163932652789619796496493180924503015910076245604853994
115,250,35327261053493412345354804668938437,9194346419162649740914486735965954587672344150411986536257649860056045579032
114,249,14230927528273935985381129728247699,74131909981354893573644735510551690792261063390804862198081350460353475974562
115,250,40726306023346582326579891852434021,66821592752746931238076792886514432707296282543719787205800202996739419938148
114,249,16027744255176257681125250161120577,20947105029669275966740146245733207204203047247706179481340473291708469552681
115,250,24392817704369371611239075040787553,42251200578740313709692925946115860547422183389207700238274251020893606954707
114,249,13754493997533123643522065317385550,48787561255094098553876799188707063412506409174655820808723073914414975832911
115,250,34417809097875610505371064090844978,33025291476416448163380985682365140644036568991356920695548795129185871311400
114,249,19263631605965015713483703248014173,65197319198156907317912063513625661057125280973481604450739739325930592616443
115,250,29362463192447139280895011487812372,54036683964546048296077331205810853994229752397010820854662610746345113285609
114,249,13937427777734554473178113112282151,1671539708453399224606534007371117224380577981305795462106464604044438668041
115,250,36018016019731264221785174998457335,82210208516040964681836837288568033271747798149893876977488771558453610259711
114,249,15025011246057693565327979924679167,59037770013669797398392733801419510107018924784514925257685186472269341202724
115,250,22770396423243321899740755069419607,57045938768524567816620227581236117895611489102010776953303895976591335660592
114,249,16391096981069641572230195057890100,110065822697822298193259618909173752209468074442004669721469739937037817884827
115,250,30674696120373260821014613149204025,85063265292470393978411276639392750111108463028540247860789949287287911687880
114,249,13104463120038948797589463365519059,112544226199266847332596818950309664016236801403228059282055165034983342604385
115,250,20779022870620328323349079577160981,109677084734303697082799845513721644569355053436510327009624532386603869121429
114,249,16176325990647841447952115120680919,34383481693555286684614680778315626005479994016086674734539880427852607802917
115,250,25131657123202893450410572485063906,1296585612924754529730915977787519093803182758759656121040137575790390713840
114,249,18390681529663372144602573110611712,70297017262506115973628914971139372071046413910828128480518577371858046134996
115,250,25660398975399197946346485103589502,110663650746368169473981063813222575195647966431338527837860399255707441153863
114,249,13181538281577102094558732959432241,85458973814981050738689858447613216292390774168141460039916515395012484615929
115,250,26740254025436967262769257645872308,69705333150218502065725124358621215040704939596093603665058746359134877970213
114,249,14271943325836522724259463530655513,15142023255968990798679993470448563194875789870541027678626324984379317855817
115,250,20805407162455253267779441485934580,2667942243042272107651681824150022263283890189536496838583805685962596127796
114,249,17550384200531786337249945725793279,68632578482546723167342559774629677272875435779459457652414312578335955659605
115,250,25360202363719706808664616103326787,40658396492761489136132322284826084180119815158539280911289215971635767130746
114,249,13972940360404644169239230882180662,53763589837358383612648644791400938231522906453759254196880184170743036381929
115,250,34187281294250162304560503985988025,72198255002460238352090201044904316296114224865960197416439390198437449010863
114,249,11960328486608425663873543489083055,65688760035946314373212974963870872165189375439665850647212035371329687222516
115,250,31587447885154780371639364699562556,104143962599159377150050848041701515723443031419714311470337949069543946243934
114,249,13238938473059698273102302366709410,39392239975348444670593721585587746161960919611614591330644954870305937877957
115,250,29789276874912839086301877197336323,99243186267270127713803226157552930351026682082519738707798023740949849230449
114,249,12279294600630703440731033943266033,94730758689333364717144419206866674927836576476234954916004024234821416045961
115,250,23775063204075649124093641909828176,52065923844557030457978984554292183921781361383435867086324707653730576033703
114,249,19702082719162992634381951480299010,69508917674432330212938332159801783390061314847231539949344945529361892502606
115,250,26090863258609670230347725155737763,48073133946571541582461609028726472209953659785216063946478505967018304954809
114,249,20505739196119620620950884493896501,37378460881522588121651661610252109858817442124400674647784405066676153457698
115,250,38580873803170390430137892201347525,29729562768544170417760888280602800643565503827974625732027682966909486734999
114,249,15756164573857457160407808546835069,29899902343836645343378023652376326452290891621291935986450163732450057181598
115,250,34075925800972498277700694776584443,96307201316753475277974160041904777358434179006101243799570365152545354455306
114,249,11439987074636450983438951032848077,115485361174093988504192369394405239456505713994577667944714443422991655938153
115,250,39197276729936770068583926393245070,99553241811565133698396325049925297751430114459451938325446181096003889472876
114,249,13055673275717880970910622475716522,6192421312814663735706335003566379241562366685511995171690280590127519983625
115,250,32004097104047885232598643255879878,15080084944457294491300144763279397414701844763835929816327527029257642603840
114,249,12790636202533444218012193365382925,21996821348056052185310410660886131444565858900349455714505982884453269280103
115,250,36030632951166666027081187818797880,12209265972168173957377794410493870657975712797569299567154826485283314746410
114,249,17461646427402528075584987464673680,69092362805716119659990313454114945622711198512745325674161349402112974770083
115,250,41286434403796287612957698039920790,77748019511495346521264909116049384432748749375702602275880073594234027539789
114,249,14689575383242514912091895363428624,24142387116502145487597375930382215952217779964512714495798635963124967433035
115,250,24520138745313932308388890074927213,103169591503367098272621797638047402343498976948780651694254029014870928837851
114,249,12017645931955186431671961583372396,58699147487266267943746605332894552833993120045636144436883779186098619092029
115,250,36164050633619944737964492471567906,34561301650345975989199382165179196952852862162194508336777233715689020516828
114,249,15508171759258777430865534725929482,26574471818111286633476146366405861653971086620884160062271651735713706534640
115,250,21299361532782814151603408245825656,17362324153111560914706641676895940608863313305806741975454977722012662317352
114,249,14467123585507170900919084317460759,83002027484297800936194397638515441917191393141022081664203018233939706968332
115,250,25766421034537907560711052591606809,80984081599491099898351426528591336600914067361157040281545283788043690172909
114,249,10836012927731536888647384735160410,17646095824568894361050426411074769669478544694096113715799982417762097998260
115,250,38248120307825787991679463498419382,91561455634055651148130371267834016970596140445523997874565031727631646289075
114,249,11736601772383372174099258965508922,94473056102370181146741173697269728277167336118218997659192700986228909323754
115,250,34493834173835937198336407982157406,3349608491577517241545471513551809987011638846101114660201753012497931404992
114,249,11552555378069220966417760906543027,45851234636016390459575507776269304246087909549195323768403883702564383038155
115,250,25260122211401669504561398463784856,68363874092206616582312601565371579309743996920949213850759576679773923770904
114,249,14947376386345461927563009769038708,10262598192071568172141137283601037429400651063824007255820174419916161015795
115,250,27569433574477416493338042026760047,93814590591215450538979474412547306080829002403962929285601804116914570471825
114,249,18225637348631511199153792940728757,97352584634346063253794265667927416705682107420729828845575018055720547530583
115,250,22366467822318761083080534788641589,26454644735403644207616970418162424830654299745235198771248648876642148435407
114,249,10948382608197454834883866166935214,70861536532377470640099480722443059436851675917491222634790751128494966779720
115,250,39719866955254377743672101773180374,67207549174824371539647095556686975905350562855393364332763365934676258040266
114,249,17129887218853456428753964795689410,104152707521610031213451900605477974289394043006726523625954924630312808303267
115,250,23281965383458369106313216961113388,75311733987980586404553911048123840014718186287840507474393237544204433325653
114,249,12525433251378128246506403193920661,58014533544995223004681382080573655933180885335615699232760953253048356778450
115,250,25037488470780214271104549980683427,93456215584486882551122866849454873438932261577161388219135803208530510627615
114,249,17354097416932721139936922822497302,6662386245457724527177457925521880823827801209841041027970758209776648938399
115,250,23577925978227528840530383005753162,41580428475211865612737299250740699281299268689711750560423040662443542759081
114,249,19717631225708423150289732251042301,90934394864829576494860746692414141744575015146362472653836642640975375914263
115,250,30483010132519402726273440884943173,71179516630167629943567874390118727039420173751661310110234788155498185985655
114,249,10455264180590276044176943164585863,77337919248563808833695719877926048053655770025657433387116972188574392933529
115,250,21238483393814612866792071750891480,110517423535570188458154334440491318234005604948300434314718746410743289996518
114,249,11194888034431285622957400542189342,43162269916242834361192170028505112126582643828362058441603259247911798035973
115,250,28230866263655459421063267170768828,93348836347174712338618410739422597715000667790327259710494901481126657597409
114,249,18842076670114551755519055652727050,46463344700696220622459935977821389720226420062370846698260792145682883153488
115,250,33784024045694812164679277993389964,15510236570009251422489915372240145402123713853562404387527528767850773076094
114,249,18173752266093057389831857063094547,64893698328840441793888490536087268724043956163416208076189107699524742746879
115,250,24119018746888741293956127960694223,1452819714838402533428768355113802547389936281943700841493547596215820069250
114,249,16263122896869726150525901214268306,70881698473764043313883918811762342203388474512674647400732766023494837018109
115,250,33885554767552558118556749876134529,69544213009466038388949195556241884595145144896286131248357552446931090458511
114,249,13545720107607740948350962491421592,2886812263868847096909512458130873109095023615956335788964123622387488748021
115,250,34585047274978667949433006381578586,94656728312422241823842563365366495677805941682523232335157233185290485097686
114,249,18937946683845547680528619049987761,78080931022404918376514221668215280975576290186340029418327101868928689062781
115,250,33212476077743869421945814664886616,83300048073658989073523307132439298594188023563529118825869549865404656409886
114,249,15518842446279039395388898315342498,96157499884445824945776376600970543905398421482559547478907091418776894034511
115,250,27843343316406609449520594438635500,85952131679462728595195002260552040970506790588981829410979427630242087518563
114,249,19868905060120872021014794366743310,17962939752380038441191831780088866295590317493287193422326697577383131432861
115,250,30346043343958712685212965172676185,68744433886558224758694975529147000292308477794406545750977888741521440957851
114,249,18096471885948545973510574631497108,62178961363980982468318328723956426672428580013779783682453804145122743522647
115,250,33164224332690421486098418404556049,92764443998014186453434017232859641289496987694205219950838416982718182620814
114,249,19394863222254356556374341431153349,79316666053888461208319805233392139925385362550943024784205476027791679337162
115,250,21431533203459943130929923268923830,19855305669978875851600201739812804549843082179506335940068153882918632271938
114,249,18265399854568410656722799185048632,713342388198052487788312184427387510995257344803955592530290854346713973149
115,250,23920241975576638512750611945203498,12410678243189056414817938810009306969565502266624791921793450802331726898643
114,249,16392627257923875794281421024603920,12741363794269742373575637458314248329922756764482853632046523468489913865798
115,250,29210928964579651266104511130423927,26734176191911156481254264989053170353670194647599712424061447951936201969876
114,249,14883750619642163393126515386574497,42452686410773528402594747617673073477882206776789723263303278285552399950290
115,250,26674608173308553733981633133337505,71486505437331321513676296042354011193380334138084184951510281558959018850230
114,249,17434496267372538499792220484560325,90044585135001823156936338690899681241376518526390735424619576524752609295234
115,250,29357338464295571890248016465475714,43369866918969228527388199991455390853238361342756724812812717727850257572540
114,249,10706202274728381108741558595862462,9219218051512929652071377171664424095219761534013946787028847406928133455635
115,250,41183269180825013183577633063435678,106346523386450692446728602347494377194939060668803594674619854375540393571578
114,249,13974256942243662927637895851576573,43262768215758454020621933652259279137376775318160496874318921207349829389904
115,250,30569260036109304309116344282594610,51021411217507826897528480960170569112060207342411565564132809110975075390477
114,249,15294062532734474525051291563053036,18014186676380262400193199908972684669881982795584721798136641037558998207916
115,250,24733458232825109996785819413255518,74042846463011850729928867008719749473774588260636025653084963077365162700126
114,249,17826137541907201044288123553631150,22543683159124192993004216774581827181989511937286935735626457653405327478096
115,250,28638165789875897167379669043268693,70194306118872068500431994298306404790242814409987279258529828243211908509624
114,249,15050411703505262644201222675267274,46232634430035497327541524287732630327435302163841236482153238742892867317731
115,250,39256023587649151683275377649777100,52599205482691521772451063162508646498743772120003322933171924423939967241399
114,249,10768985565697763612979127220308263,35618487236693945143039231255909882296190048386152210557106826376712947839555
115,250,22300304138292506659838782243846864,87032886071730359938318225957310883684508522032078034426690041560436641493156
114,249,18118494181844726266615851040191881,49971801791806197746478834491815034651067632753486405369549102923974986838156
115,250,37499081617008183364448409681810990,97508143554766767704587068449593342840670010364942079228034874459269808091040
114,249,18251278688040037471400209391109162,58928051202545087740751379562851783750054626409813798023643931461741049671831
115,250,28266463129471421790387721563152825,22716036784594112334902893170512003736830783571007665864591904598721498248458
114,249,18195569973239993771180664354859113,6460368466100690204358138887472655886259150431130024529161532920751734083299
115,250,36928942561411184773004144863936148,65148682218640473591147538570417606552936565968705061607014742938985039447345
114,249,13160776176596705622509171199862824,83312185770649473715633361658405344034132813329450553514936686706854307250683
115,250,29360232310168614638477441154401957,98112416794348849616373786417259235025046076743421666015321943214498726869495
114,249,12011616608306278727288439228493738,12229044136491186501929514337077350121204300533886939641572005841293566009024
115,250,33546792698938315585274314059909632,34421929124694068288269432125056804365693751666226938064786178711244616600667
114,249,16371596159554838595904732062799334,36248146582328351255364955656950760227363080049713635340988543074041385082842
115,250,41151238877433429211285880889714416,100635637796369213888770127456448580294245412683781543603912514138995888456170
114,249,14876961182056827219597697604003729,43565558948719061081886459018645073177219757111302637957190757718974377962146
115,250,35911468005467663979538634753990547,94669251438700659907940427827527899266795763635531523893246642670410165696959
114,249,16556758659104548733221138858617930,55916259021261837746656441348767046434867658260664778985606725443890853136824
115,250,23477004547763346571267815317030968,12585452985666489823531667233799697933439675253948661450961239250936527431525
114,249,11331049893536695381386539647681726,7299954781106913707521776498014035538346510332395559243162674064277393402329
115,250,21457346309043683643607967457731703,58324272699993116967163892276609408409363958299642419675625704350318807309209
114,249,11756581690173918619297400503797845,43055359324771373914758958313101144052778205200219115136132419561109784484424
115,250,40365970897752260619636598991846206,62820977184688632881357213576956505334388794512825536732050679343867420533766
114,249,16393716346863655908744525781190275,64257184575776382555975642279563338545504248376740840179901566415152149340641
115,250,23821063084137673802218926208998081,68939744410787861182623728310434667768745653174742271016191921815784045935907
114,249,16112637666636533918406008741146781,10551442822864477401527057651362550191631267595348862798865561312565591636656
115,250,30772388995839607376567805949900971,104640887667095423612219413988555206587262823381114038163307103187062426399336
114,249,18225790613723499656598253971010770,32897334829498714075359680543049554977836695949119258669659461005211360795917
115,250,25827172746776038619787195408131758,84062029804691364924223980851007857782716493214109662813595072367249912514590
114,249,14425207024129021821049453062271003,2008383735947409478165287954945212527312285417097493908479992497704519975051
115,250,37147612357071937420606363605881164,71944863865401076276474790232689285538975867857318206627774501680992692003272
114,249,16486713676412947634199556001551508,78008538309143265892658828913539973859096562174886732711382889424339346319906
115,250,40101603890746913788415280121550084,22591675843791744654099642223780081054642364890387979819910839968483762396928
114,249,19045974161183690389102708363528773,73517948455325782286300951069926105266990008809486470405224921728239699049438
115,250,36048224054122047615594568423002614,60940760807450253794961349294856044342059783453020738389828504169278503661742
114,249,17995593760137655426351086610418364,68669095042909239815680884256581154035652591715367422097207206462357933738705
115,250,40773220593143577049746761997277522,73728199987078517057320538600744012524510453500938247364286948253835694508375
114,249,10464599608069723389822935937224281,106081564729571118179955254810369250276498768426712544449183439108363218411409
115,250,22910675830413544577023278202903980,71441466057561370267126085373233414865052580916427872507802908545200268884140
114,249,18845014907829161313016134021864157,41090284879579009930583053704064618663936204501391652498199707959345048067330
115,250,24626547903077997710470191859038027,72352172265945181097668717809390431445325537256899097679492187171049737376080
114,249,12594280735770986643179611819167307,96805762738453839348193121586657726984158506231738925814327730329704176272844
115,250,38164369816040577428677601526584768,91483826130744023258485034353710018692325829297380123439388684846940596817868
114,249,17998761294969343463135152585785701,61940267492381341990111976405078368656381983847066291775714311883421973139231
115,250,38556579986425952710913132548065254,45746966740305911180705573616271208469857386916233323106734793961709832196792
114,249,18492260408428441227350327213304025,85886722680683959508438519617700801414004069867957819389434569289569306193329
115,250,29639059542878293856276563617492001,7358232299095261578267569402604742154314422318754303927913230892753069672227
114,249,20410565883355224643829195071592896,46561550239892406554530002973376743366238846396235726551132277314964574786800
115,250,34576623006081135351873934523285748,5396480906564815845792545979770128381284815308813113359945937308147320950736
114,249,11861504683753645595687129148309248,60908952624269498967370351678371291707832545813923187987909130436142214643678
115,250,20865326438225895589099117208245062,1547811524540945078172172807457245294098316569617529597908601728424922695126
114,249,11634633439177397856169004886101018,35955224117239177173129006944764247132164336298559963645278280051624673050968
115,250,38340982136128910482849902253495779,37285810740070305162372875207161345497333082977589320820298692149955905383402
114,249,10626795315096715200757110531324656,69884243135107311794119433830369869463065921042476799212393391580519424295892
115,250,26590461316842807099815830022652414,65367901401435168330010404470952541784275459234709869375371484543356027591742
114,249,17433724791412901698479059386249504,60868875105786511457187109089479205375552092474927784505641355052132429651093
115,250,32920762336523110215882859803333742,94893266627988754323945511481388816185572563507300149962818349699085761645803
114,249,10444376102722514965129005703480793,103306668013698973696727255620260038327052059133824561168676870099770889654887
115,250,39619156089620673867003421349536541,105960480576008744054496535147760744321042482238118676658387538456131637374676
114,249,11225551230143025008013183705166409,70930753800466799644191529797952925911596906059750679255785172592707687456332
115,250,25155019506844774901100776629825508,78250861065901390721068449342884928791985140086387880166024156790067819289815
114,249,19879069568281252757514679964719042,23124135041129441153225499399138330319072643205812632099509968444258460979317
115,250,33767599196581272757547060390087573,13477710064793333111273883524330475908461988602310087041037398811104748128550
114,249,15212079093329916545392845580607063,2836269681101444070888917070663275395360961739293333524307201938383807949661
115,250,36691249019239185650443176474714320,33070775970207587104731902998508397173456957922771704887705355452081865977728
114,249,17608814684407939499786663309744262,44295692844790797812235511557131245698539092671695151620099581053691007463377
115,250,32486779439039365577497881711414262,95714684959247879832543248607294630048241369790825672052101374808554963327403
114,249,18799368893647980518804913607367851,115326511891629725557758694807608559406570700349144038868755686170857710092121
115,250,34559610995274129431124841814241815,69328460754482086398670666438291641733225362299430626031238063636217719536599
114,249,13258717729091244133040381028544830,19279146261705121731005407677528562252264532919240050890413982545011911729444
115,250,31195787723482041169693833539631731,105773418889268751657926590444007615700549325045149395112000019665933378971278
114,249,15588053786645434026399764889211521,3494278362187993875969955821744536182316390833431322650189226775773300829718
115,250,40869506866035504513272592738826408,70349079535635983127149774113531142669053245395159484692706437694940451890586
114,249,18400093358124694944022773485556410,111547286944639640699999180004411566014129323217357554607395935741319287537678
115,250,25237303585696413268959652569300809,43870040003355398370317494490154385613274591938819636175789578764168590413653
114,249,12661322088134513025121318328408582,112751943340106452965255970648809956965889535391942899541276375638710523227894
115,250,25999537955734203103331525767536328,45672469461146102137456002619133398082098004053576895798990801651060570331276
114,249,18027156819779790751887689498210298,87007249150042862868786663049006541899452325497792379944424506954522367843779
115,250,27708826853816808217265939196431535,30492660039463973323383314023409939413924901002687443703364278627553993807293
114,249,19651561425907924265298431632366090,65068713791174379584483727159175629852487539297455771660295249278507486462707
115,250,40726829491159432170608715109457648,64412600414108395539258111697619411387425630889426170087085267822501145683468
114,249,14465519865037721524431950980660684,44397042868219598636246606761471067383833203878408102869230721304751115408241
115,250,30214152617768876329090011341781221,10692267850330634986442105339844310232832412794299198095132995374141630718665
114,249,10444044549634250140809506109980082,96356860801790981309890151252392372406808916815149454695740514415801294746295
115,250,38078832447914335590534350588353801,85416867425815212729712632956290120978112050943396077683192871448939168623364
114,249,13431928458177827068385586786764205,26177880908438121384999582153570125271994712836679933190296326141194745554271
115,250,35895697740278263129695982260427639,96621083736706423413930115973887309229222073632246648332485136542234370114579
114,249,16771508038681719845340899627600492,95984697949867895183912319777429122221338863400824661500930106589041294279081
115,250,31879552660883107851560214013486869,63935999166640386430395731696067699391701913141799642958632420992101583188324
114,249,17977651142307446430650463232450164,36235113025373056384454912565604448959174473873634578412412447549283345315120
115,250,23231999461310502866729518801114907,55497981546957521218757818059660741414923585686370453113184165419387273177098
114,249,16688915302381075988977563917237968,36543657515994536515326044451438029806229925347660247433629757933687212523941
115,250,23055354321599380175346216620972095,60388839392748214984626469581818540355332211369771864065015684327745627023755
114,249,16213392839412104304026982130876214,52982352121765166641886397772651956980323275470440222438901755094385105017131
115,250,34061899828821388458067530181632109,99605177322442389318266308897113474381798170052938455824569970383506166034914
114,249,18611895366783893613225794445229400,62634712236494255375108230221381039762525594896490260026129882948045823317577
115,250,22122871601844717972891117332460646,20955242410931690420918620736722970561358131815025096158047344547126463733393
114,249,14250910551709807757382974121348654,114526563792722833409767333378605319568081544295726723504041900632151647003471
115,250,32868759182588561124837210402874023,3366456592880815802659943556910339395818080511938640012178497135145257305415
114,249,11221906671252859084113303916676300,17267867725945173283445328728967642791466042533201440351307128729680992853795
115,250,38610639071541003696682888378298476,100014945747175974830712561023946745276249019927713814032967637196908660267869
114,249,13194558137006855779615189144425114,93157659722119331706148038727455390645914066477168632593840321971363571461479
115,250,38381880925968368192354839770287339,10527785386648971004037576958237501611703085592998388121153079700276086540560
114,249,20550400797571577950235325951908518,50062937375945464402915767075114857810555592331492117099358798625955067101419
115,250,27824129524584529003866478809521917,60301930769821939967676963812391667645581613829280333930266237617244375401733
114,249,10605173085484760186102003009239233,110217909039648808697774458222931162819524577370743001082971838076766604209524
115,250,38953241410986470600459210727616185,85626214088624849149474719201949351745549761693865747833621339269783725918072
114,249,19092525162327497861518195917608000,108486464954070850477312184614638567970279844476054216244449154288811237466828
115,250,31526412587720437208885931554147088,36879008364785251228221368997353414302892508333376999552120996486736699299177
114,249,17259555541180894302848013342873202,56574924124479679423217970094066683659636416052640745666654097030757513114126
115,250,20852378991921721060841577148356741,48615885844140470925182461040536754248033464040793918415968845199412302314336
114,249,20604365447882015471965609951479723,8518180781713876173692648892682929924307093826910297733603447018039622754858
115,250,34546671543311742764148376913648120,57490680436904114170980336129344836096677445295195886922560765836493785204702
114,249,16284925953458874206964713697946346,86346686633610466522544886687831799376159685689085010516966715504028419838831
115,250,33804166803698182687925250658371208,38962682455092614921443480856060075347063580537295915813380649952705621898440
114,249,20351617317824081229335573858618700,45078521203419711585795757219186984065847381951545591853935123233567065668496
115,250,37404858565002940471996945871892475,114517362579271811655747006460424336398661636763116637979000971264112953440802
114,249,18441094817240383947583719523607178,83639396918042326822891295767236989112841034290661401105182566736107970330329
115,250,24679892242978270286888469484662971,102791346440915063254974701105512817544454268706841596467662446309936878432033
114,249,13363074886351686917184104330999113,44866047258693197521335020376944269458704170092140752372461462754801667340852
115,250,30262930807546598721080847641764288,73210718875061695085223101840628379789535139636571905474423475109621034664643
114,249,16536721827633585855701757260706254,3400385027028113819427258476685975878411273684538355939455739007508323034226
115,250,32919426046026678249967139163500900,2045170104891871442638935016583274289667016332371346034122330673846308893501
114,249,16806913712648468874321264567732825,34307050894133137120237622752860245725195656170987963250671607853560229022118
115,250,33820528546181934914203057916272429,89343461553841169617694667710900145540746001038744805269044022944531297012119
114,249,19941919698792528439599195074961006,36342138302095977084044307560760771208489868146657306584215762926697066605502
115,250,21057231037443585652997862727831428,13926698563043314835179798349821964274065088933928693741180380893050755487122
114,249,17614909947690188879140999168238991,12636623151394332806811074086544183231777768544523011933539637709116597040863
115,250,37381889085903095675943834781986961,4914226622861176649334872613896156569260147750839615190095678261391105600671
114,249,12462800983278998107487666581713030,77162958773494945482972238785947477539598790622321868303765427415493047008316
115,250,39280717434566622034700165715183112,92945483685101671162490181535048266815277249928925901082210560612139604684601
114,249,16179803983445035047687761240826335,107132477378299684916081548910719366211607181509261577083603592286791722684304
115,250,39783077576901259957726794885630973,63040741933073862422505614798771619526102852225927039824475201800057176043696
114,249,12850906052548979196474713437852595,9952731070296433388761767282034090384009266643943492890753559753704843793276
115,250,22338469466947488582561293221857462,20957013954977514561825096000210409344561266129637277176572084354139144513895
114,249,13274397915345534539771026013574034,81145165178397758104722446493014041191224209052266263652333969898148066657441
115,250,27664331256187906833237923268413494,107961163177297333926006927243246064029926046422140899426574719628909090785516
114,249,14366179000089987705710693136217340,30126308061855887840542998222268792806968778078580106653672761949708008993269
115,250,39846434059192682132067772575801826,20480359003737507675417081081799369926546089008810308081785487129237989645160
114,249,20560914891585222482952549178350508,67438221404614737290817338371434262807073578903625409036900934672117219403182
115,250,29689996612554227449610121278599646,51900952048840233245778653923649354651483580734098142619097374761670057512336
114,249,11206767329256794716894542504605988,23541084912865739703269723997588557940532133121224319111723551094480010367877
115,250,23877436523453153828037678903946926,106252383469604455973481252733168292798452041664824440076934433072445919860313
114,249,15774649410260285737594894138552051,78137279679764128214940596419884492451981006470003532477259997049311119033989
115,250,35015399632184075595206674616852494,15200609282292460599968621230525607638960057010601118171638385754829112593657
114,249,16380390816895768136937748583486695,61872066991606421470616821746491652035063230210735075540544296601783894174508
115,250,24925312392082003974822348660942438,59271894634226929060412765508454127410625044925962555954215866635766650957655
114,249,15669658623698498271680993421349357,95070589609704067632057502840259046307682347397614147449821915570113117627424
115,250,34292560975852907678856247638406569,53065714623788047581454019232350544123610568951246804130143316579889685070794
114,249,12960357863340768804095999465199275,52670058682983591799238142263524906016537413713792769315232695206383320927725
115,250,26962108825933308500760721552515097,55062599292932572688931302390836435145896761079216241841793259805328089046778
114,249,14270508367834468767806989897048812,44322356499725977157283486297469559189564874185494099963375811467770782093254
115,250,28014701613589577365408799955691365,95315204180290986337034735174047981586515503113797220122050154047193082094403
114,249,10552876464953314563953547246986186,89545922112643410918691229761720122873185474937071612371167062229057461160317
115,250,40087140283250652483176451344950152,15432696466749123789811874053615990459989409922120740945671906458441855354359
114,249,19835762689953056921022144279709354,77351333944849085140078183432658632324220729156599681556447047952759378153786
115,250,29649296346572446822756941265161791,40303255343301999143544756822468112527953075487441175427801470212256081366348
114,249,12599539696079122327157444904592007,48717645318440188976457677510160338809952449773930560321093882970286131655113
115,250,26577751825301436211692888139172264,68671826299842863999192109350463705057463804409562463565871445196066931473853
114,249,13189619510421489733209037186890153,77404751013986098595183323056669696520755332096522923223749796603334970222781
115,250,30926391041633356739588406205876319,15260814290254548332849429403014346017701278873611620761214848106598314114049
114,249,19872491802499493941313634055368153,8252571029856226618449227410975894770637371662294018070042608409916088153998
115,250,23064163167887086538360509514981107,46678904882107417838172807573460837687492730875282886302615097359989008545693
114,249,14551238443090844840928861503549089,13518182768437159451811189596132153683412424765025776694377632473128242456832
115,250,28429684862202258958186096404602302,58688771240464212953207553321868121842468121679040901830820090421562643836254
114,249,18344759500934255822994044462096163,12353022124274453894839909371352648822831436682633362467285734071089523546413
115,250,37909531831983642550252758604366418,41017843862813607038576623589399058135192486967108893082081900959690599338063
114,249,16277250538811385476873377849733401,98774003165889344746974280866621140212235903500749794719225235313292275600599
115,250,40492178131006417693731668576978295,111115707654119392299364229158896183760438013962371553499417034589977967341498
114,249,12227311532690961834873685761849147,49600897252959367977202180161135641544597909262610935664047361548690576963313
115,250,22485787926018454166062171843096354,97833289579309862987362570167997225431123051324801363540590869760089206592079
114,249,13182110962729440151632575596398032,96649007084517942433444303289121070955237511771184302193533481455110529800925
115,250,40912896393750924145797859832651710,47031824732082130850830522638192345152324137024220200775062689370165465392412
114,249,18241361477383367626617640619118932,90195093575459814071820436846181412521787164434733296404969350745281970771946
115,250,32445170959634421092992917812205357,61206748263850604477757198556813717607734028881434465350963255691691693148205
114,249,19740860759989400941451501686362428,50896283835933142607938312884513996994910144329334117557592980531428243777216
115,250,34890938554217923215396252353721210,31905213947195924051153045715358484531101911925097368247062239548355657555912
114,249,17916153476702708622554414723033170,3568243139923429108797878872720543407539188714533747745522761922147614066710
115,250,35601107934639669156520813146799773,3710331726964652389428394790817468729255284381288374700055852868602233304953
114,249,10544875740997223097740560072858496,5759218051470486479774812102209033697718341600859356565804661253704793485597
115,250,37586768895949271071074048382232660,104081451062256822854635177232777649739360224547062378757122620089224256786611
114,249,19258030780881252566445254751770588,21705604643192904600047580439232183005771768967583721340106982596670051702688
115,250,21059424256557858165810141408638285,67808058472697559541885797513733789022792738176557742739066157998847770981030
114,249,17980670873757447225643016559749173,18319943312507945515514459397132085748181970293154377655042624818032504854476
115,250,25639525777504926645091652155180019,70066688671799193572695207608674401118015277063092361781876031667441188607185
114,249,15788151785565258778048662752178637,109083844973781191841024404495557629735799965905373128685488126050507901265574
115,250,37857972757388278446082406442433706,7748388788499274233323188712897637817444526774364208068348453099870222640122
114,249,14676768510384094317327440642969153,49728570043382161080873230928184002342105590158974919676454330510166429265866
115,250,33757571532466357479205255585982227,3135667158912472658690727264648992467330460061172331029221532849241244061638
114,249,14902010181656036933418129514292141,78289002204677993812446982631952630185000247856428111209399888804238839527826
115,250,36590297262447123001445947577118047,90420366103101494796095618455502595047398154744318294710693339391637386092747
114,249,20613447109221100659653855496473095,64540508266676880647004386274171875072850504005545032016951449719283510733436
115,250,29031988561912216578346683538344454,94528861818750442675653775732595239892959936195395627551219965072695481028729
114,249,18143966949109058047357444504846428,104640650669880186281242656056418289573495502610259917881935281523146061768336
115,250,25679995197731422046793767923716082,82085170464722923891270172293999790695499288018324725598871417739382168244507
114,249,11791993132309272419043507576599520,101072367658601032831541084940679601716770743636462383258735490275715914117773
115,250,32305579416233686433385415217635015,2710786488803947211046020789649782259527711759025221719776685328371476264664
114,249,15829958285417923240632844852484249,95789390801266546448512458959554983081160998444444024407783777967364681110279
115,250,38078566790092885275649275477705991,23137719356796408887636792321540066045539269599261679562723253909668228233980
114,249,19370137464282103310950764782748227,64976892968314284210680719900302624936318227975722380527710247649397189173606
115,250,25355265067857960926032889964089958,95334017517089259343488819396944489683097765202362684041310668261242392496517
114,249,19398036496255119809468371639878424,59340380396807210757370931650442078844644538296290318064708536847957624367323
115,250,24538094723718290562796366462950712,76981091928353735374574052264203138050086575522525745684364556237349410235435
114,249,10581725836306845355893061992321651,51557297115863544431048574093821727591127860290254122912855060491494756039212
115,250,39263375068536539420785369357560902,101134405113350431893834524337169346073009390983375163414457968264220097444792
114,249,13770193542528266136290684895947254,18093113199878196002569880952198775921588253826346184815733767593335064240069
115,250,40375550897950563249111964022047433,9656684611664985340391781958267181623896849037884972270388636509148440505024
114,249,18306924237889840777763465533662951,70421683993187079197180134032166063429623798612131736253122353953295330373002
115,250,28099265594038167503632049636785477,13714542892618397666979361906552879252271134106441131882940963053668022609847
114,249,17876412260985436002387525427470328,68271511449918315906297135498069211109343599560878005530807875320164439019410
115,250,35100758737770653364649796808203022,98945512670477295193656155268656707698081230769342438906288757360868350898617
114,249,10640758533532328499551670567506799,28571216994682951470240316453518972577242919774359728078209238376705891315981
115,250,39907913197618599484475614991716770,8570660511075278449036151789888899728929709985566797343303949273909251774639
114,249,16269773669935212751223146501141080,87460486489960956770347805555535086763683807861903949968412988672166682955960
115,250,21299735240694155882529312400236979,34248692784530048082383022250800649633568828874698481228656909602786697199307
114,249,12497862977277891066358975106332593,83466122859989686217084716178404050173442852449382125523961264281904557894785
115,250,33682372352730082422249943915504686,43940327771927561996360977181909826947480142714252644299022542190748003918942
114,249,20141547922647008590386602574685830,89838086994410253106352907693823999496811175495488886018333165681816635989361
115,250,26656812849641076354662797494991465,95889944607539772071907694080886528353701822132226627595282438013779515067001
114,249,18932727248704498788297643405845981,65155494867058399044077694490848649487656941106846778341992495244694278899974
115,250,22040825863123131821807529408667071,63507910099615433226132347871586813003347085899673228954186858810440459409051
114,249,16673448135339684290131187846421142,51953089478879759821869021947706169947855105566606390488544661859411376393939
115,250,24510093107268244141064504939716557,32808708119765749941436308804679580800469845002149000729727551001131314554916
114,249,11223537816305901055403606923509754,74898331124271845852755807917314946815231097191349755356618296195362004241647
115,250,22911238797667375033702922937664095,102370905314481501902468107708875424650606073723575084997739050276084064953563
114,249,20716152491955165254728428686612667,92621789840071543587839272130127867231614271424772281222316250674877689642179
115,250,29830770689573225414501192966523116,10026945557729092397047365771167462965869302044091948258445228913970791908218
114,249,10735290109162826477196794874849238,114996041292192726326024298644449791263025220748629372668256645581313462615775
115,250,29603279461290254730756524090589385,6967794584584565655606855614512933453521213511273754947419211239476279368290
114,249,17654081844715943917455335779854664,105474872301337444506792485848249239350231734243984592271394238024116352657205
115,250,22116399720151272876320648272250042,84763620354954503719066450144095558177422050636735185320797797610531884449969
114,249,17080442049567359922666468790951179,112041688825072698371279092745115572869497390111190715324913209432600654284846
115,250,22453497903823806970766034969242871,57041570043476677894429016054340205210782504585563553837404374543381917009153
114,249,19972911255807483144750465909337568,88664957443026737392156320686197323258012947534878726592158862184074354556886
115,250,34032443292607916499527689335438649,69150909994610710879424981549853217451613834840269168366781847626568306875331
114,249,13011205834027937010763543347988867,67791089022810330154445037196350892131682977094017387302244743542893771922372
115,250,25721814349714856146723112666477900,33737344031215654563777180009764610179576482032734143945347681056997362457650
114,249,19888252264832743648298994141806849,10089280627347955140174362258041797121956275878984171667567715841787118163113
115,250,38242317007390275588570991201209466,53755922805612555458537907057547630999063703631299623824488220180030081836724
114,249,14416904623802970145317438591676611,31332631668317284917135427638684830590766229474114652561853633503040824058421
115,250,24805048446146983359199475233678373,42057406304501554925638166481933983954607883872199462996065584845926577879234
114,249,13121497857357204444076902680907241,92324151255350097450631179671427836143239984839263198051513708603600352403750
115,250,29013037552255383199552261976709782,53349647875715791525920781697985612855971498689660194277713466830729668565521
114,249,10805474276734115653792355350703573,13798346832634436488821512497537239446575288617581444962683409672857691728288
115,250,38444478114803263487614828519383987,33097248771688610851727008758870114760012029185734824239170007472518043316785
114,249,18281792408032991720217087443588084,64780608265556322690339899650350447285399983699768454484438071766164268949868
115,250,37500927873418831346074228600349199,4937763053977987367047305465171494283219129119156166810369257353047240115032
114,249,14809017459502485922098361370374726,92684780031046236457545891648645471036142255345466162633730940834392861335306
115,250,34391979857382710246695066951460715,52779724150639077294300231278315239855193821549175932997578210592848965859012
114,249,17800468331257014583720802914430027,45835424065707004467739732815906697074036684773729800222053267203033735176117
115,250,40454757796337484972251978743058970,34289147271664962587197088823257261728107898696908280419727868821701817126363
114,249,14234175877245353892512667016294137,104593558971768698043544247157283321570906532005372334541648128301278648746404
115,250,41008186442541302182835745906401505,90572284113209050816585060278403451617712651014111346799422048509232104240687
114,249,18311780361441183090122676269475122,6293816059349230372231882556262341940157254406176732573222165435277574858055
115,250,38400139695294797385216623725568166,82157771779552146225862974505171264095496097437482007586292208188644104783649
114,249,12794085840080446499561900583760625,101403323021157680815739396003476333971466134961091381875920510854632410814763
115,250,33946559611001650855151482261407814,48351545984977962610751567583285964850625660407107971627537626593530482670284
114,249,11370352232235734611076677161669306,38366684587574485916870070965470097662120087651407226583020544354708258209475
115,250,23468467797063617392890986339597188,62065578430533474606964237374273955260924851828650568483725141397064838675332
114,249,15742848450825836304222456592862016,78145496512209777399560447536378527753114611747390228559125302130040747423163
115,250,33226299670751002020231715947109884,109662530597356403652610211392273091947320044040038966669644976952044403874789
114,249,17270592770094095298958647270934229,63612123247556683779991182634047737912709267268702283799591310034824253219005
115,250,35878618893801661507206414232443990,5354623381830770022829634551912238521558844888501087398939973985810325172375
114,249,20197948735677973944102949766852826,21096419630724146325483692090370782121181313457167685351313836177227862338839
115,250,31685064012915036800285190719598946,53212800546448602057826465606760466516282849833709283181251055718251787680408
114,249,20767704631978542607296587468218855,75855389661961237618012788291343065755285653788764050538407708614609274416237
115,250,33432345984270305576483947366496333,32719394295161914140417951764658501433672378550051191757619464314915710294470
114,249,13505024760552056558875869075603862,86701177956569814602809042213292771134504003385427368755468807249557968801672
115,250,35886255748582852605022900909063931,41292797383362521349179557891899858940446043314903482107045034409770663459990
114,249,16930133246290031297767750190030098,86709372403394532770808096176557332955597363571107874028357581497574515955596
115,250,24269125705207699289178195894869483,110685265875440477855268644170509383228048600452876482208796180489044827247688
114,249,16084807580349631479030610847604889,92275775093227470120049978174107347282872577540217445651628724391748805779069
115,250,28575205123582097297875229966819911,96088113601077594338395580614958750315661267384997831042347313173218877111030
114,249,19089319592117471221087461165438382,36840318146578269851217074155250280609581689831518035583290140693803754101830
115,250,27173873330073302089851749855966624,43717278480032061084822224994164931787024082180066319332693025985176055954677
114,249,16972188734768711295857117653041321,41888794024499050897821597848545573723789483031365277697527869861617964647765
115,250,31215766736479965797728180737050047,29908122817896700551092291353354678598664949668087972407924470131397061459118
114,249,15860952043171174838835360244077733,7439244262172042424637429226827820095038972600326251676407934669810393334005
115,250,33320383178055309577156890566344675,9200395085007950528976482719577609680308303718620239868824306170296413277983
114,249,13447651160476158163263709884564170,80450962119624786897000035507717480647320838432335697964301267185219790397292
115,250,39314411693996279493230966286289933,78954524780036762565874629252637595903234956786255644011702876780287518105283
114,249,18898536396491811373964190143916321,89272404090321520059629782232654894104080533870194902297198986262192796984069
115,250,29404424163683110251705009230398566,38222845861870499600637797690129420180490933248311951729100754718699532438866
114,249,19109850037195611344658993915702813,54584518815767291886613863257256402028221240753928880076546578336511790438425
115,250,26989308790619252206598689640115688,34066226592363647769899067691668286742448859783464998465818379197870443219271
114,249,19903495273940075753029234147883212,95908896745534988032475476288085822248106117602557328469499457072946833361460
115,250,27758840278038658693428158836839501,90589747469920558738482951823845271630966813230222201450920198063080030872357
114,249,16165765363388657687568603005446367,79445078490498692974019549665735345637890808833377105766920600614331675968408
115,250,34058378888155802575523171555740823,101409987552335142234580063465479102177550713075999420509582655417650685462537
114,249,12652967289883548240708929210668639,16869374776027313591300431528773787810136220421406296896513253264227038263249
115,250,38856532712947565369027176578731449,113482552181661232400343072538622355510646046623935022320332677246965633966099
114,249,17834147375817960154586166801262291,67379170134794145768806673902792236986400788606666843591223326231527270266744
115,250,28706075841435690369521944494471797,72865738901549973104839366445615023392904210426133884086688526711427321084847
114,249,11424116044118989911882144948211125,69472178387181281503636052888634392519797091181205663328642404945101065348071
115,250,40594129671897508365715159804378547,94822891648135985186803007261645383499958767645759382416992285000391919434428
114,249,17358107518296124795005242740946020,65766529315109986800000175300784906834431027134741640390111626380488089589846
115,250,29910750997450685350276597126543663,61254412052825293073501008594156727463358621140456088517740113605873897408093
114,249,11813245380562593625329743615261028,21269614360393361414144072722437128685596248937509317574660896422020509751528
115,250,38856119187445580214233377506613812,94504963304737093760805507400254601825683384936950913513197410537943289259648
114,249,13688447194537931464901133497791216,1790983656065954491693293263419406086368448358868057190059621507242169105840
115,250,38039361595316111298339605242331652,67841238026817642832899933338202981242171769223406880772729523200450922960005
114,249,17967586355467980980157557058724137,20608227676739925066131387667577667091713899772504988927464040282284783408939
115,250,39527226767275671266078622073568369,54171445877682740697946421565854616383286975699610785218899365636864258637552
114,249,18267580007387467674588580112215934,73141327881624874467779989178835673265371143254277071353051431840829896302227
115,250,22934124909366854873342865628209558,77483027096883058457796327396245991582263727219149222548225760200788440135764
114,249,18455411600471764881688712470294804,64960288691618309275347998312219848294140797718595647830473215489514571943716
115,250,32388054039461946229880368452735014,96981565197113188512849252452949632206537512456157489434388901832250886379813
114,249,18087927934462623223961588910883613,43669273220596608305408693059570212479521740720493134807154181320682685736368
115,250,26271796302389886117083647669998018,85155227092587700622492444996309646917330945854694251153741798988463394076612
114,249,12753893875413642613632756019675180,83888682290413522543508402752353391859787112858008764167540098494257985061283
115,250,36525327113454149657569732850037056,109727358192755517184275002035318852140232855456839212083465458410875992015739
114,249,17807460622660887312058223513040656,27003511627064693167060208876786191829673949917011836309894303692232589410473
115,250,28272504974591169214030396967695444,41075660031317795025001483393162482454086303590112118260644022180214485682344
114,249,17051046622253627765227015672055408,72537243566898431223632833693741104507652978743343159780245714218559212480763
115,250,32056706809825674632823396100372560,22258510658460602786877953395876348431474825370816909026115914065780857798173
114,249,17466932267388708014801689626555742,55423223848322350597928983546322841494906175245031293556477661797757267197507
115,250,26547383060242963808508304371915152,22275315231265064161048112205475131632328721847844735889879266971485596854554
114,249,11228025442492521961483922591735541,9567748803652443863001647609408839134602746870576527766581644787009138751783
115,250,21065159429740856719233618607690228,20009364931461679805055210897239550388231007535882618141442162537882107192758
114,249,20064430738431597567150034819246569,73942658063033425862683099038842147744393050343348419419292342779334153020182
115,250,26561324989138863213019434816471484,28648129725058807746469005654313400159759107113011451279330802724100582384560
114,249,11230734673360766919254603712202162,30367957917546895058513751394713240888137685835608668341165195117972513481601
115,250,37061574130249433246677875877061192,96886905708613339335855788777241923952332913752626640475746903612673721585730
114,249,15957273085998997766065107858700836,103228764424402452716581087003605521984072849968026478605258005093030056335874
115,250,29066323347982083505176662288872223,78676507356722387364301105950994290792783966112958091369659180064334656039077
114,249,18329954535013907188069191441895262,95812171104595311490967624001163138097629995986879754131571181251816450333340
115,250,37012799432875383432849896092388701,77798702114386976501555193527820996535781718189793414196450864608297054428639
114,249,13025908875876900554011765056864264,29534826914913487561773917758413562245980482744214193405755128059293675287944
115,250,31712535285798813720232291166406699,75757560381129703438333530300305862710477484652321375253738964630179349542313
114,249,10409895266876370765803569892477802,31850576169881461759365951051454538327066234517821737878062261192631613711478
115,250,21561331358825678732291145734326993,32096332448253128942295596483367971516780689362483914148384902483599911976543
114,249,15679465988192003497888403280032951,57860319359651402275471055663929689120672881219727259949403488811526650927649
115,250,35073487424981364304052423448988603,55942195977048584837846591568345593421928367153043259218200967587776570633659
114,249,15541056744694227575427518248242043,46191887137813698876252166994919403198835372285265766289239241562600104295976
115,250,30039019159007433180260336079479253,71002285957532720510618457529247490883883025979171729862105006466211029532679
114,249,13457337760057888088420164612610251,56675258026825037623827984210363710354840232980731998419967545079719657543168
115,250,34262424621577366052042500418121372,96286810930382936355938412222328069225249168267472902424179166824579382698382
114,249,18424348043652947629459529018313127,51140647644322951837221916631036787067209085845150606203770072484333546711068
115,250,26281613355266190346166868229578062,29864347752531089620024779739675038692625530474609472692279598786610041273753
114,249,19359854822821991343578256820356740,67100846740432704429120797847250990107707354478936274380740134578276358067
115,250,36353959263800147382734879097156531,69717980301698726153766468791868652492232344218980624746608266696529630655659
114,249,18482582479625969652732435789793684,86907896501436212053776354559820596696642111380669481406151193435721712453376
115,250,40311833579792422699469541595369052,9006180818305902282928122182852452375731907253055776291285380550148872418190
114,249,15954313794729077432989257409162792,72754743272415741154558592959313161230639591485815948940056879409952549209331
115,250,21106566458820936887309380425763268,83888190629767004081355107140385463307569411994909796951168223338450975810146
114,249,13417885637702249715298179388334081,19688796250270574820238880806331304577010931384085383165423298995675321939236
115,250,24853358742886867055035860784703637,17603702884353744647690586798580271838984889437468257504052469837015928468368
114,249,12342895761042542508263966466476870,34737758179756389490467702334340663900351176139191463850844517394188437656583
115,250,39678303618977734296046062875581431,38627289454576005471308596485671636371526703696373539291265159661302969933677
114,249,15455139230280203182309113496250757,47523141001294956315963884400638385332757287755273494493869108621991630871233
115,250,34501237575366262295993080158311983,37664043914766787614217683683747263713695640260690596557570296341593347758721
114,249,13517216316521559698046140120603824,93380615501295530773820218674630713735384352667714412711242081607559964921346
115,250,31286189860139398524725478114308301,108775607455444092056185238881711983468891711088677213239415876387196748640928
114,249,14872073025923638797966358634167347,88683740344018874397047514203165121694132420848426730464005718015196455941684
115,250,39009824565189645592759796049709145,72173985774368361535508755175301109374413185334805917231297648103629426223860
114,249,11827492050014701091282239265577716,63036258249156707307204137140656540338278898409515092524881605841005307680288
115,250,40476167114196485475915787552227219,90732416750773108352117299804398642991185029876387633799821739171495941656127
114,249,13356556039143010731903227711913727,36115218024462229699857072770287950864531508079474540668219079538850768431425
115,250,26946881746415607020304740069754774,6581598018407012548988833234160944683045308126519505298398180670558329152766
114,249,14692905266898927125870230430487008,107831089759374264266843775611089328244031513800273104338644937836250047222990
115,250,21339234622711850306259537169475081,57916147242037647517530117842860183682475548356645585183870858796213695471386
114,249,13952435962916231351651879933757221,89836606671090637980642054233988462686279777181289433880576090594928943277451
115,250,40417014645478639738218148822866904,45704015393949757963486110587108568490705253286047484152300939093802760541565
114,249,15688429189759206974182907815664738,41397670303958696402870110539639361992361243954820016361095045052916338289398
115,250,26508660052158529660838567126500833,48997525487673373055167276822014249614765901226606784042806711183281431749280
114,249,13231842736059294221479505569808619,7086772368219064560273279697467070281300755639113253654051799446033151633832
115,250,34345019445971348373995291873665205,90233339664323957428874759376971872645321599774571075714257809022058376259835
114,249,11382571482473495624536235678730844,49101478468107114185494760280312110980712037845085431194449847653060011590195
115,250,27063731000884649338421607368751451,61288659304673899918027558648917149023925877752084900883889915837939307582434
114,249,19794535581047864217636907121808134,39701548713102015329617060030121406137852058629651915957330978023895749880123
115,250,39098118526138997523997677418886271,16349871205079742763194951255427537577228195280071466114607730554632651606612
114,249,16178767174520245423539445643068561,22810466386531773281312056790847121812526852202150769703480731917221540173554
115,250,36582771682389416172338814011008480,16863675465992910399254672441103268894774964092755579683900651133875078097147
114,249,12033735779397730055766432271759239,52072395660167042591337455979999367099789390473107073740268471328653347166278
115,250,25957057988817040510300514175639859,72355503263997768919487917111946058757669627024866426860811297485652046912909
114,249,18643416073524352728352131295072714,82672200134054034741177069815374772218408421892109337123549274953264746239783
115,250,40834021266158375274556965156723439,3361543255471304391540149819343660748035724296382168120694179905248777203406
114,249,17703491265691508323293548743677376,112081429167235408879064475348488911015167363615402409581506849466101184676236
115,250,39940464707772622364796792233927956,89374660046478870479716189490369039049900873811314275408277758320555146982350
114,249,13401897805130657066190583963015587,86908453542544135653439591189082332980082214080970375513763799809049148059013
115,250,23960117974373998965328246032378782,113571757929716797128233178248157068752037025769268241185278735891092924596635
114,249,19942813182062130497005678933161056,51176522373211815332018003801603065404590096207287898938674573821938137310790
115,250,23169188239196634819394248179812778,112125830391071595933473296197507096596623515331533596545701802118592794740650
114,249,18862819747706830312481051918695582,108737462798951110742180243669520790021319413199337107718161936433298775921641
115,250,22895404806416961666302970839189131,76258212848979711124004484338277359209607547680027682147689380532690174683334
114,249,18773615498802560645891777553110027,66293761562822633408136539973135556454087015850257811498189370894250029232486
115,250,28343669675867397976563015101294170,10324134921363074257095694039903856869891969621598459531785753670559294412043
114,249,15631700933205121916460186939684528,54805428809206754347273708841143789845061802685309543803714778386992789949012
115,250,21271145190802137243109157314478736,100358000909420429080111064077772482575054978748532451855757784803130303701964
114,249,13801820892622623881833426432514246,53351748520171279820444743657496432245582948361035585829324336096420391548887
115,250,30016973931990422754406519245126543,41889795857486659151360618897114602709198246156521840457594274214689489106925
114,249,12381213044520573388139600936222321,41309345611777469764109215981590877705337397728875602512895198660099348781490
115,250,38349842175957554497886117082200474,43152556631898742777845844952447389102552699750348250006539524470899186689207
114,249,20673906205909219945231736940532175,86734767959481099731674180188758755649510573432801727984342759623246641790417
115,250,33726370133755457219413457163722861,23932958233118366151163533374259718234299385071717755860565103511752970170810
114,249,15073489126580199004091913670045758,115609257275593294307669672276885841454405599435962869539147044633087655987234
115,250,31874764998508684712572475351287067,82980001511331977499098259119974310782628757672517328329811019703007841483652
114,249,15885076607436626352246193260468475,79346814787080062507396054547259627353225464409661183036312599212182023732492
115,250,23515896785934717009470643697326079,78871314027341031500796767517008008593075260740378644710937572833246226500487
114,249,20601319327681319121110850414330331,98437860451756492661480531837596544908494254081953871020923200853421571637257
115,250,23430697196935067647564828912029413,9010273681882955633024713970889320524264861597077819728239910367064086130125
114,249,19876638134785685800114436402065385,7677023144433356161520169387397938713186550677586764765928786769581911986133
115,250,33868402118467902951261051118417119,59399835257007351168892179993429172314267517953599689325971218334997646046538
114,249,12777676234490760026210593562221307,13770467137702808898769090614938025545695635138471814542966038048653328757927
115,250,40905557641480864966092257197638098,84483154869439583348050887293498251768724231308017880351026286649531834582211
114,249,13503292087333543497150285503571129,40537584583086859139863096192201336829753563530937172838925298934544638424964
115,250,33858475665395334283970553467972258,100941393106373588225036816766117965266330093469649944322327856221479579130620
114,249,17394239651884969362491798388330854,69493781423965612944747250738780952795413257123256044089500587507258640901410
115,250,21371228111227965810423866258552967,64303081301412296846791471135715294852138938453977225753454763288516381129928
114,249,19319571609884113138018865168671016,2504905611551095275512591544149915520657521091504645582195229127138329250569
115,250,37781742245793592097024926570927244,14904583898928122698034433606888193982959450742889353625637438366156933817105
114,249,16329353255397095907422883670887360,9658905245960987783247676198653569596135481201867500942792203006384030009711
115,250,28706967019052833191545636939279429,109066337370680815847933424444843668382028733751516398948368966219154098000906
114,249,13369829176048690419318602769087047,19375061590537150733091519496569872074914907406422556593354316082453645764935
115,250,26754456581950003756134196796038396,113043609834687862719961679919386141753685965159616945992758992683812485020521
114,249,19570628377457590407721663701504085,626523886296250434408366161816017759867914170800615272100505850119231065091
115,250,22540342333141080318326592174619029,65813211368081453276992141687818788936847241806828331589490889454663357539586
114,249,11850390643489834052849978893170007,36876080060393207872727494444197981207649832649582204245675153956805591642713
115,250,29525503091396411812173784217825065,56444079264958854544826860528815363887216677942225968605238555256148657367153
114,249,13933702217145753780866888266389651,107320087747461567559503002888393091289744055809979595677615136106585232470191
115,250,34338901786011713719528301409333381,90992824793216606011874139865535081083570830883012695594941068037787111957596
114,249,16530089466804122848810880365866999,83652266573438416293357701017878457640186804648920142996766049376377660044351
115,250,28274757081505887989726405382076123,81577235948594946969405035511610806667594448775980531167088884138587949143033
114,249,17797081000109465073668179614394636,114205422381525716746895257756867199277692624091423542512420604653323936735452
115,250,21089617830506164905235426482573569,47883036438481921691197382161153824807269710917493211444076298865755195794978
114,249,18867422832716947116951892793353431,44712289095148838648079958415305187663304870188084803000079133191828256383587
115,250,22466126889902768944047748408343409,68732466099077388615983164357141081762045310745177645061021631070452918192730
114,249,13115009596910479936452752496794743,16304093023945542984787407025016888984108960417677419349868372372617320426702
115,250,41016849212342922617865534534519999,29137222284183060414720001515480713033520250625496064812762881888184251095599
114,249,15629413767127116146521105652102907,58436847889570369599840333326488739313796078176205845057222841816470246435203
115,250,37192683443977410340834553523955217,40115802414016023232715425440970288463251755917278168424964771673956843225355
114,249,16744580634022846052033350633606949,32833139023475123039596750702167294779451538612711055942203318874825048926331
115,250,36036809206458458994228048348626400,108532301183449991058700435841839553875526897259721386165121344956088854342147
114,249,15317533509043233082648788168474685,88940749958259628175606054792712986423723141324981499252214035447632252475380
115,250,22286017342637598932723097127340962,45939343268045211712004129222817989045123379279475470457314061652716876838862
114,249,17508233701395297096083355863580793,27839327227637998195388628798747659959629443149915802710639355803872313798878
115,250,31447289550178718931091067928465197,23858774203378745949273567357181662199536737942932751351761132561083418142918
114,249,18443965005920729950630878572204811,107128203336782014626928027799798751619398595819951379300712014046923226436393
115,250,26523329809248026227825510515669776,8501547287327107940597688443045657856636500371385870497456039978012395176143
114,249,15227300598571206677811914904593346,96662860295017474821996513261938940226373615545390545857512197347214974012262
115,250,24959856447303473645954664400471339,111579156164348463785252310137137140741405129301327802647219025290996996114044
114,249,14596612709912524619716523568848037,6928740296409977888779712297211759594102893979410522287471407112669364476143
115,250,28271018432580779762408280989705404,64839051838896303130476325135050168730071684487384296607264844589721345970732
114,249,17126812775662166166389991869860596,81494628863488435830060041586387078410078025347553482686845384623052131891311
115,250,34291625721567052263778223627315481,3615167728065385166155980432334079351264748509700527425784708161614595759806
114,249,14845822581266249187052883970075329,106422809490621777696893360272176178814652857806519310853314410089176643943631
115,250,29275875066457755836024847761131555,86879791933320737718451006515007347310585624456666781349787722659685986454027
114,249,17557687014541957050813326605317202,9688703285105737151478305435735505544957943829014033622371702190318240377665
115,250,29928289568079381710303089240381307,3770720855152499298311502130470866631648537241186777016753524295806068812965
114,249,12456826225653164395479075217997342,27586080269202907005212977398326351609552279509407185276197708417627545184667
115,250,28015236781125481212036975122438021,67782106505639311286210416741306992813158532041865592274403038902158714872941
114,249,16652864790001660671774497988810962,45578219985423037332095800105769706945469139268808551014749088320651911742802
115,250,27417053419120187403774664983922793,28181439697665140491851530158484752489575997775883671954222030721032065005540
114,249,15820348237642861512041528068468446,43064123385515551627480298805855331315990011084834560436932824633193549556782
115,250,37455496620504517104390890520082445,51800337797252401600999140248331937441179603716372015680829350442932115720576
114,249,11962735190990123993603981862820934,85287942615165293941668212652318810868141458208908386676530183065905565321871
115,250,39926768327596689667169486975286113,45277061693503123031119175425856977875748114471075228193209203160085841508996
114,249,14513442903039299564371153043520283,52235427228243451215504213557730852614480166825451495389342971855306052503381
115,250,32485254706400454466396758984043298,87867638152314316171240678026186778171394246085977941423641057536462403441447
114,249,17615292206244786908573396620456009,31282248869238284251162319109239410537629033454988467286919652812246545991708
115,250,31822573604173660470120095321694387,76593393169076837171869409430792081981192139318299220954433399266186516375138
114,249,19697773906218267892870097834043050,2646757587263217049141953253840163833719555670755679235164620202347997613275
115,250,32404194822379244891186870570290773,95375181878687970591772385730332455522893798589652242286595367322501774585195
114,249,11210727592915477685795980718692750,81395674534746467643695793045041378788964936821188336558322394123805534358007
115,250,38194317292962059457200640453494327,39325164298357201224559278707313118359895473096081573898309634139053260140154
114,249,11417001353581778432466056595127922,76501600356535859958273082604624575630104191495230337595473126475567308163050
115,250,36972852602064874070224943159997186,66871496536410038841055620568580799187074455464752326944975131529073172046203
114,249,15365004575653066997802211263875313,88253840935461002710152373492388443392331123311376400152906226284592262777116
115,250,26969926950940972450753061973736128,45771840489331174625336968257661341700572299298497999659778454598297523590306
114,249,14498913974167490311399233301885015,32823134772689420555817155074188810273630259601917185698956786340068740889021
115,250,22945210042442622743114830702744593,11216695522708760118134108720432615974476383962056533031874552279998840742824
114,249,17501627885597715051290924473953718,15404123931017052123141806816836757365353383733660386606510457398564470247213
115,250,25405658612923175826647258066060744,56431571947545653551316372309108698517220149073400083591139685554437241524973
114,249,18995756296535474341848801867966496,9585567511129241363387090154438802574085399107966830852690400758820175197154
115,250,35618550311612120711332515632499377,76719868631566040146067783412170710926011848050307490960424791099171659506161
114,249,18309745615311040622985594943145983,92531523253871025601338816936835784637157382350782206415779145520859593531842
115,250,35149255106040508571474667154742375,102263320967667862558755224400942638039590435793902567996197404942102457512816
114,249,14548011132559210153869382135256088,51385649936098419594091592615917920187198893435719811686045492514950669008467
115,250,22361256081427907134852269437178213,59743282968173689242017428417476306960252818407627360883983774061478006634472
114,249,17870401604835183658677926279122193,96094338002116063832991749522709815616837214223196197225905369683029473740202
115,250,27523379190166549435073343733226351,22011600197400572037771647809186953283335391270784551540028963499758024224528
114,249,20673879456424712625791817967964858,93451589284317636090498714435437682022161986875233079615300114625178773815835
115,250,23550093236635351062131994880013445,10837556985293463976261783319628162121790891618265501668949408529214056923736
114,249,16377401091770575529165725965619229,56766423722355733279180852354092095833484535247397979289117181542806628720597
115,250,37671196378968015660807797721880198,56928930754361289472267466965962376713277881672569161114297380228243561817915
114,249,10387288402139975377726492618695073,68939004545602829901104501031845232426120583140503494858189423612018990702432
115,250,35519495905475197081247985171676053,101710978854341993168684985699691765894937590512769765554882989610284050904806
114,249,11726297299683463793539553278140342,101636206030091573495016699125950845314788834242648564725613240151543923411643
115,250,34648346733771083670684957207853962,45008540525914718897871782165952077319375132881068022442624335545929356353955
114,249,12514468233280960181809170262503929,32475171756053465785582467750800960471296177538682438279944754258180834701349
115,250,31936746578550110959083166703474787,65685888938703411945679305188565494836646493096725783517218165430516801904390
114,249,18749013960363821083873409834432562,5008007030746998705930924217073168760403234875957373350085708777942598136221
115,250,37986142240627717811619632919601165,5857640918756056986605706292841317909319223666201147437686425583695972093560
114,249,20113683324936668158113111658871353,86315035395561407006728532544144662233642079792373861955971625993462471048638
115,250,39739461721917432655674354042429863,29741160356573608381557280899505345445697543687872814935947803431929695583521
114,249,14019486401652604384179127404358936,87746044926550720992040091604551894771807272942497231156377310936865621865598
115,250,24407173011487084330916161608719563,44127316998236925570158665923466383192003025078309417150520387415425624252844
114,249,18479706420742281677131029291414361,44209989065868553343305576905793281416286200681693638248424865213599509777273
115,250,27268041033605218442963675498271349,11678130707785132100913524945704732216832241431371750933609349268279932860298
114,249,10679035393374348992568089993286048,67980603654360058346107704900211948560983413204134428609225306151384086460195
115,250,23431316046800600676523385935752271,29481376205324952418167389401263085767011629725744783448826714142877337112356
114,249,15096168114493749655441109041503029,78245804422909165253726623335766873598344198782426529701587227365970549013179
115,250,31401966511012592195955207322931602,92343324456907815081445153902327191720033188617376443059346907083873203996602
114,249,15039455766221818604326197217463303,52092477293529509859938578085333379391768825227202873472321039310187894674218
115,250,33222886135111465058371779242293962,63421485443665554855348134693419384476126469348140223631892596869994844520225
114,249,19938576777575644801551933791682792,36225477400114029037184596552969873201639284011970871493535374729478451900896
115,250,24349269066859685312689566593002960,51299101052126597260398374469643368789841486557272604238264598371775454095937
114,249,13776000940687856040849489580541391,17483539932286821723197524788726366927547747514255704368985762314032882983789
115,250,25521800392698181501133256946843159,113461336323408074806544514942635868556171159279717790125325149104663804210939
114,249,13273811940196993423482959709930373,51983622467159553841472457920019873861299376962895054210644583533081808699567
115,250,32459076721507472789103538793383350,97373271124937916346343385624314424097205678816770848477088573166067598431622
114,249,19108714482442210412145008178870017,34077492068115823147979915228878974669850683066515466923283318120224397195401
115,250,35758838137945145625737176319118703,76629881636201064857995278846229155536444611003865437934193648649339803510762
114,249,11098704119610690100984997829406507,54974997692959815620021387095678047501530086481052302900991517142606616407390
115,250,39349308104610351198928853276868664,35045956676724409956369652817980947334605558451846910898411404816034550101046
114,249,11752011514437879245449323053103713,31039904771380928220605976882550153673145758026636953661378628973759778095977
115,250,32745470152097365149905308140592545,51895670208896647636563569672218090824710147896180637878886711865075869341813
114,249,16389175002013571197148322129831378,69128461006351243314993372283975365759442712848340368088687028045256948427642
115,250,33716503638653218144074304500120237,19258521383706495882931635224406918561576538329461539440363585037261942577025
114,249,10946672010695851927759201290447291,110539376099680156608533989108750584655980706990228531971495300146702781523862
115,250,29889815911335773443541547959638035,114696739370563951787706910368268483792427592829717878297752616174223115787260
114,249,11142836076877347238451528850749703,65893583515284103622840340175970938109972786906130796571872725078894432307461
115,250,23337938375189409089748615018352227,19419771422463058154460019275952120007996692863203611342749562459381680590005
114,249,12900455876909098068368780152929407,83855267887084878804126506526035855879313015041585836743481713451443412632841
115,250,34828593661304974221917739497053502,3040212603376317564802444176751407175545623576842213540294582498618443780337
114,249,18592779919065756585859021719563831,32852493083132504484766730502179827844956947227431496616113631127611258322871
115,250,40686199362865117307542551389930015,10701926915115120650258502385141505284676583122228689555083664743747031886921
114,249,20028663284112800425027731634529572,31248843376141077794763627070877059083034356641560562779563003032651986443339
115,250,29042676825092259425122144495755503,8941065032029189238727300096642125764643698636873556959494870220081427907331
114,249,18774314136063753181022681731859173,16435625074582992906309966781554741972582353119401405624004788088942601455115
115,250,39368435998866063369211564598693410,101771095562590130109187271438958570043118024710631742361446290560844119151657
114,249,20418566587745248483396152811499513,16158305620027514912081876550191777823268097452753899471779269794516639785296
115,250,27813189381830967537730360602472189,71030707164988486520188836672297338827627379163342147756290691345849199457594
114,249,17068178736312817573509483361921776,84451197537627046911914215623247536913537195108368770425710280739576423904118
115,250,39380421053134825154276356839360809,97855611175207667900128937188292754376652795441521852228968601855680096161093
114,249,17587183063382085306984418485241512,74718926451974811051973366791032970966576748008916091174425762376011482524997
115,250,28544215329015202067113152627812539,8040708585857858653837345484358569803863544833079343384132652319188582735002
114,249,18964293700893293616254066404380362,80892914746387131603334413208418685391291173358131846999460909750397690573199
115,250,27472073933623375398180935778332411,89087345270929075654287786250118855711859725464794863367531486542223676293238
114,249,17161976011543953155971607435194574,62498224589200643827940421585931743367168056165849891901280216706347133683816
115,250,40628849679031604471111005918319086,7215776380043878040526173863502085343741234776364133216085964685955720127592
114,249,14605109061509895955468988808749261,5806195422166093071630892317540662556820936024353785522316831853753411672329
115,250,29225976319442517440340469052830189,51474959781000702123781285746894055593580771938927420805103782056611024772090
114,249,13362735469784939250268871515217253,90200905261579690329019074479718814535415347892767673590558918811644263807171
115,250,36894415865204032396066856765101739,20528889140485482058783427441959199913873099999092138060157708514275217395365
114,249,15720822939368987360672404952792265,88782812007257805990235013112138395363875343115493715147848017524116363046947
115,250,31858709291859234291856786435314111,21880469710915843727393845822335652462562479335903366497087815068381263168828
114,249,17153889123190351981700707481123441,108331273661199053602329251983067357227008270671877917580385396249350210705344
115,250,26415310652745160428607815840852229,33247076219987022400860251526595370204454679312461146697258462651155102597197
114,249,19979582608918828957332613189428825,75021827474495510510238225691457734523444709879317601065628266831204654858010
115,250,39628470430586523008364696900805515,47001448280370780942382446998851343849386525272856993849072701790998827531732
114,249,10841440013497316193883717256860133,114332663827634632834132226555958531058680559501607095533751589015291825786660
115,250,23334753899230077859026213499229387,12981928739620370807507811080518578012340374872627984606444281277611907891005
114,249,19618587901710508942852390149896040,101298014192570970586626621711206047357369994855133214048423245203402595926426
115,250,40029507330764435836011280236338870,58607390998960310665784553571686654162407055724981691074888512571649717607880
114,249,16680807747310280124053550483301581,19277307900547491176140269015840071648897893267154954362006597765442526753107
115,250,37740404276695898096770513054035170,6218946800143195515798292299358027479384907505583289832634688978003834612171
114,249,11011808872200811808680270571198096,15699385123692495147247844166163222481757189548235332616090234469357698571576
115,250,41069420360542085725369726068775820,31790343068325190367614211070572079986698050214833978999520752066720152877958
114,249,15712668407143962034497320851621026,94712104662865974242589181059026102550749434667976256955937843510658883181304
115,250,41026716215102892710181421333181340,37132282611408730532339011605264595218908205460721682064413284516825451999158
114,249,16504065989762867584219004874436828,83238912673555509016022356409682800922879034249587078407417426538818180299573
115,250,25242546233807357105079986568033330,76719618102424764650327173754974764033721963532528891734549000868818339043349
114,249,10571413277331210029378254504188739,60496443974590520161386702573229947798015634596659580915932814155758956714281
115,250,30815585667527748849224814112443366,102959362747018554350409117934509404683625143854888699847640875419765046698095
114,249,15471174403959938381204700801198415,64194580507992575949798566149234564905780453200800145384847072694192732905325
115,250,35983237498316159192478375288329493,49668308499962458496995352153326812841847684432126267478790701822061672008233
114,249,13745014138833603219495149293932754,78690200207827458417567290136814609133797127200950419114820992477286764817834
115,250,37871991574347926590083452667672620,90811847901402372798280937846933310627236693734543871534132908793792692203816
114,249,12045851838826425813834820539508932,19038034782018645792264280175552840884477338711939979191677457874260919643645
115,250,29462756284097690903880917782746499,50640776790428572978753706765460962117536608892731094894209369853796128339662
114,249,17393710289441429940091327564485086,102295157720413967532248723025374506683256289790151467401253719954117756855490
115,250,34900778714724959519062868157911616,90598796230567722405529062821038849994203869560643286747680616275770824213129
114,249,14637272207030232728849773595214296,22197224358512014390506686961697566531301160487346000893315652543803765738043
115,250,25721083033675145421201677627629555,46294941505302989102164329693318757354225099711959124364651105561749155330463
114,249,14429840606933671706796899618158228,19476933433239953373246991856742212776853815682150284340705059931278508028151
115,250,28126485970003508337706858461309264,95031620763438389937414594376442378813513145284740173854332703032429802800651
114,249,17259327454039162967987495186981752,56034379645311421581930733613993447238594680589858654864799954429335537418964
115,250,27971541154037418681653608455085578,48426124160530941617560760208081823040360522460807065962650974183568933584758
114,249,11207694260419981724399399083923536,102454233490863841398487559424471714002186513161391925789101752726333070164476
115,250,26650430662833473549567801274298620,80953896499621913153580330086498421768074107141564601837783649912642319078922
114,249,12997648686839385057911461567749336,63122594831185551572078760106316424101489231158999952831896227149394507082312
115,250,37889565687316064070445059723695029,65359546146457246881008972252319146173651931724254602027191034095922988802454
114,249,13670358795051368734347804275077992,76600496830427008855791300488664701034573406393014375410301263322578309911140
115,250,37129508348674369678347263313000059,63480076172891771231169622263776491478226663731832487124493048529582779999281
114,249,15636152223054031151162436656737759,69930794819020969228026207917550732066761389963944757466439661243532673738993
115,250,26935928758414625833564201070473288,60122182636842754484392858824253992386133919739513786239354331634745164967173
114,249,15523451006785951940089653857742500,106862347020346142652812090317909707103309572958572618165938183488081510774051
115,250,24672029384601899340781888155322835,37212173241376111503516389475361106681244614410315870154120097238290774650628
114,249,12893937744606109855742465228700432,59011780507163446974362887487273950323072361902210321560299008227375269380633
115,250,31788010273448827858250376603780408,86865860166383753909484857234281614461043382328768225461541130298491001356071
114,249,10461397952460430710419665635377015,9111431736599110453559226028735847238366164713056620252765491012271863247205
115,250,34493438454828231632447784914161397,56393899057473167736105206571716450021391577244468018592282728786250441347259
114,249,10903145320673539987989349451012058,108525780656455912445359307236341574051768282450552582496503538766729155058407
115,250,40379521233022607592600836479265688,59877284255546888827545513179809490767054461176775754832511509753579212528701
114,249,18513847114759880031107744626241776,68977459408686471612706541154280559846114820766506327798463544904963797831023
115,250,30271074200572766455604908635717952,83432040904185023770074505360684656743113141643176365239163860497746333466753
114,249,19657269667291792156338109589347168,21657520661643409587181894314841543010789157613511484113072958482932796448331
115,250,28256760087510797436236142189367281,102547661307910027785957398898407493408129161349196788353223000461877988012576
114,249,19252946609431015779904319983099343,90120414317888782577913298393290170725875625739792698660610243522224181709572
115,250,26294663689565456590335199213237512,73975350553094143277364962306026336643993527411505791290302074009473627507059
114,249,19275764096026427417931201523581039,97526609186647891044250075820251271102570326993206868749865953335214262617529
115,250,37453036993971352396456920918783417,68167629230067634796026147143932881909796330424643671022614417763521175994483
114,249,19550548959672758212002496764877336,46252368741248498282297157553474613465396197951160546971284045534693643621677
115,250,29281771625001836737168638654400708,61514802938052541473003679526983598632708699691008691907164975149562624616221
114,249,10390922218961158416307266844407841,19218851728776006399327984678950346819013595322229036932993474218716583943912
115,250,39599185514131756185939359236016327,105124910795996279454482432856381851738703710362150066967803561229910863826815
114,249,19100469173667506857982703251528664,1662481035977581476443463346375388926565520895022029082020060822158099416601
115,250,39970362976232974770940251982450763,87265078721195345530284078460026167371317484607033519118531212144778670150870
114,249,20745285638611985132647045975636514,99789181515209165899524391750996152923427703744157706418017405096423364627293
115,250,31072481618366031206682574443855905,85681093981592607462347671387357393242133573535207118706201406435157035679617
114,249,10500890205985937133011733097463791,41591603381869904833520419944170314941389274136001724009600605899065201269248
115,250,40819462207145191991805939999188932,111019002626428434811807618090554986837213556558570363388012930084883050918929
114,249,10857051287144217157072648024097435,2546976669411324989515317690517566676149357797302216993980395611228328932643
115,250,40088270434550447435955171431225473,101712275957028432534652052854288478733204564932779650568670665281448761595941
114,249,15364100918948606226076183015349177,51741342411250028522253791188109104177664429292044201175256985168146328876428
115,250,33337934531407782728716147511476831,59942919937504089129219061949177206069156906169301187644744329858441593052088
114,249,11900520114851369147981489759699477,88615809765495194048565364416277444681019523743568526789586708825806155865606
115,250,30886811811997440802839378106948855,54387036460801838093861115517872614844903732626264553031424730942274183452189
114,249,17390766088934762812111359307899776,101254337487634019905511688702961064025939070581033460907334979338502804688376
115,250,24960107191423307587450415965418116,67593050761245737630159479263260283274184211483837669769166362821628417903978
114,249,19596056338576863186641382986501091,38488703690868281521029612924441185138076200796842793330361158639380784644077
115,250,29396824516308271952092025508836448,64327503383277676212185961848393849837442603819851918922463229390768023522057
114,249,11186491458906226481733869290530879,48548348724600823640629385898725415319961798793051053971506287794583602338694
115,250,28800037019849844597513728770133936,75232074390962020532552377539223380738187581719009781636580751854410543050560
114,249,13911284861920736260853346480296134,47153007811145904978449323582123862508147004563362322383489411327487083878430
115,250,33143234660484639235624687521513813,1850182782304614762599973649603736984568709762983423452734071064140021489002
114,249,11191223442397394419519417151567301,110119318116908770582766839406593389250681540290349514152346607684302826814857
115,250,33229162415603780716273615403080690,4801452067891526038437604926851286988287091971543364370261109731885665104576
114,249,10952083119629630356825149233344845,18439577542480148648732059549146986864273099953385252798651748789934487693510
115,250,26345210013560705798348566118608137,52238758570684595511167728781541053198331205619341059819138833473893386903788
114,249,17324007596555942095069342938656970,51732241931301845847979748412938977845663800205504459916274282956240627519250
115,250,40064155294029878547178512415613431,16397002048221089072669438124387110787797152981294510010117964193242719322989
114,249,11481717940963026539758143000562507,27387492563347059818087134089669345457846410775397239363392541783325929650066
115,250,26322711573321239935806135082451639,83498877321423075800192646625436414875076698868893921990211120059651300427039
114,249,13265676055019097993743092741644986,31707523257730488582497967029141295500939994344030562006678440863898782120619
115,250,39753232228335206372897650607196059,113144961872355249770127688099733076062129757929528572497367403886453006149253
114,249,18376959923873596388733660275910000,56850868500689726570005213206179826198229488284420292379633104716280822932761
115,250,28414125433537976023034277121263089,19746219804381091936288712632936365439037669245225386241615211536170405626407
114,249,13523294168043013363112176455104303,59304394762319944868727039048225038981180148870817404604754975465045391373768
115,250,38920192037133360009012768067117501,79162877539727969475851028555849131373226954560598297864781962160824202912834
114,249,11749581201486866666720661418458490,47363216701926597928315419899738846343417403809887757611317942577120164630742
115,250,30190018322156022039616949597193375,94641967546331855917845450211439637672426017752342626240314084397344810796528
114,249,20595027509797433859631088617405294,66444122822920509038883149925410757177020170364216951224414936348463984854560
115,250,24440377913203754798180211190342198,71647556925389714871846850731702012357368466742994289027829684893634405728446
114,249,12899194917638754772566746099876313,8966670786342924579968139623069009068086074888974452255831926422555505092510
115,250,27685220784882364085711329243423599,12587687934252129957334798866373793189637808906864070156114133144942094557589
114,249,16315619489657430534422144464861000,115700346650348271475287796079709257717645759562279346498416970331321732891277
115,250,39134209865505749615408288078142980,50068405111500527778489937172375752566425406676276048804859333136894136439212
114,249,16898393244226607644733201647974235,55958573479726374987596913106432562526725062823558325642582641039751365132241
115,250,27047147208594761612769573397507703,37938320001282176460072458437867670106984539940234869637498117628636349965342
114,249,12546048964611318439700714782784901,21264525284415598212707244379361052624158449196649187948861349512626647976344
115,250,37581054134716094379626608459788114,22695592083345169767425287288417146111321663001976358314186528235227519365610
114,249,11068364469373763259734165915843229,34075444180940373654488283471985142616767509072127457143285072366298431865857
115,250,36076493005173784903005148319469131,63607269340367422006585578232135864420561999294530747817444172363212309958548
114,249,12566446804904262397512164044987272,111903554769657365661011090899753325499025151890733357563353501996111503277916
115,250,39270537725087850448333823521800188,97088349220257706844642249528560322947211520349662335029731166754036043615059
114,249,16450529489722301159686337860363956,97152532977330412103421249997411210653239991798211644098839500394894938596197
115,250,39316219013486178540889364823642795,8226909860435847391531460382420951472716342971803498649978518845759677969002
114,249,12836847534968442254723007618553653,36796283010155950479602320036824265129916012126544616862328834701900192770136
115,250,30569812562891357088957347072236557,41739908637800579212250935156917135794906302091102265108768486452085892482357
114,249,10439372952725890420275880131314253,51014916908447078690160880886367880800412144973013826893145657587754312908641
115,250,34177332172346279147676105023740255,82737625021848404455205665560678673930620284474228831982449125618678537712721
114,249,20282701178433823102438502582010053,88697795459914371546559323530952864224907797500841128975701012050038898703635
115,250,32822802478625467983584049854907406,81462019938332704552859185433168959237271130988497945545252982937379445012125
114,249,13772055395627349589110122828012918,52834452989513405254903459051417592672640424123667131969975262671883292272729
115,250,22522763677463171425877678317859419,60315346571875701444608009495897478122892688953119869882884366745440835141679
114,249,19750768481772097880026214883906374,113181902737567970910174225732648512808602708045188161237017192169443990212864
115,250,25212270101075982508608572467553418,30369127084374175566445323142029272921387832937554398529486834470256892681073
114,249,11956522893881908780250331841327778,20982071910871754846494459099018350688572859651342100066983610545866597527153
115,250,21964453718020623964537615674099823,9080614349127482234140278792178019933700059249534640073788012214100934547952
114,249,13881190105354741230611611236574117,4257946643002562380747925814433745778340869383380602333900162179738890618047
115,250,27586009263374325925229157786963703,81250705854460190284747007828540466189541240249812341978270500623960760461990
114,249,13261917830303010378557592876188290,104391549413336986948971676126857056849843387497292142909692597226202109645727
115,250,22647356812116688580847344874856733,95726763391659609566910595951677946243380207478775263028000566546755806392891
114,249,16048237479544009442031723444712637,50526720212358407118682210775646253800509348909236575535775546148799584206068
115,250,34652609304332863926472007769516189,112568264380090562305265895947721519363550815782128277291485738204712960684792
114,249,13864516988180556859928417766029508,11349716658512462898838711443102190510327979200709958574978275697127479426266
115,250,26671741101767492675877079936496436,81359158986551694888583371505345900648335098977436344270641839134206327944874
114,249,13499313218110374713869955722235413,85953265950509046486536177992288593886020212876977074972839827007700458717672
115,250,28421647269706998460827335018511068,113901804489192707639067609405586580085420650797246455749987170108535178332464
114,249,13946222217875924551322108427109577,106246192638859476520521991105927272677026656406455600351668279152108113184785
115,250,32070171398556021211744402215629169,99833298079729084833858228585877587371335783315286842727299129975054958377009
114,249,15951159414093539736228791455923950,82995529298845918957421481721458862646332315591019306352146709522757005272339
115,250,32209234424205293546418398022636566,68065901958064813718695384598262706797264587457019332501610349782078212024293
114,249,11017606211761820080443212005458499,89266190110016060264759665363275272983922315915902581135775084323704533346521
115,250,21482535191917831656599829856285385,93377718152345347804238877203451179217549506149736111936270557896181043205692
114,249,19092569499130467382232044276606995,85411255348558761498158455884676144490074185018806666261002761136077025575270
115,250,20995214643448433741551897710878802,70796153337609913125277483639090324545635700665211241855057534607531997560598
114,249,19280337562404876820570207404262640,112172771586050147821383805701242829852477378081422747670987889815279150165535
115,250,25000436793456423328074970603449606,104015606493879916136429494997126762356770295232427340999529749693193840838974
114,249,12050563831062973061557511377547483,55914707415872259399427485215640591604998687000875427949350880601636031040772
115,250,25985449137572437784604624723161410,88573828540273183945282293433088307829616582407215352036268426104054679289279
114,249,16237783473761705038484312688033659,90975959031959417187046136945479416406168301692548124968425247199235925165079
115,250,24796313918080956384653618614551751,93516698639519248640698403663250359121552848856091217082279305979417461962810
114,249,11752079474358035713425713433312217,35838540238593154276399352704195467546341541638442437193483018209083131781802
115,250,38782773359036409479003384598834762,22967838683067635851893678588530643860279209957393885990897898295819088529695
114,249,17009689684320696775891144034876959,3631795971397982711592623375495675407991755224050949763867524872458570626426
115,250,28550927157832676098275874332319699,62100946548074117651093624666789794064005439254369084315011340256392918231988
114,249,20150607309840042123024072078014967,74158128725570534070568418850958091095045137726775598527014591031779302205480
115,250,41324410484371513420866110987812263,8313395828133453601270224494018492128835994068939108862869097847265078193195
114,249,11085868096493735980211485699127366,37200279098396648285393123345733508220792355695341986131874942026015838625759
115,250,26611272414854890065876473642309318,81879606699420393119603516793480976166330963378212840239456715414778117088225
114,249,14964952977334599495980272115286477,5959607460901328718076243371281755587095801182752621233831039194933853856880
115,250,29142413185809243924722256738093409,49926571125085316573497967531446870444347676889405988564907114970897279690548
114,249,13577705724098863452170684767412383,8455386297200144616268839303545601192826846911191941848620463866162835362008
115,250,24068631298611365247803471683758695,48289408115008506224702033684260091470611466899858861989981127573352908275900
114,249,15014953453260900128576253653235378,21954808186896075974596479588932033740172115214176559083577510109455973790389
115,250,30939513050840568057421330145853102,79174154887812953053217394077788599758075575561781042160387487413644536788069
114,249,11666898369274277191199546694545308,100904990154141767147062317659578233564638360291707807941594949616650304063651
115,250,24188140997363739160107801274050062,83305570057798679116185311090404215778240986418733499890021708602353294981472
114,249,19920570153377468410571762663084660,80047195870384176090399296450292236766230142377361478189043274291284062895045
115,250,33897891379860277660508197543631022,8735194501099433951895226503129718806111942613033748706428963052724554778296
114,249,12344213825648231031815747253440891,49953821713675474367289836662119559779859553186659522968701226131848062537685
115,250,24910899805935411653807282250247912,85679340106201717451999493292777016637631625248270264087528433273079273413556
114,249,14751987205903275980318441616814753,109878591377931322139063176005041295701772584775501846702979827458641322403091
115,250,38703851748634407783035938990631493,97255140213176183765722533899559205855822135374815993342068071271090096897358
114,249,10497991120199349111822594776925132,70261062671215385749258169177326849056220919925765217345771095844922314817802
115,250,26472722505905197982785065929505752,115381953906962857528580123873105814535151826803265072945067023418416007932440
114,249,14440197536921644271087280498382195,112558795371886992500345870535581728650730134993352515615147488538766001652612
115,250,22285447280969377793607223535766222,2899662043780142415621623689423083764261135047896220079750514029724008854710
114,249,14517625253634850484668774028099067,99327771663218244671910318162698386711524303651361192146114693420984912923116
115,250,40156062627604704110772902999794360,34254552170149543661202016519434755536078620668989595545107294029485889820601
114,249,16268454441859178941928266857886617,47017133504985036572715924115716711237599438250621367706607764845612557230599
115,250,41449493181687805659672835283951148,73138640668393779954271021742272240107948206430628081853316630216712791175404
114,249,10865949208874225456107890741057118,9498990257912959024896977411209835105273611137097230683203579928823795402475
115,250,28011888613533882095000775417889480,105668234726349010148626245518357504906622170861203728960485342325991605958758
114,249,10557577179172358382972771704535672,113204620950958423242409294178235977597833438349716423583218951001671237613118
115,250,31936374509751703921697140763535787,113546149684604459670595866636906007393751181668924083413830848117782244783696
114,249,19779032467318189130530411390157947,8938014078314907544286924347471858276492192632649607906185433058961019548139
115,250,39193525270714287802294297881650648,87132378603398103607494985073256069678611518650858801441829804953677749768670
114,249,20704245720115814340353324676306420,47439115253325535401978570982438544983754343220811374299404943482950204033697
115,250,35896630237220035593748475815777438,60679603138362450779633578871646929821125314363467552374227641708710306627499
114,249,18320366756231755603586081220411572,42055851127511387235164619470964605206797267178937665258264159026776247602948
115,250,36165279713504996162247366081687579,53483654759537264246449666358289322629721804374431255738813704660879133722798
114,249,14999882795691269890018048769765400,27017042786200347036493636333807798419375598916490074409808251109104899597494
115,250,35136152571296587704726390151347565,32665046385906066749525168765535777234546687026254098510653881625972993178060
114,249,11708648113839776649424956923053293,21119546216733219994273598405891340935291452904142307125410560641062460134263
115,250,28830929679735285258040553064113871,17009701525600809125844283539922754131886750120793215403203991891554538227015
114,249,11489128753055840158516792762021723,64618126695604278172595283703377376516452648614574473678150543241451868504301
115,250,27707867771826936378961631659408353,29002123578650760676899010847237497825536538634367599030555592370295908025177
114,249,17449946029129821316271203239544776,24605054431336383822687812793352500417905217886558751067433199062052837725709
115,250,28892876538171291982030638871063628,19803811462510130679231269713965978382558095398977724203235443703180773016614
114,249,19159776049833828280943699853159950,15254464945861480205994263821578077871999656295646482794505262986319626109064
115,250,24650347019974614453722805769116176,62359027550222254087261410204787254957486585994104754987235145648102156295070
114,249,11145913654248517914496589995644132,97342778809479422150914486988143186335268490752921499450426788795525545885031
115,250,32897389342152131239156712210837081,76689689206314676705092136273899623400708049569764856348202851667086241429518
114,249,18447699167135148065915691537765945,65862057020230629143672255624922887323885011702399464970314752348792058307091
115,250,30613902007279354563054382691918014,5632206191493279559608466718190107463049264423202598476084700666634080633432
114,249,20225997595586952572449023849621225,1001517257700386848276503910166039827266225252063307039078329015160872408637
115,250,38829392497083314803306994398573783,67308054643631985548061602694578691689814818696650870592197267807796853477025
114,249,20530688680126492673259083461852797,48437804509156209610704328844470576584526244071621767826260289445631695364008
115,250,41385051236988632883935250050577274,9984997392972377699858163124883163948631640727423252835510075336414944426147
114,249,16074765258697836300593622042923206,84379821743273507040966307714747921856161614350317983991549175574601340456670
115,250,34126070772273933238317099755442629,64262761462388704734319692420861476279845162752247512251230860638330841095421
114,249,16035168288430245392555352519781222,93940023828914371965423558936752316311889660619546781356693378225283969284376
115,250,20824438297940299893763929907841970,87052671075106933957879063577101881927006641619879459002610078840433535596842
114,249,13887621754960381536357547142076377,15299679852628009215369356042830193296638874590512960632367469359664521114679
115,250,25675513540339824984533510988413848,86208190953743247439774342975599356583674008093062170166390942757326896984729
114,249,20207449310882571677204053828697914,11074646799041017267774702394520717949034984062072824244114272620377914876918
115,250,21098986409759001531524569932575090,29687132946839544557103072819852719459789108363896445975562613338576891228385
114,249,12539367488963554332647268934231619,10012082025984508134197792100677283775861868706421560179377718221338823991205
115,250,30449179487409063874479065781290613,111529448994091129043664391239522291638197602152216265396814051022170636514905
114,249,19573757519909784802755764810997729,21384791340120878575662964100648907111997359305826443434518303648281376170809
115,250,23498270755169672135789570021861500,114653050115563681774861274182394113240890735614864097613498252219451190825856
114,249,20118351925124150102640398562684035,106928781160336109341682164408115218701902298629497843763063949675291648528075
115,250,38151112050518554612815211774786642,48965269164742875163092804095686702375065497884706474338400480748653456905294
114,249,17149764453013020620724697895495412,45713025917477815070679799527405457997207702205795567499256180751117049136317
115,250,26874022273176363466415902706830416,57752759547104417869791545073232919592484733636140195645209898985500415548309
114,249,18049009983492141444790681985323221,15274241033818894790052907180342708056119524512627262246142251644574837078643
115,250,35640122282632703714504589155359185,5587477511430127221277631192330450203003574112993389464446357115830686008469
114,249,18407436224621714743046094436674226,41307946345919032540572434157045165533682524738328714270672258115119725331030
115,250,38613184879264445422355418977298646,65693116457791221938354547728145588518155031532089742383444244727847605914568
114,249,17442935536507996678074810261562922,114701349835430274198240856373483032255769621394886297251101221877403825746024
115,250,35838109542456839693199079153090542,93582408309781058424898327794749162729280803472705410441499020841362111527094
114,249,19066700381383668669585194570141267,80280644501934862263143749467286454967189713496819464193535489361116026660152
115,250,33414229847258479825363939082088557,100133813300349129113057849355333069473322429585857375288084274740094471131601
114,249,15306275991879289347759811712721308,37373664727092548527593389161579401716971759279791481563362085247698433629072
115,250,21758417083059171726490048872634141,111310362478199475886105811940944394752740873529536746895860050164166465148923
114,249,12161477444956617069053077492759971,20433815147921617723689298773489444719471735881169275573882058441227797424374
115,250,23736235489817056281329175992849756,36401684534087979520374594701310673941359155678756589578522004061545785834820
114,249,19591785326068022449530483015289689,11996288184653331750837711962617239528499144297786589493369213768996538623027
115,250,23884599615137324523264582471187955,103386442467603989096401576876383802912769564773073759139513223162829188361964
114,249,18188649039338519837885694912852301,111393185116782534624828250990598064730081903606369081356016262151388866559916
115,250,40048357296501755974967126410851265,110776217186800522795460941665569042603943862291375887910673068038246633798425
114,249,18425209060381723419030897419524040,7122159960852101791514757463553706814416553047289134342457277828705864477792
115,250,30823845238435821633028416220757527,4356459498992866218387555795498483410504917505868369045966037823505655687331
114,249,11966123644796871531540394612947227,25666375318553741991523609515575884376461717209055945814358374931901289652830
115,250,32972027005959453991088928705448023,36072298792196731249323954031388384601976351352739160069679037828559749626409
114,249,12910400646471128731315151319417562,102509104524610980269709176959222004856135453012713626997883814108563862801709
115,250,30841765066047927384009515179977657,1519582037190171303315583369111306506381826272092157804826173932282824485578
114,249,19359869507826554497778758796455460,66326693740035135197959131055809688443053454807279258887257820753892966166473
115,250,38010412112795339756890373618805804,73228029430338395474657248571833875578118483562460266203801553579944409911414
114,249,18258343208936325074064864658037756,60642938051444231290495289695342468541528930250768610362788464833874664144630
115,250,25969772028831306323702278938952630,13972734383379755713531846240072290629030855318214341813138033798516843646737
114,249,15654866074572449844760301871710742,2869776800109114000093610605976589861944680196338897924026543764645064410179
115,250,40684866509209238536797329041183551,114061257326565924328565779984517560899839179740807529626448970505566532511131
114,249,17938096502066712081152058263886246,38229829027897076305931009449322321475210499010522919497338849834192332166133
115,250,27143987967954763654112346444728738,73092357576024604655634740735796361352491396979977113240838040335613907461561
114,249,14873017605464394081385791325485112,29075394346051378762753697270797195864580746381613801084474754660728185786644
115,250,31849196732493412684143565467221019,5255476362673897171618192313137766053681488514279732401553744186419394288793
114,249,12488863375941327182735742525150518,26606140767926710751357510536438002331218639135857826072191591819465995376643
115,250,26372014874659962335881330591000041,69878351767722689290358629512590176060416059271843007695695839408135193622530
114,249,16755479171797538135018418860384020,74302424891823434225396756987228126461508589044907610818618209953993942724492
115,250,23975190815957379685309041388401845,38759073364402035432513599324505396939834452120726708647529601637045926418607
114,249,15279762635317315588641715652004661,47102949012166130540596796589044120366853580088412809862663336705006516788133
115,250,30568187147107481462067787275586276,35893238440788071649687222428062301832430377850607489709580103605656053290062
114,249,19757478484746361847536732195382098,103477630926225743235498448537964547120489405647494463137997954485702078293093
115,250,25884900971766859394357694650527070,23548133357674393546096401757287674899692338466146631303416013255987046749720
114,249,18858154392123186129417321072906909,77044541815805346877501078784617859208543462565628194962557707095610107572067
115,250,30829712053503450724438457771279924,77622999359867970029147091280852393744059013845915712820093463337146103799737
114,249,14660243404226325824314162595716836,25468228843906409082141524974495688390774578966546773816992210800665435948856
115,250,40982407866421780690463096460318710,78645503535488656884780654928810394362268755629212242896733913673591381351602
114,249,11316924995943472022882345455574897,20635781767424046336767171246481941211554858069865559502409842207398326337629
115,250,23681281401914212599037311013243144,80559181338497796481106357149784314305155945042578137735141124085771712234682
114,249,20761230214242069179262454302335475,5375470430407193336866611425005823533324646158614682548443823928342525774929
115,250,36668780379541485578491864803459294,19186690378404414653516557164832059627811740767258098682687440475227048973694
114,249,19818746216002284307922351067166506,4910454666165665081643981483448700594101618903607847182145482358502016873058
115,250,22516684918747300356195907442911425,28525330161539122944138948989467058531948345482822114210769548539195855231997
114,249,12928475477269881537548245017460343,110843294534603281238748771535556004367444487834868394310801237627588213781041
115,250,34938416585684624442446838497754320,33412266304127389296958994112690818886694684861650964642028436307495270768365
114,249,18238664083267606265948656454286305,101887591953463895770715216415239400287716386641147900960512487655290063366375
115,250,21550945922422938191584370025795349,2377255668858893336475568725669262783338505877418797139258219855610216126785
114,249,17208868004929389233678777420537383,29483090060228605029606254167400939970571929155279788583063729085087277639332
115,250,28813379977624781925878841397258850,68692183195833758373551162666652346820501905695484557174263149503927671357422
114,249,19153892916551390479487409932285648,18980445818580528552251661094387498512037692180448455644061578621384233785103
115,250,24642927470414192239371368358757265,34782354798105362771145912586521765815481258511805757529563889034624751566848
114,249,14187410482774297958302081464611185,107298383724816217324412689845692677265581646202550637766934071679536640068163
115,250,26248075769583634311151265061515999,65597112111251243864942361241942593439621726255197042969905452834958363873346
114,249,14982935167590277558324532711246663,56650259390989158721298494080608689476107187870447161834814559589170778415664
115,250,23404034406700680403050822743727973,12613085524259772731542893192374030757229358717924883283851238740812805465296
114,249,10623738742124607103801734291401363,91726013388588137592835429429743505799567577330557332733615104194282870701362
115,250,34055848270740498707724243715181778,67882026563791878142512801540633299178498709523785914588225761198385199672035
114,249,19150687194344946771379058135697515,20132680409138015896589689921992784854158740257961950961094629906937985825231
115,250,25868994183441495159807485223694293,97702020914513505083156165688863973344109711071430106522354590752437827834699
114,249,14145125581524744457569750039932506,24863909621720153736853852288379731448631482442524452061326835201751675823467
115,250,32917152767926949724461581822688720,15771713151090098529440690930724241814690019597337430664890423126844260807039
114,249,20192319050710093368922283740848392,16119418596925358791251218119466047371083952737457314786146119053578931245291
115,250,30764942908469263281983781151731570,49132448443072299524253980473629538557263996086347193854241082389360730318570
114,249,19787933082594956915299200818394659,108872830434244149943950288832713277445661481585924272548365116294061829331568
115,250,28952246137815285387372924592129280,110739877352326629848312629190092563381405813145337194095657043171274186659380
114,249,16653422226606241586897514431326775,46852696632067458173063136488191279179941472093765055841479853250990716740563
115,250,41506340407580826988192079897380791,21276002635255729183671145894081940278717149872661690411561231426426692164970
114,249,12647514785715841867572670119410870,43160892086775277768893895864628638224822562345283065815145603306429200838043
115,250,34990565536989785081652134501305280,46126481924010730144422511674478111028320785154640317442929555538793303668694
114,249,14865040250476666073357993788743651,77597676683487180841899871066169514700528241519359411276935871170866722610833
115,250,30144914032561252636309160488131873,23655922121109624822164632766904672126874845709238655021324954048981511859884
114,249,17514419343380894970948370627103264,3040194861640646427533556369881053041133838850106099868814596278324404515284
115,250,26213284155774385250358801623861268,3202432727054969487830394455593692202078426894979904012525129267360626957212
114,249,20320386824141951323123336116989576,86216350058705880900271975361985096898311324702974793660878474252648810189399
115,250,39641451452272206559258016082605453,83613660569031668599674747212139855054703963648498707931398168919015207061869
114,249,16592162323924876249261025522923729,66535206082833099802997544485802430479585221468828281613755161974079281772937
115,250,32897592511456315886292855640839381,4510467249235681197720043057728993550972196110362090313159439628946594549423
114,249,20448984464551612493808744881234113,45254347484513009927051992791840753472178070059986789023577044924560133046493
115,250,32831644217671322149154029041265931,26821911632196955902174835904803561870636709858349866463942616857922535478155
114,249,12072723973323245524135370911254375,28354509684878390248290664206334491271416866902482284753643978402538154956807
115,250,35912226107653088070000240391576844,85502077631215618423316847582880792448013619063520545165469637786283139144178
114,249,13133292513541255162050296140948382,49400038690437401395966106879006844117064912075957335698162047514964292063341
115,250,36835480874261909936578294354017629,61732745148710414035160185746436801468895798129662474283876328565293403394870
114,249,15775411867643794770208179200946149,32835689824600032374453542611095371975703876956737289216851534316259132362170
115,250,27080501886758178341205221027640536,35118765488372394739261871429543678824510821738260200602912326155529110833004
114,249,19667667353279895288169188284947244,76477851819840788885645883270364247439758106948265149621157059531208048681075
115,250,21830208355016973551610527298641019,17453735712500855801224668162253003634332759094902908166795685021126217894069
114,249,13256267794330077097712727897643473,55614062894136213527254437700046822433338084407608389478498749567814445641903
115,250,33622484086315803917580260603964048,37327070935061631784557112421703197641674843339337202511118758378412712935416
114,249,11528471964363998406775809781105011,47770462988472364917628152096498237850869506913933920423242332401201520907151
115,250,21797706594618222501245005585024773,93330802798635016846305196384078665604372229981915922681342661155735752240376
114,249,12740299303521546277545691568886642,17089804757971283895320324967836144290995672883680618102134684273562737499800
115,250,26113675475311762064082123821086507,25575425762083149018224839642688782290295441175789126373336680358241234215184
114,249,11667404351487156731321725356732580,96032751637440618731199974047569089021721757934790375699712452705549031334005
115,250,37758340144807181083620506456080092,42579319471231498697304453322919017229936793831811934636391235900433637175103
114,249,16354305057283449022378984245400004,68565309158532387850644605713450037435847548865092792653262266631360028155776
115,250,21324087207406799514144596570057627,28288559640190163927338134967573982129782745939835836309736128144032209971892
114,249,17499790313252592285400572974875529,15735984327504707080478165541350369821004518434370513206536275224815372613844
115,250,29913763478920390236702124663994458,40879055842907382601391301358210386413775916563908917144790692400886922962957
114,249,11939730707415810758929702382832123,24935273144998290446158584248591975826740212985408957635349705620216082975280
115,250,37136894688981102985126560669674391,50712501699909204118626384801038648740878302665116964146528631169199421868649
114,249,12539997722098851820153228071918043,67400984641015477138923123521975610015810579025631317349417061412613202775179
115,250,22881387316661768050510004576755889,16308178164077975405403304661133300584690710072293922171598784725920690624124
114,249,11977212901002622422650374632534898,78676444690400572540319037274198993718824621903168568293744291595978558007443
115,250,40396840478875954049787503037823940,38047671037800228449208548951735342382315978648126706792740635746110071617825
114,249,12284697270796591916947165067607483,24733723889349337080345292269150831414678638841843488387485625164804113564370
115,250,26565618625045580784790099682615684,89718031836411202821330620034952842235805753999140503301164011756557657880007
114,249,20757177390424965411748064738833164,2443781101663686674485900094458414114563722489396364970701241345682568547995
115,250,28524108962271387443546222819812673,25529943591414184885462948189066513840835520881267019225491306700155536634152
114,249,19653235775051970664561644726432742,51570037271335847495545226579908112626058706795063882480256704131787374842489
115,250,33258844364711480190142291003754303,101771605185299739383504161129391546353273833665626384338494714418389788021436
114,249,17571497987947574135841681156490986,110319009110931590572213338098372410020402349394113058954400590408110335646654
115,250,41370897050733956594714643393606461,5231542778814613766400142602059003249102833881420686260529478183933219271572
114,249,17257988354933843724182546848359911,105845319156444714517332431910161546763103796588318120909622552647399679005774
115,250,29028160702950812902338249285623830,53638718396620885690176172707997261785678307033764775847134623426816321085374
114,249,14437451266842471120287881134003022,50942763051273845092272610340699767689165943474974578220421064653738227475431
115,250,29847063651830447556541693262040813,40023327136178433625551226780248973489852001656631582450111813076596353400550
114,249,16129565348956432503802169403582049,40922698730145952678918871888201916182359909033255308751934444420425138118267
115,250,28799435137287485694629731064639428,75255625014758049085490534503406168472329460993977312806875901867201144922509
114,249,15589466467616572650488162179617940,18096292102742878069371135846053607560729512517857940048422196110731578876911
115,250,41038872196409757073712569749132556,48681521874022794099365890558359701154896464169870098443939692646404390179420
114,249,17710929467772770295177789266920593,18203828897352702304358051579186107505248423911246924628338541910017329834686
115,250,27483496089701541886125760186462305,20833471818417587638522737594212124029625829556028788678327276995903173928336
114,249,17887863934519099594454391558301817,52821225441590940099398169514305573434630509569879892768401358522352400453319
115,250,37565628626639345934115465924055615,9097322109857328134874117711050647842092357906198840639598425989885401767452
114,249,10955251081813415595155206949500932,44689832619941329949387378555552385472058340022691418922725089512955171761097
115,250,41447159552106888164776665723943975,111593803696963650468718192671852048250965532321956931240128831307891875822546
114,249,12395248807079551840533554582534272,93630543269493563919384082397980259535764673763901355083025565121182149563294
115,250,34491006749375256573247064829983124,35656929225198242454524471434105549435091870556486549593157408823793989605120
114,249,15486035867183955085264205278910848,107555051292120976994912051937245394264307369320033773403086169555490147121868
115,250,40889902582211082089926752837941941,44993074798886166519759162933136208779575915536733408049212885894438543554868
114,249,19861291767676593752481767297413658,1751315853794460382749381493652878917915320818008430303109248211205084728047
115,250,31926779330957603374624701095362432,18032285941005606788455554870766067116787696041343329125786623683180117950709
114,249,16176163938374386236581657949505022,17819487398114517146738221758276041708837016242839285116330817089091428203331
115,250,26207894274792479807467382701744152,28574144411334467539004904009515978693521501631503135761639121906863720432398
114,249,18746579661456099368848171079297687,37997612388674172988559966350582230184694898048969488472756813096285774050636
115,250,40739609662994581915470704981040257,57802179539658157531725061999619234738993773297309640033018870647744424283685
114,249,15081255814530821338316896443556998,75862718582052388211886013804913871279647163502165151215919204394526064476629
115,250,38650910961813352092855009804602414,10054259838035907398294533631836752602539307810074397964187966373979185782696
114,249,15904381603779443493027169710442073,18669122105872745252977389757606739662015279335353264236003050739942210335162
115,250,23274692260397320214879133474768335,67716589439916867418448881732311116972378178090813323303490389564974207284864
114,249,14038617407978160474389645032514972,5948757790952193442147590338882159256376367955183795957867977312693714744210
115,250,26467173246116082592326725856491943,79788270277533840322809109297860556822687014217426114271723699917188566404643
114,249,17876855410515346294102755369202835,97301104377970196325317753932279369265323001949651837705396138321306965195828
115,250,36799036400377806909462350106483590,46262811300109132150356100630118501109485686757714360911678364906683387082166
114,249,12739209507959327485117842152483535,87448633233019638978458591684003953952967937983206322559049408441740441291171
115,250,28521095836245781775635275865470391,18254736879779712421571433866449369167099337237022689962782985249277350060252
114,249,15741898747484406319609959483854013,102339515534667725314280922277703004218852401512243398405028105368907986585734
115,250,35948246385450029708128274564803846,115262896835073906829906153612373139931899862532388644773027903908201607006429
114,249,17709987101692266804691190636783011,35202660436730163874754844977566052306747404896349995453922851862274895410229
115,250,25635016352104636467020983894792469,96187108844007812614564444696123393928751612652734009348303586521525066135516
114,249,18729759709694794530020248040901047,15098216375751735352322807854284957363203423002147284206586499525708959858891
115,250,23670590649220778182960795741801727,30271708497207327576709771974471346239328267233116222762173720423702137316137
114,249,10549344856489782250261956571163998,114996509434681211717906910739594204247381532719129719540941453730203162602041
115,250,37681082682101132889180142986740540,62735267699257880647213400512658450484984231219634709117410123679102599044676
114,249,12620777589455662945263209487781304,89809875881986311113249630883974978973953339402935453476706236522964592613588
115,250,37471945663217993106531831740629034,9305160510689519293327242203182796587720786232897921887712547277380362037080
114,249,18464264293137387170183450557529202,18723603345371055908426034344717955908505584310296666478540316743613688922274
115,250,26821522839175179402483352983848761,48196533501902192656772430588841377585393158570169792871707302118427312371329
114,249,15111165291318681983922146788086135,76290567301959844532629939643561828505685278358667601569111324741308484972055
115,250,40166233790053159988098072815443375,69456060671118130230536924688315433744526048078605482951133115704091975328196
114,249,10708240645597968171748307324230342,76078836488510122129479970698229878710311038304797653204048774689684846336635
115,250,25758552400472501308034315888094939,8041889601243765568899990879985983471063087564780916100603697902139633191229
114,249,11258669366693622896311465624774958,61014572275698431716441007450350297743103678839267141880658956465226670562606
115,250,38089611501026090601530388458375667,17285760793081888164168832407008806168420502727229220078995401713537706159712
114,249,20288728578580307115125631294645423,30285085971316941527876072762730787621932011729210459486459263857436624792342
115,250,29517445746285859313649290360525563,88710853614262430860956344800094749856188376800006709286762000344030574115144
114,249,11849004562335549757517426605484916,63905170472206319639416199721182264590464953806719408716767053078177051731937
115,250,34579163277862705855784750887577606,33875548429201809685795825757611846497843332694440448272551003616290030647287
114,249,10626868677518208672308693196444352,35192587564692857470684655113981071587153826510839884036653444621968185216789
115,250,25510488455303900165874116580489009,75716222936439250242122412454356453802630852481069951412093372878529007513447
114,249,16836072107523248196075386022607024,79158154843476209055632585804751155970248794440503570231989664637411221546098
115,250,26154907767676345911652070270439119,101618175791370989703507828347698471169208755392901842638013817338283792615753
114,249,17037159819718115372768226245798083,44975201982228300626802844243007902962691687930825810805916882273322447620438
115,250,28588742178976428266199443380792217,62124735411657755251816633329878159219828745710454977113161872511513301982351
114,249,19810604609120743060544550276012814,18574019411121780960625964275972620502247783191442565970634576811100258297042
115,250,27097280728648440963091442461886485,13874528705247390581477282696972347740002977191538339594344255780185711573230
114,249,19915001951623265887048659233909900,103852330815649194382372629469307650178250126548464044298276851788920528450858
115,250,21110049999211717586243327295799700,84745718465184420637141528771585926965261760245045056612580159314098095759609
114,249,10542837316360626391286279670864168,88676560593825007127941981928482634944818338236768468591102606021822183286904
115,250,41278013941007676544461917388604946,57274263633274111830458949426783677726162000257748514612696447704472094108152
114,249,19392788056879189584135964992709295,71059765131614565331293249102742211384167702585527160602729101158414405853821
115,250,29722022185169667160272309558681453,3761002411686848389242355574394930315043650920953415119279466520351011188080
114,249,11455956485009305803465662814753591,71409049991361796173480026270103970723310916355406918053360179751925912780729
115,250,33105321654035782326910708171935534,86902010454431324921200283069825058509440519055867894241400689358389062644056
114,249,18652950714903968552110026873108932,4865382993034024373343523793727863491477650657644582405881647677220570599505
115,250,36343603091825464965125738635610965,310459964381405516063797026538419331194502435133456700930649463234731984006
114,249,13534479811912329195048855140308908,95872440019403421342799091217726683324527135305852106644681530678386460384734
115,250,31170852855460707872827334176700260,91443515185859698509071539855452005816432375684688729190738881227399124470148
114,249,17593066345180428737262293545447852,61311991883865620492888367261354369727551426316559418829391180977893592755896
115,250,27748256752905739703182216082560670,54318386601072460720689461418338015716069227319956137473305054477434338919700
114,249,18929574524139179724823277509990184,110997373371653636566190237721293516500505946261337238467836084894478386450662
115,250,33289262589286389098250541643001766,32670283988818917517933359627575532059928411483158038134536922121912597576670
114,249,10677544634656505727511730700172878,100407345647527982493785170896749530854051556511122322104227311102776280492234
115,250,31958830528899741745981771251524952,8822241709551344133965613225079396409274766675456238586308975784784981079780
114,249,13181214218377891484819707137769665,32952879973220512748383804522737275936280779642152916659014157882913420714908
115,250,39146036696039219574309513838617253,102479672295699645911715578873814010288626505240609749205402740034986387501476
114,249,19528406220046492134119682353705523,14858872466692722468099091653306410734461834492685467848143231792153867034200
115,250,21203162624194006034167970997792260,111579691327170029779897192292209062111304457912447787256041045466255326133722
114,249,18433447095962414148091755075102642,82946329679967521908720128972130898717594717106418185007379019945472934661120
115,250,27050227082364272260977332850495792,71509823464106612416668346656746995773494401016531851885138185476396795179304
114,249,10451334681844129617891855269588977,57595950712636858576845414608089997829614158661496990654843106755749276233270
115,250,20946427320773768000049149170476331,4017604731293407972147797874123214650838535175623439478070746094390080363538
114,249,16064587877441275270176511467495408,52331721075980481521905294347426970951773711471338185190514195772319014222917
115,250,33600224650302740255549708922827531,30491890212246294842239364268114503311212366890941317038862726048484083711134
114,249,13258140581754280585058308134509498,64493291443095971562721469303186806673888936010658941740831546978536070440576
115,250,27842509078729052944681801366067457,87527329482151936390042205358149206210778875408608796823544131426780339056465
114,249,14038356015961460485725294799997843,19734234916197163044069946096743496668851656971398185844231693045314996867547
115,250,24708504959060887266191537692003375,18048846931744242190793345161552483416168657897161528172974388630804371155093
114,249,18695529601736194602035715276973730,42597451048082999235820521066265096814451794281927953259174702652924654237414
115,250,38062475601757929214499118177945150,22021255605853105991010771608245495472851577007204488689895703757353868144385
114,249,15773760162911964867404650626899367,40084198242338860228040569203950092817776308413683358351586036441621087513396
115,250,35111835113773491987320779004562818,52817580692722628427101802355803447359143270756342752212466820530716366781030
114,249,14786898862426658898961821677810408,33611721343984541913123771255891090182750309401944749153418121363671366709344
115,250,24022316152148706741499491028365388,15182722053961933467253369695059153123750765492670180480212594528575236580368
114,249,13098224000310835061022934156138065,95439723061841042717021447700663271254853288010291961406819103840152559178877
115,250,34952776726574126308792761940779095,112943041139669754011351638253285343841022889252416349246235321511713872554088
114,249,12934441845090690593722925248376716,78746272092793860904685708634877104553420810712469343562125364804012607412272
115,250,25975382705217705140630440137158451,58188133567017756641636942439954905311837520000602738733147839831570747633873
114,249,13250329989007250855283126468087193,77121166147911464039268966063998915250842903756957883616905916634276604165395
115,250,27579970072262611519243671048653727,84196107201325282369681424332105516749377841448942616301268495778397972072495
114,249,13002252607602517603948551313265148,71614716506551468586070735968276569234853013191243558928106640749519393997757
115,250,39835267663388834665430059241219978,66686191704750467940178049086549026137730352515020105819488004449099419167906
114,249,13757381698277334183946582658656568,80223375069911876984440207379730814749407948724307630636056680369826580571716
115,250,31446516849088724121752116444884311,9470165786329554729019090223471831011794760673479334499645864341702367012831
114,249,19110277906533656008852067805928615,15995771109612492515298500351669132720900709934749111958258522977356808746657
115,250,26886868072446618963164450996257783,66810114816909856728594970151706424369992379994618193391714939198478893068957
114,249,11797196507708476178787881258452285,92159691964169978852609587763822257570855457644682418048019978715007657892548
115,250,21743482361771265857012980244141391,85940583800276899983260200858233102182554430171972331303465339993828164450589
114,249,18042469334931137801584724428516864,100407605051877021562633980126694832597528104097550210521288002718598228881643
115,250,25261012061432104178410504571919688,50094095973004209005949194406653355631635762555326460126492152040209665103272
114,249,16543385591872072655198601121443666,47354789268334449728512665771426827190885776501946574389700027912742199036708
115,250,32748439825306300950139613295375443,22819312971998815790239362656972223610311608384968408015498696476680964553057
114,249,16382502636568601693127921220451900,90701119464022192604021465294619973998561718094219282746183001357270817782480
115,250,41366621589041366775772767701342029,77749006485025022045682761690438208246790486601258088646323683477112080270695
114,249,10681702799366779355787679388035102,81096547228813931384057393174999022646324256104869434831556898183395047917650
115,250,39898292751978289294358050607080362,19711222741134049756482404357627753056414558722541805892771283658917742538215
114,249,14554018387184222531436885856862709,22585128107669375845917415744093050115489257105164848311892226105024097803369
115,250,35662520432328278167050434215390783,26176483011019583908603987296589874934103735108125613877148693508660900959638
114,249,20303907344847403109040689225072736,72340290078202638997274642657404526130456448181163231110958779302866748439334
115,250,27183387275451046841771268660558048,86104221075285195320640366273704320490882823058272958140641256669209394311629
114,249,20164082859650092184357851910653844,82659020796144619333481614999815638800223854385520050543797301578140029868400
115,250,33492292488980903766343417222034812,84732119595279173410493155214658314390834428401100435437417459018518660886657
114,249,11639697979904925541074248887361716,107676997124833026439622215969202378106335001146157631445773072712547188685855
115,250,33046854332996949872590490651056231,67513318392303875543580001997864353693386662244067753604199402568220629058587
114,249,16769928397463068747919787673424604,39515557752211101701788461808110434410550502362430133001022241275835341636371
115,250,38587532029375014359152245945124170,1445315654823010288174178433191744852625519302677652587177100594385113213084
114,249,10825400212502148181384873760182803,5627602626715538099389479151509789414122922701719829291794951391579601558442
115,250,37694583210512271994868060215342722,855493033295089154561633268670611462188472971447849662846511276147830860238
114,249,17076240261245719601947046960378217,20571830192808366099125203925298929253925920860026044204748845413198155244578
115,250,36998230063683673642646257450164932,106819095886163784864442282986278294304639182245540031644599054349106328713180
114,249,19998032845150554449360515733290035,115761155315567761888096613295222679562034878040843830410312461808770672099050
115,250,37928078662986674582705372431102072,46328805217594884270718355988749935930560303382301072569643494882363174792952
114,249,16379290003143048282620807222161166,102500569715244949878348030708558524402894647201465897563980374796329239163031
115,250,26224833388164556746369298195224760,73240532675220163588463965886064562791411741573352293035419874206963037319124
114,249,20702533038393285524048780570686069,42010742825900116642794769646802212402870590584958005215559548990203904683939
115,250,21260513775440937498285123781299914,21101431248326298996363697720248231953825714256356140732156158314327304587852
114,249,18968599618889312486986210703794950,62302188102403437752246934886788090006198704154752183923515581267650996130517
115,250,39543592059341313563072961091993351,102265388265829192795480443707147093524823120673937880263062311330309619988027
114,249,17007436369317827589525689064652982,53989498925747480289189336652822083129963391775139586074158676117877960473878
115,250,33403799368744547061234155027876754,24306270442748142524771193701860886762006573311421845939041383306049307592781
114,249,12019749625930649977622598411165824,87307911066269773222329957302933691831375755796958382628384108253701662904861
115,250,30777850565318387276185078598907990,28108779768295274962430270956604906709408796026101299059610540874345114395870
114,249,17005791662621076474686075044067924,43118581360245503165215459616892140851152902326845788417537490768448296149955
115,250,33779185431024892692743882870584144,89845095981669160050896183687282563152267096114715577440266937096505002393171
114,249,15399937405956337198395685402832703,77760913594187983551043595759429291962926587484319634060690237692692557247793
115,250,26858754583690650113524874027986640,107985428228721456876866247295710849875651109919165538961803312089641339356771
114,249,18761613125540725897159404589986768,75049701980952725827482987250052069217996956901795524237080209171001429618865
115,250,41448112956054556836318373357890976,15131275917115480117530649681579541381621328148842142141499913551339240930746
114,249,20093148369176624322178304970383720,109659554032908304335892629574243038299488876450641358206345652278544537780803
115,250,27499326913637503203214622965422057,71170793908677053801219942509013991854906148536725419327534671064770174517056
114,249,18795381817113285055170368037526493,84970402762082609830154042881732404033648068626929592564972684459466236917342
115,250,22652613637029008092585301635350673,1185061431921288958724740543234520914034823013943523113247014385183315002323
114,249,11655202576941376432038214135497608,52887284836792070888061139828434610566798571980650874986801810958570451966956
115,250,33735504612890503213818148303422780,83151808457492276404744777318902452818228085872261315241475073713081056370722
114,249,14535493093238507887541801515112112,110286708773662436663948191071617929827136512114874101643751738022459823964052
115,250,23387361307894856154375040114558341,6622710481794047519139749941975049954032863130081214226322074396623441668405
114,249,12987758373079074032200498298169767,101492129952392494667874519952768300836237381027213715510474679634717266684146
115,250,31896888330369409977705226497730587,9407145801928208625791829872796830908291057513215531321758953724595553578491
114,249,15025172750937982300557621572336812,20731982148602931196219466063454564614554107384376456942492723942774539425213
115,250,27588302930588242293349676651285942,81742946423845334406860419644779751619465513527420646116370783228153379481875
114,249,15394191766125725609323901677084125,52347252714484573176961318572644438780458652246031975402317082971582259307747
115,250,30642412461796630940903113270876628,14293147973142399997857873184130654863553623524309508622883240845941905462197
114,249,13067367312840221267932803103949382,6679348790112283240597315633670494900442682632380017273482753251871272592069
115,250,39437421754567095953845291785647621,115341358166471690298628787589177848145777282393052908426731275631604983300444
114,249,14532931260214619274520607534136483,107113937433505919389104842237397516005366768120754069863736114437810173699519
115,250,22569479175127729610825071602230865,81776400681015511025872768660263200137421495138864033124560298753706885461809
114,249,19228018795341925978980320408958271,20951900133728374494764168168700883247771012083016825825245933306158438943108
115,250,40500068845407537796273845543362103,30242441889433254144986458542597445247472756558738077395255593434317704627127
114,249,17037676802717873763306919264540040,20105789566869786147245062963812841178404149660288477142025382131407332245720
115,250,25475687116970933330009261598686194,26134779745797185845676170230346757375587030053715843679027111711308962137946
114,249,17330635570626028993512123605906736,68498079947338201116774214893050253942342771505409703918557752402303998921907
115,250,33867924705755144332832389150494404,44646411356631549742567167064173120508629853956544023843888550444847338600344
114,249,15562244957415985630404449042849693,21693351545633775121674208687979016239128476697452170715454228231453291364816
115,250,31029464703495824059901266527385416,93446005789702043115788664767147528866931864329436339396327015575053372771211
114,249,19522946398084177119414017284819160,88784867613359635699749373451339585567261424523507925112849810635898546795188
115,250,35027114694580280689873763414549039,73516534158771932187763461391531809738690760838499878615472870969836486905405
114,249,18447111569487816146478998481527148,81289537132159400647504932997249812719069162432705311328821753135451310932725
115,250,30929798086559216780238172326928438,84149028618293022039944860130411867132648632673354025494156059525754595838388
114,249,18527368864046263342868105498061342,31143236273166646068472548962119984975900571128462463959026864475821402738205
115,250,40449215593502026426553194542872671,87226644630986362101845238854785194336427741986556594815872553143964045805310
114,249,10949953391990887994795878911927727,9151858571982991131451190639937636117319486986861834344821489950432213663844
115,250,40935392237620392471749666867340597,77747542771266573429663555162171549744007698368253561776775795379892779004230
114,249,16588131540967525800471747565316386,90789195472238298159810960587430175964664903555255290066428435341516111778915
115,250,21518219661028944067582320990599057,12155246889238601942344670244469556521842088726855405168461273281798731988337
114,249,19766593488098893640163977992874839,61531014461828881552482120423418988784400058952778765132742966450969962576874
115,250,24383703738604745404872845113364315,92134324738692897185217640055391139932369276261307975875518654580560672521419
114,249,16542891514230539335458634617632808,17607603326048875436305187479223522877022345195952866073719772097532979329785
115,250,26576934985814658327675603534176036,109024388870747985593730451102434772619892914869545658680922031173325963491865
114,249,12114726224214028539515584813671550,66085008302964257498590206407331633298882106365216295204571495545230023453144
115,250,26860340715556014962540710430819608,83089948828685745081479767256281612492324793921606714418764517518807146909995
114,249,13427263319294365157938800642190215,42396619888144573783270753255977197699777018619446949653208625763669826625805
115,250,29994552652557975500079995680920067,39207830183121995237776396230167399089253255982415385177610626900979204535130
114,249,20726806168765988088575980095255435,113343359823881313274277774676985779550703793524408779836418077062559509492457
115,250,25366120408025830583839386383339511,2927234092503640283291963036318031480024639568797250570153923287742017309801
114,249,12954163435525966319105030206048374,44884802744749289444689384242092397555661661624033620245144834159887991705917
115,250,28394155398647917555465167961044038,11460825661200262579500174862457618055696110758456985240206321327703829284741
114,249,11267015869293663095346000088636087,18514989494196256305295142105517697282654116672617808768086932391192775394473
115,250,28046884035241317950305078853321922,31673288394147953606926074908673076844535774797756505806024874530944578338788
114,249,13508949146569126756913321252974663,60424063372527173605228589964098934227754260023951738418458870671330609092982
115,250,23478252736899095028725397962895747,37238720112507561636610921460543768504591441025908271323964087114434066207303
114,249,11946483515336474146627610186771510,103429593162969080701340251565624638202489781988329474160906574965603547819704
115,250,38049687657870378775471976997503363,74897294957890591485421845699148054859672043300199686326840869393941092185854
114,249,15756575488757642367855324063335613,73612047113927864919043755075059649893476773731160861715794020493696786393728
115,250,39052756114352637488425187940396294,93454070174578799861466484862990857562769784265341154246642237753965423665945
114,249,11319975576993554941680749766359327,41979791699257403611351536487965998008036375531181502341980970950797344378967
115,250,22877676291091926210138297721037009,10685722635911657508063562534824633606030625613725003037089667236529694687844
114,249,13669453923314975237842204996778942,19649643736779974683917001089000297401962560315424412194707430350357712452715
115,250,40284025106790978647229101294524157,66009762939474873648196979657251512082197821276627920534286205172140490582098
114,249,16778227666475632560200164377592158,103613026212460555144722838340514419404519779500197868095141259947311071023218
115,250,22081193154018583814595782305606362,68769723387623787407015445262686404514498348582535562419427272448167364158526
114,249,11451257444707280946807597289084958,83022566476488315317647367628522207226327482083019860963694184554396006868665
115,250,28718687342228447246409027718821087,57437907668083281020895046252334315439484195965159841529142823288261810831094
114,249,19909326397358904646008708037846112,29245494875239286124774383043856942624633509139156842184442587424074929457738
115,250,36332965533697481926472497080885714,34925954372008370540483916315145682021719100082288191200267696775224272281652
114,249,16330081112575826593289043190782933,77731045561450178875495485135766501441451019189977823929757001103260480767800
115,250,39622588644222865535291016598634750,30497238848396954356533346205446908687763542833803985346311657572066291223764
114,249,17908144893586830839182503236647291,64119158019357684826071217638372833778522051900016761008652907968308740987834
115,250,29539038343267472033707390679023181,91685640614554986218777871005931171018899255222941505435808114098845061589112
114,249,10850471361423908608574392267727692,42253118053198948899654060914878676356068964695959416843685033817061447003598
115,250,25718198419729645514171072986796013,110039930277469149855830936096732136368964997594530420904607880782319172698172
114,249,12206119962658613676883614273783715,83099615517111083232749248516060467512007497118330901661852177213828454344266
115,250,37721952654823087471636026547683158,34158997947503939606969347288121495119125993434761318499093158855477732629280
114,249,11829655018151595141341171716261883,48166432319530937023583581599106864291295619232369377511456506946697761071454
115,250,30918575092384044199512686704742427,35681011923732452218421638067477886575256286591799660973722365867664009021256
114,249,10780599097404522840091198920429002,77229977520313993298217444853528455283676502903359888960846256443669825186936
115,250,26647136830850861771220841848664860,11493859236399087504637967941768070583262420046283729928933455854555304866918
114,249,11740438832587120119110434285281948,90033824015965421555366100330607234454204851608731460971106616833039142065072
115,250,34998322496646169470840382105650983,69555054204954857010401373822574668573281324925220387176873976132668000410884
114,249,13605941118674509791189219604005871,78043698786760636773079515745555473342740074717226914035674423567063684261079
115,250,31383212358318450458361792527638092,27083653018167962147405915266251741688093220634725136365959881777092865852413
114,249,10471008478841005975032782513051757,15259101451807043459634862190210913691681777190577466658996118492847086322092
115,250,24379925507747145930500224663596630,41405228676276446912554076507180252443933820375300147780996194714625731824405
114,249,11054111055370058376443670622266407,19649822662471552007195593860080396659378100425617189607581545564821992187457
115,250,28310173614998514462374972940737067,37283007384568041682078708266287672298433658644510438219718015442884005576528
114,249,17058347052172903840556501285859898,83392354943890464307855392581692498574336210367996000507243559645590046338002
115,250,33634754076043794792183708625291711,42999374720729338548746073543079951853750674772021752403597868017172253419782
114,249,19679106881960070453992622539498019,35437061129648847016444926911570735039803734049173044273949250380999102314974
115,250,25835344326146994969237916477531480,42943587225100831496402979309841027686561419150705522562169129828015903152533
114,249,18267564329841655716196241096763376,22926640089825706460430001512331705535319983058442839101795337561202714423353
115,250,31302646201184628931144358585206746,99791865254689811738291656624449121236905226016919576471333407621757808581833
114,249,12730700795094619543508628354523075,77024880249242811178753200709819372016982334834758261400745266513548621374061
115,250,34325184436743450046660453035708773,29691297955104917509655836201201068762418613723364316917193036549352256992914
114,249,11207261969406278658570935736479942,56739653577326837394838971219128558740240290733933392124727614447714092877800
115,250,24851745612524298688737865976303281,38870991771511753990144812675499267187579640484849618054866440573786928556337
114,249,15325282644061166049163983999714055,64396816856428797900129126469953652223697048435967420249076438796613409707933
115,250,35415612565936097774080113708256208,49702850189490923869713900823637182699175257672829957954950694685836361123682
114,249,13017537214862047970066634304110687,42002387559142495802605518553640460987393852417893222943945922020137593322673
115,250,32483803252394556774028344894257437,24530442509956431769818054195660046435918071228054154513905290830587184087301
114,249,20401581799538277094316817489772919,109544425248385714026546999056874395992199278177819527688483317747864363198919
115,250,28956140508024108264064906189393676,74960085662866025928158425172261511175171397776209039305025606819094980354730
114,249,13148152993404318706138860624574826,95587895856283747107628212660139236613350485666079057314422146617876510124077
115,250,29340559622050260652223020982615856,46493033238529145662849941594116207682904346705373843008756457974165093698207
114,249,16663135099362808504858866977934228,3715532982901343589443731134863024829459083194057088329910821638830576814598
115,250,22852048425920935273900391966062054,52234381536189233166254874892597623390095995693526677437937350576753155438343
114,249,13773599189152339804842853825641843,68137880345395676461913960513471797628868145470993091827293664658914681083089
115,250,31090454364144458703480362884264893,9955667206381459410066892145013141407399829517645215167395329886085637183875
114,249,11638896162980923968843010666625412,10694432348311500868931855458661292636455955442735217665505300642610434594441
115,250,38675921004482347754935603159816288,83097462525973546019062975742507285150240755277469288252430491563138896128577
114,249,18194133318779030747707845903142534,68110503600256605811136696169475390409166514483109797687390157067076902497787
115,250,37813679227252611929459238630649085,14005647598956769985559211669593862244110327042745205061698996354090374644837
114,249,14577990342301847458339548734782292,5058156944067733045646369809322781986549894471714603577020188214205224735131
115,250,22596107464775729558820087424459485,86889156220686520303864474236854429141871945605221773140394016046833433959988
114,249,11382277394448709414613977061513392,45056757804747997951703130545576602715422882512214989783094823423359742782115
115,250,37186854612941686712440423832292268,50108558514185126655233740764740227771432711384174285434894272351571577326384
114,249,13587974407003218958380738581845146,14116688448801134215709558859420551564185816177878131797746825625119617175379
115,250,36409147990492436650585138129072980,20245674471008422051093701448687956570599335069945131411956977791149845801726
114,249,11936911288874197024687480309461491,82403028725395940070653429278220357882417666028270340944804451908783861607166
115,250,26529390230077043120008465439937592,44481054104216009772178342503117417647966037659931591724984358470913532544330
114,249,16025743715981135628807076811143758,6829872099392195703082148930833396093856156300741239031334606143036995738295
115,250,24547740256727065472003361689510816,57613817706802681362411144076975655068707766639366734652895032938302277460696
114,249,14741426083417286922307504448123601,54019724228497910605490702733756613312261054346802196008164509977546274448095
115,250,40102609582658566678693668093339305,67940572056363649191926908082738726807323706346006746882041820117624405722227
114,249,12026367822343505710711031167822849,95244552727880703886185992133508066066722041368449018542957383271784100839121
115,250,37115246022184564268319898661096277,104941664044241004066547291762246346398986215773708903340232295714370661460372
114,249,12465658037054805448730820292264046,110022121460059418476629386113745857264131904687068426905713623041769405733589
115,250,27373914674391148111435234234410702,44441806615618392082809116047384456962718376428266709498277968734803058201782
114,249,11444975426315082878108291267704198,74162641355087997696048279668692232581322466888441266336667908303636887395227
115,250,31858523906962755832314769929720870,53359022790636990311374275846771348065043855364033478462825478317708002059868
114,249,15885225118670523028333933571418620,59492905696460585869811238679048953070798463541388970352593622314558772884836
115,250,31140994950051911341765246173753864,4732055572390528396454454064610077110850043218911362232285127087654885844817
114,249,18628811038358820979304468301905889,3092304364757559245748392025593922793049877508349108379404387163264336847387
115,250,29554013239525683738481634474742765,57388291799047330340334097550282668582960592121168042537740596073704568874308
114,249,17301411822372146048371168065331904,28158602266571920367855651523580498697115307735499512711102201411417876470211
115,250,26650271628926420056521077710160936,30147691671121590673304265006909972015436310729861946614629297389731245769628
114,249,18755928582912546147784225678976077,41085385697109560942844242561507712821636162558459743663028687486248383444730
115,250,36215395480611659907515725224525326,62227323088999121522314614467701316605354407957540615063054621040146217918335
114,249,11259995505361605105342313865009069,86769017795018715956863240791885022982399709854391779532988733953416800444394
115,250,31243056436095114819369349428317252,87296679851255134728502609747634850067853380525219993895309678935097723179758
114,249,12690472717915842459779806656332190,11199400747995674489933782260719240084214253596544112509942457147459505307111
115,250,34085858005522949907777778743423125,8973486735573797706054971209949442808318404339136995930615338775682308976473
114,249,19537243503408115700858424974927374,101581645952981784378027084773477613737900220148739997195133340550662642117792
115,250,39926292138306425334569109913415232,82855177641012248644356647923816999283868839661283701622820763823201371832701
114,249,19959143555389093687268087853121607,115112506745246736813375445237368751495301632375032659473826312274243790287976
115,250,22368518921650655660022196147499338,56489650387987838944743904604930127810936447542252972916042800162282684422986
114,249,11070324457876886945103681887393954,113933751698285344085348317459555672174364455744762686366889637412610343737930
115,250,21027944177863361965442072393901048,51439180620793266193816114654105814276200687864206575314876681401317717151037
114,249,17337494265635707035580487745044587,24430813789313525231988279337866192062891396223231213018892647029062688452061
115,250,23126334722236274798947101943206339,74778320867735101512654720652630529586811519257976549486375713479451412161589
114,249,16607542686361419245761645315489634,104069917689067006465585622000351809647966707659989584324077808081219746806398
115,250,22048048899465543419944813269922537,28501697532759837280194973587262202707046139841427334751750238373943861123367
114,249,11184273942133700161937153774014740,110771113082448828494625848096630739905017653252065964670399735462911720349980
115,250,24625862197177959921590519528308525,85867723047739538739406176773158644930353084513232263286987737250869044530759
114,249,10466641325621303132587044228979090,80423968501985693051700864408083951519941274333905356878645150678099937248913
115,250,35735361659857450393768324685037250,88203597137362946958551455847983849488220054594444300629026347914022759338120
114,249,13819709951566747756277539434224715,86358256391484376056346771457616989912060785443508604568085277677539349722278
115,250,25240363124123977416539610946242672,61838051075461225689729703104600072808245675813924647328773928826983406701487
114,249,16995967825295363135118556897140961,10060616112348067686266790028941179940132136806875918805726170953832214444349
115,250,39870203823333505010462927487155193,2280173311179016489619029488701178558222685925305617429692461331405906102006
114,249,16927394841837773322318043999685162,30999037460521479159409409185280952966745258431062122449248448770056444909477
115,250,32581577947395513330966929435825485,72312500518418657550469115547237851855918600627345610450041430548330702019076
114,249,10877657950227139629509382334420205,77209689137109436785515555072542394689996145487294640994402835120719731476930
115,250,34430538894487611934450589534943073,55464647836728881515531130679063477353939986166687619041118222168989392348389
114,249,18016099514197442384532068719517988,34791690214691837293005218602356287717300848275986585121368128141871623726273
115,250,36136351842905614761543848843319955,115597757955693347115500849957682127344786200084164639782011442441146728411709
114,249,11908593299275389331732824195886900,73317267107613620233842287942045781629135819749377158646031924943342916703903
115,250,26620261872501784306168502182566798,35903656812982689434648269873423727665186204896632429434892960251738179863517
114,249,16491686060095433218646424439816503,11194531119264790244273985509962367429296882123016562736122660125667142133012
115,250,39736301467030216109703250414227723,4772056213398207614363129133471779244047726597806683719695767106778508175063
114,249,19997155692388658933729779015200717,71244664222108708598351064385020537924186011467009381264346324446906059240019
115,250,22749775420779701365233078927494115,55231675589800698119071637711405785379519375653140882183522078258785058922227
114,249,20588314088918416297087664118646191,37653581357074833587952431585726778462153109236332280194230631948657799800647
115,250,31017586084692192989978538234873336,10597022336593787608520980290288991415638542858711240586490159509812108268685
114,249,13211614587242785733688226310832298,11196748649251283922960231403937389346629274150823439311901340783066405381724
115,250,30124501739216312235895734509640988,44753894902872311663890703546941098908492570559008595221684461319194134316090
114,249,13044358762197284458204527616559932,48203122704346829065953965523030211628919120361324866904989780161899108585478
115,250,32409180476641651455254819803776090,65740013686998968855733954533207852403334820798460117623180970130196947090506
114,249,11491765589598245741056195166812367,32626652863215894706423347943345278256251569551421813503754421952116481004513
115,250,30980895393823137993001638990343770,36791624566771572209011580333375375999716609597873466709952310451151219177114
114,249,10843411633000262378036967904538771,87901732863032092807119076232365471517722232706967654348451665363036584957171
115,250,32166942500029971670702800198261233,72323082646689933801111035478635371768737683501489113286403434596148102467838
114,249,17331206002972934827709074517937087,68324587349610626961856669754166770398278238312684062635842836427633256299916
115,250,24784491909203505511128392915931069,33507559183760461167524300292845866981034648933821945527201719378747760157236
114,249,20225506708807057217656403197868403,101110968969312477698470162145202367034023501267752779887637526940774838794057
115,250,28499971495978624643023642660359558,50804890228915176036581022466194799624829230175733430448551279233028266057461
114,249,14566110359221157087347041592109916,102983277984355371447785742436529761014248276526094629336910149188536499972951
115,250,24063073912716284261549776296428911,64620908803877381054887845206180296249590479077626431959183647859374082698400
114,249,13205470306856761670027017579630304,53641788155259564730508220805782510847916315147202032765271974180182007149940
115,250,26808862115694327722120749463946490,94813823745417385329644567126815285141945039213921613428381128746713664352967
114,249,10678306364251680303421844737037272,39648871224682395576312722144852654851753713724625331750904575919961377945179
115,250,31998355000533157081674438585457566,83051815804866603976942208557143253972481517707241679124987073100524640399438
114,249,10496200097174319803782563502269240,61844946909549127877753610634426412785409234270227456880349319869174899568630
115,250,25943701634792034091895819052075675,78704388730205012857838641287939973412569557409204917962429962072276657623535
114,249,20097568073980653868970868101820167,108055459651254734084123615065871379769132662000535200132349189313425845572810
115,250,21959031355060880424786701294602298,12278633684191577285008616113153483446064375144965488917896634959217829843577
114,249,20265677506000981598115903564242615,61022426978976556721797258279584569136662467961826985514925656490000680645650
115,250,30579102109037485921610565103975600,113397815933667536473848620767096651994923657677732672494559320863624103353597
114,249,19677858182150731380846574280390304,65940123159048406180273959583923428855480339218401121036118905290610055501589
115,250,38282889347787656858696783050636571,115575096291782463167092254849229098351515905685917855322749190248324288353618
114,249,17211190656194300845754038977362145,112521678396949065928634514791918457576355015478590587061610640411370625923153
115,250,34800066592039882704343422607511818,68008680311297101720456885997506507256522291695558284435102823944988303087650
114,249,19638159958233071723521172396195090,107629975729490879458653701507056817133874102459913376758062105463296565468680
115,250,28875833917516042769025765591811258,63492417209451296399406662408190651832381095374036459772083818273341304797900
114,249,18949131437345398732414650520287966,96426893971198560762234927331472208575887125590061688712565274541676360842029
115,250,25903992909531539550889445714736292,54948246582461727323065101732702635587827136723727068536622466992229437671363
114,249,19333155263358741536400708357682965,63572117992343140616664731796509996223587065756918926926874913081984972900539
115,250,38651978484273980803999003402430587,64020760898713641047657462852153494870991851465486899261739000834396780148432
114,249,13219272889047665449161961173032263,73035940290244744622846709439975628533384763331568222619189724459075861998647
115,250,26695637555440255797068268559955542,68874955011584977916390520562129805562103651491632252951030609177023703998447
114,249,13569934475846600349684111590089522,96679644494075977060949626366580080218558074509297705447140740353664695274643
115,250,36783423489456661111285841199361753,14957317589966265935595598245782728913313291374909473791153637883998673859956
114,249,20180937381717327043179509563876025,16334886623886091262612874950256771533137141320422780659478965588012353415453
115,250,22670470619912333506856980628406821,69108778914678538948102971582525272187547254002107880331857310281223437922700
114,249,18311273229327986867180583628217782,63112690833289262384214351840387493454678109779587213283765652080752790893977
115,250,39213516197054375936877937258802397,56354706313189349660096721186976741028670314807826201023846312097222330135659
114,249,18659524435206689792236169987803499,63180568349236038840857485423138855582216465528691468229365916907759839527418
115,250,25637507614967054019573886699112003,113923163614653126616104962535196148472470973288950678531568609638314596841310
114,249,11824658365047042348945157159475353,18914108463787370423660950756815566512524846718390520170786517469084420072105
115,250,25292159741165050000998854135954541,41190032201062142670861263733575788654486285778455405767947882957849197990952
114,249,14326889274258908460354379884812293,12265067497411669252257908876284008028068252718369772788252021637789396217057
115,250,35690159580884376622186121918559735,54955635000275373669524492965428848380906345284437491497874558748383023212897
114,249,10533992395012055079552667370452424,11045381186320186217440370430187689623633347140683493526600455350126391021578
115,250,39670692539567726556178736647578535,50335404115057448236433055911054505397075122356033359442284219917074454736933
114,249,17761816803604862937075064314459403,108387899830609091114087368678321720257826545663743974369625754578209456964284
115,250,31864355170384822137696324984553281,6888972730616659951972363576755397150009046618633127268847789706110951251209
114,249,12263150099462398429903350354375083,70697545698679613875530407049804683988659444919665078948084523521958364820120
115,250,36859014681936041388540200445159628,51361146249168668159286790770596086639653681888851863607572592588348621976675
114,249,14617722791878210356605505479502789,58550828334463980154553987801301673988787219255325442429194591926204547358173
115,250,22798250984199402323534935549275107,5022174588277097707077098152990461920408943921865755890082774729748444437660
114,249,18543216720899784031818466667096975,84836137799381045255309329504854448222522438973785942283948583303659515414270
115,250,23530777067196894195854264185612991,52568306192947776258969761132567783314520978570562535949422030778998540047975
114,249,10607877771374578953286135719124566,102349960791837936963795322343278364312255820126714030614993027457196487359145
115,250,23511270512556012515825739761010634,50836928657699498072507733842106757517502706148541778988993822133266034083788
114,249,17211188506982870124456370912166977,47336774683725130532329806105437646295429689447638112391630954048881894286595
115,250,40034362388797256318654733700724208,75123112544908651747065292089850544462882529893018913033453648654451750400769
114,249,15811439419883334703410209235561457,51341301729184839783233480393651033699657488031360074930316352274199794926461
115,250,26575625731983127458410672352424978,112364822358994572250533397785712585860872650863695272943731012422217889390234
114,249,13351646498723334266526486203123020,103722524648983276575872777883191243083816867018058558119432237540137865368968
115,250,21294925113799533330555739245042075,2660300252522699401014505431672696301192588134340248326520829235504201997451
114,249,15999593666620743157118665667893359,54983314465290895524180475470987569133916370700147868139084833816959142228425
115,250,21703588410111579760938877957182475,38328702546054592448317235609458217413593851976568360653679731760001205931923
114,249,18862280556280801872711771949255625,21288037587424936739522832538699683458264860898407914307009364154527378119556
115,250,37485341815248402535191825055294868,53761145530976355528147189336997777080235300869818292071067079597767942841207
114,249,15746468015736576485520761678828493,47483004627069218947233778626572348708030872534021225824002806070554530288873
115,250,24451703638482963636901475727158440,60135130682043025894250464220389975188113395426424164540180975826350452403021
114,249,19776391990016705159952606360267734,77914356430227337243926948327427210182210923764871773587299294079531120481610
115,250,35857498199883260751466873479455498,61651385118215404920611048116025185111122923002227812446138649494213339479564
114,249,15554596369276548663942910993238044,38275448775122474415703695420930056689482465961114141848992436863225249975107
115,250,26618248273817074460022009452748488,96852327003433537543057133948122049108341646777402560536392064194615397368216
114,249,11876854912268646758271729977138769,50773874165840341116968379382596464000371443724451595082054837235311124214029
115,250,29342711657243321014369710236225504,27594387942362947984829053723580338897845977321446782169363230195701145634425
114,249,14088476043484168256877706807343849,108598909389860729612471631950626560798428355068208438751591673893178075367334
115,250,39372049368582170261310978792816991,100875781955550475084803050410486025911616298167782053037125860080689632520297
114,249,18785562712565134330250604616537976,84697176039995076818664185622577632458931456648129665630603732132218093555571
115,250,27368015781363676728508659830647042,50990276572722544372916967327062002065948678429937056001860451871547936364806
114,249,18182350896833138082743404446176702,1438068765542284536275557631374650277676932391729784211650145414517572745341
115,250,31733937420584378084374528130231144,85894520114535581581862754994876432867430513224451322850480032599431469156061
114,249,13436257340913638507737268608603294,16648449563153187866645707843507527082387147469805416091935373180897758495477
115,250,34956101998139601332887507499498782,3450327966338439353173574599185554470828281709743767361921269260181624178571
114,249,10667285491486728447123777821082851,43140919334127795364954776077327229519464661629128267551541038285919989232745
115,250,24703747973900081135568782120632084,93101009265811496437495998071246437007901485433870611178771452208502113264283
114,249,11862433675943636771465690197010526,25573987602572742640372392980209492280279422712960097738836942410177506550504
115,250,33587160317191387074853142480703529,75695152182360865494543360332962873248163511052547599484908407611916191881530
114,249,14133238669316709700844785420111876,26237737784225075053058814725658985319602263604560096734371392322753526498228
115,250,32268584427177101359842941337236041,92174032434875733599166547338793723037180504345356380920921044522714805790659
114,249,11126271994369053199228171266514370,10474498242923315328976181513316492649188266307565143981242149405181738207179
115,250,35651641559357544014616017304169236,8448910131590655639591074902074499031060111579485761719788917399024255353811
114,249,19361595886654646513529395025649708,98808868646099782570497963363415679921297190889097567527388295752652525771620
115,250,33683730836210016437130862210155469,101511340280878743000693534030410382820741716326719358994604654334010557466861
114,249,13173281195044301589886596805080499,114612285526097925316179905994723504319207739130143563565475547041275891546980
115,250,28292686102976732190606785637411641,42409864733833749419881441421715602152304087913989928955871028720908519437716
114,249,14810290897377116298274035859874749,19879251054098340006810786222686849524161450328121256608086041783306008122132
115,250,37498394320009045844921542566493427,69356953368387744025964304692297864943244245438790282551813720794155396337680
114,249,17745958429840321261242939820132547,42715909134748316709318488521388772468263852671269617899093148765011600159437
115,250,33705449044665758266181556562802485,103605492157363540708799388652749650880676967429387616821370631228356438903686
114,249,17292316495630492553214608344130368,109283204882802798741291320680513581495762148287621974923433226118571946337969
115,250,31075504739517101557571746583158675,2360440618887972505458017076879964580352286209786088572642055858799251635202
114,249,18963206563503841979522026014818192,61757476862424374963606599186392437846895905049697432503481633395077059729856
115,250,32473311634348629435945729239512345,53859771659367086759932012787569587422454147716920170963474982374203138401601
114,249,10801568146097594146433124121744688,106190020284161059161629802414322054852869421771408003532832071944374174448447
115,250,24618765677899332509613186369821729,107858214308907079310608150685539775453100640115694895986797015268660408669485
114,249,17760716594333776823578611193946832,21348154627774284389619130067532712478074656143546258337211174647069121215368
115,250,38101879227281555870238405670292110,88199146843074369924110081368737538229538389053861761879881565263433811296010
114,249,16990691147800644867956622250769456,12771672312478228732682496536967957251830467577421250465270974073432199223306
115,250,34162260679764105923885871444633627,102956255819425583331314082079919854172855056110430362703399587966927906159155
114,249,15565693198141487915229146428109062,66817318165748167179090420270657101227619873721887119127204451376474732219508
115,250,33073011987045815504988670820970614,35846588680951654555514284975479636658745650185045279661350813936828695912496
114,249,17161234714782023673074813289129479,10535446314683990243864443881327374996461474805782105727144111199313564814980
115,250,39631416016293050362797766700453472,50595531025629881899412018111719587080300911849733212993981122454108502623677
114,249,11333130272922312939263628422262023,18461366448416882910065512835676009619959469123811994192247600435966471475826
115,250,37513255983242919134917148186597413,41553880033708964481985805154859220695514131796594097949582850563977321627514
114,249,13631848493926999887405018611544900,29297343454434320185315120747997329471819315051095174331681743584499581186704
115,250,41121021807265406105604732757821915,38408359562761863740461851977553208886403559697326947554262236956769630214634
114,249,17461651186377949401422308615454004,8229819602908738020480815069055501848765470564880931856862862980305129545700
115,250,23111858400791205961583427709956593,103161331800018058126367131308767237152412662611144591111832206355152704867516
114,249,17724436347580850752926097774193483,101714655692984960600089768380931830225169601612748110936803176396303147622030
115,250,32369471695481020668309143548418006,87600045360692931590535276979268625606093181126015959995597389568844475569044
114,249,16385007653340392976243655436131641,2024807067919506940511080430801626097345150686790477700607619548262767986874
115,250,23605448704557973826508696852666783,65826508350535167284212938004168565546326247517217608492167109768160946019903
114,249,19173583912726236428966414286776890,113275471670597130692734928892510837707420779313414527715340246444282694519415
115,250,32481550494508961996046735717276732,62086618963341138036805798890294039776805567342266245747471600103322843866628
114,249,12855710468485763630096157389409979,10273096683906524006882129243678118700894144742559299994833774701613733136280
115,250,23058143032652299416108573795793396,54019807192283501189381713712866384042639983588650239665640968972293853554505
114,249,16679364920264330428369288178438437,100729480117801083827021398001840569132380436657587346658025030067513202570593
115,250,28829276442409941535034590387352272,77452119181218481596686049733626748928879073402797244936079773698799937127764
114,249,13524550040569504790925068090987927,31273802879287607322431488513748851813084580603365517088813816008078804535846
115,250,33168742125810946694880741269880254,104874482979194410684810302507312180003443707433403784504779848974639926099866
114,249,20381052669524444233437618561551272,49893776772823949796105490760910087845559886870174645865679296668797198445434
115,250,27420686319913834486017333879408390,65929932021361870638870789853701053670877752185277970540727930509741091448984
114,249,12302311140404404736588791428695026,95572001902000878022200353377290925796554958380317185493361077296323842741880
115,250,30713240321966131900017306724040706,89779744788379479541127358988180610284077172622700277673394916262608474470030
114,249,20124640802900059899763972245135688,71842518840682111541669758443345836405385758412869374275926045068291043451482
115,250,41178970056667396849238322166162859,69945786619700741815805986797061290862113962548104230479357651834935596523889
114,249,14254950217002712726990356383615799,47291627386488081095153667857933705966223634594857051146243991956099221731316
115,250,28904812704761668755880879781522715,20285449645318697181359880016121113104543132180798800624779996680574542950275
114,249,13742758437611227390234073220852298,19103827467204217955749158587992200917213835080427029959829358956514681662434
115,250,38851443084459114878319722135193302,103044886923900115123700084442958408355535493893384144076749426992468064930315
114,249,11321869469386293881433297082854459,104699627296217431432334492641106318984465364300964347062921163798377141629175
115,250,30762517118412490841631503012611494,58695528000353675320742095017762098046912527713697460322343183803033227320062
114,249,16065157534231283172714026845538532,86375680856419746770959217494668543444751508012779059814834501553235303159146
115,250,21916907371630457421940110539049978,35076785381928567705638591726999411118997393878779709911753732682468310784768
114,249,11742866949630998959276821129067542,40370352873180371066143151768508673007810259542103905541478975760316081922673
115,250,32392704952715257892491150625854327,30516809498602742671294697597882456126492251320926744270920067212772020328905
114,249,15948611836565032688937226180970832,107162982136540736731476758521774688070481036080472151967639095912894400619183
115,250,30897566972107230170321640656808459,27448467412553784066360878130902016877684692044098130959279576158087212146796
114,249,13377793405534954217038088677875409,11024266875126429612632081200173281635937950426096037607124668085722405869743
115,250,40628517496095694968054132783149724,36699694095322082421145629498514482061045446182195100572468567343282914248771
114,249,17409686273801246898678295598059364,112628183060743988286493612901618173791906360105683016744038183327919336562147
115,250,35389417940584373123974539419047094,92346408959821747510672784181105063474918583502466755555829148881975891051221
114,249,14373123067020120413766778129684397,74960716426812913962984417860581571530143145332085626343706815448672222527255
115,250,40077702870735605268802118124338177,56578595850202270948695282302501768912623953452842857403119110440052320870653
114,249,20118521509101590257081637767714024,46957885993891930392298521179762498093719526026065648692371730916949730591758
115,250,41445726480402657462355727350575517,39927622479745987293679671571390639079177061544683275803566716025646859857864
114,249,16450901578786747048813072973394449,77307207274802262982173664633886887366778664925900597343017185620987704636673
115,250,35049883744155637160619661490337779,18768756695647750070296014697315455607391742799026631861646694083705401964614
114,249,14281040025513281738061242330874040,47904639490906055346067619864101137089332155588718928011760298231666094184479
115,250,21850997140247403786182771836218896,40378170219267420540191009098863351822049241722970664364838809757896484606722
114,249,17434147395606681385303903934686502,100747871810901955847144024840571981229565875579850215127122950260237376398014
115,250,32861734326402611948261452485702539,10470925517727333448466593260415517613520779239631859904372118532662571967991
114,249,20586427854235430626281291300615612,55647678882894887075210080313958999434678743687712808895183975125265487145130
115,250,35941468823440101945058003272631343,101692218256510865388941002568657756899644445778552794447188854707613696998147
114,249,10670868660573455178251859483447155,13097002949127097330942711389070249504926957048161714695649399808457836253637
115,250,38689464769517773818422794882415262,87271865282383759261906131465271395737005890538446814596188744529757677496300
114,249,20014548365594116374001208009710007,67669887807767910806812096901869617173537657056995759333351047357347509810176
115,250,37391315818555126754782874955067528,109966948533167236686774910079929445333912658677563659222014848564362468534937
114,249,20733429672627657855924613358852132,39670258156191947102287555063737273800173497814582602290835024902231519987039
115,250,34207276604967708386259221300911873,22844592643275076983954011868132845065292327593182497596380475788954957153633
114,249,15988029299390226516457047600732396,91251846771128149368131996541725547149386952202759549053862430315257155509325
115,250,37149143674496521181738067377740986,91803620455414886533692328708656647972906676510893889079712655248199387476813
114,249,11712550629544283686620925380396200,40976173925815359931551022911286272156597295143331536536430063563756477392311
115,250,33134608447611943713201623337462704,50008844438317129974796733056427808380625119712490514221664890748889465193853
114,249,18658908726758882397831424235150772,45920633713758398969224955444830373708763566566290025740629038522565121145882
115,250,37821963033104960966882576600680887,9859393718860843374906081640297102495881587841279804509744418590690004427475
114,249,12310850208319778274783723002985055,80446606538017395419799218364660157169068135635819592360003798418407938202333
115,250,22735035908001825958117737113097285,72102398600314434878413950066785091894086353487829997873043365654367631725376
114,249,13735807223170955912307918326105601,105042422112613559705472361962112928062326916667351039681939971007100022858008
115,250,30607382956032383327103509395880127,109026818801733782091509415800663914738778458548848310384634512112677330311589
114,249,18612997688364942175939066544505858,98315948182947030796233885453894400273278580084148145993303327774659701909416
115,250,20964210634441323100789591726256598,31265656382747937065470313963650183550496012078190675186853870110600616493799
114,249,17897791885496897931602877437587049,7322035930156859695872247661255949480299112168998682400403247798082820493361
115,250,23666260392926642171913163622627430,49603093379210953176615700395280195967122024494721979774342113676517341349131
114,249,16209199829316552532040652704697545,34253786053697047301800516930027710517254293466324312064595826547222494629846
115,250,31368594171038931131625270506370176,83290798573030756999611929806603061852025258453784105918253932256625076986711
114,249,16422782487774631417289587700276699,96070637119100235845280415030283286283709717970144061326424373539884724394959
115,250,22099227351870353271757155213389703,107119973175322720695192287742426132874212418042700386765756490314399939384399
114,249,19818426620900326494345914323669916,534065260077078615859080672484215003926567238692218617765767753839958613486
115,250,37017798299285459277887998259221073,43353816590951427857696784586052729652579894275601966300216513318693501948499
114,249,13373132752771587942216112093966635,90126920080076794961324505737178925753331773683160766147988719274191754735536
115,250,32111627441647546286367133880267844,27673169242173642008796165509931902588565940345552728310224974258640646005831
114,249,17129066196522359592784363796153353,89687459965088337206013461132273974151947463501899337047331628671329892845483
115,250,39258011554157942622034474513417842,100069824427462886730589267457193680299286751040789535996122663523752505010001
114,249,18345266695860005306641717407338369,32328539659339123318951235924437200243483655625573102208967621437821249995006
115,250,25000252136960633663204518082687892,86370525305797296950498496648551202316030435539586394604438051485275930415182
114,249,16516807502109438144138564492598607,103537834050031234081005856841970648089902914520360835149146665639630953956176
115,250,39124480550923789497416618416002846,99541912314460501315065444643318598324580477894450337603859795489699187402785
114,249,15310248723624216106166427526506114,84931623984028663570314589658959228003466886621231538505190623329276856948265
115,250,23809862361297485914326983357009922,58424074833223803416893367032120677929893663348795450366562211099797090513096
114,249,11166048046254734700984663364299351,58235596508878348515881426407756078486744616926635983286754199992095122560340
115,250,27556693730418745284013233624025704,93579258796093199141679578105472392708437299427162583885883060975593052713182
114,249,10408689643418388178709129920836428,44486280555948958064291344783208048351338712196252674397272688342241388082491
115,250,40274198868758543292642853340532899,79414960695737632342258256673318811736143232390554781144483399067452184140413
114,249,11861987858465453779466580601378440,12610182783059463561903786748246447434674227712820068508750114594058138685105
115,250,40193390372612827468797255405884933,66480788520487768601490124808633472259975966657228050661396111813348172894417
114,249,18261579884432398245301549415559595,30150450200229010920160914503117457452279027963023639938916736265335660994061
115,250,30273494122262995940621346906562247,111335962719962116083962623608502791210365052165984954849679546455092629639075
114,249,15026938829197261218742258102859415,92048410394654311182679662011691575255298837360342343053236591995731024537004
115,250,37097848318625118437128192309466991,44196094439506911835504254408777377294841307782089875464759403039468436345072
114,249,15012274682244776473597867388665081,72553721797662390054648845204419474181824336300942436996305634482476320499250
115,250,35597267661499848886023464208040777,103054311171813615813189382596691634956435050280362601924703163935446591931629
114,249,10526950189803821132353205936808623,65707181624828861046856342596039786480858718124533473307104749578704325069786
115,250,39562541702395036272046513071654031,112835100830100925862509932214123192881585475370706980900802856800014091955071
114,249,11219644039596679158187491863910483,101641743238567230084312576087467299502881999491212203585637304203424885901681
115,250,31627830266804688438390910665119546,91972188124376105420020323619423757763938084773896579545516721807879191104528
114,249,13746958402464111185644557356530209,69639548142579053690810372744723917227476236323377323474355709013493835466499
115,250,34737240517270743038994094611288381,5293320060886621377888112589942657979327166803118770129398648498949672599712
114,249,16280068139845464167366011932615439,78333263831176709897900085025991255670615969038865166338276909881953941800886
115,250,28057257082566833783625101877962375,99851103912399487249765167963013292770778271772777145853119030907406845230062
114,249,16270228957976958695900448911516594,97325953191837772320134538235739545459904604328593206063861544370382032073335
115,250,37892444743086561226272081760166994,61623612855030840833897612337232745052231018298810927134278396562747582719346
114,249,19435367214453852203331087242819738,114593688913763913871762021698424051591544978182555901598260784807428930150858
115,250,30720783455815859934350048997445008,44133377886830840387526834873922212156811808667939961421777226009474817755844
114,249,19034481521540923705663947031801802,26346874848098794363903636761839648308741790873520839533084725974615312935516
115,250,35248468809851087720846278128304447,37504474175720451661470600622254916993029334764064601167535231594720012917189
114,249,14479490636218481250204584684728131,97200399483639532303608709931630216562481726487276747562145555711111644033889
115,250,38196858273482940776846983174645413,12376520047738980324919230259242097915502511664560795799547342701029145817741
114,249,14542865606256654470367549241641465,6624450612926788027333702080779096916648420709353977149317251669346117051664
115,250,34636171687873846251225717647459201,70276710917190619774084528257893770767319273699804995058617052430399827730800
114,249,12863174442405187818914455745986647,8669637171367500964987561226601914892480436218130681286489212875706712384384
115,250,22763812498883693226155704706965912,54698789731200410740767042816540978585942787204658068900062965977185939204408
114,249,13830592985327912811416514548823607,71056079580319923296263284673791505370157896274880470904197710640432711807462
115,250,40216885498985499546458425436215299,17162851608428158406318739688215960066920478530485384297879039149604658731869
114,249,16847835629743378181908776569777603,18549662257457443462312652553653093040849727230752407178069159364919073920572
115,250,35179845473056713652331280206004453,104026546555903787296280058566197622991674856315851955329077192667508692925806
114,249,18317618904214592443175172081008205,48578425325501220499724026503699964036490619088015983648859578411855260681162
115,250,24988657149454321179110984025360827,88695231049904589173486011131907214939236136464339087258307255991419369451410
114,249,16245232947442739519515047084229140,3374841445495348143872644221972008960489883458391689127248107585296819733714
115,250,29063005213275073805593359044750428,20899931041147052528557745035008330348787096468909856179837137438398074115923
114,249,20512135564865798525224592381997698,83739372782493983939590541585956038766613787830606787407720304612994719830406
115,250,36335999130418444551015659791958754,80961363719493613721041144439320582409798460900301728292987163575326954353121
114,249,16313579822310783086448700175458821,37088411710563007161330158079349091198726923124753503074215372220669573606994
115,250,25074085182502149022712251098377340,95775739903044423852410204633889391239831422022345729487020040086019002873997
114,249,14049170546698617237715287534459684,105616216108249897254859855478893815913502597326170919363704098525112180479221
115,250,33992431200492643128608511562282272,5932172876093837273501101121398397670454524644994088850095368870073641755468
114,249,19114044796286087617607758247402154,51687627414673261655628857785882538535015727604078487658088943688095725383292
115,250,23066696187510827601314998336741549,45681351289192963442289218666277266497657150825655510578117587441437003748835
114,249,18556049203501853897715818933611695,90954583284582583870120294576524392651702245388381587730949180345088655611536
115,250,26903933569783142088785335049043382,35421314032455851291854404967847386119762587054997793489926168458845380284372
114,249,15228000060592285503184942488487415,17086437761528084928234747697077711423104792744309820331854622536244381144286
115,250,34487067415011241346657747338703975,86692292882334100362746163239779476871799036202237407326365944023969864206608
114,249,13002469105953177433451208491349063,73052369726094384773432156889516934435180996628535441310298223693858732873510
115,250,37832283582501330343453592978227322,52858493877896079093450093421995329224620081004619927691007305065126906153982
114,249,13246910669837094876443390083904142,51482702511066766718209248174177462921104401448433934589977389248639220858540
115,250,40091254580703733141551605671865881,52167204259110254362530623369256316399165531212713681088865702422210365790461
114,249,20372860314703435443745902561075765,105316745710203698210579054649163695213298795311410810908475839181819828834315
115,250,27612604106936260854719345967358973,88854432422328052887074160010879269649963013358420693755235769325703540010048
114,249,17093891589035761446059764237431849,7293038108855942286975684889524149882205939098122422616608595503243673995128
115,250,36724985718094898982741763737187765,2788882959428048503031935322647910994364811737459063839355953666721881742261
114,249,10565990170053171956092187945825738,54160388104020759338228093034207899166661584539263306343898007037317142051823
115,250,22024662575521751499218538177253338,80641936067551724706623868849244822100948946897837382779309373083694149421947
114,249,20186346855207973629730499935465118,66144159367810459352074132551689929398115980145577612555816180592680146620659
115,250,23518957873462456924661537196661396,7852517832079947890657171927099933896792845402214920457911135636607470557259
114,249,15545719155834304230261749816525017,67255599576041863174321657154376499450450589851341483841375471189972538505593
115,250,33414300738288140281689758473964148,35833693998839296959313034645741797674643744859862509499584579381501864264123
114,249,19102952116735142690796742033925050,37932318916091151719147837675683074989730318076851658008661804006155174015731
115,250,38527730816405278956672864699730745,48357560180971386276469467452884813000989616111672828162611655505314429012454
114,249,16749644671761526921262061980737421,84943094423596046675381995679526988734482645794593257035526168580981401577311
115,250,31540744334982034476464461753821462,60850766289302117325926371371068927137674831152513472048077907963650081128500
114,249,15774139015487193860727158053335460,47278342072202757795538223451275937871563520304961810010404932638882220677605
115,250,27699119112532854565295311030158383,112078878343141350336117625475068450268386166054064574297052918654472218645438
114,249,13858391160345425168941748518220632,5299080254910719917027559445608473760465756569357859409277164156890675294118
115,250,31080317306923536731147554270903212,20493665567578386686437448406858984935638275143035516784368090858416657384255
114,249,16602357685401150694835205692511736,22434979849853674701570435956700095142458343166233795776117914705338802809825
115,250,22436145369697137434432315164445937,4983702862124916821334409018056959981224723367113222351178786811518397580907
114,249,11147250799342563548548029148676905,42314674034889246571929457626669897486553803043375411870696075947290355340561
115,250,30005277541903671962703096050308180,112911446429403350917313507789827112138226812066683834813666808308647479615336
114,249,18244691026748383196641593037539218,300342423381836345387659830065906904322521748392343472832693629229867688811
115,250,40975215415784149474477908440674721,15062978807331392867905558775442747175738202396509626622720804852041476401381
114,249,18225570761466013096706620191267159,44922933025734449462605385902674724013739542490599263608336571447492933150321
115,250,40586243496892642734423223054379141,60993203662462503930015312035057983514113233901102295928348043260822806853038
114,249,10933103684407156827845200636982825,15154400538882083392865345368520920856359465761659509937443779737841624369827
115,250,24964678061337614106108033305969274,50462432207258127534453455175727209819883659809908613138293482901201100773724
114,249,16231733744526217166712668234194802,30164240869043332320535395651833934205084493484342700407411363919418955445796
115,250,41039438345989513114245003449392307,97389979217253497609128354652484314260078910822423606758017605234686533071866
114,249,12002702233396162232003248490896013,72472435442148708338173130874370518318916903451785560180303309458846107364390
115,250,21949327621695698523240342300835760,18879670326280309747694671714668105956075048987941004945608376063320564755092
114,249,17382190336891847724856116265932269,57473015438328521672918545459743155688902109991538396460295840046177762649434
115,250,40250741273809334688072380117753898,61824740213436266006370620574899110371304879462805150667128290685605321145975
114,249,13713570420144826727546502825234596,51003143162503321042172840240664993696528462196706372392525983173701379679585
115,250,20799152548117159850021182156691997,12588344385192389136961014058927039110763908166808991923527710008574422881957
114,249,19038732504981837114425021479485510,103193710047485752474679566147299398841401019424659580444536470891244560996764
115,250,40337212702454187621470124474781007,30912245159171836195849807908155493114659286537391570449727169092348147329705
114,249,13222106948183286903905601293705249,107378290880463356396333300511044565136726588403461398628465068473752859951227
115,250,32818586900413652894485997243249689,103269621350421478677309281756805590640826521226420799322976682484154127069381
114,249,15515332077364184857377144515815700,104955058582830680280102450856464389630206198853958721923479440200227115926261
115,250,21715036398060500027475069830798067,83510946622481822235156035674757054070857425354365730677484343298410472208495
114,249,14337241969896785638879504772145348,1947588424110753476071517848503717144863359696512761629510647236024453253826
115,250,37310647072101025477204225763091670,105769211408800109312544966919528470825212108152201646025655978112471240119767
114,249,12554927133540346386620401487934143,22450887945927310290960802821751840284745840713698093634769469653040710438424
115,250,38877003258214072912257305605714819,40543911295418240589113265867719303744116043576308909606893794666604025804144
114,249,16661782488373973459850412791112872,7535804275405105105664334716077312338764915584842052913414272226911906982355
115,250,28805241633820848690410771898643366,49909081624783944454096844548018919798190648586322810617155451934998955435094
114,249,19607211283523299348443433044801344,21723004214335512023172337981566259131135742853747757722249600809204129944228
115,250,38974660181805849130627028382623080,66392343176985238917807789194043784370532357957907119727705410386603798852422
114,249,18961209542122280420194039823862644,14967013288935726273582517508266994388912848309104570150721140183208163305191
115,250,34230167542265375106204818549679071,82420562366265483333886569783803127734198736051432450972983099871088319219491
114,249,15181889378011802219159039429929632,49604740018584208913129525515215734793141765564178182479073530485023886674922
115,250,21878534850323113547958666533459214,95945621781274517032282437024396937739472402845408898386403728094542836722372
114,249,14715924752955737102666704185606077,103309692638221700356525022421634706456908641308396624108485043799896365265422
115,250,36071931646718761622074661895123579,59623655486513992456085074600262597951584085754434393304749665457541332711421
114,249,15590402345275461726647184271455683,81301323302242158162824594628393598496808051754663595707395243821735969419396
115,250,38159691148665044464539479866997089,36128750594065328913464437407611747142420239044050485930090595328694617814932
114,249,19868292853988561093834809912034655,56524033470659882148895975325103737432266283687843551952283335828972769354403
115,250,34181576900308086109855109970153864,82682297819504778447253070536188963863777503070042758778211515278013126655971
114,249,20326557955772202115278971459981815,41504218074079309843644954097538564341803230057372459113188592049370441684293
115,250,28264589782000876062235055507719010,34234156785748440483948308391391811431577026122495912108464248085696080689196
114,249,19110740956185853097884081786358773,112940868615603230910831492571272505728215381686225429775580449144442999031424
115,250,24014523252098809338172748200064445,66881764733854145082005158655957604052935823622637214958887855340050791804429
114,249,14950995628063906571908236984957921,13519082420597698797700068476439976950207314604971301871948683196681199343046
115,250,39582963291739238377453904319470626,115513510858539051352308166458554361600967862198545026260151610737892573550319
114,249,19474377280788827608286679165162553,107049664704932331486808206546886189288147393539247190342295053441067278081873
115,250,28519393975949204534037719720743205,78106364975368984365086093182662887572446472480247138970831294127549021890159
114,249,15654797902791720607052346171267464,58608703651177335905532146241975270746713007684036276781390454943211829406171
115,250,41369809584330198625701578565008705,36776127687852344732169933681525871474877411821628137924320204383238779032374
114,249,11172100039376256479975745444843909,30242169557927221110457490942999797551995552757122250445855402608068985999759
115,250,33866812703863677589910294207470629,30902567570486712785768298836845379226036406114621833493694392244850893685197
114,249,11678361686284990461960012102462799,3603875589610762428972700833211777434662144529111748652027055760815118071854
115,250,25783372517174895244492365350517172,24474514288349170564112144628765856799612397254347240845628231234366388835317
114,249,19653155605578372187431618210063871,115702687689197798167415506993872740234054461300529667881965578101693749199703
115,250,23408471334139634109915175574455771,50773078610115749602028526328766118063541208248438992516759709128819090005377
114,249,15276466219138445471776390595361149,110928286905469214267752451178743696691041027881270117431856892005008307044053
115,250,30787698859061778998248253258712410,53404234875633782794142437564103552744296095012023009421948031613839284396720
114,249,14467983190906011357891087530378702,16283259358733496709015538972390491017723029541966140291593753377789665957812
115,250,37933722295865651552450401184424086,9887844479532719525346278660023717215105525993988523237361129520086088792339
114,249,15802245897402256801840217002910684,100402277725974956702406463088920319871130870908363282659105231241733487643945
115,250,22951161480995191323347570171360391,103449574012460715805328567764674507136598461195380480849251650614208152825876
114,249,18218453451680902249840537905343924,82106720578608574686763491524329696213016947120600966170366067254148851417679
115,250,24926424178736960388316289934090247,50772636708445496519986714742554617642404159577727979125639713509577168056451
114,249,20394502295527045311495028974646456,93304722941599091174371351875459280635196044017875517342795021131710690147817
115,250,25079855016194242993845479996286340,26597430656563707960305113720385173075442578620290146464493603893806885086014
114,249,14433990605531525594564605211879206,82718714391974807139768815696505348847692257931548737463020294067073840759089
115,250,35121561402507972532285425834928048,86568833452992463480899865871448384622898802605700033234360008365427516911908
114,249,11340834880613845249888158665943621,53369453922040693526042668086775938647468012880265146713840189552612934261805
115,250,41039577155379804415883528624381067,14883512083741102685135283012340017328478926856766561244726979641901330435503
114,249,19337321564241389987604465128333223,103822598676997364107474898051796216139831645682082289632324600290324558032478
115,250,25446060059192881308743815815732990,104495535017301123261579870766471646950323856298971247847427438861508808319344
114,249,13104025533538431462677410130380792,29649919828979537806777346186551458670512395166837424885316543315989532725645
115,250,24907504204853633956564170094959138,14584510647841989530779889474872354449357997754045219009199918871975696234064
114,249,17887902177581149191604379661733092,95048968114566202799163164332850248354325616978352976923080518973391240316052
115,250,40172319224475420839189462502510247,8971432114602231920254624637449588274735230629112145374633136954217340964879
114,249,12889872766421230997872146846289426,59651793929354018808180102378469483938527348338847389023502140051972418957845
115,250,36642010029025193486711052016047821,75571179251714038970781414101615062226541326780269694028792408348115045590323
114,249,10496921819032734171295796610872900,33066136061863890651366828505500087879114778388866926579997176317700350121824
115,250,29753842767267140214200796714760994,45165754713281115131674208163493161511734549739920231027110507416691543709852
114,249,11452451771300715496728688032899851,110762883935483436186662515622512356139120190653978778041822243284686846346233
115,250,25703299741519401349687594831905195,49315441356604590563655940012777604272500610956778029287291948112072312537240
114,249,19359736871852152035830282944877576,15365909329548583557258068292499395029439707919462017742407746184775516781150
115,250,36113914070424753639358612455764374,6076140030150697744496673112534507835704009955389839299501307031302619546264
114,249,20234106190047941513662887412683821,25423373539069395618486066051339714927243634455028495539822890833181848822078
115,250,31348465042393350349068431596210845,56898171680476315558768319962669387089102732525619665931222158171839803358053
114,249,11282110548179234086887020223278792,49973657943751370713862474592480027679801502129173849115103537003231500833890
115,250,32005338372478814695039264594474641,61244496822133287486847099691751577921119763055576336139435795842089097598431
114,249,12623236898850102006958734669237214,58262969007429895989985174899869043785061901854314667897812734973101113541902
115,250,21618115494722247077294980678733285,2852008561271283863934450816820090709539550382014478290836445461830375604317
114,249,15660489801727447091546420645945561,41108375584608459212488687375031465288030994627472729642754451947194412719313
115,250,28922018297751113423033653821289782,61342069467783773494400327552361582751007185055446633697653760881303959040781
114,249,13870324279034642008169768309738959,77895873903563912066349033521577445692419755766084672544928470778574108148488
115,250,34420688313691362359962660706222688,67376076070069791764341948752867887622611139399209374069168764707437815381775
114,249,15996710423662848492012638723436602,114977287753854886396738678323754211303602367580032764240807494051328456872110
115,250,22847386208362245471324142764145463,25358601413387165274646576955165514634832590002781958217946492415876249243736
114,249,12822663784576428137455766210995015,47767987819768433546321344173927682582256072679398649925199189298849585006451
115,250,32639074478043312086011992968652713,113131647116419476175880693322863310523970824450097787558428656334113211040941
114,249,16634253438594823825526856429963104,86455472032200491419754779280284958190166422820329127860654826041644358380254
115,250,36414290602553253966310884610305945,15126544886569364297448159430861242629927096335077676014023084301644577004301
114,249,18147418444864944238569324037211964,51174910350124104405372793949596544568884261763297984672922690733572420925067
115,250,41384170277701655334490825329312009,106915531352278928373858122840979432431099395254788556497349105392472131374768
114,249,17632754822269692187798221244481202,6878534374924382433630558324308427519963722443596875787747153081310440322329
115,250,37882145780761825145918641438817389,11719131099379481751596091153996799547540885194527451342153266907498165042236
114,249,16090657160750304131371962189868060,34401246368366697146189532201087803457349787919948117779755294995602711799977
115,250,22875857917416769031771843843192919,53441286469843584905572755632957824474592807225623986601629568363526216997866
114,249,11414224935104536198841570693006446,11443378437924415232693622502720830571957450170341876752316531987304302119527
115,250,29483374991106089997736612361662801,33737371523752808840431707450471630627103827895380334225186420383554368154212
114,249,15151200451922213311932885170206630,14467235591521021137802195575871568977973215512836682913554796618185976100743
115,250,36216817830352382789835936940057607,39266843976870151676500331983072737734899520126924332308937807924197124308589
114,249,11758877317860543317401522149482839,104483910480886880855843079578760090930728271170309793988778492255104081578684
115,250,39122081648991929427559187416464096,54292187230384478580580674773042014991978563655893732403765286512827155771620
114,249,19094648605769932251950417975391161,109019287412811404677906161268214076608606917765575010480447358912222600649315
115,250,39277080296896278753471990595644507,112554171019200244795017013270416440542704593769766978882222389778486090590212
114,249,14292523918397681416446960386476219,9875218404972059854018895753003982124064656692847481349502990144326441472101
115,250,29037122581791016122469743818663786,39724413965513710703297132021683992516727138914196808925659999203953620951458
114,249,17487546777447098672273401398091170,32726368320354803241888150435105978444450897035128774860332901083513957155924
115,250,34013232635133543235932878973472095,96168565467333443733295574440377884371350290901108594420350493826146771019963
114,249,20282492218425607333017478197557656,51745961793452423729956592936243216413023525992427097524655033053419357657954
115,250,27114732006038844412828413489908798,48599403313981626006812040555199608548783512320978878823964267667336737416717
114,249,14283741971669863606176917289035659,43363402914633537215301362039902617295057403068616426330398138130919175569730
115,250,38772627854122415564944698714865446,67352817719126317187801889498911943494763228408773450313762581767755500904433
114,249,12284279498717219180051703419918579,92806865587508762092850957537927320272652069804204862441798876613821518244631
115,250,24157750836661066311189495043039638,20509059001485149782446589777367649709014712594544826844326075368365792427281
114,249,12344277001415824886128787699412204,44502830504081020667453220491059588101528262294158021716751876450644485721670
115,250,36466695041833423334191674431442618,44337451423755468754454781534086451304142761863174334353298857153314596946101
114,249,18446402150245134351633303306752850,27675676791315231920254976904960198559274168334956191721879021772240473235334
115,250,40467660097627052793658150258915942,87786791916519681834167692142431172159816696045908576902758299797476103979918
114,249,18064607472710561304549541531223245,6336794961430847168303133604069638699501070319378725924743702171906105414705
115,250,36914675655879463160785024137379208,88510410933097855854057713596105347230089939380001220887701955447464172026880
114,249,17583310724089751027885354742954961,75386052043373697681791616409077928143615734565431951228975490845390947605837
115,250,21817810514102724725031300444021653,70361704006212530241103781434578657766042465601018592013821039181660360292811
114,249,13470425487243330441754221330293882,136353735383036212758240794784993829011267177599607251100041768920089876491
115,250,26741156851782876847396999257889189,46754677355157762001040342250428513984036297984260343658352165320569338193402
114,249,15241267701818927225685317413993658,50732669919773533755716299618080746349684062751498711300488051082784853070076
115,250,33272569093709280545395824694946492,12931603226051762735332826751818931668151581317562394016286363919237451426653
114,249,18605035241398306290270771279194891,110340728301696944416976163584827661639897490236959406828423209305568447424671
115,250,24472964917452497049450754486959540,109552009668114021416611898718310681617340241053515703035703654672979569567240
114,249,15959276043885196865198034490599591,103657423696178214544468881048933985752197952020099179814826358968081027450945
115,250,21364483805691285962026683837001550,47617675474947711563320198438434273385113931860229214131660901143933532561432
114,249,15141497795865562206105888691799662,60938214021139345680751277904277553549709040813937987315666112029485837413600
115,250,23767261146434249828647888256713404,43390146152101217252356440336468895599452341005898448840372985194827800217787
114,249,16766283669919905860496740786086294,28854014553532170086902271104928931529929251698640845318343314236011605651135
115,250,26040315404006037042486841634182478,103879293758092437907061481009216334562922100189115343888369023154641215199808
114,249,15778755137340125327657129079960078,36849489410803915607005646646313218360639018081296707988257313926943900395540
115,250,21185266079956879757092596654123389,28604309588729917587052327016727486713973955682487606882326114055339685822870
114,249,11531146577802786326789089540384327,102419599814739337600464263456448198452326926937551836629572059535312626158799
115,250,21039595188177881623196523095069902,7007336634844543985890289349924888999106353116537389548483655759169228469953
114,249,16726711854227648713317216560918000,16614562303303098696896897092524335330779288787318759521160322509235601277743
115,250,29282848769205940549323772656155862,91574099718499850927608249008825464527073667831904640044299372542908780388155
114,249,12371460493301146967771044775939482,49583273314263896761035133987205043344371681031204677401321309173690379096665
115,250,31750882171342271661870147907810784,18710440647595261724781389068115535160901364502837452640249825875474995968138
114,249,10885214014240345162697718450014849,55728695642127383555639268153624926052279996205874015461632528610475796776397
115,250,26452673004829465324007896178509468,32041041048759844094237601542758425936250297355512814269901487967497252140951
114,249,18876948679281452333317202904024375,8932766171979279005084130207735899071652769157019368490850532141225820671520
115,250,20772616805877026515258261683095129,109738198369507931757931942361076683561432088508406202009515417548487182453410
114,249,20685616399108391872626815382974350,74855765703779208893148067241197419835668349016858781920822980284234369669553
115,250,28190795189357439396838683622847435,47921126154780930334046756619945745206872035350377307705582744953485926233500
114,249,10964374523465312301234238583458060,105873888846307148862571841981383180195749554290044424028121277225081193831513
115,250,31740835097004791235612853947001627,63440679684130383677806276100339700322053041308339913036587609429355125757249
114,249,15363078220031608541139715922063505,44335253878829233922161873554836306713082601731805268606310392141061187425161
115,250,29251351673310399764077159258570784,37580204884504398107598895906695820409650605621871444508960807785512542906065
114,249,13003003823146774798794447090426740,63836395642497836662294067534399702213280714282825437607078775210371152130571
115,250,35092938384080014832335714912128715,84177473583133162446920530440218498411207957828297893573814765687804829414589
114,249,12470936129705472116463872768317469,103466680265491732753404062859906741954057227026448464139381110902461554273517
115,250,32686073010866899653525782420844784,52259789342727760476101819743498168483082748184854470645250458043409255289975
114,249,17617082841821819304929957432706438,36038310714166021108227783372142825302985347788049583554714942890055833469814
115,250,38853839292988181151982164994623795,21536589341395848872240425125306919158249594279401681733129127351195480215140
114,249,18706174346123858677702045839108914,104724385449067912764974235360676536481164821979048802641828977431904153649061
115,250,30916816883135793262876919139795450,41277100893734437390322199365094799003308675737395170926452263332285415651801
114,249,13465912635321658024743751240561270,73812027688698235503928339739741844762033775496119106881259117759417306123355
115,250,27097485714507305286416473094698094,77597732602522589321678929978771035117742800026785405196399096931162164064613
114,249,11023227123652301081527307171965907,48820682116010938947044426360688351012072512857571048384527090488049523565257
115,250,40360522555061301598813669314363608,82910461359552459185199164017921436850626238946742885166914390420527289193673
114,249,17065464442138035375381464006367948,64809958371680928628761598134358315953155121857850561702587273615780181150802
115,250,32975657217671357304010553968738124,59331586119619111797405969754826692872636338640322470373605439023507817942262
114,249,15550418232594316954745328137310838,104232401579313667479698763568411504904309465105517109712109433144443877290145
115,250,32544301920853333888608056497287913,88228097621497726070838552073004262700009548052966184169768345697372122023660
114,249,12850754959502483168363466279111165,110543523138051564240539077438687281615725949542308310751228392091769601773051
115,250,21377435030766854421558551538633651,104543436225916088385476423807530783132631323259652853123242737638484895262590
114,249,12563431288456189590081805287446570,9132838338123488179071506636914959367683072328633288396360361334258293373603
115,250,29307120997189853495717668333099435,7270933631834684412208179491856198563423662464466822962421052600730628295558
114,249,15659496938263614581373055650597044,38900879540804266514904509292402832751268939923124503056158729038051068483829
115,250,41091053518784376890795417937140342,18591016487896873053012918121870613553189164634250350999239510004211649219012
114,249,17417471408722521010288146741602768,33639531061647439846555886774499119969647427943683682812851366804916905893798
115,250,28836667155049186435762406228917152,46873503264573400843980408029487373701704596767535019968608920310122750006247
114,249,20593599002708680981754825851988417,19264105894722992176849784180344581115295445018153531506011027911754274590249
115,250,33354076685219892042336740086443059,14191922219697599185030437387272569138941540160867565760079372702777022526332
114,249,16688972703619591949288275314294330,61618118086153691967478807366213901522692227801957736730074669202755980061227
115,250,34477176185417041871991198463627731,5692717221099153682143982612634220138061478206417701261446239608954088725520
114,249,12285906397500824365028059416740713,60702944026110583290799527235688763666676611618123108774530923614564410179483
115,250,26884328074869203267418050155824774,25094656781770309208528066541132944947276562109219072903218970602953930116876
114,249,18754991216949663285422945312485122,99286568834377798883204822272634938955221420057033477211458464753718888389460
115,250,32159755820797120790141687834926685,57054638135883438268671621506578218847737926297883823949580861176997691398864
114,249,14033021872915058869035804459542583,84745720928080202009802638822903271700048599167004283665203439690133479234359
115,250,35665563930276437001279073484782757,107459341689379168609213525706265298635913457174876553943618481565938417539784
114,249,14963790655018863211668161924866989,36536680331645287497020422309461966808685745385494752277320677420678132731595
115,250,25244430823822888338253611345012320,79414348068938564526726007161490763278929381520566231311219766905000917706496
114,249,18551883943453918722918403674964787,82558653368895320404780641501110444827761612207890390656957233954930971154317
115,250,30171125639163850959788664857152359,11331968061794146173019191517411020484403370712139742728514375262126341726325
114,249,10439168464928338315874081587984539,115482433926111296361479116239116472667912358489672275162263534269633641592451
115,250,33520461483415817265006646423619738,9063449722651303188542353489664904857120416091636180487440489530923469365261
114,249,12284465056752915594476262933341673,62233291125171922877660816105418207745788427658110481414926764743925983471590
115,250,36385423622251190561037097692295800,66748696595783171764826607301168149067571554047680866606269287075884888676398
114,249,19267452538888365215256529662436040,35364749041999688575509175338471800257354451143611409561553947545666465156735
115,250,27589217047415983815200588327529809,98059233918568270973134184784187384021191442612042953800293018963484827713372
114,249,13500559623840810910950498379791042,28635721540916978116551916609581148623269881714438355075843145941712181724955
115,250,34116936142144804203338578058183368,273159570211438225027874210994098235288036398308550636082344484400566402626
114,249,17658824517802115905464098058944335,100905105624238852356942375429901233247696465178552207012185744821614722592857
115,250,40966668526528562935662008271491280,15003162022092442217309594084601860951160119617956734396260709275528399729236
114,249,12210557303945494063086377313761680,74520075718346941649697342265602836019887158797874060698584611798135091094980
115,250,30173070929293531377986128557570815,40691555665405373107753530341787163981224650993663792828264792670780963696460
114,249,16895232934487591761390959136456659,102265038494549315539520129486565320153945702497706193433073195080232731686036
115,250,34749166175680716808841717682222839,110337249607597496867191849558054838086721461190628542518657974394230033970041
114,249,17559746238824585695786563996248875,105822825312447266185995482493035067880875171546369724153804364290266356563679
115,250,38721854123247099882198327586237706,35148220195332187305346526100383822290154081052964325922627068350589753307901
114,249,12457828405646339473118612574129091,31425093076429380906059298267378521251002320413704124967466966124380086816922
115,250,23942149340112702133424688338367046,27796728285184672761921820551365352431742542513855002840402358013671182111218
114,249,16287694752059568251821585825840267,114830143950303751372761156572545570768457434217669417655981650020203690504806
115,250,38718736435545107861411994034301534,111961826947459434665210763563480293072237884007926938002910764822304856472863
114,249,13565278590502016923046757354597896,7829827303864448277435125778882194172080898325825585439827754580723205671594
115,250,36774903171555102987808875513520978,31204813176713196985252778110937109434517290731101330530550644342850420757805
114,249,19084916469410197670718468448860694,51830974876211034626994498302632547320525939329178420019525515972478497038505
115,250,24192020874523594271541633137119432,36951753044147953688809944321603286336039533086440549753491005599726805950817
114,249,18787502875503597665506814881031545,2786148964008163179359672394605082176645922103282638769097790275977110270601
115,250,22118255476443612572422649852043679,100591166251731026537169125646889910645361530846326368810611470136477256265206
114,249,19315271865591104067956628882622263,92362765277974464020168552326395389577372742742424417009285324387743597612712
115,250,33276740579112728826652698818818670,85733353025464517322505957227640447736795631917445307899771435575248645279924
114,249,11033668756360323998626015085325609,106559229892288681804445191088314881524007960873411476557808719735649392900030
115,250,26550846167912328252438906233505579,86912857377401321179499107472803630705783028142287862984663239350111550146838
114,249,15663337254112653245012932228246719,30865479369787333001262309943974962647107221929880529907497192907526286220141
115,250,31008151762259042569166100916966577,6055097151057359207707584361249089404326496201047494352090335187221001322853
114,249,12033841832776961868127727722201940,88698247833722275536661897525102926299105461957020004482842711033781036991077
115,250,27561703960770251580467902006612456,83863793629111952035203377197503755418320379903592678582365240395788086975237
114,249,18022746101643516037005406703009912,61059835059316958593280486251420476332270107331978632685712837452987681560835
115,250,31060645164120540931106345689585244,89598963990723251269628038723307700821803074348825782802279307947766141454297
114,249,12359790812342519095133301071720922,105153003612382161808867446728329987431077998238691330316790150472221757349983
115,250,27255566344507229517892460512923486,51826797150502860627002939738078496436289183764807035045177477985375735037515
114,249,16595673877723623878808680367208312,85901753122438531422440779761698952653979643230368466809912487072347496351112
115,250,40844638536641609237670950809406139,17262724359503400337155541369187779409013470493530852506427374797163686394910
114,249,11564278603240613273806667782958111,77267443695982569001755780410372606960265027875753530767924892203755793625737
115,250,28773893756746234243883707131788582,22947216595326885624395951065087292387272963526374696992264587716053450626880
114,249,11507459012779202343154754904102990,32428224903283395865927423024267409525702956484012999618692879467138826500974
115,250,36548251334899159695197060791532707,86275399356217998573428536800778786137569446589743111845649770171319600712393
114,249,20148512041788620759275292419285859,1894851961154702193019791628772939734050039429800424407348295135286953541695
115,250,38112978738223689096466575569458825,82828379431909170268189867706375785934618670929978199919162053925257839112180
114,249,15988597171333732252382241270565885,104393540697741928107717170140373131044043555766888192594451426258479168970231
115,250,30583541981570380937308431210844510,93065802629927928476049945286380215103386539002754890243583091996585854285238
114,249,14022902406086005039079648612295354,15882976427154316459155146422262860791338268384663856603945097161862136623073
115,250,34469404857165616330885282745144500,91115244915755376414504056465461061960980657339539567064967606093144534780800
114,249,20238241144257106119691202447705079,7103452875912805714008283433081122999844490737003748121893713839304754726232
115,250,26669278798706794531345000899368159,70311320855055052247633683270782823428892410107682859305883559486084512779578
114,249,14209163329706590705211580340226498,24715981158425464035544442936571606208414239110618787478649600785760843483530
115,250,29670880808541721670769015115440526,1339313434404402118409495701011316246126294721307932944847669766997607890959
114,249,20128066331441501885552042130384096,106864808434136227038946450083221080473067349973915375354175118574937795283736
115,250,36146217091326247674972121127008382,24785653619076347656922776633389572802000743971093601095325586455335599310051
114,249,10586788456438392413766205880259301,36731770056212492702212644907341646913567691134805486237133711754690420483122
115,250,26928939829375016657223764619774036,78213850603295449618051809757525521494203782419983295211245092852337173451729
114,249,17116337487223619647430047107599611,70946213751906983676354701057270778411072552541532488591812664413263326292236
115,250,28966860523055723137263267269588097,10752107443327370660514773903975630471422729912194518166255976904612302807929
114,249,18947925374525600644417236377578864,46094141392647801319134524227227156076491791812414145572416180525322716646699
115,250,25820527034636996621700832624235649,24701533897936644723753084930059072676707616399409024625871011057803907102137
114,249,14506899832868135767286821211823486,34951870368293809040885308493920972744657428244744786964774042315757544723279
115,250,32517501852793957711551344847706519,81964356107333159386623862153902017375816817728859246668119579576052008844401
114,249,10869242307464419447536859677834669,94018838473986185972841411898864242505930263758965902097148721285946572700398
115,250,39491663070251935274057668569909455,70211438391084152875503620930952828429185164132665889012651819337443888630701
114,249,18730713426862613180878390217177860,17557087090429672075795398342062701737798873670529652756444726715990063248472
115,250,36107603224719074201211135571888310,109501113898203253581077075070030364335211019124921162406046991711919549189653
114,249,17676495925410508330699546682865489,17820010901592620378040761220123590650974515111731398888302875165148431416117
115,250,32268898631722111747028500768388441,58527938171674255919407885418749588630827277118270179480166343280675830402796
114,249,20038323962004700788664126903973160,75634228114006219108694766618392637541730106289357157245743943362487286178370
115,250,23482049550999835658039394874943510,64692630329970312640577704202474386260239522000059883323990048156662878147343
114,249,12328903444307784843527385694535701,102927955333300999168284581941254640802980077439426691861696541981381102373536
115,250,28418488810314632501248507305046839,6696267274968275014852530713440051012194599453645590856903775808361106140348
114,249,19329816980002000687883524983036941,112998430630831260385365533220462393759841204382414367347549633167818780874257
115,250,40011346631874425861737344157868338,85275654926266063921695739072890965016224747600784502332800768897623919211380
114,249,12793361586608606871666740239365935,106484242475382033065055824926705169644545395721826987804850576558878574398901
115,250,21464154155356273308101707061679829,22901407591501469084431254518047742760728015846654666562320424774754664443180
114,249,12463143721868819708454940600001032,1269927302378349978251499514768843574763047838993125256424403097635947506621
115,250,40394491433936070822443740878120694,16042849840167516860022607299356872588914621165591079529017967932810063478330
114,249,19709839617046973246979755230387009,51332423445617475471977597380049987183507358818929726132014627830435610935921
115,250,21571892523546682928344442473970250,41805939162148507769320529216027508622370979525328475031163603274576249506880
114,249,16949783042357592144078423132767763,89776364381464310711607729383749827879221617605072018887743364099392844539104
115,250,22462484268595899205610257113042118,108658496854806432616419483999618965280134107062009311185747513672524941637464
114,249,18089592138470362868889780586654017,96816402756125620360893875962902588167861185222579377847624340256131206308797
115,250,29218059238912922286160093909180572,40802746298073647583812252626615211601699895484744056080218480099141173339161
114,249,15294812125301706083779754493660434,96179475974924425914441839827660022236203543006595768066940773605401594123440
115,250,40330409853481834105865609546803223,76127814201210096607815328737216592977819844241279559999383170982520674948200
114,249,12214125424215833001201933667837240,70536182287452176139518750577172445951797364235342877427820761075075824932601
115,250,34276506871529776263087823786605331,25562719111015791767338035293490603045783685326193980606436585368288015612102
114,249,14768330300009932257588080337189315,92596351146984133133528201834710215090140519123985904004651918656723490990393
115,250,37877437511539882902726692665658101,67271942989442244607411425874874119485937677934633699715449862130029754330208
114,249,11637766860251945928164921571315970,16467048654507315755811163146640024309620887251647298342345459128905038178070
115,250,32937259068666092523091470080400396,81253492581241446472854120273575360903658687733087542734248680623429245151799
114,249,10552192108772831435481398432235182,79911167950996530044058234168541814117131857478207029611227972220089578963720
115,250,26608028493281785801408819716276379,50997350115738982252458708837661423176573395429696431234010614015204324134290
114,249,11105578366273073716848468546367553,89013096526201165379939203345216180106443104737251896164445261295771036294691
115,250,31502046838048438036868135392368569,85487269479494834530002639163927019238686721705462492449247979314313807540401
114,249,15781291079644561224654016590193757,77845539452660351048733737412255517224754843610321372504768694936037462364626
115,250,25686290100713587990420937333687120,49540096188831207755299663257101535279530735355372412889483496218933763512426
114,249,10532776571008601665584538764402853,82651463518669863421931082770309850528268250157222093932007381914209393560847
115,250,34735414865538278439842188354938290,82474444160019998698810062582367697183114829414221210876333838751566118126511
114,249,20432292278592346053138914109591142,112512043092370196974963767426464460076780273760827944815544622435306561503012
115,250,22824411775857637443923609339134524,104096654844807313736916128688563178141798233901891681466425151012279502307007
114,249,14661111978561877995616225134899052,101049253291809880080292644732687641375569836240643269465441004507162091097400
115,250,32555350325758740099971532972936871,26413752937044642085543607642807222862619019929083441438355503335181669999434
114,249,16875023110490475521427367874915743,42920922254216635870295655847566518579724940157417614634817897771775664232246
115,250,24846292666265336073042037710396300,28983748836346442764603807894856977573582360294136455380488334113276913563356
114,249,17579924127421427035876991380280409,110759073097624001775670721174988668821998986199792369595325959601410746031527
115,250,35259809575707032740801686144714942,7663208691142407747568308649306022098296132449572214937061798923181162199934
114,249,14221704996567633750489089990343123,96649007280276759777724043130094175634316283858347856932391396877580603743195
115,250,31617923444219939677804789922433369,77276420666106545822069225975881617477551302706381663321845056642732377896316
114,249,12327455791741342494814392252674833,10087106173633296013278621198014947238256601613733430406348864390838804524215
115,250,21237456383459342873172637386674115,11588062582439782318570518648552857796316740824156425053650083159903654812984
114,249,17449909211663973801905611159651777,3001977572414591311524030580584577812537337598219614451478984153664177495392
115,250,41156610856897864582188116599213632,42949346117324053164597844490223332458245988441597448214162497512323408577158
114,249,19778250659131255887202634431707496,448028612699946424480463656649829631920000257086580130029361302066041037750
115,250,22885507425687385665265488541203963,88683273307206729922566871920671399312446283686354388561853253635553922681751
114,249,17632182116415087727199231301131435,17508585771817346075839035433842471079521144558615193959520140879180062184949
115,250,34120477183145546482345241974170743,104961278149282783313539233090324394218020545960656082096978593373325368472140
114,249,14425658112554695148577602068160278,7472410821286099187778722659799721013839137361279937117384288458698863864320
115,250,28238921189357865090615918550430383,57272714675355130547839070055916866357183543908581973699286848335883120785818
114,249,16820570431419138694128761173455754,62002392004788080666339702442793652804921253354334702770091618018233488070562
115,250,25987646919337144601358860088106530,60375518780081021525105103413957212423240947164040245107581644830568392009731
114,249,19150239126520871448484338128327845,1870757928276832681189248101060356243724719435753281353578031345567279365529
115,250,33935897257298661472937445844062645,76240372907238753571403640704528754127068606146534950503403121744929339779375
114,249,18283540260440088146699493321423147,43547866312812490402439812349348788366662566000274103892612439509494022894930
115,250,29263006986812049853620714580886960,40802764983625043861396741506871373492937428426187143514728985843962176903614
114,249,17663282320631404077193977466717527,112892630031289315293791446506010349341261684243485040654370945093793153954244
115,250,33374992543575203740648073369873518,112334489978079915745987492248971949689326781562761704166430847945809779856616
114,249,17492348837086189192728227869369545,106005557580643440160960994885696984341264579275252938121525776020980981572456
115,250,36353603476360896330440152005858842,15522289592375114462330783739223251055850716511048046975737976111119816617095
114,249,17365464865177714360361376304062792,34012777529967958118881457955078932870696286257828938880195169745230721658791
115,250,31728384774995294999523631188920731,48762989226387534777469480101746555893082171023835064387291505126573991204427
114,249,16984763525257091874823645507945925,19499781201182164683993953468735400106729824036710495542834460109425825608161
115,250,30180150476594379446848550847324373,71000259578366394813434761777938195921376559646467064721153296718424218385159
114,249,10388394375610769646662160982990232,31691356522210694041320959744091330084461705906550425166615427975698882957455
115,250,40654149057631521344873846428003235,43456170099428726395167311168711978113775030740642148412136356894755185453099
114,249,20201169995718244565212842184767040,63000102071077988428374494011300016823135221812850354273394994237254994295669
115,250,31159618502684523732836824680680807,21170680171037077325066105210109764231779380292021463507566128232801175020999
114,249,12474910453809648401665067274685965,89157238853425908781009144818683352084477836152768118648231068654788640082690
115,250,35623581641936736533468854509075804,26449078615069799105756172667308289464783273594328074041716727495598537288457
114,249,14963041435692593346961040623540207,9204152774014902689436849465126434890772071428381061852887787591422838715085
115,250,23740120341922202718234665551365074,57580965324051530593320917130600325523964460354591691958489626659415205273844
114,249,14578525223595007656561966465148584,80417585203502622477505619365214112035996556011291565450331507687425211006886
115,250,26212910985111289749195745847535908,48055545743237488381553483886720671934273818308787921305274149294251724518066
114,249,10724133098233114982908732747351288,58365825986177674422983151575823343783957457432139986780038838288945373764924
115,250,32113215195715517442379761922506682,53479810572861575831367217971599197044429682041182829727285438894466361898612
114,249,15100681580734662176804256398021288,80128115774862098645714623706156902208266686298735963384785897702657786284920
115,250,26490629671032884076321342587236879,6447812483795136441355096784833841287194147789267582612305743357444953754555
114,249,19513113946324262632018961231146136,111085694598710169141492398516953975612752660732540636348218587986232182553434
115,250,36444345915702048716813382603267875,52741864505183868920192283416645554711967523362246943039357329291601334948501
114,249,18397555804765956824756093830550011,64568801442553873746430876403728596793935409988888920435535825352768448008130
115,250,31759242264298643979318516660989881,58389808353495776146954287796252617242686174815546735478430391029602085704800
114,249,11464169600492252224475692919456315,14449341472130674838123582721590273203544931108043979808305650580236974783746
115,250,39961515179475954156527376709164016,109924048216284773597201587789980865277873373457569482964150487678371234433378
114,249,14990267558221188899163767318955848,8887283164134830631969173620404387420118501133459087079603337529645684456730
115,250,30333119985256882582844449468375002,11248718619463407065621980564658094856944827327769841586403883064534374600602
114,249,18838730839856694520419020510193685,70963665108080514367757313133934902858562016200003402977543470901312058593487
115,250,39404748586062533279569863402910186,49939317172076270680675881961797667910562408006895247292291877636647592878272
114,249,14097453186987626437489009369277943,31521102590961337617889370959568595524737586099726837254971303131954767910846
115,250,21255990651142194803975703244119267,93250069471308437501392019969484591721445613650486846849030436652540646556195
114,249,17536138471212394268335890289744888,17127876086860298804435829776845489679159178096471092117147090041388009163400
115,250,27536910813409099919555152257688263,34037890833637124620382850718651361129848583975418361649787357897679379198139
114,249,20627385661772269093571698224493089,59137581289222736596177673439335588469715682672917459711396318196620783083523
115,250,32830463116287605158794315249196085,63743676203282415082043127678500152958673800288460506835941092905213175791645
114,249,16086199545615461403045623263615497,37403538770088531683652109209747256692536237682134907822520377959339241304444
115,250,35693767125879136554342457529898043,7313282193770600527741821332567770850573346160153499659131662941149913277854
114,249,20503702082325545800467332943214135,96355663285762302409101279434461194773188102330036849801849396485965740233509
115,250,33263790037760116690020011656966970,7771657866490692403944230263557709678213042270919558382305032994071814586903
114,249,14667762289196714314326181596127916,25169468554863897372363403713803720428487021834290601543241149757369357614040
115,250,39104149057406465595582340385317568,45820286470963857895158204232434093144871625821680006491411396862648530181966
114,249,14053095846844045885702148699983192,57105826029303852545087868416162373737974155286755321244512033599097433581377
115,250,30498820774682917560006852909715408,105917176082558341791034287873587787553402810540126510097556042361915897971149
114,249,12518183086908829188932723907920740,92754792169184235083607480144097126037699054713045729962121249853827709356602
115,250,31224662509737467564206571167555792,40434460510813949024762373930841736414373507995697404369146930974940092457881
114,249,19863789235199453882220525263828054,23925860768312735805458182128179372252868301761060952023514089382947733392933
115,250,25180253055496501389021099880169356,13033780958960592286345208069592932659489534521886399408370567668242178193290
114,249,17027408211039011625539693961614297,5375544706881127974900279852220572756412131100708795797292730968473100076388
115,250,26916107294747692336694836519764962,112808686055638984050986581905004711872870660157272089601430303262618619253017
114,249,10700487614265400871445240998374186,29311725946955752579430807331798819453385232185086852853372469480687723884671
115,250,32133294904915334451690131417196830,81251178803781530436617020378538897626713205221793753149155881161273872476481
114,249,15280772242585539930087814695679601,16214936329188276162309164185604839588017655989167504416577489727391770437555
115,250,34693400759278030371518372888132479,72319129492139579135635926510791442132070131636512308817713952264116280832298
114,249,12329556535624899079130161834305738,21533182174444807950705459308692731020368566730434744008340579791685918198958
115,250,27696027546709869501137116031410927,6288353501878181666713970669959143758442408181430991197767008213037364035408
114,249,18267692451261775504826438905145467,52374218113647607435341866208495653728488593050820795748791400721240461269532
115,250,36579359256086284004586762412028088,51946740267404040413133355813248003618370869617782920685809595396233299082063
114,249,13354712902564282896102026314626997,22312827507270316713541577501568682000102308115991584230134188945248536786031
115,250,38876919148650541217859799280671876,98473201939776564641309602487105209394429988462242122557061940008105287260727
114,249,11462630207706529857211467260949980,65093087807594818738080932465636784260195699166142686552408670679941648156895
115,250,26290354725266876414288707188722279,41056599884705042422549079608490677967932689344180052704709807033576814902719
114,249,14765363152771291976321315523815877,56314790906458210562246291405272354699728352372507606692805698216358740168612
115,250,36692759281630065470817247316942544,102775308885604143112898942266208264278955768743256235937613620567392385542487
114,249,13381611268918726692302986148495758,21041629278293420219147257059885730795206575948411541133327720638462735120741
115,250,31106640292511637587999243437577838,15518334417645418809543118028094737884078159928320220046182533126191538735513
114,249,18483164075226430398130353141666035,18614621171949471923661156318820627004484253781667307737918588603177225782642
115,250,36557600462472942289447913691103286,32292225840968541900602766520616866240400322495782984026055192965629214098705
114,249,15905786114443630205049395682980464,20368408334044643334786946968711216238718187225882416792948581018878547885085
115,250,37840159941093828745508386315523608,41008259751941104832913863878979811051194651031104378825767111619308819760073
114,249,17561639890801688523551159950056022,20314987343128490008993962927086091344732029344097334265910927569187969871487
115,250,27477937606577328628389542398027262,70629292052841827809640378968687770786544103228514612382256873259759995719051
114,249,18882018444526908249390300618071309,99535870285099494426461917638937858455694661092796732676171572079624747634529
115,250,31633087010884667852516582435175105,59720435372471196260518670327139215906286732413067033511071643743947499865899
114,249,13046296935470211816321830715403037,12571997274972625174740974119281213895813403747332208895475439806220987067034
115,250,37890427941907739834031026398221109,42798354069583342966273122721748483327385808065213662648897817416030443281927
114,249,15160211103124140164429113605165364,28929407141007229486964923477914981418167691018259012330202368529132586979470
115,250,28806663224465916371415361409879097,36230030141455140575835780985417484863801407188734680640230763175378611988800
114,249,15020775495443482535332402761696922,105618603308918625372431661110612863816143096993970059512625875410108882000317
115,250,26668247797846436152409987407903605,15084383136935285850105050585317634163451056509888526071074432337928801584550
114,249,19151874124453189796200519890235966,50549820911825301424909054911366491123143674672915427547393628490542390710296
115,250,40758329234765930760637547355842563,29329781923774571028218848872346901710371226166023794526709522184134481891745
114,249,13271564674510470678562713344722201,21114161120217508597590633224766716837215033087065776141486673816898171510779
115,250,34697435260781737932942328550679818,34691681825894915080359173883765553201706642392369074241259729265268034493134
114,249,11734210278924391654032331319188334,114356341186490407002945898812939535942283682405745702421960038791820704297929
115,250,28966311121815071059663275884779919,542417617115773538439758290443180739119766135836261099369022066770441091238
114,249,12008576631651864584580788870788384,45700321363137760430736007720010813413441450894717001033234853839246328591423
115,250,39673510169675168181191456261046319,44473909489214566183879408891863979724734420163240332292954639061675471997216
114,249,14992267997129103138187067308607181,99056087504746050723024680430617034839338391869720511842770130376633942275139
115,250,25963539372533794397858645883855250,24845894128522178160382231658575052340692526872157723920372802177258113036954
114,249,15713840098059796115542861607104301,16383880067894484468172751904759972560105645962118639515781840274110232111712
115,250,32126200859188859640977846012365702,17369665533211872419712848796731756860265001841790517521513208848031670532001
114,249,15724073482864814841044477178150706,52999545860684662678401362143388239062082276329739335478840478654594829211058
115,250,24084789454862879294790035449405531,92918664163513386005660557217235631431585950790289337492569803353493220420048
114,249,10752033440250190800613469678929516,21187379398206506762154666847774216704955070593410447879076393090489747310158
115,250,26952822177073207835496827215783035,57575406596940948106598983394341735102198672604958447480175576718547677533221
114,249,11254605577963693336467823870692273,85965036856010490133285314843830095818175770393282864997611145378853133817580
115,250,35363341046817942433179950278749997,104259208680251424773861264815369963974165533708800855898517725007617697278597
114,249,18232312163472971255591659736842131,79341407726212011543494913632392689647848483950474177563204789563533698768132
115,250,37897519883488720805175496874263347,8431538422049924799030528234137113134368440113222243501748872114581981052529
114,249,17140134477908320172971206025851706,59439170271987023756643924788012217074758604277241964369743731313507066622984
115,250,22325987360760802984672334780968081,32855980712416545554179878921634562092612787240327933167540696150004893951936
114,249,19930476143921917084261349108204896,2446673355772375751710792594730276737104626939110982543298388674885535141887
115,250,24354395747331750904008926034514971,97441564607483359113532641615935892620807918983759012090299371019399083945846
114,249,20751471541116722747809621741205827,32617828552545435187240262523511488150356003751339126340735730176099136827399
115,250,21545121985156421628142461912550423,70406929090012834641339467018548172281650285620462936015549286142926762156015
114,249,20382785096953586521374406419201396,33704884396747120737397189245208303700775763469352050708110463288171491937330
115,250,25814107360887381694882222483974316,102959444545136885922850685549602740702627401398403109003871488494467224502482
114,249,20131453978060828159369458160791090,81884475708318382097032790214410642331022127115621243819365336742297207686655
115,250,31955496998260494374616207512651070,33203594319817796133484011166754036399667800012746913294883695785724448338102
114,249,17390688439900784129259174318300849,82862711499127728407277811474465714322830833978637487331600598761490574741649
115,250,37968217789500947691191875869763497,11294371869486594120163342314665437559221772959555248424134539899573172366336
114,249,11719704143769646246883131775640374,22042757160064517812343527987614132875362555556014133513417498427282337280886
115,250,29779928084419017744258740007578847,102125803697465640544696431964665398176847480279351572321881997568564959346424
114,249,17848434237419874062300420430686945,65688683525664590578401847879425930340324206263280319083890488834792452564624
115,250,24968632682399472321917037501125182,4551737305378056025477989108322093432674686952932823756743851416513769716561
114,249,11830928142840631653459284521261453,67012826013854329617591490409637680153035735789774396788574655956716491407730
115,250,29467466003665294802030114805215961,89717644714991495938239076756708679993180259002151758371842942208179908075221
114,249,11514497483851235939450100680309712,30999368541267411094020542393656814913492702464765125964583622106870037738979
115,250,20913224061949935018315993119657560,9974541880851481632762822438023421731595513679507643832049348803098696824665
114,249,20425976081203616262452812568183670,85598824318314284178917074450097020098342066786166669565493464991100496416007
115,250,39983751492799250513258937865640200,98341988355626837582761561135183266971247099420034440776677084512681973411510
114,249,16984803520341145012678012231933048,79795502066031638998088901711490800370660272230687639825692759554386291442404
115,250,29905576933592405413694096311441324,21237005333814522625509535870733268490683546087275236616470776055324164626040
114,249,11294300585250738163242924029338412,49110485929508110762258918278160112564829185156525044199368328712265717153009
115,250,27799046755736579411747214200807295,78001296017620894011287653627622041809684302983654479072023700466379985102781
114,249,16159768577710414924434318900788828,2925433981295795113133182640070045998664440129656297859820072923238231615039
115,250,23794367767740949946996359660813134,104220793086966863089252657689164192517424734810263761348530386949430222371725
114,249,17762643659646368971089300032499441,15005166237647356746823675985656804459144450108381462116417413809982008871504
115,250,22006257827563450274041441541445551,74433525266766256288672332791823251016327962827663462866282006814838514552525
114,249,16261424524861059184379744584107169,72054978102010272891605288016573143087096902125087072707794158556464833838759
115,250,29084254393231938094833958984655825,69989623535146113689327077812564617536724684056883757876456226302808722529794
114,249,17898017648989854621250529884715639,111684326867164325417933477515379519692162247427907224462369229199074084481749
115,250,25893150522627460700166668877310588,34200129335577542015153893171883342095718471381130370402884545252779549480987
114,249,14299470398182989214303304042639558,89432838749792633259230694766387636158086336591376997768757279235976553123240
115,250,31009615068284032098062540257574415,107761575272450035900578706577262475886032811625337561554054713993592578820505
114,249,12316808747346846259627477674546379,33777534688297820000893044493066372284533783692586717770152430924329774561230
115,250,21268410354057771723785700576305486,6036209518131107295501091286253122505810820187357923872758215851892067043178
114,249,16080393515688098296658917790999074,87440617184680687733841447282594660446006307891762973049310710975895976704605
115,250,26075187969854704349375218320624834,61746999892753176181671481639164409325017959449755646716134382828058385955949
114,249,20361293668239182553816328908036682,66686680810628774087924846415426444906564017984840881662319208597998531469594
115,250,29720740596685170741659049024949308,27226783206720787121961515832994114659429684207808006283128395737316869107401
114,249,20062595161946112567765200506049235,98890698810148526188995647702283213069830558774365302328384040136450566073018
115,250,37692369218323210736227942043084004,61005411200641063025455876608196726781364232390714141316160273531108775797826
114,249,11134924912901750231294823786813448,76208932493019244354712143601894764273900315169009220329808155843547933228354
115,250,38799130829227729215796721325723471,83345644868355962570509497575121225175514392821306626617588813462379457982733
114,249,11462113451712007050056252082888200,114937313307809584697610367451388794659116915661793718337585511189681247918177
115,250,39058756009257577635124528735445287,70939365652788117922198330358251727237415942363797192132728673426086008063804
114,249,13082601407425107170969673132299221,89384077085101207338034399884565546138804627772365715906165540308060789740728
115,250,27327057874565415699244506012516940,37901568493815497781917553062788787855035537516007108546675704162270636634860
114,249,16132886459200897082120764718440439,842447992383442868116636024416737611540490378811624798909829194034972782910
115,250,23486375719383464449437478851551656,110445110575007247784059903027959322483770309125473506367974802678058299491998
114,249,16948116366157436304566694989618533,59654448671465742983405333890253607000029508413180069903085236610946405576266
115,250,33743067964954921113514911639279906,36483536788009052096548179680001243630476245215160283359690499790565636907948
114,249,15992446195397490943351046816788560,19940303598497354522756540203492943687953142477269983019759468397209836536010
115,250,29603728786052082911234526467851018,68849934282886796236635454727930849342081128342262999794108984695285442377630
114,249,14608488833908321855486138550276179,76427198703758923625391716961683769473514874967297923358846443338174434390652
115,250,36366106505362848568432379214695395,100143235616781817654319778019274555650789587055702068683993473072769042021267
114,249,17116316598748599088393566997243608,62129998558228184902303034288072076851480734921850623160454986617155881566579
115,250,33870984959090093019893819237554575,49901052231832138120458243390097775952143675398146573385882332408891104019713
114,249,19162366726552281191659236525453325,42498999683792001099919799003683642057540105131999701859233186164582482758231
115,250,30952204593971957939928530838722663,55627025482779585173245324790957842794071792486304988859878526907788517057354
114,249,12675801335540339580193978722285516,86279108845616742708446934628934555628163656096361168658344528355343861632020
115,250,24264248410226500088790825196374565,70778323134622806932185688693930116219426031550188286282114968753321755077031
114,249,10455974721204363429193016699254258,28091005482064279694308349844656947149504471901917172049105281770243308017997
115,250,25104727474729706392171720703804092,16745940713604947093790509201970413975731654423006457169745641881222171562944
114,249,20610162449549571184587849522229071,1414805075682914524095159637521870983569883160649563814673367091478951671041
115,250,34219959569097567070305419733010175,20249896386699759674350095429893242878588069940578404847525974371871968797291
114,249,16511422423060646560749767567931822,46685578033001943756742221690502887609776564708592435169607474141954109460786
115,250,33705384438906097426248882530943283,74823336826558229771356842233909544473369533619749201243371073680693392674547
114,249,14287461090818029155557077890953834,42091670394735474113885685680504336421605641570821251494030184209107574505924
115,250,36007755768985922572315451981394712,88939776856388498994730605551576963384025490894149655667810150057901901305683
114,249,16244753960211168946246577601544789,5579798186826030689379093755684889615373612609930927097396194397765994288718
115,250,41533762216098130606896089992461096,92236135148095047144125716629976728154794743665358465485859359555853275396078
114,249,17891429876681526859490360204689129,36873452567460241211895413998734437059841902936347649909207510379710145803683
115,250,25092679432289579232853310030685495,43872194162998904092688084488852389117403401447359719243409140002911568536584
114,249,16132569513279699238940278023809391,60586501376704863007249810202070035805155902229474039073685879686426182751924
115,250,35921473061644663501477297468536576,78857296548573727035340194847955009552181725971679369334299847852527405709625
114,249,16631686886696037391607819589665209,14164444484440532226038336963479719942302042812399989829278416564610770697103
115,250,33201927360709129691395423777948828,32634992347728784076240363929346188237596158192481227352961221580285379536945
114,249,15323903482375458328066828381138371,29769197337925657262243068172302046328421780432957835551283034147339154281583
115,250,35977441881786521617154554140856976,14823322258917979928283631600813547931662101622076829088482312249442953446337
114,249,14167418507321268672118786983397905,108228479285716048021494648496507454999648562761791540932983461944474491077618
115,250,33741055550645474865606298444206951,103017826138492867893036822640998954443130007589430377615507306990864317721831
114,249,12793392754607845613742262827833318,15237794526762111465914810462869849711896504463300025844636447700995387123799
115,250,32102519830006223229188194092955310,22668886074346290833898858992167263627515696977383870229551296476249038884918
114,249,16024469863146134798319872218980087,34723522938401729104803041151840857390966223336288390670421917112874581909063
115,250,31882332901375052991569749201259660,78746987000150050329116431557928190593949976930013801911679751576046475299086
114,249,11399483719534317522124762496004593,24803278178127157261783371781288060870780095456883557162505070429157613140766
115,250,34543859314300184933550232357332721,91252682980246859278052859932446892127068026964276144304223755835517924735931
114,249,11227975088559247115597723334215937,89206080244381963183604975426497495484260224642549121237478080662310723516117
115,250,28996181682816595611897439258140257,39483226233618257744331922063685515954310404531333610832977313661555795229544
114,249,12372968152438028021001566099526952,101156854287443954124789915722414698063136921484027418629695730446369210683217
115,250,36662848016849350613361099151285271,64138318785078856043317741139860512687106316119473285595643675445743887536317
114,249,15383771743199319347823531914624410,60144560871488644952430304683443070409500378989644701278974877846663215313020
115,250,26165197461625226407286325519309933,80813127114733082997544898868122869509125612869854425737522048194876838810808
114,249,10650497173337192306957244698812607,45084053077817983517834370672105908583445109242248966200610847521537337144307
115,250,40131711527865752465445958837576031,80227383603723876845561939618482277157775664464683569673630065619292619491514
114,249,16021183365351617452472260513344085,60251779186043002958437281837977665565708611750400620040862765367260175869450
115,250,27599325233061673730125456085972403,71605280061103054145151301353105190229567296293972628191294967601541290464616
114,249,13537236194348561782594807338282435,107351231795748189250010449722402052221296657788618213279195170565050117784364
115,250,30192329672056825790642517910190126,48947365795204942192960700379613254709837491562593151975015301227495516941703
114,249,20317926877339584154092316267815864,17542796268072730548501413331911964348254143061488603199181637792918421112276
115,250,37996690941998083473766135259510093,57812931285326054813787031777644517664096184121210978197627783055745151157961
114,249,10958411837464793873976951895587900,62117837146767013804635239879651947947229554466903721256807126569569656783265
115,250,32139248285542624207801509781863587,16221594072585873337668900189575187111490744346280960127004238580947362423682
114,249,19665853155857296899294852608137758,83671651313973047282098288439842052399621457176503941090597447523507958399914
115,250,31524726008997848012937991939359578,17690047329258138694788988062228133779063615750814803667547265514475934056192
114,249,13120123698533793276225775457356866,75516436892647610095114227094632711507075170000317473238684503120957522571452
115,250,24606267628331736838577077147337915,43799357968530045333489642514666410443492303514093418661206555283573685934468
114,249,15920936084480718742528838103592900,40731661420577893598827748495755851093134001120374365219378685570355885618
115,250,28730633324939382063535113757906820,84828939050080967130968818749018345014774508650457990476260194273380483122535
114,249,18163947354566632542705842249519340,95294135723299866163182297560641900481310504175225726437606319315151332263672
115,250,24645388161646418015447135381332663,25768695585915420865524396909150476532492133861740157064672739962071242887471
114,249,16334879291996021308075366067229984,56405594143434550526909398452382899196475181521667337975824155413539802911376
115,250,25370232069312462512139112439100384,109597340131064840710473927141883288091559722386379865598778425242909855795395
114,249,17686578952241170999793181881660934,98548380553468744122744756623706934374068067387542102404448252730330611710979
115,250,37999318748645423739238030759765580,81821544576552068569886093412079769993391852639653303755181693404116039716166
114,249,19575394726661365973817030161391186,43843703393618853694933464412972096538172226187672742384305361638622594955196
115,250,31657664003133399755783304395971955,63756597379685766128863583512534344603762395677167276035164948793412252528787
114,249,15269439659448411237705133578645580,19497650163713940968767045220342269004592765901019320070798846201296218421321
115,250,32336107115940613961772875351260144,104569824720105134523122035405834912093332174963369053895675410638898938466666
114,249,14336269369672411965650667831799388,79777783376696859524272983939259748316225801261968125832169340300320931140404
115,250,34862943414733148389328912658501819,76811472444347976428119448562818888512636263432624935590753800987224004461017
114,249,12805414951438728689327421102391546,22160621684418944007355806845951700551942961707445074795773244001938321640513
115,250,28916253025375907693908473472510776,77754976583560630198347511665390395053554102166809891247294448129834508907752
114,249,10757123519572757196529858470837591,29721428802397562426692124445296842207726433818869610046534125135330677496864
115,250,25482306312077903002352463017039680,9929898633153085818712352116447331669701202122604450124830270731127880850336
114,249,14705798783674620286070268606575860,30983712050846502072624174927059186145757066714191761038996803481390036404821
115,250,37224800172310201109613167828370079,35297009947515554689514664839165075649305595049007399721418135134587258416562
114,249,12897987613237989514555003439383807,106684708572839932935868368262856165569034751688887922140682545747474167222578
115,250,32879053597019004002168260328032865,97193288004404306029548262385172655702418730401753534164785613794426742092855
114,249,18978326222613144218842752870396803,30311629804265619896860202703573893616574064883464675359696465789691816704760
115,250,37953653216915700432461343350411634,43188804381544854193617417235873295492747143643205590536018014671352248386664
114,249,15435809962899311591318481316491666,43244256934196521804579868581120230325610486186229205655572831454748716288700
115,250,40208900345728802690003901584595519,69631306445725781555554331512226295690622697251007760846200000213766550079564
114,249,17803509975762655829944611123935825,104647072867129245585797391329930596923808967393210964946143579202017575945282
115,250,35246818296886646174141163302011786,56520065432500836120689071124039901468244501964479490094740757821999150346345
114,249,16544990497823010087783557436809129,47357363745115920017993645428092659027195619573059395487670720756990116811354
115,250,34557758461743037501658336456645936,100854983909901803663762308025101626477038822470890725619189721850195054601223
114,249,12118711680618937598728852538319478,6126588165824198106652742683832649339208168364007143540131547279184171358815
115,250,36885235080406669431456698388651449,40049540977145732617807558508281167311859770249144895609684025304066392310073
114,249,12435394689326253206004264760533587,59539764441294405750623614739708711838176665864537304108501736686110078075651
115,250,23892424926552359424422854010010181,36450703130355878633837357530563814936198055692248403826122062677990370663182
114,249,11417630645238184772298598439909576,114019847590257526554292943567453875593833435790832124706094238019104655922838
115,250,23633920175529075039851560534382720,10818058454511811396500131760018869724001162787338471644856263486931029488764
114,249,17161246437660232337234750720840248,113291387867015112278466474909327589135806938847805874127237767805255325929665
115,250,38123955563893011041891711976471354,20110850743889230564581828969490886678211775536488208230718112460154439754039
114,249,17394712217994291687649652312855686,76009005185622017770271343175240122895544175474899041825229489971179290069511
115,250,25530426433071759075884333003622991,26352003583661011213384251017367588850661375817271904441046531654644639498602
114,249,16363212967897491964095130206705683,113910234786126412418676506595442517458057829702825971175924447621791607542878
115,250,31485525659394666779882431983350369,68229826526361677454225646933134245413122188890901354279099011847112313504676
114,249,15143158360276232982544749467079981,72182601590117341122753362151917830862875938229677468834480239165663561128146
115,250,30625907707967959348579669494161321,15820326667096263762114182501444115368472354258885639314203693192670435126602
114,249,17867357909081665188736590681341636,7066436210464978878739176416481734239194977612910806193121595773110042216447
115,250,29554666981506841894918973298029747,47191786805330589570668318121008046113589737430199247142740355957469820695412
114,249,14949157737925068524471079508135275,37972137754083465483427433673080640415921804638288655506586886954220144388398
115,250,32778315007228228755811404461887204,35429043821583234083791986215743797142968048909306939832508772331707854865746
114,249,15465442298513813864721738418320762,39193012327027876982057425365837916885395253729702667329451292807326139877670
115,250,23665179950157377206671963121394437,104964154920139899843281304943613337649650911764439834528760315275390407298346
114,249,15015366832079959956510409759996247,35565082501451278812461615945285086859004149320427737935031424810035864706379
115,250,37244484059319883084492105253286497,112678595001400046456274809450896402181188389458137390648459774822617631537715
114,249,13681550454815105181704384042924725,40787728293672249395941557846275617953905522585610377297006850928593481202772
115,250,24687136129532197375827660193263924,45192302933875257325489663717116053763097994712349506535461760592747355677677
114,249,19801152017076722025460035658674136,56096087712056690979314375188514210945612061649925902330470779184770607606962
115,250,22459109434964095837253760017316050,108803251857298856169648360097795678858023961282825555986000676962617097683429
114,249,14039772459405473327948303623776537,106134016148707396997615719038399666875373118108133649780431910911472365861951
115,250,36627532617148904889278531037147452,86960642759087802916046074803117496408223104920337932573829612679849056632222
114,249,14751192055349170260431396447817192,10168027900904047753447211228495573570363041181464210994143702780259021161416
115,250,35159295859125111598430991830930836,3959814482171453844125444056742506731243051921904114886642908023356424485445
114,249,16852237437218054671647328241449745,98994926680818975257206474967662631369126869297909148155633093486334118662671
115,250,33794523397361669177547866466830161,55221307105480181846415384174911988093584432393117151932729393877295304157323
114,249,17285409167209535273442457076185048,22533620021523507778393439972434673228247922606604602928469223519586118640713
115,250,38290987764555095852136182576757478,21871611577116440364166327515078892126474511442652241407564170919682014472425
114,249,14749214810238621788394352286157090,28971239587958244483012089866465878687459104201677021929621082839068731834392
115,250,26457443931294818085556044171077617,46271245326960141158675138930151683049764298235462908992364639543401720051962
114,249,16393496130328946198563995851068889,93836101576332932739467699906347394453854157542616414385613712066065346518107
115,250,27134256768477266941376064839008406,8087097859500564896830573276165813418263962488812397146686314981986629626557
114,249,16033471615273359633882869188140138,66929772592108154332803745709681057333532329807141116279417977298824597470239
115,250,31021338907025288031530277537077380,106018883039814449718215506512940178411834830395145242053090143347944306496213
114,249,17148311684889934757175074397558257,24604535866746799570790323708810725136228494744336125631993639509590624669315
115,250,33941479067043962337549114218397132,87409366725275201130441707460262656548911093307300036181569058256412204076118
114,249,11263303049848934796471752960587583,73233995097844153358464474738285315183459464432864587444611825404787054041057
115,250,25171890276006671519480018777798221,9131148027876731513990104057238326864833781846779120540565863171135854188977
114,249,10953365916349388984545414399321923,90790773833068634953293282953733326835088280740635266967678447093791615096979
115,250,33779968231491848710299214220628878,105660160734080439831357983894304243392463691379992192340689676202835049004831
114,249,17639039040242662228330452368482315,67779516106026103195260404089967528478726572927590741854534537660637569981738
115,250,39982049835073840940553876107099957,17092119094076410312164142259628522290436869007332028776270861718280044285370
114,249,20547259486794617690693102787325319,53910441206374972834053761882859427413268796102829088234977620665290323209226
115,250,23438164075788946620825794317572398,69219764775573923206309169031042599557604725125888069657557347136877426323061
114,249,11681216685795542726437897233144271,96930624504817051572196078725656334546687765456884942701061466378570327716569
115,250,30913274587093077876490201847883852,36380292058730310640658517150004994653514731763789649196912988669597569008762
114,249,14836298818081621345365624423153584,19547275726682542763647074377909873536677636549820198943295835152518080162528
115,250,40260184717574119280321516407278969,14604865499000309917252145526941495003497122650206046838467168492032798393069
114,249,12610277361022455576843194493296169,74603515429001310509341847619023826233428568745144043712778480618878927308588
115,250,22730595282491295928716926711820211,3654072526272691701398771449386999930561297654547927021773728846017168526091
114,249,13046103902207076200920025648155435,5050649479587307114207050165650343676147816021851177725372564035279447488479
115,250,40947994123680571991404728800348586,85490393653359548415441589548849938460970020822808290920530502328298504791379
114,249,12158126026095866910506910323478731,80125589619543434485722427370375744553662677282132801931238193375983730946641
115,250,27582893310732223344739523654293571,106282735428222431980791837107905431371630236191746616779909790513436490386550
114,249,11255474839807820150507902127861499,47076382487812637171076452984066098106615317610446037193197499422364746897194
115,250,31208168276454162219464948778272031,14281775419756571660906879178866734796043926812126377547450710825714136480201
114,249,15755689774587691210577946219487569,83640043742257549237444529665268531081653850420475037260903795463087593314339
115,250,38519954326336275731926356856399846,26385426257378105690193096187118985858160381489247728624483359451111409144509
114,249,19017641565171045069487170591432506,1285726821598246900945291127894804704588754592358780596440699314822224605635
115,250,24427753908816653502842487582578385,77139884408151745996393000740411877026104356357520908571930941622228990928347
114,249,17624575178608671083876322209203903,96979905092303750387045983833957021673261508883819769160752541669778336804831
115,250,37354937216877762158776276680948317,72809880798055606758923106944745417770625282009298179657600319748071252235410
114,249,15318879074485410469095331679796920,66065871024575168906512430761336121067624412889657960828746317110757508827745
115,250,24766789354370643130838328683355994,78560344414660547690689332332804345040644408626975235936730128609778514083828
114,249,16643025903821244999232185439091278,61714474469075617521798553358127142550382328892205504197938298140381597059370
115,250,41064485210428979977180126345591100,107440691478652319813112413298628905740007405868493258113736474404596206336725
114,249,11259307954006051071435788335418700,51248060182495847884629090441663222054507841826708544345266052916398256883281
115,250,35610093016804197049558814312160511,79068243885055756670215175833622415303888172281335581407963966955627122903055
114,249,13860274388462238651015466297825929,106156204298120400747157923555899798218456353666948296191256951920928924109654
115,250,21815889863623666112491665542497791,53321276765350170857757360007985546619873112534237303980522568533337003569439
114,249,12308277273168811860042663630423496,9099930349747720674659942793923235037371871333396285252468023656151274551014
115,250,35380610564404632246769165306735537,43600170198370738360616169928014156311874538011261304791653470351112659585661
114,249,18058093816059003321267350532638848,32018831279195317358805648172837567875868869876595166142485229009318500591796
115,250,31661890114065619838012719549507679,32331556903891143772520360606924485174670778598426733450708288620046630745414
114,249,15987905384342286516379637121401132,10044729910775483783628626493667520329188331119915697753681677931719018079609
115,250,34261648039071074551893364819444751,58442003660148965558807896394795038444243190059516454089343316025844971830632
114,249,11848786365189340606943509877662641,43734605397310817861206240432316641683652344014401266741797699326886756549044
115,250,27590438637274710943195413447299563,54346520761218965118450995646253108406746066257292766836488110829022228474224
114,249,17419614494549825584776439579751943,61229531343752100846558571468859805072618172759276623813670572678226214903150
115,250,21530502116800235619770431107994276,28304825653454336333093645420870357480291814689657371667846855471831331538364
114,249,11561159841774775900074891927733344,48487577258429766803671140321740520876484198398344960507950417093008855355786
115,250,38091536292980915576821846865081584,110663389637048493170901565801318425121264221654015342888708977719322681749401
114,249,11852439757595426227020871685626162,82616942228429192537010852095332330351105790811514447281180368133371923326424
115,250,39310706816986064970129845523223475,54201868747021081944785635919456004899649941916951917289650670522485008324636
114,249,16712412417266506855800290390141627,70515836757572586473850598969324201194787646257044318666289188712335754764781
115,250,36916644558872513427515004959638287,72603644041646336683497675156863689875374422944096115450434519140360052100552
114,249,10492907700715645691217549582442494,108008491905784478797485913259167468982626080139723544850637308534380081273389
115,250,30608677154992468826712035005062636,111950115011614440688595085474214350100676102965650910915347929846447180410399
114,249,15106221105841062469410643590243749,25732049596686791824284943657921035966533183223596655453768752316719524864507
115,250,40108201662526424929415891693589335,108147230890615022523920144676054324221232742536519370605000305079655494390757
114,249,18097464643155482974040328150558817,336575267889146355528560262496004225867624166967901354592248473161566717624
115,250,38909135347776964359024810548119589,53242408412434501441713896248434085984836928009192990262843105127162962646513
114,249,20292940825358924668478120260654769,95215415166448727207056322437805194695719470159159742466009233600985069270229
115,250,31042853806282525894386144779880130,17136353116985236757154896287220373191133795064732263590902082362799121367316
114,249,19678336913258666131446464812335818,49994113215757341673992482893699191417077006617839152542384742063952091807238
115,250,41017875913652954625089620644151789,60849820957765883990475957598510933622834682225081413852367378010633164856145
114,249,11942720219648689121297952141079286,50871187302313111413923272761649866992294655021521555432359857766067169236327
115,250,40404829739119905631542276595223296,39302412672489858251827377774781981747587303736382603667672163863549702907838
114,249,18362429321993052475709966701184198,100520715625565996478675140882266178539051521782699233832266340785304877359980
115,250,25288672651808633501373527293099653,75181324404017401509385471117086810576559177185148362019379714652541030627524
114,249,18491899570016060588072242723982334,18439854278462502712552837234473306920934169115070751954942485730444003778379
115,250,30896392089479841350375664347682613,19671701926371628654598590543775847605803169656302099372866686515719734598151
114,249,15136403473832858052907052798531806,26215073987485827614378163114721368429031935665465750700697116143500278707267
115,250,38365188841466446726204547068566774,4169494314613385838786498790495548038124112859220947229555508644741494544024
114,249,18744169336314000701067802912974203,93977128645529684707899927519002856952521290032203438606887009879660355734213
115,250,32774017991220831565043454415932515,15516298575330820730741273469231701133068321885139211224372427160033517264519
114,249,14659712816467396782893287457457704,15845789359154855406139333831649613680446836635866788329812468856640017992380
115,250,21005401668885548044491008060769355,106801110927453146417683123729296735120237530027634923122630081237459846125968
114,249,15375834631717282087108211135991025,32306868384075588118133730490175077888524373939942857410544717199802785475810
115,250,22957224037102547047648471551992430,98400149372776794462629838744638861686072788199733926986371875845327762034355
114,249,12716705480488226903372069230905258,94861991669966964202620573887384938014483103428510616863366615158108162235477
115,250,36927634721783582336795675884344761,91171391992522032503390358070086169477089643498351441773674738679983502648313
114,249,15660019187867570395917702797400876,62843666335233999531893580496643115027250932505422578698460906927458119704588
115,250,31575327467007187439894948848553632,45211711390725365466239195746891854127701557749884680838516219239944079267743
114,249,11352357971777264245241580945729938,8978171570622372228620855707733733629020040874492992928451549362953232399174
115,250,40150693541212534414275086260103904,8722853238475369215322146785163749916507897811523462268386603856508905939246
114,249,13021438002793440801702943953522520,66095559491536826211355280786210582018568559413016044264324837953509011652027
115,250,40730295359525338526591279038957202,81585359963914135086539894037104951944955954692270418086985586182381413892199
114,249,16862009561776407385863897691669272,14232509118666216770006035185052924928989136596991931355356375894157177880430
115,250,35654824341922133309254926548587122,99943466803427240691735101515027463490060496533597806450982795225923549191849
114,249,19105739037864474675681372343251654,25706887598986698295503387439460850148435529739747576978071889319608173311715
115,250,30876569183653818442463408899152335,76402216096324877153381862385790967783994603505474347384061786999664224451851
114,249,13618515464721587700974134989824409,11729990680961356640618849020612357496010764048051678733056658002377263681202
115,250,41303702653006453491247699548086592,22161780771964478140636156951996177304275998056389334143417647949726675904264
