bit_length, total_bits, random_multiplier, rhs_projection_ell
19,231,455512,85405214433913699873214764440222976175447244344130907451490573470135823609705
19,231,354173,106585273773244070440657476023710121488506335347248562306991081079286270677502
19,231,336437,37009255412606125184102630021807293468688942880015016663603169530501068042514
19,231,474377,32465367463159104196293860821467930101003056069957786915671184695099792527187
19,231,460544,53285331780474053167518529125849650082671548734112002295054969226111083807451
19,231,480496,43363283044190809672893558766624558625061009531107140948272868674979828276771
19,231,521704,98563589706343155445044208739934159726649908705960853267682755077651941242271
19,231,292824,115237837752244647781823899642277559034941455358575310290574941565054204423488
19,231,446558,112694062696380769746637420443419716817896401472988994644795872889730153346237
19,231,417748,41417085969669636027593623759396687554814340025514475207163711482821298398682
19,231,458510,75742062583609011340127787417087301133757702710133852902458694512464127427934
19,231,278115,76151672691894850107067334994708230000238585036633746065447555518117291230307
19,231,378702,84604282489819934561541200905908404690132583297769868622328890437097287277649
19,231,436740,63205691348260144156287938418409684148611745591064029471490725045796062215270
19,231,447111,21373136032363850780100164364332643575173556581976937988852372071705502515195
19,231,376562,25587031577296186592740965670168416624645894940131865521980694032470076410385
19,231,524257,77181415454578653645598549054104396643722547545979225729000951039217090471803
19,231,313668,100276034041152156820262022420256879728086365773268094764843988091076735825145
19,231,408749,57138125052963176025169132794769790755672523645455640582432262609382801527435
19,231,447799,62970371329722001882945633368772668842972929438542737714711908157476858396644
19,231,334708,215120461969163684664456789787168384042831450397007312676794452261228292031
19,231,285661,30987484178424387433868335422287463908346820879340117413415914766490288355921
19,231,264031,77197890854017392576661702080948853498807915680348582188375818155184526788046
19,231,489218,5658920241837110134168438350527736740566360541722862284922766879497540348037
19,231,399538,67780155718831939668574291244854876307333671997858074303189920291616442968476
19,231,423434,78372974673490121638810980698594032055822472399497789619734871350035310518271
19,231,399776,64302990311799580370051617896471874193384753228084560160450888596605532734439
19,231,464492,64320943559493532943108474162298744975194328136481757000559159205471351967424
19,231,490311,10772133784154705693903762571888541734052875383411153385513504499118637588344
19,231,475463,86712635195360156932334168257073640631704386269161253680742882287795588235712
19,231,303704,92192466165078138956531324197124667411606153646738770674496228712978139740266
19,231,292795,18954844486652321504653593540499827753052413813613168174248832793094769620200
19,231,486422,78894189158367885119205556570842085160302543546096910516947045088875323687214
19,231,266890,21468110329887026322518159188287612286920854381481258285499260705180130365040
19,231,374481,104668796144735388591450807324925791599713876219622839341929553533497762746546
19,231,309833,39768585950536977680266272793870442734238732062229852356231691430527232386571
19,231,515177,46163814913493152142736705086422138440279208421475712406092003932004636633110
19,231,266452,59266682623819281843877141036414564861977342368190790738095860821096285725418
19,231,323341,67187575354640473768479960798679614332446252908269260083897408698566994505846
19,231,372147,9374390746416174893495614468072226393120759945006899530151237389366113185909
19,231,415871,89805219708169437123997914196374105143607908105662516869601006558142287077702
19,231,314208,96111032930825475114538769979126809119015835882205895401292280390659684223628
19,231,368110,83473163414091383984442052642285764281119828138362148861715434008651896931823
19,231,440050,16968225485348366192660993069860519295758045435746319216153523247916495385842
19,231,392464,15424452372010104543426091626480114164257937278153794108612045037877236611152
19,231,476415,17269047921514781129195195738440413352672642593838910937490535252830646037944
19,231,377822,115654461326215897999161292825205962333303145167714475073485480538957504706548
19,231,460138,9841620117228559235753030625214956539178457094635198479822741519675069370771
19,231,369013,96273317849779578400761020672020166310050369132585683919664168002211662442355
19,231,294643,48994807454075284030642025133245685389375042426221078902170222533727521821512
19,231,444658,42157827722569700752197398650097038727480468408072778882013901067870717997014
19,231,343052,96314704142311416592344805779650045521224476931810921188211210699077954185710
19,231,286478,11570839858689420308601684917132790406921238867499931316730563262552060823338
19,231,287348,9805173986107715934474334942487450520321353790827534526996941902741243420550
19,231,344675,86253719525996687179599552748255170707293227345688017913033739583935206127575
19,231,443474,51085604619509025204968815679842558789920351242997641794399766281776422574128
19,231,336552,32637061804209745273105645703294311768664559671164242201857104374944216472232
19,231,518886,6289428158948758421094712307864865531707662218620043896958333829385095641137
19,231,463256,91154039654989014766135772527546570206221024124584998997587734471391031771773
19,231,447149,52316841518239148546104685224560143567011369332480052622414253816568717587060
19,231,291931,49507631321067120999428122116704769953950768045773435902296686308612037063118
19,231,277480,46553163529506400945768183727404335460928622633572047149028274229409347951622
19,231,422382,68706136476365506171382299318955691168136235075740969402245838972035146592162
19,231,303815,115403934671799950229399042307850494017000489790884016140237608911212979598956
19,231,465597,91317970789837216649240731226759093093887928055636465311987116089599157119497
19,231,471693,106704832919560025688087080327506899135843687994722377584155911904463514605768
19,231,519155,80048142241674341101628818823830585603036018386802495967709172005729267716215
19,231,271313,24936427988642175635811795668231905736380164216628188139546348467180807515382
19,231,459523,66283087536534845612821144695346960639464334993585434782404532701350046196159
19,231,305734,35451029920893790757688630083051374073215171613766008195628275903011199033666
19,231,313527,79726563305353355773894439944095060782984741128281688854534456983051068087725
19,231,383668,44622487023783530673051590878866303029213018285073586027875881232433915818932
19,231,317576,16497292370979422228981876186569932608649799040116086664368051419397264858409
19,231,356600,1069565366199404160415486199895161459423092767328852379600713924760595441263
19,231,476643,93758742995820601943491833920624058410479882713158760989961256933323356425955
19,231,440527,86214200733580798956012525170347569340229552114666206325084904821031637938572
19,231,303989,42982529692127721715963283173941305663085140567696990240058290157602029875596
19,231,320928,24289474208034956797471652287935626015493330801799471237160315568968915661041
19,231,399471,96290202350747163674059018710473691889086721082869110331601678894666088813516
19,231,458815,44485991642162329622888388586651963447949247695733218121246630265105867415653
19,231,324987,5967881788943542697222510803262147166825246302771386248173844254195143890517
19,231,415638,56222337312727248829779225065171074399182824512242535612813564376495179820478
19,231,467687,73290508849478397251838524568667320908658526803828321241972401221144341401324
19,231,440059,111195753322077498307377761898711725606980088183822479181587277122964309037598
19,231,521050,17159280910604689537482683794906085188958112382072952709585220651827463889097
19,231,333200,7322862935857915065869922424338044548416478803847212457025771767908094262240
19,231,411463,13826942565304831199616773313434321013392184008332199346200677536930243833800
19,231,503641,24555909595744081585976564730487899945878338783094820073927368179316409637135
19,231,411113,35006643075285462063506397526689271020721755543173769564963979757704545244725
19,231,404109,85723491583133310335448260119112186859342507218410629320494088569676745739430
19,231,508101,4179227876904263370599735243525973681724124804168560663594124987752258939725
19,231,422510,76133488846486754277825894066876378886349094749191683120285865226598379567638
19,231,302485,29894316962023057280497330097298562295769186676210887361718901611226560845570
19,231,443466,56571569656629512741528162476680042479360051539864815807344355549538361468809
19,231,388811,11175338370866939895317786117262289748821453364498911549189177718783723582651
19,231,451692,15959290035591080619542920048081552725911926099051063728982444212012303984270
19,231,270910,53554406306754500788245897809058590842350374655021539377327796767354012417188
19,231,518898,49695653295352344323488251283843027211904932460882623254810495532841339927693
19,231,322968,93835190032500063059085437850804897748229205944913386008178761588929497891276
19,231,367412,3853302010076543594017432431848965880653435953233075799919815568859249994612
19,231,377138,91959778696847513030314595419272199401723700451031707112621330220726454378199
19,231,274630,22730835707226131541636446582364520747158140329540675691158784779258920257527
19,231,496746,98897886422806262628578623690130926438736126618614092782188779804154508201474
19,231,503241,48829503579541789096702236702269046906160467912090919271483133375135834548064
19,231,463656,22132430550439855843277109349264839776722632173740748272880377345470730198312
19,231,479400,93110080463997120188523048631194774256996975755496515942250179734918385980733
19,231,481341,79473540970923042341183922032086712865628852073869013469991036588245699893462
19,231,355494,83433971648143546959366171546299199537699919474029587387841588943496818867058
19,231,288344,53220161301912241425368424554342667394966577008018876486195276143564066233858
19,231,290600,58758462511020152054646658499754217339989399077277918091350540192669971918305
19,231,515239,64927120685108551950041973121486994228370420102489517280753031557455868455884
19,231,456300,95304738851686081686683256639975057862267310323564235931489200776583593951416
19,231,472449,43531971200236342487836143426783786272193098819689795470092952275751341894892
19,231,500910,55417021152573250691390772973083901802236691189202061115760587640619289060509
19,231,447135,74526527707333418477404804966305144188593998372185229228309036514537967726278
19,231,496337,24550031993337409375893984893090529168014111120549811376270207851544967330525
19,231,371519,13432314019835534278929645435244195173666820781539976540897926094793760558786
19,231,323613,12106915764673875970367346969381546888363350193224931215141064491790766529440
19,231,504894,59998190669974332234321057956973407709386557345694782760183668633017518351687
19,231,419490,89941627637115641018654383003559043637485995855393245381976361416245233910961
19,231,358172,22948141484184336694212523562547197038780146169971421799851233951128736415905
19,231,311180,50665278026146496162660392960843594855641642509007890809023602357203083603186
19,231,506167,2817687077135428695878022527800112648855778523436652526678602058399438487002
19,231,325167,114275201308034223103865786222685174739928537053975592759217438710038695894649
19,231,285497,11751314276629863328222745827547828389305859512143080278065124129855140728120
19,231,437951,71534885248431544181720971746738679383041570607568137761472844478807352875508
19,231,323731,47642958877125940756790203087164590428873881117955719193971766473244742901572
19,231,421116,50994121573988917723137708934413522367710359951850602056159106868204088538697
19,231,321401,89939301431373069177559305144213177930010197660814295536241942711607089838127
19,231,490455,51241934912440799920980675891114341373353639360271932254299964053906438221041
19,231,375805,82025309397045615004786471400969256451286974100515692043450814308306411830096
19,231,334019,69933988380634728484996579142901515411287059073949748852838970215026057497090
19,231,454912,56929707866864592665739881721397477448030517896069108691912415244267978481414
19,231,519151,103975983778178461717009805020055635358399568897846040016669986421889909863521
19,231,287726,60257953091120111428906821980593903370734608541760680881300966510163935901991
19,231,481826,48092040749402486263885672741277088652589885630630250332415092346282340922023
19,231,369055,9642031831658819447621339125147517079855498778158249765115448093439167401349
19,231,303486,67489937219128691481355145900921941659327579266236349201561348137326334415863
19,231,511902,10095982028057695264445413515192551326835604075420620980073712931507547264088
19,231,359635,12215069034928621904368056225765269670040097968061971232131848454489166932286
19,231,371137,79296636595663545821668662462497316325803547104293022063535900680834324286860
19,231,505002,56374626476009200794943515555442425657091575520662101704659251685955077377151
19,231,311186,49153232894021840785789203044591398488617777837974189380813630897824079588881
19,231,288791,111450879116860337225496897056901176689469049446758093214361891694811858287894
19,231,316130,40934471451108646741961591928398206183964950820787965631909926971359792572866
19,231,457285,95964624922155731733858806255447049055461655704169947116471395612573517698748
19,231,435169,18320546631962670452341708660455182817073315171303436462103806469861930738512
19,231,399367,73470880563897473498460983868375272275518491104820233980009430065049774343780
19,231,459109,62432944728317403666579694029489973562771769117593337621792382300341186310199
19,231,446475,96937499671498803318168167550064196045274100511557842035365486698604905081234
19,231,300177,52013733889120626386375705473311874329967680532460108256770118591572948828365
19,231,418485,61007407250004913474694886303542144986579234410411039610146263590085370480111
19,231,460840,38771134362535935331024936520776761750547847443985153178625646311170391003273
19,231,316536,113310975244584304145318099492062876852212161730888596854466392233490267806776
19,231,382733,74228086264108171122770959834816859095027225035548678007309601057671043402670
19,231,280789,13802639204113061224682551086460678928572353677369139505847616319862182620391
19,231,409204,113306373694485299001042332994145914416470837944748347071221501610080201190590
19,231,465737,71513158109801514786057189416915557694891827045544251568260579077483042396080
19,231,279142,15446315660495319420996170254127127379936527533453620367492997426331814829019
19,231,501086,75278027458016304942010749518740628645420652732312891782634846050440370873792
19,231,399651,8883778262382121950182621510332872236666428314769210997361569383724871162677
19,231,419608,77524600837145297042178627027456553872421704874799151146253132225695849156469
19,231,387202,59381083007275470431189760175296779397156915176162318084029011318118745954472
19,231,306095,71749809342338769266542691440260639541065596312896423046289144430470607951696
19,231,476688,34921626361925845165069555796810696525717746331464717488608925821764157235794
19,231,288972,85080226249897863099039688376449050472745686137020229497300415965678426077684
19,231,482302,97475342201690045588189282506021941045777119795018013695340771000573259204053
19,231,303739,13353220451566973717943742091268346318814772324126260472562347632866929577196
19,231,393304,42579878543662968008903053487814242424981367678093971616969647371912485214674
19,231,389255,39485954248274621506905184844637770973220448821099597609983544914206792418979
19,231,298192,49173445519672386124615855988124578522390055516967320377193600248161186661096
19,231,434357,28663033803547330345590655416430912742269052065667514407616351491190696308702
19,231,361954,105214348869241348741427182752417271814942579718233302523057383302136489409612
19,231,367849,31338747967499773683531624769242374876612861003066097434444725436420363379187
19,231,346278,115437023816057185059900654805490191345222425807724469991564656285352926999070
19,231,341662,89054009775503671556953496081301528383882816463819828848274254596938892011777
19,231,370446,24761664389750663607096945683143617712951631530777889567071121792279996325352
19,231,337941,95259399771222614919420769895485031121710860813187966817893096919935911393352
19,231,481954,51157813748452583001479691507564752608756890987985644983143684620298940913348
19,231,418658,8269266369761661740489068189294722862516715223370099963183546607333511715660
19,231,406563,17865842683505898195487957132351805132336421286113033066766257022471650289151
19,231,517605,38601055933759864259575266633699945696853187719879012431875914561256500231965
19,231,320116,91534380402830978098370113937774168344579336086708989221304208112691909375048
19,231,461174,97974628836910428779334823960372458362679222448725456587689564939786815343686
19,231,427329,87771963634682704631843034730925083980302142122515041942006582300521533741213
19,231,476675,35023448904918824839033376559515006952550657807732584821182045640111892019726
19,231,303020,67479834569182043664569556923625388317846782872115942601912147626059410896583
19,231,428584,27646828244243977526268119280357704059067250639946042306141242323383073200344
19,231,456077,42262931417755791724327342956068219828980061365506423702338361431248228697982
19,231,325582,67664728155300320885783447514497927909968352647738489587356647833765904389728
19,231,393943,56096028928824309282708238299302744507606696866696316737636391666810225453946
19,231,268564,99341787649914970328922689092222139692433595846471632164864793156265899145951
19,231,341481,6114413219745164879447457879625227191051136407211758870784730243957388827416
19,231,322503,1401575205127254827510353753794753470595561716247915610027257289524898681441
19,231,384884,96082616741373134346343361650177417141534290840368282111415001276454062840289
19,231,279145,46713998738900508087691629630749783151169382617740640228128484996355171199118
19,231,285404,60562511754093560393022193322403678697417953176547861445747358760203697354786
19,231,518528,9047163440077432662461912342042002531066925525469746271152167580764540288922
19,231,503527,30316239066332992401110834765321761448803838599007025408136104539398697090000
19,231,402275,53596863039645740192801036728742214699013967747779905725664570585379033638849
19,231,348148,7168152352275400811152081752592401318381640554529099065091091568610197346292
19,231,360318,68390821130940897574610404453291295908029859610241184007831795901293898508796
19,231,370029,78966815115769003495917964274187288959061297592663212241283674055736729482278
19,231,284386,48623521431816148768285436331156137485429513472833647381943460515627412325762
19,231,495850,65145725312432040936344179073515786840424258825162194048170243787767927340139
19,231,339516,59706867954727265348069456876962159474223111709877087496564291216896914837467
19,231,408563,94294908062269240291998134057869397196095110980126635144575670019365418151335
19,231,333372,32267934644795021096941532311576900921237517035045391912967341266350011420796
19,231,300801,14813649325491313153463000062977927234624261636038701651402027726067754330034
19,231,461624,45275414847499673833850344612971338464812992829734562952923617821890971397417
19,231,338014,56641689397738281853852306760443925941369906411374463755230675156875351474281
19,231,398196,83506741443002628580633802013756796202219728007899822513650684730063806538363
19,231,419401,90147102910982770897169830581085149224187900938966860665075894025531121229530
19,231,327854,3484142909796797565185212362390220931600480508744907378866615183594933494154
19,231,377352,34215654682842930517034781685665396357609583972812129989546452812478325093380
19,231,454606,33405646496459161461933892234812370091137933634539035661165571459188553185189
19,231,306292,8245683410312433578281651667797374402016421573193793882421260721613745347564
19,231,264104,67971341762142747646687499424894273387732747993330924880727857644520001341180
19,231,444082,235321914241346831024620785199812054455936929809734158671004202306335459778
19,231,294861,6143617253685600715631484173284212332639167995425518126297713597174560357506
19,231,325785,106294425772758033017870771461963052306143642203133055213986505722238097368716
19,231,282253,100687218316121794702975067079494053786942129378269052345638750632985659214389
19,231,415951,73949170008888704979170645050958253556457966052521852910123736168982359379548
19,231,451534,97937541623333711865195392234867061372330954289244939295619609595920775845858
19,231,333329,23137162916912154572475434102397196539700295298129156604269221737247967359884
19,231,461006,85688341276993967033067785087359631973697819355127352998532198781274608800318
19,231,414709,107422837097457454285906361931717157804471501666888041070479212402311000733867
19,231,363014,29900369773260581326434726780989345645428588458385053668049807881139442081382
19,231,371066,42558145463011141841519128801859688080510755128500400246160636188291423530018
19,231,375475,74357584707177280431225810033597973712101960661629972511507993077468779721810
19,231,445821,7606581464064432753119044370219151826837714126299800100480874549453136403631
19,231,397291,24722689338317179347648284438301118181124880885647775250384796430794598884848
19,231,419235,57862155760331498515980129237081373839524440375632159727144581305636449754138
19,231,505987,77255481843175373630426173865086967601789187813555363221016748303340881899646
19,231,483917,35785843287396647794563264759457223198082402195607568369320122006231783116521
19,231,366188,99051595926143952567498880498302614102288030640291217946998068607203983241442
19,231,287328,88787490672923935683907497241926463808546416844258675140024456794328180890970
19,231,522660,49493631252366241223578572673319511786967859629011076577675758385306546388025
19,231,508911,105023650107396499123099878496139097594455832419546761285043314133716124171725
19,231,509964,24620829831699858582103933608865792160112701027107493471337357888982451769142
19,231,295578,82034437270590889420524652007072550454834293119814946748999027711627727202945
19,231,434085,34329092013146687819903602203504069466176195789218103492497781096920285518754
19,231,414187,56411534782934581735320763570170412837673784622535398400246147513667610794679
19,231,357787,33294132880412773975578673366020535242190042526950630015307679425372470180183
19,231,265299,16428785169177399357484850343564592288995953045480143360287112452148911649553
19,231,410757,98999611974038427098767970584980740585613651790423399147397682247408635098266
19,231,304434,30738365627730867400116459810800462002181655231621845127942276203068232219540
19,231,270937,93944981942521323072221486316439025525100286482883512165947351376101240530385
19,231,481004,19748918559968083317026493675877642673318013184451854320472317345901249188445
19,231,387840,42978493410105044143058500437895108534085602995962430313052517495533986614763
19,231,307235,40788874179580090776354860345110428402410277526580387602123819727208106463721
19,231,289426,100480704166201939482544035096991184629130149702124585603784475178717337161030
19,231,428712,24735399782241481574196987199157699744133116988849360675881741099039792848277
19,231,428099,104270870413896277272200934985811674359348391658131845038360112140648806740465
19,231,282665,97478201233634956400441680280747584090608318294619561143276984592411101051363
19,231,497878,30132837588328872579437051935045097761313458954449315488645939935166609469031
19,231,501396,1405915001933661694078167787310635012249562625641083636586896926272880024906
19,231,515088,82798013430260765189708481394237084080092498283428377686578746642079505868015
19,231,362722,29717460555504453412775463747979043788489371349363914597599364212031031951106
19,231,472613,78654120923495330897196144147653697572696252615113471326194525139585694860625
19,231,417073,21869742682493130349515193038942151841774406242823202524939155642666993068055
19,231,478649,95181060093065751859903809798458450284999294656983674033483639641107411076425
19,231,479630,31257975988471050100489997465648244517190869025697118292008802735934001258503
19,231,296276,75500301559863990691451263618989540114997308304979103723843150076807551695176
19,231,477725,99146179720527820586212779235909208263987941842228809973462582310623447506535
19,231,392556,52986469559140183794561048592408641776313260415216337896700855447473435271209
19,231,334826,109428407983321021393223401529553385967324634009660177915210797529823181893783
19,231,500948,32789776187225445650417690203209284874971702581373496642627863007465539328725
19,231,335750,114314723110638050962630646845905851407652978045053831100684531798995581091545
19,231,479087,39195922168378217826169436210870643248625515498139294411800048373809056520937
19,231,509193,103996131365832366722099615786865275035234347778919699759004057456315043489937
19,231,468040,77569366493964808843561614422495343253581689933468108072899189146451094689807
19,231,482158,43156709457115051197149054012720631121679523809008210789183095738973455596599
19,231,329028,108579394986446459348392160975682836745624767679539761629173968641028417889129
19,231,380733,52258662951809557320909242008990416884955130348053157457909477056830974781048
19,231,341907,51439920280938421316118660440643921494379948739934683449727416313172308720877
19,231,292320,11489349397689940069750513126656722812090747736158507499239064981322185185717
19,231,326112,87960689759561648153302364559580147600763478586604237829198452139667040145964
19,231,281255,20376675234685225426680804987363649773126533199786398348828979483139015819336
19,231,333915,114699535205336254821966049558361824195924183663620130151274609274433798533558
19,231,339054,43203290791154066709245764575836843744339295437704724108398733883272118638537
19,231,440282,91553376437774204337606513274108600365437185749567398833159265758221168989205
19,231,429069,98799514990431325242048378544198303829961768865230800328613663564145974595532
19,231,262855,91676610317556656427629354723438851325478470337225425667740416981281941420746
19,231,272726,39818631229192727953937637975949617620872230331383858754096223795894822409873
19,231,422281,46296544669871056941420699248284444214542462908504609781413823691153134924326
19,231,285636,99046646428726662628125900055565412978704772008000811791639001321009293945765
19,231,391243,32316332645989082618834862980879520209541579683767039560807581633525476397584
19,231,302731,27786911957491567081866862210815604050555487828857454131749508689572885512464
19,231,322319,14076552401163632680163185923150950713690694085358689945290573090895083493022
19,231,427394,11799589035324951210679971596593757302457728759485885166926644536629282936739
19,231,476454,109756626021879473929700904203159537814828998600004966931453412240756985070041
19,231,459687,74416801423406096671798271892033580457918511922841522561891624660427987199677
19,231,371237,16872404434899220787793416203441614291470485009293062795499202494944292680370
19,231,467795,106117102016003702671036336511152978475810619566109380135631994701227796656697
19,231,296377,99137520743031002407410461168518964605517023636306902909574518965600961224476
19,231,409388,26548306565222714840059638113200182723192542374150441524017408897399251087375
19,231,351282,2993340196662793676844318502369514208298215802612373726569896856504836840650
19,231,371492,60164873666617026539252134823804777581982481500775663283005413729355890547517
19,231,486021,103835682380118682501554965679960071819845274509346749396812332514401511326467
19,231,524077,30965628946116953569151688608681533600898718322415141346557761094050437975135
19,231,392729,100016530032917307233739027810001748710048772728384609117848935712174630124028
19,231,447428,80984488827330278538616055015084666124333630835877075251780466285291372571316
19,231,363270,103498428051625351201825232509706665043490443286883487968594798150949154404130
19,231,466948,93797950045024771898399158208814097617900137850426526463639859564292004660084
19,231,326493,3422736792230018101322480370302987563717824853616945327315046591323085433355
19,231,432280,112678911691204560689545741146933077316726558206230876402174677015095026171159
19,231,333641,110399583848528584121621567506423933027235845210516422497895804911617177588908
19,231,433766,79937495361690750238314633523370410588678954737710539177532275054043557822605
19,231,492624,36514183048340211549498452085548630897176219895274477485651806976333360458488
19,231,458859,67046136277518039364418722463471907002395513962281479962268203325879349329827
19,231,422106,4400169261055492763061135121308071815416341391346213679062006388659378928802
19,231,358431,73597843435514167654305796878519302516316912066823353532943519653954972467704
19,231,280308,20857368659716430943432970466740555064376083417229640257882961854103985510795
19,231,288359,4715692346959718254648860739359246216804948127403812201012112477759284808445
19,231,477305,66274887863627272535525370786777815796553380098309092636136047946274541784662
19,231,353776,109982433371548348876762789034997604594802795752428657123324532434647885142350
19,231,514705,82123715081201181926631054435924672555178793837331264126057968169930256598922
19,231,412839,54504699828884360388041253696256679022999197247500938327420275969262693179274
19,231,321894,102078875776510983401592187563628461883199564199781735489426909829412170567729
19,231,318239,110606101173956949600597827022461582705804927531405545660400308509778569614395
19,231,267801,71469096478617546814219678043247357127128477982959087822612452127954336760814
19,231,440582,50722177849307026038951711305575707685492423057602721994518984866331626281735
19,231,383852,102985629387625027064886094727580749470773431064690603697145285987215492933687
19,231,282257,34815164600183982624228345685016907398394249580498152814081076434282398483645
19,231,282552,21922140289100440500339608725503084513831150520039065617317532604513475504331
19,231,385641,42331223645363380161358408788652020863944291606117756599616623291763218417842
19,231,513061,59645836075555087902282061012777034410745182999365159104988193130437362472994
19,231,366309,32540414340630333338552687941850687299766878758264005755947209698916421972040
19,231,464131,76974255569733398358891804963814614201032963083092579205070628472122577725134
19,231,507469,65646537158469526544366255504408733134731804121976509396535899514453776869526
19,231,405523,103210109957473737232614873661777680731841102464014386343782987396760639304761
19,231,365920,60594253681875373966798184862321912313663496338818885570631414553531865777830
19,231,368347,55125896649130524251724993673968676212839748146158989449366706285045367205925
19,231,390119,31214522546091904849155444728678129534855664817045937337807339523154359932538
19,231,345573,18956883988702470552684588915962235239160134105725358483153330669626331342737
19,231,397821,64855510267346339135668985529328347049022219088444920455524444067936867345648
19,231,351314,50295290086544341651295737675479038512621590029596204373919752673152838533513
19,231,399581,43018964130187735556913257261912604096323625941795196228240565518968077266405
19,231,499062,27262415545885992962969443650269450485911616223073033146773233837200170696862
19,231,402134,25386355065271814945372267575570613109486946713528149043838366648292056666819
19,231,283167,109490581640752787007905334985144179015018558623533086184797776324371952978321
19,231,501638,49528922500141425509890619327562275405151892035479967607617014978504487400667
19,231,274329,113977836045933748852923119147964556530770500408775897005828134987017006739806
19,231,506801,45223701921662035355532175071556516103026566895019678742785308504055894007517
19,231,337034,108804132343366616246133110902340097323233124299348343872460432242161002094174
19,231,333674,107072310373012823583797728667573634134976569997729879826387544943319001281614
19,231,482313,10786304442242005679954597133464874091966678119523001150918371747690019766280
19,231,353662,68857201189379886382946581503561328907734784802487079344555819493292148857162
19,231,371271,40592788432993602492862157771885217398914175109941735710024334177510956134597
19,231,435244,105971806331646860196777083722096038488259638143707999681040425841157600773054
19,231,408872,106744537955983103717921799644414293701210616313695478752333197163505722334690
19,231,429982,1446412893485024324625398368187812813991639301873977514373262096326502529472
19,231,402083,12494538645946764201577105333622310586111621050069460151189816773495225639515
19,231,265672,28411600782294754793310365399574465697540318504957581756929784239984799487535
19,231,269813,105626649373091601329849327396134260850317165110475966146572082194400731080663
19,231,304999,64229163342382809684015724893896210005462165282612024634233656263899579113240
19,231,315039,13798741206699493440941761263628140052778995085990607743066726676747445356617
19,231,390603,95657151401561694895577465191848086294648838882352126444003531095283986512001
19,231,504982,71868802145753617069471997377807741131055305723531610385616144329741432203422
19,231,318113,17561676854252325259280973751909921240592407345317707033464852435903380372278
19,231,439479,20458412085507041536194636632343614118476742810988210425254525797316963637363
19,231,439474,18304570792849045223242159754350275710503012313330868828098355249705023427810
19,231,477858,38219955179697081951796100274297237264540767050664720173880075742121840789703
19,231,482142,12584597231881167414185201343665620527682028836370141611966267317072958736479
19,231,415977,35850675197757470641530890750154450691825211055596313285652958475628911670336
19,231,462362,62841759867035729534940577390790557495281797223841896370343800153876410427132
19,231,459870,61284184966755668242166164497247736956013509715420840403651214329510575462310
19,231,519837,41544756744365207363877748229976215111419980741799938971094277611028057847930
19,231,276234,24251381770008613195246975604519608235626666636776862735452237851647710943806
19,231,522366,22059705165553384846437449578360391729813333876814371606138828282031012845303
19,231,517036,85047189642587559891858569105164160774012853734540449672007820417157690137981
19,231,401272,15146507117758116786804494772136587501304064036826076630373579125675421250050
19,231,312741,6489111436431360814578881871016074069877689548459328578104427873302949441162
19,231,381345,48642771870173745792444021384909382504815521899508473617076286685580391803356
19,231,380505,65447459439464154809928494697728587859425208965146951045453033490058394946829
19,231,448612,36499262434659819805679658685069922072247942603857309446716475449354928200099
19,231,289830,84794170819156321886501969540020165521449097446074273062037103023255230094951
19,231,325704,105155186389964939615826295631277494973463583377656979782029715497183324748370
19,231,472012,57200359504510572835712092945838483533534826248710133056603438742801065735967
19,231,436490,13085107122640544119421085938990183585217423098739390021603324235492721241338
19,231,377857,71845424071263775791893020865214137640626054633748286126136276991596662444146
19,231,514679,78983676130886178876723264773136781693981306095329108819643184231752756636829
19,231,290727,35053949297928353385653692504267151941783405089119060809484217926782026179567
19,231,454471,46378336756172084955803359891852201810376384219101966905844225674566781965494
19,231,479897,85427749381915073497465731003387429923712997151181684094514410897739292430755
19,231,265043,67965223426556923130843476728265979414908407250872136237578299865955889604338
19,231,472622,46634331518060233571713214023492504449781723005763784502904035185817033554867
19,231,382219,63060241916181147983323211149582517887659253391450897374078718244344216532327
19,231,394509,1346322001739331989497567351688677544490873950396294253182930341169368454837
19,231,430361,52874291505275698161159609205220329500917218528585191621940761536752502581791
19,231,356497,77644381287192789099933084722441793260275027368580352868578501703970965233795
19,231,481275,106318141426504630956209346782511372079416011364967198304301805354472059682233
19,231,290975,82829518607079104424416252826938045650685569916278407497556401409121548510699
19,231,473762,57903889958132570480057019554299828655929639585891504672534338243227906185035
19,231,388870,830810563206354299474949432506765065504119630639956448652351322872677509180
19,231,382432,13468069432339732753851896473066575734014018589595957366431369370221760904265
19,231,395833,105653456086204773935679631656038843519224899455147818883251202611562729345773
19,231,491844,71454123300309129619927779467107359115819401918532364835672510630801340527596
19,231,460586,37846028892944643806315043455638934178664791788045635950421897326891128238750
19,231,291624,4634265048131873332270288501823154815654390103303463523969760546219253464439
19,231,492579,30963808776882217570115342567736190168504935074365440527443508205643601341256
19,231,274445,9623380287608756256005788706399680994823661993367732214217751757600841319988
19,231,347044,64434059438612732382878323283924139092951132012153090585817080369436316594088
19,231,350980,86061444815268607946915161473137427437709385842948644030742184591941446313831
19,231,282149,106581416772195814034094479320652374923939015579199058787219263207463574452654
19,231,428809,39712605158585019728074958172795042729135659310540316957833301796491898695977
19,231,464144,115314844991020528036757006658452565788827714975622288438790728697918976294109
19,231,463890,40557342202907128799593168134313468749038339482882197020460369646983500848418
19,231,511568,8824228673170642570702401183643972812273594259960075182735502789843066734919
19,231,435296,111900787154459739123034585635539005574516829491413459832004173943992612537731
19,231,327619,64927885387219508971505257119556555502612273049243568350626299595555166903314
19,231,312018,85104410630823391321442292687369199220652984762529033688222034150482575152779
19,231,354092,87664941224824640644778783141048951261063834258198457412003157503550171604873
19,231,509191,97147634771794941187637463430131808697257194487480211077350530922697605622727
19,231,472429,74184681753541807305008676838847875526751059955608700810872728376717075567410
19,231,377465,71729884421785394193451798521786352374571860520579993553881737090369896241961
19,231,452183,103646668937613864702081133118657424875163062085079638841398871384383226378283
19,231,278132,108288541766109559253118206100477450899800131856481612711381213877096867338071
19,231,388343,108050846104258292045887794221513184771595094254223004286993027709798252937630
19,231,504829,46299338674060556222017702993203272208187605974033959655842893992675241864324
19,231,388700,48472049066538663959988451551466535153263536237360216798379430853532269871476
19,231,509346,25547195801145322008119074867585164304818051794214690309810851552369070262223
19,231,275456,48817147901754444422259595431712996256228400745029501030315401224471476310821
19,231,300151,68968681632951477141662009651495453629682708221379964836113875585107759446086
19,231,354273,22191536447384958333945821498611959413961043405891862144283258624613718032273
19,231,414447,95324445117900229582916078079339444433059947245233832482661303073434020905958
19,231,482306,13523422991844269385135235277348616103964609027500596141475333735893761312213
19,231,339773,15153247268749960741058937641059560276385816128693261501884964536487484911764
19,231,446078,114131407425158272630801757749090056137421974033218402859755855547052862542099
19,231,450278,110137642365806636292632560112400084104140204713708882905541890187518458439427
19,231,394487,77847904588395467841690169160539738200088098459521743554617803423604412027598
19,231,301709,4005918325704882448367561417618638539986562965470635962391784805339317435662
19,231,408426,7919758724565925436185339249048635914906078881028896739294449774707487181094
19,231,289698,103308885537475150647740848867853833878483580993543532107828834504277119359392
19,231,301706,71070602865029442687056675152477964887765221725466959728585139477509163229345
19,231,481089,37295917867870314819004877023848689384004044070120020540370660302026437339932
19,231,506818,94844138384293824804146960338430193525039597322248224098812948372541712475173
19,231,477458,75934117931978251098964267554470469783641875485935095995959989495141105257790
19,231,339986,76796994596191678473316229119280093961908911043000768067761666121745941074940
19,231,324811,1645392592648360564489231277318300596372618974183270767702626290399136217536
19,231,368869,20274350680222944724656924172750048136886854298394029106125708006199374749526
19,231,483477,81231572457432162574432846682990676161586783499452598389371250646438517064784
19,231,381004,60405298688941837347466262779234009579046886608996363943962037075255905373974
19,231,351646,30932612807058135173700332429254047988113102824445991378750741011063646548215
19,231,426766,35790938175792046397258611706763551517390869837735854346296823706128487567979
19,231,362033,45501006532435740520704835632130775791350587154667961427846939612228597103207
19,231,417372,32148027781730046594734987882512143087508936139319454856089499655316284921505
19,231,481775,24000738996443461947682394181047658280704809007986264915569965313628130725976
19,231,290767,108600628932828022923320296860583512084435839262232648774803512293142321169290
19,231,322446,36747306139933683517698785828439051449016714140734610937985011189487997851817
19,231,320683,68254523996884381249993898686374865087249430957892662853855398788515012910191
19,231,461178,98788566621097787714870254262442258363384759381714998703401106188646349923247
19,231,438147,65155929603313389454272260126411670630156588767756120482643531938036513090762
19,231,268220,3421421344844785896545174585698119121829771575612698556419438526204586018767
19,231,491322,79782520630975575543980868871899664815851349738186911918885626717802424629305
19,231,306713,31860907246380678548616979532422332951195950142629589904079019731212461036763
19,231,395656,39821682270084660743759376623514963760101307227441192738140274744812396112341
19,231,383282,52200265335220935407845555852050857817283375597153643723888171141891235708066
19,231,307341,98635229762904585783057886584112495948041766006305987526894418948543183857699
19,231,357147,96134698425100786322184608061635840569366988163006553387588072731094400151525
19,231,428597,97362907252114870011870098305728592954744994442230353533920310779969844461460
19,231,512690,42076747074887361383487365204607513130066562877359470302600296932847273415715
19,231,521384,59409009485730843139301586099720164731340644702371376761996138857858173612714
19,231,443128,51147910649820914964858021334877369145365698512010330941873714466071459678830
19,231,451249,32772286187626715896439818501124887265285369168123546239138537959872799614163
19,231,290548,28593223352859282126177338404278476330163488150951115754408969958803901107794
19,231,439929,101805606346287210294019124547275478926002880354964264652186385346733782005846
19,231,486291,67681260764272442912640275565680762026939709795689087955175873986286551174322
19,231,324383,34886705188099645776469774476761031116012127284989701404364572968182666028284
19,231,446007,92079741214442504132731894906096495607867158177384886423417533129079889788251
19,231,487807,48966222354592393761438337328275609327159164424030308045074216815450982012257
19,231,336173,42725894525998455802029593320579971981693395895588112015057360690463849523567
19,231,497036,28170577416985955486817681751616858159085382923025933474844785489087479602582
19,231,312441,108441346956407764589114727321417981716507617540052804239553291550490407915144
19,231,420520,109784018737749514537673046799146627109731430799845395803531947827877974268638
19,231,425542,82591580800587893062981240762053861205697246291724948391679286677529648912515
19,231,441561,94448912276818826019359688752765923547029789816732504238471790895031911540698
19,231,390628,21271771880480928116530782493811208124032234013436893639709796952071471596846
19,231,378192,57204687516820236590865216130063414791129999179944176440163010014956835132786
19,231,307842,37833019178094525775519236473366210185280973685595696828467522189593991497360
19,231,274621,99294666624405517326625466823901035050071248988445398345911669922979067850733
19,231,524094,7220457722056533826633058934973272487454222628766574010577255124186819700940
19,231,272040,60614253483988802545512461475441554782972733683056596584380984801408645677106
19,231,472400,72526362368819441366658177027977501474485732265887093312812675181255292615946
19,231,483282,96914692703783585883036978092455802563191673839536700997538311695406296683601
19,231,398027,110198769716939245474064434169828416862863206672380179604710913048931810008674
19,231,502847,11561923650774217924591250762781154262965895995668396220015960763896487011948
19,231,365280,109623698585559239346029112623045536450509633263188492425959702584197843730426
19,231,395315,97920829980894092983975704789839916350340159722594683779154389857517983684706
19,231,349667,51483898098643718757073042540417661841812817672327722372422083090223914587778
19,231,281112,82426349143856490875260060714711338795241357136605366878530395286846436227147
19,231,331134,83004871099584750244327672422362510717447340848688375164029064143801725937426
19,231,279294,48677964205970059300257568576580792309319750225900815342250567712773508139779
19,231,290736,44451328687430788175818808593000971734077571673006432909434536715882099856451
19,231,389146,96420398539010100591454692930027662895047381396163973855576317425246468357775
19,231,316528,97887052755369554193699254607869011744199505364440858249970350502984282292818
19,231,357620,59875419690215316742004396355921269181249884303026237609860384163041629225407
19,231,318255,2352799994709424933845750009357484223600743408139917304364266892428897020097
19,231,371360,66249689301997193897128147880855441206805345783582761806686170660719122322777
19,231,377514,93316269143495071715020960269751392581752589009531002362964098696616829210234
19,231,330418,92089253656682817141382487502906287901472229796095764738990263032555901138320
19,231,520326,76763547672076502561808355812787135301000658349200360735178688350852635474335
19,231,498297,36379936525133274663143101222651384090544516123676667992201829444896895426948
19,231,366136,39504179657942761180763147582962405460802469766703802961408418055712165717646
19,231,441043,104560540495588313705754476531666132588523589989798690145567485793666607952880
19,231,305426,28331655309633741666452980066070197332925526218173253244803780493877721164243
19,231,281320,67606480524803920948725114339364373925587049515666645978940688950885778168142
19,231,307342,38196361845276049973797945265863593259964788727935961427982980020693375102137
19,231,365158,13634001690346298099743838639156758604442115247591354384771165584607188520119
19,231,287648,57250942095206474286650625181339518211760916900984824245640745846690420833848
19,231,345259,10372937860161079071067109320033475296932805356983359410172721631164729663008
19,231,514114,50571593913629139155428980152390083714499858548918157087850836402575928318836
19,231,366643,90126995562476633287891949160080762427244428643456994091101613092415154249428
19,231,445382,46892589300087978499808896912453517353320806890401067098228966526780989184938
19,231,439485,97102519858281085671713810003601509279447588567828116069847432510109767944237
19,231,387876,103007779269478100402980776808003872433456959253693495020187975865163267963987
19,231,504797,9491147714146528871673768679724814253695783386264036754756716836293990107732
19,231,340232,96093831694985708456096320640011402981410882462551376662066486890623351076344
19,231,430565,67589811194559243522178630233335918179211295182310398673794890997822706566874
19,231,386777,42079213993322337676605771734756263032306177483000390416475023606787284039649
19,231,382570,15978913638130207552916860581779979146218971432033992681045208448193850555598
19,231,472000,14578936154648461691494144788155102606160622777361587893108520371128510487686
19,231,297291,80744516403474203341849019034764502808495651258588322007697470124758839926770
19,231,312554,81388037622071785788169121994020104719373929478243748607773163756756005112402
19,231,348731,32927830984317382024111988217648318413574160932340915358477235058102496468338
19,231,406314,2473688526442899052679224112288553491843414683280198895495450002107434297981
19,231,459688,42661888427827024405820628546362919750197912805598430044360026742868726935942
19,231,350268,79704871849591376170633276108287926358762893211425965457211544553067814497807
19,231,506398,6766469074240729439171989997279151903266825059005635786435911729523105621903
19,231,346023,26193210478717795159827040092139106972024724119619652918219695777831015524689
19,231,299557,32955863742715607776405798043225098483019065992181867044267487434113282152925
19,231,484195,31203513973493796378241689119361806059762783726848437632349404503655152477607
19,231,360340,69438952975680947233631992056572875368673977337040550632131273964475930079541
19,231,445987,19540205912688905013209451414149654383972656781940711232167754767673870800520
19,231,266927,9568387955600556964079702895683860786788616024461200522362417779045954409861
19,231,297439,105046547088078002295519082109257020480699083514619623983011923058777036729476
19,231,372035,7798162212359532907573565627454742257998967115937143362294402172895123897317
19,231,316613,39492625055563890175559341844145272396804584187238253689770333377976066226186
19,231,461714,85288421624700912045874225511464641076601871843653827471979194208885143566507
19,231,414997,17985505388085939046662343064428267391447626658691535929126099326569490012321
19,231,317952,49705749330319439705269551238952939978053192230411333619780255309516494414443
19,231,273944,64236183822123201183409184338003694703280684299926904023921361814982986832497
19,231,408880,47282155987129602960702053978256107575258273241125308792091365982706564468314
19,231,493062,36385230226610655512361255725007503178358609670489788511357115387556437874828
19,231,397596,1761595664795062061948459167692585176756882604008498948803191898250545336921
19,231,419745,61116696379493968996754626986406986602732755453869531130475435208867355740749
19,231,322931,63489908006800044035613771413663734676195778353479730975346942160695060153450
19,231,449455,90574551467993555326481840168295992626181605893733808690542802559463716269897
19,231,269763,63858376142925105561784349919346804592177485696111181513669446564253080204060
19,231,419198,74774782246018132105570138050245956876696598946171060296442907977194929726515
19,231,479261,100702636724123114848273873914896398064692117925879649593112376310289451368138
19,231,415331,90711161360473897379443436408688036855986221119022245860264365576750480117007
19,231,378780,33483363769080881666116989603993673779404390177888635255350411723337984182025
19,231,383133,106849284764154442918559816544100064013023264460202334669157940135464016473410
19,231,409705,95595595118443551061932116648939801716780197524379567439363261007869502435257
19,231,441949,76326440102758722789330267992956436134242860268952822552891298526224877471682
19,231,265494,111545756508927066314474143142697229514444718828192622308559779897580475364754
19,231,365653,110399895039698360047936423603345958088009792324743980269962012436516015704402
19,231,502484,96238827281911917822396643683021374804764193051591336512324496321411150170321
19,231,275158,103366121986802138521948205801084684737661047857033704249604889224592469821465
19,231,300995,105888901308627104193614832530426844387012328415422143189168304099760613599059
19,231,345109,38659952106048130331482589969499130080717853781990841053973667331188052570937
19,231,427648,19649526770150703581956694266833746902514956973213024541953732430316213560411
19,231,392571,49026362583267195589786119094068029420639900534319306058998391052998302776264
19,231,275533,51062076360855656518154960733248488771632372405370355944273974302137350237519
19,231,326234,8065000187021480453832833618085521404524873680470916670147404137479670866778
19,231,368007,64533160668721588841512974334722979724364454241812070411764124788681915140203
19,231,313864,48303916137445028672131528208000003617568088314760363963521291955380491892664
19,231,391974,13002071480387762798581077031411586661961260143481271919395497298254576211257
19,231,397884,88484119766525677908497547461299865904672276578690591782997508150845859785239
19,231,316334,14401563965441882108196829433823846044130088193510153115990543502245947300014
19,231,413943,46642348434017700423690931034894990212274214699793728908441271858061645370213
19,231,453579,33349744455809310500364452285351732834076479700113539221980084348531737965004
19,231,493874,43222281799549873649787599282426022155021567654143497593380182776988218209337
19,231,505348,104413944667017648149759616922626803818279639543747782508775075901652610284390
19,231,263792,68805787483581397962097906290541861544869807433244652762575623651045199209661
19,231,417641,59405734716003820883725944957562842022169376538819250654349967000694241487525
19,231,457859,95811316890595853344610537599473817380069815660548400779595034591350910496020
19,231,427364,66951996432419571013990350693375450660358368649195741506073917638725136105091
19,231,268731,5872693782373751548701703696602558601870816540606165739877782096171933955319
19,231,408141,108239872381653893875219636456117939007248742798285050443491915121112498856872
19,231,364896,95095573857508985965772328231067807615932380105818708501008945401431112131512
19,231,350679,97729684415077053008782286568076769088549115348110959180077400671002718530541
19,231,351615,19341291159378870274162444099696147287571292517565241978300482231297652084137
19,231,328776,75040386490916527991332013388388212002953332018969224750542822470285831662516
19,231,470858,8104093799355734611314077742888775467584906413595353369910731425318348147077
19,231,309529,94903852951182763185747220157577241044289847252313147723546133921356009413528
19,231,287542,58483758654319457849262631279817584977116111856320080914042000931142698395472
19,231,316390,102938438615405997807334578501260315553914742369406611348752895775233703301531
19,231,349959,30101374425164710093210103725100534520287491493733993083508074405192359118302
19,231,458296,100636066055120835882839350474865234935567575495427093841077566758936075969544
19,231,357631,113817318205680510065489080742230651728451300734342992252830764413241296162794
19,231,483343,24460894444401958779599307333020061702134509607488075207180839894642587645700
19,231,443643,67713835750036981638501810422379822559377578379355659163977668098111303555421
19,231,448120,30329413058972228107762233361563155015303610507399553475068617138815972495384
19,231,484245,99712105525350732302468563464767575816958006657354375317126925673748149959284
19,231,418038,4546306006000708513240120510886848016992380433067886122911365367070485257089
19,231,520323,89547977255652221473431138182214492115719867865302853323187095834000724727809
19,231,265400,9491629920423178756752281146296617845881135513493297104738229809003761347276
19,231,271203,89852109282599918297312259386475967622137484463055069334962316285864628022212
19,231,304886,94551687683264916634105613985036354516709316961171868793252396477818448522868
19,231,427960,34572056113683436232679190689610584376038482949450730983209888979268079357687
19,231,508320,88583304687440114574804916759644795167430384832496144652410624609631327991206
19,231,351508,97859596388275879452777113048511990234628211570670257370366176662589864134449
19,231,410009,44953385875553274439541868329006545323691751226871131428439731051981869379270
19,231,515955,67152363203102977946960790922331178492057596477273343034734210505871864350791
19,231,315152,49398023452879063804843862513604059660063262199890666696125039959096575141954
19,231,322706,51713937545179760573484190723276012048770207882046206717964738812065899154330
19,231,348882,101335201694176739017000760801260033444339005129452339256106811370240694769604
19,231,485964,10709900985760789491066674421230422900133435156016009523019705380881332897535
19,231,387635,25077207571863451523632601047708127896921319469057775159225124387683966554982
19,231,483326,114189782272358083926701579565681567542060524274169684496969012108412374814116
19,231,398727,23345217725116321722041260251014265612756877224579966461286669880085517682229
19,231,364657,65009556550988678363677326670807685129743033216919368871739079994850765385001
19,231,487102,20182059315117684243493990550790034760081059770445237940093383260697891384929
19,231,420601,47070270700996713669918596669190709818284445352674200251761496833868378110134
19,231,375177,70301944789160107851995549698509546053234347832862319260868837524655207872857
19,231,353084,92039610564308215424100191521182376176102761107917383900717086085584910872731
19,231,463441,2022244863443336027682909039459567337196273242821882791120718004298217415657
19,231,464226,100160786132017724673369538950297466140981797703726728165723069806367868221014
19,231,457436,97724985111172134060776617600334622613699345068956120486716532387468544969623
19,231,420596,97509685197554146466737885615848176078372338538694226904690733934856701906366
19,231,461400,83108326825331020430084453903908651455320958303240981914704273624312308872853
19,231,403778,24453639403565020440563832707090306276406714366855429162319373354011265697614
19,231,324029,75052839334777022451276536889844172713457950444887766504280625557420176721962
19,231,432365,19828411433274102918174410519083032559799330434198769519339694844211208269988
19,231,272693,55369056943969950876491628283927993866347025461799061308281762498740260227404
19,231,402552,3884857583379970134600663885027681964081929624155373982674765306482102035585
19,231,416763,51865265562277046519373994616524533676296095395099055291933929200870272760500
19,231,446680,110727048830969877252317240664250423777444024656677146941205739276686322352744
19,231,270896,80155119658997286348209908566768678486571200678060882475205042993549848352408
19,231,298677,68043662155603145790763032401798423252978954140620249673546990416117999804906
19,231,412395,68980134379447799386391194909772968425371162183621246364955087724843785701612
19,231,367294,89578093946541892284000723061212280635988583969577301687852672346384211216158
19,231,490906,68948005290502200182295959430516529725974835014214211084830120042451165636236
19,231,280599,4670895485357052367134025606319495276401777978338312666265243757554963222241
19,231,282933,30734429368764380266994363900145273328406868054433689205426930717403168952945
19,231,513943,22034661147897733187178304677080161694133953960968337684076663788533116887161
19,231,336716,42031735693157368018302437727849786552406203219269024259842105587398443840287
19,231,467550,110683540851602697200895873161986765516732746709415206076285836991595294097666
19,231,513776,107497291716807851435039176521630202942157383059775610151088154205519230654413
19,231,486523,89446652015943979343822621223975228159899014860813797561547485709703622637635
19,231,337672,34511682801663330746796386181292094639839530855303067988197290911830281618191
19,231,395411,20959181283671684979523945844233190329329736487581145891150956254091267830193
19,231,519374,19275765335795964397518479451210142189262790588998214556706834356861534292980
19,231,303161,63595429303213841623717441857994544986081467727984872920516501790117283515827
19,231,285461,48107590910483345153719374660449517946851561624628555901277952640063695190154
19,231,509193,103996131365832366722099615786865275035234347778919699759004057456315043489937
19,231,521945,12824373398058367216004036655709257618241064843085485255274108222285058983529
19,231,434754,69767842688417530336990315746257072176711212299134930105888301052906989151297
19,231,450602,29951414708468431109083061186108321335044550548846828244164363675467572657958
19,231,449760,2417649915121068423085804808012163534907715307126764389251614354325500933673
19,231,461549,24166441004815538594804896084671840622723676842411958036034950949071783800262
19,231,443828,61274877338347204906167915778156542770837831058424908749159755535540153216182
19,231,378393,15236827456584597349289808230425310198635175592084042838973372500973499910172
19,231,298073,32741704820948794730814626074744829831752581432041479243957790056919484196485
19,231,518569,88778950789065701733427289408622638228239216771265512064753384824080226695781
19,231,364376,98633465743925968902415392887691487803787387833978183911301177833899898255923
19,231,464381,28668492119529661874017399937592642937865098059683828847151384275606807279525
19,231,356821,91874002685288650792508404504033347557674483725695559982120429247705622063488
19,231,458847,25126373934894052166191765927785079580119136281146029161967294276686805027636
19,231,458129,49524422721307170564269677021819671884153659403196188772126676421710030576798
19,231,352395,107956059961596291367182053592715919058730348604437589199575014391072967322447
19,231,323820,99822688025700881210602781725576146130030381343942457485814597831468008844666
19,231,408565,23425506041178630174007309335892198994799287879132222575325750626661389082895
19,231,303187,63101936378145949904000969469929963482735987582874392119646407519675674462298
19,231,483271,108374737514486524758873516991899892578400107361927247471701104080298331477376
19,231,396199,107159352708675476113486850122745217561493627370193296180380562135035456757595
19,231,498419,23443849185471693983974473754329654430583335021302864511429131971433998338477
19,231,281303,104160052869104134861173461992237323010096832974139490853877985487248540016496
19,231,328794,16320418741503935334257089052974213455855532536707409519412383304405049283081
19,231,344188,45530802082820153344783282409059188556569537592378578999194119247295476114037
19,231,377235,79697328489212944257332991382782948874041592037172937823026555240696800891403
19,231,428802,55850722195333953983667866770534411172248855082601064592842310597985526447419
19,231,423645,71948692738552517095504818613928617978644549970130164209615843476798219888372
19,231,268145,37386767895109071204278902330594129501606435173224209618459569805553994008511
19,231,461569,92244471022213728683595502394918327005004238661001849246558649812939992911473
19,231,372493,66169901859252386159703100975834377224588842961924891947105348175615986211146
19,231,397687,108178053363809919448390148164914044510306923276698363699759569814715954337806
19,231,454107,35301854931983587472580399043578656972818297423721772117500778805701713881328
19,231,301932,106409513588849192431766028682807515243319237885028268967324913633538429383756
19,231,268860,42661215352035283042057798772438761579239911191539322022936370675419182133404
19,231,501624,100387176862498233564865763288448831166770365120813262885405919066373615151607
19,231,347479,29846785883784519691111161648188567819170102410493075390406362278109799637516
19,231,277739,79459362110586572103420820600526812283806236570469552303356671813822084762296
19,231,389474,67904267395247045180614292387695698042204902283219015176286858154191902630121
19,231,298246,17839615852506367491169075788580329878196594772272673787087023825746068861367
19,231,363812,51284121379490227733377679242758115980206558527555420886814547996514224392274
19,231,448390,56693212894940709324761991528340781706660930115005876970270542402872305801262
19,231,504914,103939479577402478592350831933604563583017609559945648048979577465236184131303
19,231,306439,22974048712003524776684264599293324846843943501754103540501520152744196006398
19,231,404814,71524010725515537031581429558159313445114882360758519507851000411388566742772
19,231,300756,65342336785932074389076582840382677429055006569629708312501424387615208153980
19,231,501018,101021755521483021105424216432932663189341542748820365566427315949374826944724
19,231,264064,30639159602630256545840935609024268135586337825946069578893620472933201660476
19,231,482141,44477241595877491661550171418387769508650030332209169935231497320478659199954
19,231,511063,15033889755904548121985296172247921287423121028893934027193485086489708670083
19,231,288943,35112556858862726497889003884143469764071283801431434288480738958259944415298
19,231,499617,32557353366409142317490260303184147307318040302126750857386571099921473333019
19,231,451946,42015643880075828018383712969280598291027152163454164523732959769553011832348
19,231,408818,41441347375319221559005326830643613732662644030618199881209867387803674969855
19,231,297907,24886570877062875827898043903155082191846905238364020868399290417331632916587
19,231,423972,100799998476779575945325535709618688022473072464131157451869121131932081545311
19,231,338805,107756300570241775632403865496202305199237067675395724778749350629455507360196
19,231,336179,6029880704020233113757900815618364676331456855888647948394813394100874581025
19,231,359019,84868663510116492003429030676864678170190621577101072374054009404140741275970
19,231,489063,94629540883334329299390441644119559408355494173309301868752539916906722394148
19,231,323869,96600370754652524427407734977144317069022872143149176455800099311382293747607
19,231,272699,38048941318935371417607973080592882606556104538056675554855541084695070729092
19,231,516426,74868597592152800757113904858414176537668171799253475631390363377107219242668
19,231,292186,56959826565570508773261973248449126300120324102618595250154806735687777992610
19,231,435365,64279565102918450157828662676498876597488428596474709019509356700915477622547
19,231,363298,108959911301846740112791231952227047628985748445337595571951842955609777930392
19,231,310667,80910031198652291554866846715669710096789594729665735752816208026759840750170
19,231,376731,46229636354146546511671382169319959042529229333538941184281196297669130496125
19,231,400135,6533726486786784308118008883723106209624377280568124738415837367671766683288
19,231,285148,86886799387455366437215111441270103215185796053482128111897074770040528916444
19,231,397880,52910190139617194483604842381834430033586225466040922013993294373934672616127
19,231,398916,33862178427524516374058523429163441988725274296765962063440966051603010106863
19,231,304141,68388052969197776184675972327770146444452773712539156709416385746196872313539
19,231,381947,28874581726063146301903297338724657089847940524555031970284299405308456137804
19,231,295056,39153155035898713065415170144151226933486693502660417134885725809335785068675
19,231,519050,21379121389330571511435986673772733103737368615105381124063138778370524193177
19,231,313313,111551994421779840869772901418157946521367032420821746430563895585376207830945
19,231,296639,73776025261900489247762293250489514831248098769624723812560148208937432802596
19,231,277179,106435316487883577836298411409731472254468773901449280393146616885520093317329
19,231,488673,40843025108853166692623804170931047301061035156287238046771740745022939259357
19,231,349901,87361927853898183645285650136947318961899649014540170381733047242533423727349
19,231,361349,80882107028861864189239861045134592962296913357152495070630588051076581666442
19,231,466918,69690172858883196016623961131660321060841644845580719098501464001730129183821
19,231,342576,5731258807722028471623074162513919494026474085383594390457406498192317464622
19,231,508402,13052215227956463734074954528942159434159901052722477663025254755448104288257
19,231,460201,112741475516868148363406355817596342904798505448095458344305679793446447634756
19,231,474695,34115537034860778287583673913491389491712388632344532969558399477824734173507
19,231,330779,94129597867468499663630140722422277832263899377813863446163304545122806249677
19,231,492294,62893077081594355736141275339178284975279670745104200337548983186669729485381
19,231,510725,36542977242224532264431622792717863253938687358954053708902483491525862072046
19,231,322246,94553591890072462723021509586407988431639336618332474623637804072143857856907
19,231,490723,10596109644064102577204055609865643127180084982944486624413294275883195872692
19,231,474200,25191706565094772254512290929792955629323665343084538125098356895623869804847
19,231,343594,110856586321633959138611603446980286325602276723347619319157756256139648540986
19,231,444999,27289140750791515967326877295874791627907621992509565619698938077398028952571
19,231,451962,45667141428335157011531496787596483323954383904358762772129093720700372633482
19,231,489964,10531286414865811907235387467324151745592785604815443965972469186610054535978
19,231,263461,66234317157266713191279726604054314486506253492603012392265419490621743369620
19,231,494257,96392610904295699348881796693117980854637385132850147216814442575765798419852
19,231,468246,11257798302196987972428982062245414734212541844116825758564841124028212084991
19,231,294672,82711481767120890544792444686234959852382187951397857211587114826708039613682
19,231,340515,89459798723654932627755784425738161327892673437669050887528737939484818583849
19,231,512524,2422765996946229306242827123532160782389870571657463223140128199898705845489
19,231,322182,82933003493793669668653176237598799551029538047458922567256527780561402010156
19,231,262633,58559165630245651836516585803190365127446156447448687345693842829191725334064
19,231,507956,96177732780341832920738854616154560869172349660583018626798307447933278814358
19,231,422584,95951985816205576246021340626472961238329515212311132218844497901636201481975
19,231,350843,12679794556140050446024313326830885228924700185168216518116510965930596684883
19,231,488953,97428184386292234923494162658750631053346533913314329395552243899110687399139
19,231,345540,71058372377061867803733780766044297184475578420786337453254446504716187469554
19,231,406108,40972600363756810206966267163466714357873542496194108523059491269117966446230
19,231,417069,5080692330173725339771428088218694352410025515309082212031470807506846352303
19,231,493644,69244277870964290443919628023231803598037133971517249342610300737577313534590
19,231,428023,9280120230179107987505261734398175164262640825119469738958187359517187591595
19,231,307266,104076966818759746549192931425621355846496531246806338230638615445128873186684
19,231,396811,56402829842350524090338599127452064195890916584649036422874843871394293706216
19,231,490596,3391566897541492574236474577811638470013938168403324039058645125928343396602
19,231,413152,98601633230409379586905968332997866331039401761185843975226191357216610232756
19,231,522008,47216127512666778586472411370110898044927083904877925044838929441732746356814
19,231,443265,27019684398668620815523016175735536409892144419992384379440303408383497922039
19,231,484274,1681976792244493799855838204944639129924498475082353702142582964625881214590
19,231,313878,72610558987724621494820669277784985856613853806800813900619969958093032517904
19,231,433808,24186721715318379628250594554236624899446363167934441828540818683391420213235
19,231,512258,75376061564204033310544349537916701166770157593583325307366109770451836127127
19,231,423051,24095366735814637288220704252436034208613991409312623544339837796519841753891
19,231,493689,39533857896876339999351056657782744058111036943825359161856955810523267879778
19,231,377577,57218094473936393272784058364629442283029668408042786569026110374930673620756
19,231,419885,102921083410577875027964117182740442439560154682270656633807788784704006408366
19,231,479293,7229930960022875782804829851135196834214038650980281419078458955112631710674
19,231,474991,57055435766131061157827169387837420713144981271671187564085570288070828706037
19,231,411943,87606423278956612660134248410916208670064192126417310367964490411619441537407
19,231,383510,88896693728762952359622960118256012054361231541365589532969009997545538756468
19,231,479277,89505809951097840576108892051361724932101006245098158427548860603248486324611
19,231,461050,86928028277469524925379488177816312236319513612535715217012252472319205573154
19,231,427420,94494254469362179065727896477918745039838096213690699045682745194310539243461
19,231,363471,109287615923925630369377310440905829220380129664975548349242300947373448469375
19,231,268142,20518040399823843225225683599313424293053298167849564856485150843847356953479
19,231,374358,45740118002502840646080236943255263951673675315601677919428007823291733843347
19,231,373400,106510454277868122252739492348545396276233277541954922888734220308126741526862
19,231,310635,67912763498593895144222433640561987562837840537447065230899746860088468160701
19,231,506796,90584459461212663876402339373694884076501676926795020724909136619640213162432
19,231,323786,51980056524572914937914854469647521353752128019054451461536815741748730299776
19,231,410974,44645780035699302764396042133979212360709202459547172176609307563307362501970
19,231,299543,101365379252322974070310582699179852371576465191472426257979138675742260415257
19,231,354485,41165200704618197871939665024177613673973748315787995397228265333565660790946
19,231,325761,115423314187465089337678173064978317684273616860964807565231778512797541534222
19,231,470829,57675576196550789005091972771867580400843301985690529160937651085235823935436
19,231,415937,113236140583900082688454600676127064549805280954991359313804154683847472389247
19,231,360202,11872569572591821127400317505919828778940624746149168701962115325209991198341
19,231,449603,74083188983088047872668850861139525291926441046314209764534158794606209362676
19,231,413325,113245252071313272679649289767219775276027407184271779526035584037151193863871
19,231,458300,49745884688477263906385074187155737471303355007719563345151176062114809936504
19,231,521336,92879136149792383238345944786282057219771410944655887073170530213442118746644
19,231,374618,32989366968818049237563701289036359334697642378878760253192027486297142218747
19,231,445709,33141415273900163205980885276422704766885058451477626695505780970526330860963
19,231,458322,33414704874987598320157172351566134952590263420817615640959373208596091548564
19,231,284699,100139319202610948159649563412795823154686732545835594770547051320093823491112
19,231,499337,28864654448734500742624071116482371263536365689016180295151729238890312669348
19,231,394742,69178500483149682890230931778494348290850017452167545243318465268633182696349
19,231,319875,33241205049094905629082473348964864993643103372029923141321621456288029195720
19,231,476151,101604024882110511084550629899415225612431398361789200599158994426138286024317
19,231,415760,26812953892653748464290392296513770070725716737489721772170906271023264186376
19,231,458748,64520841873376658529199718218195770539901959050207154516968025661861565063143
19,231,310522,100978287629830792739133169510726813114185914344584372121098228601094922373007
19,231,500621,20722515162626355743677261992352373282594795610175270098296476239568949491564
19,231,440574,108504184126465898993092981569230012376872027480859256716228204267550706355942
19,231,500039,32756193793495442425144792524676053910165206153620231412811164749900932276590
19,231,452726,106531717215706374697709438656889540963883629071028835233463884100897992182059
19,231,441622,14880679574042907110294948027567444594808700082417025343252332783393398978939
19,231,416440,35638179044643863393348434757150712825131680382514136045729282868488701472213
19,231,410105,85111421555063999900458268105714852953397431094641919420201563365052719587093
19,231,316246,101214625792886902729409406464981343203097516046978861400259807260711077536860
19,231,316281,32649730785286650542341484981723858418483592674506128910029247948058691091506
19,231,418008,61350376614986692874758111346852482896600189789514700206417754125474784203269
19,231,350398,49812679312369567329547825820932203592494998101753477564551424465116944770576
19,231,329795,114892739873529960774505410552751647623765227978231932321211692673647381377826
19,231,360529,87510861074697767366496357658451493631708086348290716861888879424929128654164
19,231,450455,101876047849547720368542176892360592785581058721251585033678965105917419335502
19,231,477067,100942515240692835484201753037628491218773484193870187516797723041509199525075
19,231,287022,105260693054568295188285458659562792792311114220261527880923607221227472354617
19,231,395825,72990250534211290243964726618844606341203955704143295786381155291046094605322
19,231,316249,110847726946618553545158621208025467997971198664863338343819259201589780792816
19,231,479978,13628788248186130653757873157512134417097935842324130908704762676569454411131
19,231,265072,57334583039280793835109006369358765204704878755750510316266867876608152676353
19,231,443730,74708784617713415910984547855065823572783258807557771405737384066577189598149
19,231,514190,39789903223191459296691766828926823669496948755826489187397768022963035943942
19,231,377534,113247870676566854458427201516940736357382330849062276185401625845658816884319
19,231,474820,39905129630135159747113919237248773775154002573163020800869979353877735584154
19,231,337270,68101879522643309118402747582270608834610046492376034102459962213539680531445
19,231,522396,78652454808946653359185224075219543433518727083751336928622718726153296288207
19,231,311666,99623768603098912610302758264205112451092011564482453018881579696831010501824
19,231,333940,94676632143987851850408520597665213927202825546300007308622724601057702398418
19,231,395263,75620003094583080557461176019887307802600556630637384956777894522047095074364
19,231,431043,38587201372949768534351618906469894821053000034581300154753574638744845456928
19,231,280999,19435477132864401325319670180138275761974840552966274581540842121319856704910
19,231,481267,9482633259849460849975140133866668572564669577144266345157381649444465767123
19,231,518733,56239150570651433646849563695311600341628694821086100090989654587372173955206
19,231,353625,43570854410397529803415103874481405266236345283218901012401601652630110231971
19,231,399233,19690851178268148430964775623482489967780904534630350045189015272047906553336
19,231,398280,102196717379581058081836663897031944370612150947468351638842477542676355378541
19,231,449367,29479293555067336496702472505090122734922061963102820980105955798361060602632
19,231,486080,52937437395776601027872561718978319208847562782538535353251982694152989230743
19,231,372505,76583568870178618244373433579701161521661806787621471679567646931798646435019
19,231,486911,4058027119923275825421280019936907405477321247059515833403900485504700625211
19,231,315473,90633750404632907094061963765003486168967525708516156231451786088603219169833
19,231,374736,61199596531413283963820919413350357487710389927898780831227587913239619398755
19,231,291071,73898876930346909235376447230136103445773323222598190859615831996600359375430
19,231,462122,53856460064617645362423001135542960055462580628329631451330468618213127008325
19,231,389837,72624933854817698714969080499542364747035214824629620109614338358200650600009
19,231,519561,95969162758553082519433294512190443136420882584523517041150376117631464757224
19,231,473627,14811338669054193984253209064371144410110019583185109822432174788696679065617
19,231,292203,39072054448719867268501384638021443539542203094009557204699588034207958718537
19,231,418719,65212779632237750611427345078724049628982325238106929735240480086360370874080
19,231,484856,91248965417721592432851115236903649027317712706108302098056098201209819557118
19,231,297797,42377271575782333960731152050333246447715296440673399383588422795205913041561
19,231,315425,61510861543741374527082562686444360069088659016939189656846832002255244349458
19,231,376586,47615273664550818820893473301448716704800667353183003536896362121432108314233
19,231,324080,27494772675240443989140468774638539744419151532514010403144764248573196445835
19,231,302408,28454141191413529891507709713868745085462027982956781706825842928161061734184
19,231,344510,45533679923397260992208196841489483165330365634553785160504621501375298447160
19,231,399691,42497999230658028738178830154625661886316888675653471022073536890284496154705
19,231,300157,20580132575309837160867929829721063794757309634646674086523888034516907008693
19,231,302387,93101131292756444521996355665099045318849247088228299413487479832727732673762
19,231,420481,23824706586944907738091280493440484561938169586129145185499367199562151657000
19,231,418615,57031676605323048481875703705895449253324551658703401297267958043755935005891
19,231,282589,3751479342714800652047736698609973668916607640858424505595697590576709628701
19,231,302981,109131661067652778995000579354811478565531236484620613160255163553923815949655
19,231,349829,74614347662377093156177776033316056853009544683097808163563225300498754616908
19,231,467573,85800680280114974840050003369735164301698640457947502600998955813006461710212
19,231,471249,110921928368808937854459393785804866776887418655867555122911536420998952257599
19,231,341276,51873407029954310189832113205259532906476052856159824814762587468729077855306
19,231,449243,39034578984402913276882532888250699587584708194857295941025000619457991425988
19,231,331444,97093537223823710019156543794665474718057875357316342283653542374693344749777
19,231,399151,60841128877511977544281609573601933205383142769591491094568901376425235235004
19,231,477402,14914473292463242848848527282871039414093950729439694386438811946759670340052
19,231,309862,41296184513548306580122006266957655441004463098622871397216315032280226339818
19,231,461363,99082391223893918091840574643105327799055217015933045254686113133773398003898
19,231,442150,114277391285067530203094517187170475742544107290625320310201055779103422684590
19,231,407620,34617822628329607457672261467540698568951177441793797427462893526472067705077
19,231,326601,47312316692495634526708644610388406711169705588491282157972127615424107231819
19,231,455347,12039364335027380954753618130227155388971033924170490870233073860724608136258
19,231,263416,87541451872787948813742447014941554079418158440551107260974159633228993803397
19,231,493315,73880998113883782730030775683936178623056497316505675096212003131327709764763
19,231,359591,71394005473380685411150993950457620731420945423883151825125767708056144122949
19,231,382836,10120241488835842980983065441054802695289814626447874291876198488347324513917
19,231,407016,45418398390677475836120666608230490950478678354108515711535731529124504458730
19,231,366309,32540414340630333338552687941850687299766878758264005755947209698916421972040
19,231,283012,115056125333286094473149610613330755415633365651640218206398940171028705343599
19,231,357632,88101690180419994296188078556919219086605085836244951979454532620555700863856
19,231,352808,57303789510712701750501244586633087465340216084465202515520220791710288417798
19,231,499255,60592923164018214706306291241480541404476455956306683161399168878304706062194
19,231,390838,59341149304156854381057518991933973258490938150944710780781457629022672921499
19,231,373796,70734826093250133311292381774405949629884848972059293293927724067162753889956
19,231,317144,89545396499584948615579247482664417097193804870618610477948493909276138290236
19,231,281006,61998262896557936853524063057265412335742439165166873531152679930106430435585
19,231,447759,79415647593777975194833867155607693721709904628887203454576521769895379193690
19,231,491529,85167726494311362022818303615871488935365392992646363564407757636641770360256
19,231,410133,111140938622475851351497502812543123868568020252321248378343464004011227466037
19,231,354783,72107396677590093714575319288023558889559967175486419063918712737484854137585
19,231,514096,86048967937811808613426574791199525383971828442491466614204187307503092660137
19,231,317862,63355687217743417095748284349748312858121650034106788216888760085918831107781
19,231,402572,42624939521158337266653695651774115282156283058712007814365933872499349885189
19,231,458692,76216908348562086911676646381913068733121832507886254195719068073915548258471
19,231,326299,17073805789988231853819408346610505247126389522609904524631867475632882822679
19,231,419660,37845129701538716622343120729166836363027006964064879455025033603175108540502
19,231,512529,51667856583199986382161587421167717879752085429531340962195272431022453248124
19,231,473097,28670069080666752287745449748676665444180286053127731643577049462041314781690
19,231,374612,100382627417608700751492002799072398775236126783394159180782917756096643701513
19,231,277090,81309968272448961376761858499757559124891883209894429162710554148465779105087
19,231,266940,93521572649556199896514359053900866316603718093271878097128848910136105331627
19,231,484935,76215806343931697638049889056879564928008513562980246567876399830815549167524
19,231,322328,41354353835249027264875310455345063672430411014568523660735448242481541614218
19,231,516687,63762891036116040377760376831373426960776849120140648755718386174744397556625
19,231,317740,100862414374680532195408374562934024943980130810811713775202087257618199381756
19,231,368955,23636803134694958423796754365031337041897097175462398961774451220650442218060
19,231,263760,77799539242234336916548091402921966460633047854389539944922048357805057138417
19,231,446739,99897312936448901144436361455361011808434761945442454940451932810513202249443
19,231,324724,6672738092361158013049319533318190094924621949648255602410391181889830488926
19,231,312104,54267211488356730112317201306589377082318818188448916016760094178348267715982
19,231,398564,76984204109681904073677108271781438829989712813327213017434965786072638732375
19,231,373169,111877119223231546553530952453999899651002406770926982217115245347095608955999
19,231,416176,86046453182661366023258924670681974870203480830442684429302452391755815353608
19,231,306657,17732948682039617218437299568021690692811574086370435666183496051953002902633
19,231,364600,94912457597154931581812162371038994646041482291346817100531786931359621145277
19,231,319822,75981778611363821996795400262094184891038840221551738887925178301517101508759
19,231,270897,79455881180604924905217144969578287237711838260023134456052765988177277039442
19,231,362724,49433088555924922761768030755531586482304410121579201840054716280433025483553
19,231,482155,48743517001118385438784261324724252346475136052550591130151062520418594858398
19,231,457221,20167981458070627350554307202956708177646682713625453038421807302807609860648
19,231,267180,85122954331811209115262542116678891081933587844839046110027798485573344726280
19,231,496335,79372956375817761817262026729298848548723316817868141829255640531645011070800
19,231,406627,18712252232156436119810422480927741418575107267541273861269822124269617622285
19,231,373885,17405447371662691421209669587147905039213467032636669739495915351141810540708
19,231,359451,74404143006446224190980740658168252550247863118933082856739115522060889814110
19,231,410985,67642044189391799712897739215104634126735348338847722442044335828896785835045
19,231,397375,86790876538422149560458464437368792553927799435681368096534997896586357219968
19,231,465415,88396232369776596456214558014313303753099373208401744036761294670120152970350
19,231,365056,56464793192263903867866597219754264929239344285205951341359462845234678566749
19,231,392329,72430182637850322847335710811809703664948944987126441800870661274098740755345
19,231,499586,31649949120585523937412826439007314656190399357257342430189977403187194032722
19,231,375407,92909743006238119816780230145208943835500134705646791890427010037742028422890
19,231,442951,31256947182078277840926622972775900450581875603482126110918671816641604956301
19,231,332253,57690691677863353664371975823035232352083868452989207442253418843106263003503
19,231,523604,26529973486053893649389633399772081497357950059631091093169915976882486726239
19,231,462330,27773020924484764356391999307522052592820204885595373028362948520849018541561
19,231,431016,66837235096780060226595581415778472590968009237491169664080030374395622235938
19,231,349731,83853039726656145743055150374014625418015863739285615531003532728132618971002
19,231,340096,69344137889380512426922907866397882401798519567828925832467163733472218713489
19,231,340619,32212619980471923283570683494065223045290776161554333098776953601251242900388
19,231,346469,90898107962692846922112746809833225626535975526176381738404533416807251278087
19,231,293905,57685264749428988702770189548292587588768590083883201861163563497176604545042
19,231,277218,99695114498415420030194863612206944078640861760679183858858156458674872524922
19,231,345867,108813461705984233433166389190955480631745578772694967122995142146201982753182
19,231,263379,65370371937619038003465283238062413278886428726924843808736771590614804981060
19,231,458451,91571773566684832738763646120249350606608225955735014534333407927551391699964
19,231,341779,41302321809119653617800677988467125641992528082837647731836272095175916369295
19,231,403488,87500470977026459644209554543204036130952963490120948764148308122578762937058
19,231,348844,84313194959130366248269471621117743027196568154072472983450521494344447977746
19,231,298022,54859490313488389977924741837195681236036807244685106901830318684862612498842
19,231,495909,45980859475503030169014426098715738059767227387329334922820755360990112868366
19,231,370571,40941077767856392975472063971306026264177411248135163253566645889907689528036
19,231,379577,46778053313620852731959521493878529313424664785843020629653836413879805910644
19,231,487806,29606718727525487435602379579316369006621214067243506193838931889289130818846
19,231,477968,107400373602853708058180745047204082078170980216163631468022326550340093210429
19,231,327113,1444537320679888328859004869915192588720213375544824730476049706027462650369
19,231,331676,33261274929158202296050562561209064279316902708640458860310334789747207024364
19,231,414752,112240982885207769359433729624120435504584209506132131551590708383014312765975
19,231,486246,4389992976227967475634653404083415548933392679026560738275941981158451689547
19,231,483713,3134964166948691662068405752646190861069351261564553640685736191444938806055
19,231,333270,13760869630630361152990731837149358901266552045266243536130885879165130966933
19,231,364893,51299851758553468233155560576306010214970168890447735511236098322951873336820
19,231,417055,8704787883035534711374567449727224580428219679374724053965397606988074282256
19,231,340504,16033208555853479871901645560829662765296970022787043512432563389593284643430
19,231,416919,29181111224729541605607557881788474229482098238199346259653001569064272715018
19,231,312249,53191121746843320844878855657747154498024954101940048077550351265429023134526
19,231,378841,62622658614615389119042578333415625661371259529319574574796225034263585182023
19,231,321912,99590320072514307480328155398289967965650257322526859209668151660846471089304
19,231,335493,18746554371521096101051008273953480187112733834388034779877651530678812786209
19,231,508987,40277205307313913499685925251227064858014210104195732111166870990716858783154
19,231,285109,36451201694068084862679076682374454605673499067220061417283697221697410383360
19,231,491435,92836272940918427899347823226454236489446375357667950917246694908159834513603
19,231,445758,59650290461916376766448899001944025570034624448073802965023207066306585422110
19,231,297681,103148189192742914856832698524974357716502705299943076499520140665572627954500
19,231,503082,25059795840890348570770126744124498290418753369050567375790295987222797795394
19,231,452058,78701981187975658184670588870329301496039520603392746093099730389521937045961
19,231,376668,66773490098622260430685071250349543339318119513477296321094101836115211827596
19,231,432786,5724570126445189502370929356148281748787415971564544852302488556139919962332
19,231,353569,35285581795079821272093300356769655801337709826354617696631977116091214995829
19,231,426934,54685160282428489358919987317598086376104156594391067006082214030015901207767
19,231,421540,21866650067396150718589282858918290720926395453402289932968640216734398714337
19,231,337791,89507452813115012802757692791433005072046130696198060357873898910780507205932
19,231,366940,104974473505271594225001028533573546051869614127859794603337609025166052620359
19,231,363641,98994041768343519940854393134953837029464506483573589866239548111286452598395
19,231,289608,70602587018206330958236532072337719024329503149240961813040652968367484152878
19,231,297586,106352824360403810722651332846849085363094036565668987423067052243765629507184
19,231,379719,113481269665327241544520748613861226728090281623884310725177795166257515280731
19,231,430543,8694428131839115794673042293868926425509490926675842489424137485316134693218
19,231,375970,36015100360665064213997638903660111187542071490429692386531427360742325787261
19,231,266973,81447545181736264524746443897093337940897835145402570328751882962537992952147
19,231,489633,9125612890097836325861028057669490094211855645762007620497820246958058798577
19,231,439560,110067910912040634296814510116789104673757207605288635360584459294522954257027
19,231,405245,58813130189589335090016055290909488101184469909290317511983361603908799379004
19,231,388024,18967389897691578451100233185038026412983658930216015281472454742692986373616
19,231,412526,25931841788313643788120225144900253257754450775671976269207924937084799738999
19,231,372620,94965865503988227490632505274758171699616477387162950541544909244289728221555
19,231,492102,63585255357762825134052822304400684961153097919836207495152734715237331509583
19,231,358557,71302718356289494144969594832149218783405425111671969837098112582007599389395
19,231,370104,47152138576892758519878993409410390852948954886510680132637301405870555614567
19,231,282783,52771744523301452675047323170783627903901500631571412301674035927551237418584
19,231,373519,55173221617106394784469186615302262521977138410287798417754057485199377553185
19,231,362363,7813956824510853398766747644016422951150645492930997765241094249681441539795
19,231,456546,6590696347885709797017585466461642497984594381522287475117710778282697285000
19,231,472309,56392420130786024653907975731401288888757927911535238758257003446697575300078
19,231,457819,64172478364769070365400201565563232513086756553958901231623128098496183634807
19,231,309568,42330765730511025359190715797335393243040081639177506641453605681554626147486
19,231,435049,51906658273958701309304588739900553507463350569398488150022213010353275996050
19,231,268129,6880389282731204376333845756210526100619169408845502334742901956528970493411
19,231,435881,40107969489282682084214477745125265182148431946378005197706654375942490933695
19,231,305752,85257764396374833317839917752998969693974302775194970979971942462161092264390
19,231,380612,32078941123183335431065962870850642978905835890588145338825193914718459180336
19,231,462276,19150520300644319018998388166187789305458767226293827574860839039440303027677
19,231,497974,64323428683615806105732747518615905099319924069192696629565624040321508473261
19,231,421219,70021883346712266060027961137699604927852539028375909008752154981034302682347
19,231,367519,110633984073903775826634196943042742946996985857438856848306729783406416355386
19,231,299027,8576283874910952960198555867278230167569274842238236316994198594554294330287
19,231,445467,30749666246821352284987206905062550989630289290700491106851290358292098830190
19,231,379020,107759505336101951962772611096369141523354484163738612878310050534613795138037
19,231,486379,56690446195348337102926259686563593067932623737476684615910579606307115095746
19,231,436569,109311438185721313174091380384054410266034493851327581421837329059400106224450
19,231,330789,9702800719258539226174534213725527300083203644296839770706572717366095157444
19,231,430291,82364830912680040260242943236279958086229475296983114584339102107675535712238
19,231,400865,76811730194666447227320403051330205219151436266929230244100832915906157727854
19,231,419333,58049423575343789156772318053965488875310820062956786841223749140438595873463
19,231,346885,32047017581721509890210436799876384393714633993868474322032070641671242197380
19,231,388658,41212123136996172242600625850318238871156042877702617189850186609628361408749
19,231,325099,40387182609917645274394540740293262053857107923337400186888011057501074595322
19,231,327699,29262063256175995825304574156491134232401234358455528829709328899261756967875
19,231,273034,36643035914734389238184481572314359596934598874206149878010820263249696470016
19,231,302890,7139680289102719073117018493046547357108054759789949700555164062307639049467
19,231,463968,64104330556386227831045783201608326327175491099962341167923944113582462411078
19,231,297848,55413332972055321872353937483551179251393075069890657405172379319529736228230
19,231,460490,63336403335345426823486025964677752768749870872614087470285873167524261905651
19,231,359278,106067215525979396036045887922886532034175455542676006499633338567776847589672
19,231,433724,61630099558778031769183622050074629175649499527751350731718097971705176446884
19,231,436020,91635002586347620597852620541515274601402009222247550792511230691885873005285
19,231,426178,18929082004326456059876714769172328520275311613852317794576891622341732346071
19,231,488661,98093375360345503349120553109637038524318294542638175267404132229507522688595
19,231,448259,102341421268248743811721078388568254046745063951361402770138406502263201510776
19,231,442550,86941528242563315281703462359175584592861823415359429925551061346690797680627
19,231,467416,7527009036562269063092881396989268489875554021219074945305925683984806450799
19,231,521183,36789666793496744747739942919211042937686569445727337897822747298286902841739
19,231,287897,57716932118975072000756385667386592653247353697546548337172745821954738766185
19,231,415347,84952636685614134193917720773398101874891526627468042043411596316929120210481
19,231,440838,107484501883592688684614565050957206904260159515050780497330306085294398775133
19,231,421302,55585330681636633808583417146807148589114147104350854683951047935621546357990
19,231,301047,33444242880678371975353748696748373690691281169124425206946513580424351837005
19,231,505041,86722682189890809499625285374686678000919749533545962482173588958419710411453
19,231,360770,58490494037780861898333985189670477264761516119821949115879885732883855387202
19,231,391908,79366348539745577993820626703502529131108431357551909766179068217935694020370
19,231,456891,59653752906073751042429202368254695992624713000540383799273260754400030976982
19,231,267449,6055854186691623831681944870844431357812630859927444003785410972769295550242
19,231,284915,60453555164397740321829574466543412081905101472418432055744627279288951054009
19,231,495273,57324868067358959098402704282598695335571323504473843415709954337129568970296
19,231,484688,99015066821974191648028684433279152836330881647636875405540145083701916384439
19,231,440692,83842929351949560876375736947966770399421942048558004292647493468223936505104
19,231,359010,72728075154183904935399116116907445956034216626610833645759012933758556009354
19,231,267497,21946896558098455751734288916458600811032460821435073037669155694887635498661
19,231,523757,115147172578866369447918482318540106559899026954020076359747343481466609908767
19,231,296344,53587039025455762488376454386654817107061811391626080096359257515139140191352
19,231,394378,67789215989425185913283099839277656568262155936223059993952827884693768487841
19,231,445193,91205182494342006005386797883929855141103665047763732340063782553473387376464
19,231,451090,84534451407431706628508552607352811390721550480759219614141409040147103190253
19,231,458499,30915119017888109307770684808809823319063623129238134931781142208356663733938
19,231,295366,83399552824500272140954036637213834519169349186776126169540905940993155945319
19,231,397285,74637507181966656143674741319967004467370325070352441527894369404032197784897
19,231,422280,3263968689582147319682450565256809194631888975485926937493974478962339943122
19,231,368010,97200855437225857156792111328965324174761401368763485364436141110132733008795
19,231,458166,1381557597906886675351112645786415576615982539376738742115324572965886900967
19,231,503435,66801708658382759942654716673256326961865745752952992861019502108843549778448
19,231,460172,11438792842045803764914550200137016186781833971735471836036204367480110911208
19,231,397305,49639699352328789925317226529176630757583547895779639510810689561274120323610
19,231,405448,96957335081955416144664505301621976837361590277969499713666885421564461278817
19,231,476136,60299663050508741258097638758322796093227284463547450354455185787171935069269
19,231,273138,18010044574754712714364330044237347490093802508504693917816474559207257509419
19,231,292267,108284453639305239980130948401870503508464359320061798027766279257840857049439
19,231,423310,40386056304128573769634039182478143999547728887479571858867803261553039849247
19,231,365338,32303554552235929019892228017698716292746728079414738074964372491848102912243
19,231,380620,254237470830640940846754965422272062853666191724150350610840545291749833306
19,231,523983,44108141162042454131589276334197331533782643096371349655247941988956308711531
19,231,422778,81339776202036501892607368286210927637704498118193738052342372943869982916528
19,231,429162,74163438240612072199810432598833053138545243076407666882363667590247465195365
19,231,379423,8115532825255060394852686264864663805423409415986891041288808704622078693290
19,231,405238,65493773426250441486612618004107225383219886002133721056137502196727182676435
19,231,321283,88863812978610062047434160496283645429768897667930742052952637992651953646878
19,231,402185,22668549833230046813414910089480275546517698078496221237465429379790919845038
19,231,471133,87450079307125323037348077723258220795873981429051362836248705427947863798165
19,231,409966,58822733597024229334525760315595188956277637180945497430612360665107760019253
19,231,294035,31996543453458004362885805266868341971611675888672942495432714740447151139726
19,231,275870,47202988248250081610081008780071082645285763669245287213462796655259745010804
19,231,512974,43273132905516331997307198628057033777793809678961012229851498040010811122000
19,231,323739,35491535696944397312981093116500876919099151423158841345321017559217181851773
19,231,277966,91169227706917602614943196857439092317107571242255304918395185274379230099649
19,231,286242,113863678696845464579835506831345331985174877388647876531483415285850126940511
19,231,351154,7567862688239036346651165466647221100972229397184082377146256645123673612910
19,231,315625,7060635095715050974023987359033652521836060610051692226269866794987828809433
19,231,319564,88788751854784924580842925126293298677221998199740270445714958690093699847140
19,231,407289,105365487186567174733849901062172621550098441481628132734571576965784524478267
19,231,379881,58430636663413830131000147134213925106787625882710169655765116854650163566309
19,231,404854,40024821615124248945898074958165530663515707346017278945583967229750396376908
19,231,481701,64494886252301912606390288231521032468045253063809438154471085033824067671329
19,231,441768,35414845321804339882631981260744146140405103452958109217409004229249787902857
19,231,373904,61543874234046660155559513264641401243258852838029245233610328331466610077243
19,231,335557,41264731642047954797942561207137512624653528763876028508112007670333389205873
19,231,329056,89399904356992626971388054067191246753302847357081455240179742886958147315398
19,231,515790,79984959884191602566175273440098865180460917861796932297393762922256609591058
19,231,367730,22052771152642912427911217096628348465052673103012461883896325736718122017437
19,231,451079,3381269239839802614232215326811821227152508683568302133646263773668373062536
19,231,483349,69316997076050287685858427829818154870376377777593946407202420263408121688137
19,231,376017,67955644347890371605491816520986945499063254850100285946467680341270161275174
19,231,422852,109793070748896135059671736638336589111360539962433638290389049867145380606526
19,231,511252,40974924744443644915082510438132744922644711986920639990387561303884393031318
19,231,281506,85606304398276626403928332988719437732546707161778091788138418486884503740020
19,231,390141,22230843974454974589612454312514812262232214156656007224295138529081496798899
19,231,457392,40343564309278143948270295346673149569744506493905710637154854533886751587116
19,231,396419,41251840243263533506830151827131500326269500287880793459760640658187987368959
19,231,360028,79534818701535814445421835836607582521869250371112101044532308883391341437308
19,231,309700,72796497308609848637458265237133224224644161389393617860705777829428321418303
19,231,370703,9451403829864599494308918953453171941756745901991807008667505295769425284841
19,231,464351,97304433373328782236418106179296021849855386037923570480922061152536248462783
19,231,468725,109630859455007280039250500803198407059503759485196297521326135610885407907965
19,231,376283,6817707670450747630598917336608124181122775548647894425609665921543259969085
19,231,268090,107996921682282796813152029545730370322299180645110944114970808443792597184059
19,231,349827,84975886181912514668001054610728357788734514260751639007270289478429868110723
19,231,399553,91014544762810964176223202123504383358735146870693599838380185925872434915907
19,231,428026,15394638550022680940046010181108078567572312332468059282008935450181519560048
19,231,304223,85730176401257452146365750976875501141418450145530037232834820969646954500767
19,231,295406,5323704113917865753719968862508198982237804770887070874855471859543519595583
19,231,313944,65079336689451371293677473888487510478810968607604509595293883354155998270962
19,231,438962,29562964688283990318201421870345313850139400329140758071973286628834308462168
19,231,319864,102550745970124825048494398111793564917757218232869059572592579709573698988909
19,231,490982,107581388123608461630745984716470588052187257608080146263684231650544100163519
19,231,457898,79779845193342660218680756231622520956690770554130120203547146244467035961039
19,231,291359,60658863967268310127638855845379149369915938441550899251813804990104592085897
19,231,283719,31860241781253121775248246047722016136528399849467227633782429305872876653715
19,231,325711,84408037191562894699042542819798526757526297276619795073002884616071428001861
19,231,453707,8771276588041806648494061914181489706348814956679942237762868244644853015945
19,231,362693,98291764842497538408021698984519610958028439377320025893204025118888459415721
19,231,421853,71343677347700106336078679113278371440400312953469100829455940344454617774936
19,231,306195,82945419991297141678011839866690014673080472176917327010367770350191952987923
19,231,488629,26097661285987509892622512633121182310407827095227535862020966221144012785015
19,231,337295,68431904661231921929311220017468772035587718280188276219158801284443571514174
19,231,443569,77836418729395278140683638656033362124209556188230774561902625594610224324187
19,231,320241,68105358256764991650750594646965635197612749599458547553611484138291048137282
19,231,290090,61668397841670831036482301678172943573069711575645776278205148911861929709227
19,231,521227,27978454470371447230668176014585063178107005989883681052925224855357036084928
19,231,418524,6212709411073819112839694873794625700518933158980125832323823704609391807202
19,231,326524,53250754534637015120522279047638581835153895023383860508085718048386451727077
19,231,475243,12466607085308199255889650401036261034166181373149038261264717358853930320160
19,231,297331,92698275741852297953461237009349078482597226076316649809574363954813115646771
19,231,320709,39300597762390412974799436194217695936865909799733288206858822588879480686154
19,231,421630,89166664312779342155856321834666184118328368212388259498756640014181116372735
19,231,409540,82314403953729251007841958759854437035813236591935917591704382366645767268765
19,231,366678,29181256999519748334197017471483131639501105095066845028326691616101369596285
19,231,325370,102583088287346047384721982319630899075808052376868230919260924005873718192087
19,231,451082,67055251718162485760708373726260644089970999968382447517620330510357039453707
19,231,399274,72534700496241054008120460918125093124717664026785715404110674033430344595570
19,231,405976,64789675498665329998182964080469868609639788148507554378463870260774625634780
19,231,397423,102458956916487831483574436933002958695780365687103263484903410342955153710077
19,231,296237,57293689012051670147016709563721873980798582894637844875452396684714504288821
19,231,313728,105306523527121235174011245258081214101547193114908563009782051475065600847461
19,231,356402,42690596763304995858668683393579130104942094853333862011272062302827312244181
19,231,367093,34605385255657745698023100458805977342823309502790228101779997986384069218775
19,231,465713,61258705769046606641669331375194462666497062516949201754083611598673476030697
19,231,453474,42557384976555955425665695985090994783667620314056460743804415955855364513787
19,231,405449,55373567611873980950379853026641567429112831021947212814883004315852966063564
19,231,380826,1402950560631941887543460857342281901762746769462329258976136596408213869476
19,231,431125,49194807491958273834179427629969238170459471765391874495694192535574018614516
19,231,276151,55359620818087574352040974296300697854961611924443848581363578627750403964282
19,231,382235,9829586188568125104471230889273629344386265163723386818383111971913432260742
19,231,377460,94105394385836854592694099688894474844218330634639355768258586297447556919706
19,231,347247,107079821406323979037901146383749213199651259992505007584836492075654279194841
19,231,288410,58381185645092469663465882282135802494176142252166197897973778166468948954436
19,231,379816,90353391187978549070163089676031995060635351972404680180108854745142636864368
19,231,461880,101631718351031877209318162777621058473453860750198955350839202013895632134659
19,231,394712,82883512386653888401506419392792813369954916293121824292990479088830870260852
19,231,332569,15693023762508132586180320181279902793167392709600179881834936083918790596111
19,231,281751,42159077523261680588219686613059603356596929854685573897081585814019876803291
19,231,369238,62048941577680004029032501051554531054361966507002326519366366379375524156774
19,231,294613,99430655076716991362708300979726563326555512967684987849263265739659002786296
19,231,493709,66181606585520936428184179544530944642907027218407295345217729643905001233965
19,231,385707,14840150612590185622834388140701713261334763639283609249713848674613000911910
19,231,426882,29170436570753291330732321714167065462166622215585225345633502311991000988696
19,231,344615,17202553642003551154275718482785839915257307817034427251617132696786142239335
19,231,459894,76613217941233026826956863077124279454356176235156897608148768572518265611249
19,231,407391,29701840870744540510768956368074805026312173749750959765218992088328995611756
19,231,293539,64302815832806210277207380163927524123399892088738614067809061208186287207676
19,231,339384,36312835824523411977785610276404511992444941212174168964816437008361129534831
19,231,473914,17297067880624239781814287442723390982329355062901107074718527854757817787302
19,231,420593,66445128591791923534926826091546975443795257067954437143887463176503104882900
19,231,405628,64562695619717432174931746459437504537074189481893337229542796556018234994363
19,231,445426,31855094547272834978791700594216362315331854980496200162372069581517461509207
19,231,339844,10240223144363596271310436600916147028461625794547684488572622200037835748391
19,231,384917,23664148904412434297760992846699112999948917789547467286181775376859818121553
19,231,269289,10016894015669215224306848818982636878859077540177903013274413878618120906344
19,231,363771,95785694034148315134513805348515744802198034199158610044503704593984011552727
19,231,370842,90056601983625048155837935599468509678767310848783449119387215197349130968198
19,231,263311,50817513440667396748618821753956522220899650158752997681529678407152980664371
19,231,360588,107557738253130423488933085508243001494404771510670100887738434986505636013619
19,231,430746,57571206150481886153916735637548615457485214771708958179828346270803677595615
19,231,324454,6550744661998678057667919403507503279263115473534148359723521584725628288436
19,231,406316,20997391124251413596980255646438354750348082206013839168965542520922642770656
19,231,271237,19313210382225604731797322449377516277877952104742805674397118859806759026478
19,231,431643,100405095146153691423668985436617746011276042067005193122617145844199774635576
19,231,512313,96315764634621866989108123961529596071364585485802587098203710935550993538075
19,231,459380,34748099073431066472593966075599999595995289015360773021479480831095590859875
19,231,489209,62316149539593370081227067219963676787015449926050767485860678878500910124828
19,231,452134,115619453331494182283241540872432624436443796494957530132510451864398351934313
19,231,425049,58454161375691064668279700245609760834974817882634443299547636226332547328737
19,231,383671,62668252677624151627292794070998913966629827884176259507711860194753521587395
19,231,502247,76035656073665037067429347067570850244222664733972830463745296641167512926847
19,231,344274,57172148406597239530776340591764329557214425879264478307864311419324959641612
19,231,391202,113743549715915958350032430960857916179287249264842562500444116202422794987858
19,231,265862,53355576132834626401971343787283319424494921013710600613363916608202393435718
19,231,489016,70931746391134017084409662371270239920989095202573735934725818322014880908962
19,231,396018,86527859029575614197967015515980681145894822998973754686159860017421379539323
19,231,383445,27269721679900629000871567529936043994687747284726376123845727271192948487806
19,231,360190,80822152600838358254332925344580753307715460638341282879902306571114889555926
19,231,364313,4421977701271269094030246442232760704300333961119580694559103485593819313779
19,231,422290,112395065010567959327656235440726361290534382279546843673108609966854837084318
19,231,377114,83009123616750079830964834586310017526649636989627729313108489395509447323525
19,231,413788,73296268711252887542998103073455918952062307490218776141271756755808874563308
19,231,380060,67972398704036251623906592518578236107342250343397206557488410189061754496089
19,231,397673,91712869108035126400967760953450710894918222878429757946003151149920166521621
19,231,295184,105782811768335932502709289486993555763810241163201254921005404530924226779352
19,231,298750,96175149656225479557997903061031741867932750889932276673226656163639760663122
19,231,347124,25096138464447949284749627031562303280859806732836330768475699685762525148828
19,231,286915,71974703383049259311155996836191439143490146072800732836463990936195916640044
19,231,388463,114994057508124579147546187883488033272636984477955841798973306291079303480117
19,231,383614,63830816467364045340755250427214674389089945145108698529249864877465848779359
19,231,523606,53112873842101068169218694259629659782219362751077389353290243913900329509700
19,231,486833,22475567766566957721337912990578585884660501831618834482106101536028736805041
19,231,309831,894113850075581700474332556098944127643291364258812104116541018737317117857
19,231,306646,106239090172226044176510627586632451529685300820705835647994728124363909248052
19,231,521063,43192647296104161281948986181274418644921436651256403719106638374011133372715
19,231,519803,88212990239266048666020498544702521223494334382611280724601039753884788891938
19,231,521843,25882144389644334938706204277778281368552995775872291010940701220654667621
19,231,318593,92145438344006696395161649672999029239912298242153656636611585492171120840910
19,231,439809,115042715516082505566382792864334767775655112032334781915694738881835942224893
19,231,363261,76272458711146200441276080319169161271652202499313276706392905744419320385720
19,231,415075,46304970283017225526870518703677022862461868733778313205199100866284498792497
19,231,306643,58028669290245916093331407439520424829384339554112815078609658988401678703377
19,231,336797,114107571698553919377331768127873881646088309267377101965774613721356571062318
19,231,326985,10693200253886995912363887158716878657147386100997988894144184240096861248972
19,231,404411,14890534526492720477342897739262480115020716428773471347815883546470118389144
19,231,448876,81220583101205982705268767827259718573837798333981520124459684529931174545547
19,231,324075,9783929929648982466066293365289498367286461020864846066242652973513737908601
19,231,301974,53796084789482933944278393088789498483827335667435922445837138864706545872942
19,231,331095,7853051582865562418663613680564651919238229924012143458074384888879256814103
19,231,451037,70960787287266349799166963772102491253463209962039735616329708255970598725948
19,231,314313,55551719100025602617700028055741467160143235282430904398181442917004021056974
19,231,320820,95876905532704542181000958150255643661902371010931984867275909379090191901764
19,231,485772,113026220415083176014327222771097206694048922664252966397931330228328899781695
19,231,283267,63528237910435831702959575216388617864642829125797697415654108197098785325388
19,231,413915,38177512227866085995357878483898229074336310903004179582613158074395293178222
19,231,521986,98938455780842187951378470630366399842764546703901860095233921604244151205018
19,231,291170,11734550926236899119998721401310631716626613940418586364814925197195171671929
19,231,360751,78432120195245452750400670689002348013852883847942297045933540275349692668820
19,231,318126,111302937199956658442414292684404630452897319161605430133605328378339821142068
19,231,470627,846169115096739434291384048010886850749066582191964092647013358647115597908
19,231,316452,105592593217997020940443021133632369773502308787339438549331043244513697128591
19,231,434198,46560925517245597405188561216748662566031485615033239916988563699700666510708
19,231,367826,97407755596896617531365085024354802205317103865862718103312766355397882699882
19,231,352354,113736793985696821790666092201738023440382575580240872595130224765109812353793
19,231,512503,13099304717584714499144468774891376021338638294052948674334606832680923144680
19,231,387112,48821937976583522542350420824963451242155948673816591018980702505759358123180
19,231,272848,74264863860024918831200082430213997126885510863934892437248892154532253559463
19,231,277697,7938091773003111220666765182036408225010440961278296710769094924405462446371
19,231,410934,93852476656853387114138611358973491841303206393339849453011090383565260206962
19,231,334671,24772196145398085211100805424791810449818187620804964015478576075213099067922
19,231,285814,72675651091672299684543385319967253477264321792313683826560093765704872437106
19,231,262622,35287377151111526601715071813234789870542170479574169239502919041345085017605
19,231,284576,22043644404340991104584719092185553307639168411357262187950412652736203369027
19,231,365920,60594253681875373966798184862321912313663496338818885570631414553531865777830
19,231,512348,70516579942639046785386331139945789630609334524562870721966349884342861165386
19,231,347034,72740512659142393364557222904441497195453684004392176077394693126593748975619
19,231,493214,2317741666874943676272592651463722524249484296179619542751866630316648981187
19,231,290199,102838233725197769116402368875137690751180332546005384068211259323519527208113
19,231,500303,15080292104584577530000604920426038037001230212007301386919030393630052180442
19,231,395852,77162704794374371006286209843844242109355237069757865914694294145355611875691
19,231,412499,55831216702135972856126950790753602300299008532355958524531824679234892617635
19,231,360007,80102055373339992121104989426504085153670824316459869142824947141788472050237
19,231,425995,81835696508187469004175835810038859909242714934958256588624008677056905235588
19,231,462335,107348539014977293016863749507565733650025813459571313678470160412781530725757
19,231,281007,16982555821079936092730966455532075285042291113164957521288342703486080445927
19,231,452594,36657510597511159374665067972477727595667086449872255652762493139562847240703
19,231,350303,86932268329114628570081439079887216797244919335729253357839915171011859566599
19,231,403745,53424015926612480716351689998191777468563247180954573852586452325251023856296
19,231,320501,102797884158804607109781575943467506428990762506316860778991484788117901327691
19,231,387704,32453417539406202452667187434527896513182845019149759213730200935700147547944
19,231,279290,77495381443587537619240423823173447523196785661996884296966356788694224608990
19,231,515143,83912993982255067086468292578089818140737247526396365972854839262017281090315
19,231,470558,80176853933757622432247924535698177008995945628178092375853477679690618986132
19,231,478655,55487933878788090632444913409724563515137124680369906307726669581331090017870
19,231,288647,98747790125064986727429097568042548002223666081265065273163374779624880590732
19,231,392243,8387150221179728136919236529954451895715651180380764442913920415131538934906
19,231,341898,100003238165051150934705666387543283117416904531202256895347703055061152409021
19,231,304074,43694815922207014665960602814232482685377047731017793372968307084949852856151
19,231,326477,56668671809203328779245032119137247877617339651307532531892060434332591602512
19,231,496239,33545993354560157047785900733499355427690670843662070298092258766403029533711
19,231,458058,95427459943445835051088809571234874945828014951638760358975660592299138660628
19,231,407720,99796723168121319563257158271717698455821575043360713913396187229130758260559
19,231,420141,67944056657971387706751747822912187951694143636466689664735641421578321539036
19,231,400510,59629728221162038939335408099802284408460176988101886136867654404275381201476
19,231,322626,29605193766301485628674871441838799836724888370122666005165760204650276284572
19,231,397671,27172753933391568813319473880984025008723073465690655730457371114647511318203
19,231,281240,15832909565911711169449458234084082717842118020447234692498561960661572576410
19,231,364142,11374325949337628785676513460664120492187015838496442724048620304797048583410
19,231,370586,106444757877394798086161753669467109859410225073071083873112898408968797262455
19,231,494738,82437206866041071370599377756746176692684883933220768889254496825175204767760
19,231,501991,34368723203557307782648402969007039582427654164431881676181906093990854115316
19,231,512275,47613347582237769480419782976746452635944476290426944320253763842345663782364
19,231,487629,33619878417819635703696659440020887196672094328572926652040366713877744468193
19,231,364904,45451097734044567710484090549123544555012264969048613164890714813660221120252
19,231,274817,7841484057541126499829192494048493951458759846136870655633131679484289390514
19,231,510730,8272787388958971376292740715038570012813321449704189330509411893288961624967
19,231,414107,45601301640857161487281942911450255275175505028794486370057086885474094490009
19,231,498965,114680535899613782334448740321426098939926462705839789112683976935873158582136
19,231,379807,25921774031418511563437881543102666250567121362307276655162927164926483957089
19,231,444886,91070256262733274499581150255531503722724885564912142516197326146545549489389
19,231,453384,114446454747570911234302732228828242592182272867952106148369943105528445489551
19,231,432134,70700007818477201666204367681411131385097661562836234138738184524467831163056
19,231,347068,48344873875942443519002310478525211543391580497109582567953437737976924441293
19,231,517310,102439370657656598225350910772618029499563101911408799660727124499437867585926
19,231,482394,58552010070524016005787187463422568462941167455779251916442292759303314282511
19,231,426274,57152438335593793479734074558090628729698136105442032109224946144783146713703
19,231,446619,64689122230052365625090655996427305115869382440915425760292078088871142154270
19,231,440737,7265058576014594291601712959517630039014389638566167222405563367144975201143
19,231,510846,103250776381638838661225139023052909075773262349273269240106334070703891781193
19,231,463404,42121362620329797566324163316194321123912616066345225130513219702906646114278
19,231,366205,87497256756812472225490554161632675854937171710956603138933024931251084435347
19,231,487399,40625951221711192373769858064099586913784195041434981464802267851953738532224
19,231,337880,1831833358125486715949727515379122983924547388955406791815470833128239283050
19,231,463543,81046596929320178205547532811844407033954546965656571850026957268240068535962
19,231,313010,37267707127802886566324151326952328906251372014529605858415110945857622264340
19,231,457755,52748592439969947505383528529001754572776985807915008375146378763854014234851
19,231,473268,108410627550302126649550069202708731050357884266400486142952458622152778160076
19,231,416616,46324982545839455891324907440105352402309726626703897215825482155887024355145
19,231,318259,109541130178382823591334656487375489438220649961074594002853685032654342970974
19,231,314805,42412481624410995380960191183621465513371119614651712738759501241408847564584
19,231,469572,88610816671237872785918091406583078148080269364444903287306212400726043816798
19,231,341868,82891110772941070784091501979865879597353608647441247225629947264583566261082
19,231,433254,26163572552195834446507049810420945585768160981206514414731701363955464582951
19,231,377762,32593228235527253958356144307888690116241110278146950927219834213586619965242
19,231,344275,24151480689924171043298525958061907017991613372242566431336445575210632076291
19,231,332806,22419754838116573824789365906451170634182152394309056634153640651513912249611
19,231,346676,115735531546697513769469589156807902244741233436026566876041664110641217748682
19,231,405647,68467414088516270677533784802599597870336027844627773087391857547732368137506
19,231,321407,46703992449529529622573633220711033954184938995970526559959234169446465232319
19,231,450960,2713171356846691644232028813114226067487069234235967321720866749862736391043
19,231,521891,3001491265362948450177861039379935825348269658035302401401229710732826209214
19,231,351982,37620696669859240424673430044108860700143127202598990016356498944775988012425
19,231,476368,53721101002012564903752620068222299160618954239652610423092973743865113011790
19,231,272165,29041123255772188827607845246029613247289355970582334321962021189629457030334
19,231,348174,61051208698186742736748250213436080567456196814025720726744157692011288102564
19,231,265514,58296956969001969386261940772317197204020050337891992365041856292453335002141
19,231,281209,19633489746848341095220275849147515569562544420981273748514764321919551031032
19,231,492262,101792919177848732190266957484106884130552271711839459456338181210072451661044
19,231,357362,72853350220053765884447770198207690059830886428028636414891845296187389865711
19,231,498019,64515935239480447691342219147930898645622985313233863459292182585350403713100
19,231,311144,6859886585443032225463035204259736474217765765085047600969261855563713822428
19,231,378423,21618812176353814090237219165837840812535718027869587145312351240112964997049
19,231,460600,51202501476533735441831859884305450875807851068706828204507077133792699647176
19,231,436677,108149377804146249835302540656277440179288232097858681373991812896816352348538
19,231,446559,110880419282599412777811203478684622904696522505195121222642829659625646338090
19,231,388804,24287854053074114730585484075949050825381999731283853423827055617204363683786
19,231,441198,114444014974268872580713091523121767802081108764622319158078902343725008189620
19,231,316577,67790161468699193779998403209779373018832755528083747887428395585135018109734
19,231,309968,22856534096170117267318623592477686119666577102110803735063424512254816802187
19,231,381911,77898973075232177777885373430005049326185551840583315579043515990783516405214
19,231,292029,31683729299511576276615522173406109614311727436224149288491209828497427759695
19,231,316942,85774759900691466387641046959949371780462795332407570485465371371508795958323
19,231,323191,39843793496819023621126533527464384158986544350114507336429487207956235231120
19,231,503441,33101044198894039433859436135745686285939847430588406441367791842868305593250
19,231,429054,113885700002843367927053978116787909994154562805504900101776632679048489816385
19,231,468655,12630484428584572244122767079814651926071231864026090287412893638839241865519
19,231,517889,72760641355505596802084231839381153123659630903586660214405342866281497518852
19,231,496971,70070868196189562366167191478296428113954133833739669579029208064132269608450
19,231,456767,17277094712047152877573504246750818498923230735044915103774382528851296771927
19,231,365301,91504735576413778522792831382030395676960836196068224179820410393252936200331
19,231,520059,3553804933714280010171260147996707473757396784764031025905625502954167750060
19,231,271039,35374561160085644082775368747687197092205918069253072389235332822591856700353
19,231,333472,64635602075260217451335124246424520824567244460783253129330935830745092243150
19,231,386968,68923076742248301151607810877646507527823894959853945371155424125165042275892
19,231,433052,82831915041397820662722907082895572484859827261519023867485033327625861379887
19,231,510768,103509170897854710115285209655221450497820588644883134765350789231689917823816
19,231,307679,53503636969588998969375674102142187970304256863024023140994878167883276638784
19,231,489997,49914170713566408981867642469980756106710152057235072128091074440762087534546
19,231,364538,84378045116115775020784009694877008466887725569612386689229341317473645755877
19,231,510028,36026759997116476266529779703769233507845133634729189246866630761407850456914
19,231,325152,34543091685746739961808959790184890194029463770915201700670828564455853881933
19,231,395209,7634716425513691171369949985562383997119063369160102681061216678500220023407
19,231,347815,97537863039282497605388253846008367195662073841533106761301727662774042012736
19,231,370289,105300369309115712658994483044986001213413730192666452234659009236558095709068
19,231,517325,77363560901009457311873374047761394616736341438740620131564960697692973100307
19,231,472777,29630748658303425965399015273590667379963814440702500335219172384200432750172
19,231,449867,36547840313838488344928840668259969626630831719023129266301800066296984209155
19,231,267368,68635929915670236034244804426327983427800038168641540309826579909077962132296
19,231,295488,4310769682257222118135245769771228281202520036812067821989154691064319662339
19,231,409787,115513252604571471101187633904009747296721545100499583795131417795729443254027
19,231,442744,64473908750119607304369555833897083703235267371861425403025525673200206107637
19,231,522928,112417056657612661700230882648011180414039767304819173847966642758558687468133
19,231,489185,105336074896076451045169088080379888133883078565147375929541775212636401621105
19,231,459319,81505263614945631935364423845453014284346363403649255632378074547802593880332
19,231,408219,28591616048813063525041297622785570678425448069912904137513204023018662619968
19,231,270242,16890888936916802246130452062965096776497260981321765266822806937475295668714
19,231,333145,22210268717360864966034741135264651448124293022490795173737471565713110727310
19,231,406884,48831060451921977836171882906232095683802599193116461525378191370225601482521
19,231,501184,46431325760605721240387926438615179579866421428006859818982987596662259387065
19,231,420563,19472035641440313634360675694112081995695904865998202163555211198112801684547
19,231,342416,4716394998229259440202291344139263441220122059523358005134759613992137389374
19,231,515057,19577574200998538104612756847895524828634638521398409994701323157886612317735
19,231,279610,78297465413723807863866139936752623076772664149752857572807253586033517161479
19,231,460584,94325919733042247006437927397786256403293299493964976959215653058018923020550
19,231,302090,11272354939725293660550453722129162598789901651047919491296739228800921963084
19,231,308996,37233072920069745172517881944029860066849888501465070142716411437165398739577
19,231,313140,33153316787298140005364179424962767508844347240932379740632107176167549438581
19,231,497733,10520941312205709536580693170408318398677160398913723844882959231178221064215
19,231,405910,64601805238286342996507158541054002888878871025597469904058552239753396654621
19,231,273783,104971716676025840975591017718245937486452382204365701255855953371330317354719
19,231,276963,72007030193875819717187431364606494701388989475352288660738097802647277020857
19,231,441604,56773208111138482751306711498119224293682692438803253870768079419876975664374
19,231,467741,21259905125574093483541796253490590182513481007772532395796861958621964794807
19,231,315133,42529636285128553060190026810106267251493189405215699099584029851054165515552
19,231,398590,67425234014249624043631287744035977827552280358404370822918838882130807146480
19,231,331451,58961854246288036093141179183304094860435320852041582062848734304193745658215
19,231,296038,44588529473676173390516609155247637793839500759807208313988987647570924875201
19,231,298518,3425536636875220917732136921151171752853407045212522103500051346697931492461
19,231,319151,65537638737846745577983549646496402697534617937058688591395672646240691272322
19,231,448735,20545339543753308764732954913242686275575033308183928532132110391583055925041
19,231,431190,13549560982118558836439575830050905158098463064665987372873438039549447871378
19,231,504125,61043745907258388780611470399548247089672484952777305830240246623990672255246
19,231,512612,34640028049038215337510906322568040039475178753326753722395375134942989808748
19,231,302796,27547691653864045469081541935455572514687315299205865924878499028963035561404
19,231,481190,248439669450297959645699398814719806431821387795078726796573336743273251676
19,231,371298,92899722543047701943197631897732399016557761867712670822375636821937084329327
19,231,486660,3669600359185797286540543982071112006978044083933389764865473429372580477924
19,231,506213,100267436586490079935616720522567241269194141467162144998443039116591592422705
19,231,486807,54752004033262411699147341649306453195693435417156416684518963821512678077251
19,231,456287,43133312931354829612943510790509840973046731126178970188777158265256373838464
19,231,449163,10717710003335857387218196211459461985273807259106715719097174870474955853796
19,231,347282,51616533101098887070984288950106089080296150319353807703626724904567513695725
19,231,434756,96329857956313831492082534100218981361048574573539653884501883627496243883647
19,231,408748,66664597090554014334820714401528763184737910283161917466388560966506335724298
19,231,464518,4978418690844543764043047117959223964983388805891179314353220555334885497195
19,231,421803,29879893472700333076225095846960351779875145095253572025826155317006923110778
19,231,382558,33554921416923076194707704095300892561917754903608557397181035869941869053670
19,231,493513,72085571069438791395840561546453401078935019157402599788916807338239176324925
19,231,407250,4549900150753033563187489842252379025809591054079841060376601222566673062952
19,231,523502,110420940956824171532816477005569206315821404421903598420530321077838755639033
19,231,321763,55925975104933605223879242542503461669766956574501119592907382158273105032446
19,231,302268,59397378065182971242899602424796650493855503219542902802070780174056556672474
19,231,274656,105774781475442146573294976469709980432057693892846605056386060420762889772852
19,231,328492,84075271937828315413580881377361227156147155734965905914334071406967660277231
19,231,416968,73235124745015499736923324334579090252734313207961208921705478626171543301692
19,231,402914,88395754664864763645900327540136261193493924230675315745693577523272124690144
19,231,443332,40504607468396824536583779312769885080789106303653941293841352023083552571725
19,231,348562,40155815083015862028905503785585242252291794113829937699569203581192006786076
19,231,353393,3409798270255993633648085968660141494121999859242908800059356484285368130445
19,231,270956,16758825802140603505868051703026475239183519527132613807675177151831708467043
19,231,507444,18270379669038080520914132249902399749706033034894951565362532694855769892779
19,231,385518,109008956169937344635878394824692501657130463373624087721721741479006281630551
19,231,340488,69308733001632396917204987558185523048814080115508282740040128729078247742521
19,231,409576,99691915324163116340097091662085100422458517542008981226860932281350642554207
19,231,274272,96106743898177019150745767820240120284408666820507921127215132771667668868023
19,231,391790,65627285137209952773155990266657178750353987205698566775663530165943974000594
19,231,470459,85358763143301122958756854617757659110939472586617152244631856495175308181058
19,231,473088,93247984364514843401558910033573909131354899480754962227061066567396787281422
19,231,368383,12294673334590224585244112535949384982433914600043358546400876914690666069488
19,231,429966,84376046422044213337405289331887152072528947471054705660948090590518598791291
19,231,279726,24622575015623363179401023664405249941562254645641159869359149901236439809603
19,231,345770,95782851309857783754376288377712055768275208041578443429099103202047762269101
19,231,442298,74223596059220577381332254023040577344181267809795253982836464788239380270128
19,231,465305,76731567293342089221585425995185516368824562910377258676667989389023375794742
19,231,286293,42101188606029564605451200669608532702510668691468928771389681332189513084080
19,231,401002,94536446641034162178214202174129636522517955600529385411742426206534284498853
19,231,274879,52329267259352235666054306475130202218388899420212599808049537384486005936683
19,231,480232,65278568597967708294965256184750767106104479687675855740299059918718691689995
19,231,357251,107855006696756819052346360362404056785240732135280727994437769681463045287859
19,231,454884,10278771988018517502722997032122054515742545078098374849933197247705627222664
19,231,503440,91494043970869813264823643491346764420814557296539323975432669758770833039113
19,231,330033,63784173941860755219130227307750884000469834600679833967240311669933892614857
19,231,407599,11129615537484979042878220375040561829108994043777843552635738425750928734383
19,231,266490,111284990375375591384130913377820925014686102040603870687257634863339458207851
19,231,512768,85911237984552059858539747634557115932744049892288550011397258387923666907375
19,231,335011,3748142587790220200742332224385854161702571215883767347401360144837580073608
19,231,267022,70937348205682104800854217742889843540178467052465448158642162390857260253898
19,231,446894,75740707906357316884685527471495427375192905874170364581588019390204848966226
19,231,417809,33836793336307411925421566953455689666963627652018270660673710375516529392700
19,231,472333,39778842314918394851469161207674204893520822672177451063065415314443248350226
19,231,456160,11859268945767261708876074814119898558637544422405290730289189282028031643509
19,231,416810,54055788398240689448305507591121920841662929666884857938957904569396934877548
19,231,281722,93497910646357863346542952102985076326543283172099432579979187392850236757878
19,231,273549,114430139191976035408042274137177365011586017276817460419671029659417812161239
19,231,283430,39457231507389516253753483860326854598971262269856423617779546064801113525543
19,231,431711,44749213419235353659638919412956962584865748116691661934673233223436430471244
19,231,287541,40100068350684550170009459985964117375467429438080553219631617579697174685581
19,231,426898,56747755681880755986624980709810608456667560280422082619801495503439490237756
19,231,323756,62621829002451412631475969207106059086916614833996020382367917848709551751269
19,231,398780,50034313874981898976607969352889638637156987719741233392499164003562150497887
19,231,486234,42359338961348302033142770667206784821281329933792888615650228025058185185164
19,231,492245,25743309832055915733763661798300232075066090517537999465193218739897270859930
19,231,509544,111656149967386899036353749685537117927061166772846915414426683827581417147420
19,231,350693,30917258070333243366990925231763661206578109517141515080870179791229085462844
19,231,384300,97244005487848346825619734961498940400722392864983287219213556237118144326049
19,231,518410,12265369232854395613780987568179135036650465772044735501310908251882960095044
19,231,378110,99229155274008827286145676777200072538412260387860589756355747577122609876423
19,231,508220,75166693892516857470991923290434416456132954160394357099423642607492483749104
19,231,473283,71918652501947281655373522927356052956220655896215015705670592411908739221570
19,231,468070,86383766296027239750240286944338302469958277046103735224179280101357740835389
19,231,291846,96968935579413782365467590527093096125081283154067066438497613226656432138446
19,231,371785,105202534438036734916415076903529693367952902514318146960245223782707402661681
19,231,515706,54714664604833672793764439274992760708226502234235271832031648883358632120572
19,231,313897,69154769310832461692717531955546277755175627791937686493037623629354594653983
19,231,447848,68071118129714064515956560279677011541297245481151761593036270706886657384002
19,231,335600,17985091454313217016245657477672706977260187871196405870091058359598721898985
19,231,360597,31385521812767364195886496614867030331357675905892232522764092243468762734611
19,231,361373,25963459449286345263767433074071998967094821663609969263114317349619360080448
19,231,458872,81163979662073319032253819722717364915210121606568651389312396240726238423408
19,231,453784,29039057756139794236455272498456131768038503653278895990578028555123702441825
19,231,386840,79678630666809676826229076708922740808283757816027688379195541974108967345766
19,231,292776,113701302984149948678131091804874845694463988193413833716635076945210296372824
19,231,512166,57466383350135966988607083448294326706548369755000148179099925942734387701095
19,231,273449,91595142345609789160236355764103607648961544411630213111608392733025738022892
19,231,333785,114538063825266242752149479490029115276077770531658379650040234687489787708166
19,231,413545,98773869113690508694515289269719440971868316743351803428700009754672322335355
19,231,521384,59409009485730843139301586099720164731340644702371376761996138857858173612714
19,231,303295,86980365746918292743934021611103368729190914656170396814376329789009586237783
19,231,416695,40173285020496794305108582130878825870390089064368744286954670625458586133259
19,231,372817,7316548765473208623766726112419446339077152396874792859072342628071161749654
19,231,417356,90390819222231614261453430725493170053721706068056361249584719666582508985088
19,231,499476,92736254887115733644217339683206184602635073723434438332206567182809278799933
19,231,492567,12096621638024134693792027004032265789519310170675877179243528828528146538421
19,231,479547,78696086154692181666500889334683884102103745228358272486121354546350160903130
19,231,345946,42571063043692387159880550561750211927465906957962917960197403710181305064467
19,231,501566,73306252861944016465898787702022013021902716901924654076307770758552399420499
19,231,520809,63717192897491079805555052634277115449203469631105550266486936265263544839166
19,231,272085,21776559993335355009095801568346027946829231690301429449079105626443071671816
19,231,383825,41937629065849209406439996793975968119708423854320876879365655269682213470047
19,231,275560,98986830656861617968131239572804291391759013394658218997158893158299034744422
19,231,376009,38558961215508356561451730717215269075836058759141804382359340574155022674833
19,231,474445,14037853737169155289505669978645890877708023690359639164849299779248116901344
19,231,496818,16571751087560607760297284672764299966306740667174482625238385188260228669126
19,231,270227,65404122511781121018270854603638703004255170658030823493393901410708793479275
19,231,420822,33172342142590185085923192139314110853537957846618503842207079759970586069812
19,231,421026,43223294935499370116543129045271467641232037297613444535905934046865460790373
19,231,314269,104527840810156672465786071393434850897325808935399391866498791611382271517589
19,231,508293,83086537825106343693727243767798753804968923793641132943693010616036438060030
19,231,323820,99822688025700881210602781725576146130030381343942457485814597831468008844666
19,231,369221,32180793277852710781453356606043822512869250353643610712493930810729968210876
19,231,341903,55439562190062729984827974211668969531419294074387592930859324744011658775833
19,231,376866,18115112108979990536415477978455380669559091645969600364668982447766412158202
19,231,369501,111911744861897386530571737274200041679797163915056841245232557403951939868595
19,231,371329,87280752542459668932757071775102281280759069883417803926927057751170486822737
19,231,385049,50621225592625370662395507082744893930866072341409774578194855595982484246197
19,231,341752,107129921369377647827592462606195662325658312216678331661938236579842026840252
19,231,364210,30773441976575436568078447299610155460343479279692761982455953781377243254156
19,231,409384,46430099689294796484730161410781907497496932399816518258673180865084368676679
19,231,485213,73658256726107182339661428671101947094038523993386905331458343563321028784290
19,231,365247,79574602317635996360748740377872780548519238587506314159137202403327139922825
19,231,347819,44574488483701991718758018955043769548845304064852661907695426205435206581883
19,231,447481,363129702063044326356093379728412920116133678337519803480016123646843823583
19,231,394264,9313738580860216308476635080909878325714406784812676696962718521494013804235
19,231,302468,72031619590548569884965208166295664293002962483296933842216938915118441880167
19,231,413661,52046906950817245704362559999157438344783805490165046717530497547816513181284
19,231,413749,18361582005811535051511286245096649683441134679818506602431359166134439551038
19,231,491590,47121794071550866662723356259195334688584033336946004942961186645618622031109
19,231,418939,106779598397858733003831258844521904566578889503883502277808003981652984670987
19,231,445489,62267969401517664682490645556264042980147549681727950932393932484711367579945
19,231,454127,30256723883607976894669052189872121817585619911754826639390657580614941246977
19,231,352904,3958321666944248555473924047832183753004056145148839873843750027367042467596
19,231,279034,4870926699765703231170702813368721875086855584588492833539124984561079650557
19,231,343760,22464967466618324878521065983552477652530185279496056558819758694217352424480
19,231,415598,68239876433553838758988984914240219724452360231252686040045139331944710225693
19,231,375604,14723135168482541985618276049625297201850940628079502344733661335659673801513
19,231,332083,83265616071164055685893400219662004716553206410136851403108381672321663092746
19,231,330836,40437563682988586968574752824354379924510263268646323278182958381155353452640
19,231,326916,71695842033622028658827766093232777521328136414235392649560547045708151095546
19,231,284931,78396836990106738093922111322753338629653814525483972645591024164215432617343
19,231,302433,17944544007159629147305026096502626403051359259849434632395615319708525538954
19,231,311515,95055897131026315682454132939311206073640154971387870958101820445383819028729
19,231,456741,78626501171375044478476742181009183650825855299741669307434765380812251161559
19,231,300748,29188309931356365244288042308245754989142007155897751040875989618617869259467
19,231,330190,73904231571152058564754950738578868111311623340558219762884501081680204490246
19,231,515066,28272013204811872847170424139996241962209314029433414094577283742900021788347
19,231,519972,2909643556818805654408233943612162848229299259674262616837625754151265564227
19,231,357397,106407604828317123351054041021054213809739924713517479786429431225203697243140
19,231,349967,16600529748953870741327793484997538447896501325709874277446491663762181781462
19,231,311459,74118525470916866426021043722510341616059043854621534378413125555812393105445
19,231,437505,90293127782597529884393738984792888287287984745752952318042425997178429883557
19,231,416315,68526210211193421709695272968967080894769670146068373860794977928950914328491
19,231,458553,82304404020108574709922081297738092905533200834426259423801010863049528130215
19,231,316963,74527366547811403348098238581058572230045120143044777611167744691522379282098
19,231,363309,65832443919224609947312238636824471403145079758009888047884891023060566339840
19,231,450746,115472541049434270860889838430067549611709897787723435981142332364451380861733
19,231,310446,101909906591272065756754385165695750379300523690376841896607106622752407676909
19,231,485261,112943334948792948009315289105249613881394431323966977613193279198232222651810
19,231,397459,76042186678708889831947161240799053494060513450809470049727355278062023582666
19,231,336843,44083146866242628931913318226379178407477090244786214037699264743489842265767
19,231,408681,84174695052391573262084626678498243678451027020057623665820742417963364567150
19,231,516814,75438593731212709807657628616442245922780701230195727460835541989724246204203
19,231,440610,44433901423316455293588952866149978163402710231097833595271554071579674779629
19,231,344825,4213087342231308099902009140115476139808648822669946315608979420967157855468
19,231,308317,9952502862039231459259793399034737006781847025019277037813585477597174027005
19,231,357930,103363171903191053444488746104400873767449883410906501189374838668704280351655
19,231,402220,88460667339083698541431016540662953214354576436662451565675345848209762863725
19,231,449673,110074691917250821495579340935007897085913811795588119176076035509503852485344
19,231,279148,34519903189700961643105182174168479417156104372874288632479309105040451915787
19,231,269395,86957843179925477806144795860129221221476232315141554041194624728032761917938
19,231,337984,49311991256569231558490923819702324460910768086623857942975139420160680172903
19,231,512518,88328833749403882623410556181330814604223295594201364836618807136709287966916
19,231,454283,46442667672959933452060848688460830005090417965483392300302434174444823770939
19,231,472017,80353930097300395315764734968935415966324126803144784294658780588581219968496
19,231,513767,9315807186926433930547027874519580654266663936565516248415552185465144085297
19,231,295849,99342597437090959982014610944471830594228524327777485924530205397012315691884
19,231,342094,93135428338913896867989801352821368304255093317936476250397406024161744300649
19,231,305697,39377795034210627508898419702293324339730868673085499195957824409274604733159
19,231,506424,96050282224085781885016530938499211986219017556235733323811423950193537673108
19,231,332929,25574329895201435079251923551229524457816357969667461797227476484203442310536
19,231,320084,41213542654931407688999990529157621803282301057875799538022072000242648169452
19,231,268353,56738651389900257130344856637314978382885796630799255359241136088767709050024
19,231,333978,46998255607378914509987621004079500101698566569005358289189586207123897169586
19,231,496924,54015146267003922193246333208542531852109223022886550948877066568876433595723
19,231,337980,30587274213297410267702512065498583311423359754950065325002068772943910640000
19,231,303712,44059940868448681759081026015944345317664971786305371689242262613855616359932
19,231,368458,47630482836176019308431729672703679420446660921297503126161009696621231855543
19,231,413046,55308144541463799667638253849571028185753751916725302486524994850896355585524
19,231,384478,73212013847093038588043097612780184083810923135552674489222509531980788949261
19,231,416610,102112878959945249925333429076239996416242668461275045085483151329322136787746
19,231,291823,17993737507890205369342095957574370569788138969120601303433444691496222933739
19,231,369584,99831899697753691130064620964921124919526770959683990009194532856388078198806
19,231,279478,27080469089992700311363126149090670021941170740741975595837204912049077604907
19,231,447937,87351343579988712733975088902095366696233219030102843513918900670439448843895
19,231,438476,89440394450231739953784597052166003108372092786394057261393587861202920252908
19,231,433692,82097535781697496805021099496715485413774259056722037681154451298214813551004
19,231,383476,95531183444056733021446550652230961162739854002572963631708661472529977571423
19,231,269797,91484152008714541772565409208597205676224751754621959221363385644661554238488
19,231,290470,8437290753641495786993732300243169694333306466820850353036009696972959050130
19,231,412549,31289112314128688902786774049027449735978495400290630403920183861914564967039
19,231,376839,29805318482957334799626092198235764334046027935565870108754424369866133367865
19,231,326309,99477616698409436287719225240614304159169277787696712547462061114469555485948
19,231,448610,114380973747046715597362787273519278413894763001475970004570595232476839183256
19,231,305385,37341258052414395693901623960862217276580301585985441393010312201982080023276
19,231,391138,95348678690927701990856743010336445364055822850895153705461724758713713078507
19,231,465417,63009198831561019985418800325628030076257378639211068169386566400508734801052
19,231,334778,8459519570772655364102750418389154652828914783128833219987905850205602285649
19,231,518911,65396082794176682803883304557770896681517966586098344194402302352768009817072
19,231,274354,10155536205795335338313594590337300121217550344290162417605870322004628711558
19,231,511131,3728363886625336070784433452771412706940665581437043286372014659506172267606
19,231,429519,106858272002021560778893952139414329315828800912859922509417463372632705254085
19,231,318075,39055791252624703846450127917789368238886461350439857363346778882863380221288
19,231,414431,109904637965578194032732311649389538422090477110904848870968261346201396376135
19,231,377546,59403131197652078432111381358835825877802331447570029603481897956663183014216
19,231,302930,63141471747189082413676460296498557090811993661999619680318723019929997592837
19,231,408369,28510089902877631294407868387278719494237350675862163096056300980180020666669
19,231,283144,86377812734184906372987627304121982129192671437192268274818033400572359948477
19,231,345714,54937765601058505969227819984956070511500024339296064285412782389302769062425
19,231,275300,27122644109477155326738504321350371021770665420302980079730225446248474860249
19,231,356455,80108170009782230653997339733019186884767371376895417868305519517833460833337
19,231,423224,43544341717961301127459688933865388327710325747346898837966912357792616008298
19,231,431998,65356750663381919979803742788309623746010775213914504409267459097588531378690
19,231,347285,68014820915481371153641902230115307117114814991869768282732484107378687459575
19,231,474768,36112714403927141661188569351514868963703761558461796362637168512311694939335
19,231,514606,91541051782366427426130040224547246465882655203936381131778982092182608007194
19,231,306332,61129921079443234858859361294259063222710879482130422159936848021423447402194
19,231,444249,112691258522189841389428373479325851501560483652755324515441692598750929804986
19,231,279086,78054999430221752645867898990877649881901877002335350585604577890968134870289
19,231,420385,96571093712321372081971230548387013141875877076771078728085413812091765409564
19,231,354305,19265557160873142743201933427494764769973906534785116047336394810411328461268
19,231,287687,98140487957233183657381193136795408703739836371060154201685935234725151817864
19,231,389499,98242803506323571221708177984764592333458311514256127867864783223608552563037
19,231,293778,89983554464657104019995194635038218518668485882709340204038965098382350809278
19,231,500800,50843890576694584208193348811479336419877712790335337952413764503576919916727
19,231,420877,111104699652437716447967287485872194707769459302994755095998217740123800112371
19,231,399201,61255579553110596436889981877731340062469823661478051046006308763042249744188
19,231,464920,51942929829146485474502337562641970482060777660055242042879479976567510420284
19,231,387639,19400265301308099046501602983930312774842610448818243369438027184544788897599
19,231,432804,98024388031224291039719317234736426386953027984743356548358176437719050496612
19,231,415317,35422085952899497696364778114624258415245420159018074334764422741179370415836
19,231,458778,51159975321064338137678746752342281926464578757544472753666556569314993623619
19,231,339566,11934057659903480564670227558399480444253293943045386514203720370775690478392
19,231,263772,86051271399126673332968223369924801142977137409600912478292166907707736223837
19,231,325848,88070521012634554291585399869618661826054139163271166111003213455003533341666
19,231,440030,105138665453802323111012778678917648468001705998084781504739634923247220610485
19,231,437657,27238347774239335073562073097013219193106961951554896365466706605984566123827
19,231,291860,108676656730448938248055243370584523834609986112252946591695139571977925955250
19,231,326832,87014704442688981351949768223496454906960407647322731755453551535913425528893
19,231,444396,103038403641853946714352749674055727294245881666304154297205239941270861187923
19,231,387744,28726460810133235060364064763513933638331505330883282651949325098723269828330
19,231,290949,76113458965448119747003400973583294268798204062409508773392355224159320562367
19,231,273842,84249126925876853147060549667440221419545131848412652355820839858158691850362
19,231,443330,94697492807400261618597454880081024126125848746181714750033023532176049983234
19,231,390590,58153226053567893073387195389355890772688342697645153054004156645032548468429
19,231,481969,22308529581081725775525636167484778018372063022361875254094532150473990504306
19,231,408309,82378479427861001717392445282047250879479561254074722855015256536236595858411
19,231,473070,6728703210707163388246456527674356052518642151121794004853431927274506426295
19,231,357181,28365547733632590823628002288312366054491800650399095702263091236367846123396
19,231,433664,13089359404540617149237049690486241255801852296973608032699064637306852299359
19,231,495486,25673371619658381852866659017743503589923260819309059436090262807198916661115
19,231,415150,101460674214039477095926144394783896919470890465163850260285858919152918185550
19,231,349778,107683271098995674178491517238879507754981527881542335432107715554534108362002
19,231,394300,18370967101548507850454004714515086998246254547920078193736767452940763536129
19,231,394939,35229283279661777643619700848961354218990928086485257027910525709117540387667
19,231,293325,82660357244881472477210868465092175984230142516973641629478545267220166809728
19,231,392012,98417310333758653891714377727052834968875565533799121896087843005964457881678
19,231,439491,11875125914433192045977603671711350755202690754222057369072764616467147964778
19,231,447178,91216679993115773598686547136826267657912003813567204517872131224222478495218
19,231,378510,104642260799734445706079664378378867939485791955929352991155795879973928336023
19,231,375532,66091782892330091944865022981416929031032581443645760351403157231628481265715
19,231,294421,5244490473733648747071341884726052913832645830083915922384155311108572187356
19,231,394615,79851477487923451866155420819428681294296350131497890735217894683750451350446
19,231,282432,27601199710551084258150123023390428237629267045871451842823558310004703354191
19,231,354830,61998932012954911312936233947862838466165698242188559827711792729576415925179
19,231,491962,58700867463523906281568072151850054648166683389512112979563747879722295943561
19,231,289615,55898613100354431338434991323460078558761241746333883341231849254159711442913
19,231,272785,74654083308894511582630046680717433515939310215440806367662984990605576842152
19,231,293523,97217376763363612605354495664593629379879330179816133914409915759256422736254
19,231,295604,44807726484177192731902447780959412759794660059592362720161358870651973313465
19,231,467446,39923660368449470164850217251937303308764820205836457142506529241633963828087
19,231,323216,80602580318077774427613746724592919887227739186854935695276646990625857833210
19,231,490274,103818298192409296971412764911568862662864565957101706664344673673856283331575
19,231,504779,87333888215016813845179166727439437385468303797033373782062827760776814234516
19,231,344326,10466075142026432663046610250655914099605188250161994329260207147764286928627
19,231,519370,87758258723993429170479798929924606731489014449265628570144242127950882505667
19,231,327916,68817839821575098534499518423894252376730426207987753283193518569143231037551
19,231,354342,49871793425042018286913174642479727591788767009095240277917802010631744436592
19,231,475702,3791347956792228636805926089498656716348830283717822143172125995681247726077
19,231,303844,58982523308631947980956024343096176478682922184190491687088038928470846337749
19,231,367450,91227015046614516012989688378862390223586703398071469701239193983226017226615
19,231,336973,37254614864260067467155339995299688365214687920022271888191358510570695402187
19,231,429652,83459627116075550308721372478341765318746672253974880625196734842607484570226
19,231,406188,114799738360444564901432133064131666854847405746676279350820003356153962490662
19,231,378448,76392113454382092398905980380560360200949093572497798331838576574902025459808
19,231,263728,56141550088542024072419343897886217207694085051914620002628633901875965590536
19,231,375072,86114771388608348407909401529526292770436260381744454910882382419528779690365
19,231,419848,92116255529386215093115035064268406782336980239325175108014513122851340079105
19,231,370330,69474147570325184186886219242175086888346037776672530598866301048826125602575
19,231,294568,48179562992121793301039797945041183399739740274616949446235957324056462521041
19,231,458792,38586851683749162321848928687032213009430812168987528353672399986050128065019
19,231,428857,113513013005493967122550250461805402069138765742552642915232671911548877426971
19,231,305585,57424491472380440387633270647259329843451268859925353041952319674149606016613
19,231,328180,36286810449230644430185545780420474148874011154750585041668418698127991776584
19,231,523805,8572309912110226451792298949820610762784333268929614542735176105158636669419
19,231,405296,89986861313745784111460357069958812681907291949982460967519586625201058791644
19,231,511452,18092492444148848759758205962232106965477956243825950468839795436474076240980
19,231,297108,75732558172089749278608276995565720089017121644167047265372330810099676171625
19,231,379338,14656598778084675669458786950254969803965541742632449202158326368811238403380
19,231,401826,106884655808741463522612421259772962464993125760461748058555418244897435787002
19,231,278781,31054844295068827861590946293483980949210878258578805341429559579789352838186
19,231,460057,81860688897708299271308599749428371346202727156719761178227435207651709799854
19,231,349740,105768332458426595099173458499855314262364805588778016402207304113461162714193
19,231,350777,99285544548369025771812446353310601420115216470127831898735339904827079892932
19,231,371551,43354342231705885600194086349378564246906465249047340913572841355870695543588
19,231,366253,73840585629805930352582571420383878505580830902473200199828100603759814219562
19,231,395896,87624086248651782149328667446967225345306039978125512621251278242495223453126
19,231,432082,88739971863730167208933402650540210096311581637707060474748733840127056373506
19,231,392796,76159343822924096020442771457732182761562658928901916492004714758978041514491
19,231,342661,82721282122180693421034089991311386317731671553550353615489243383837258802957
19,231,281007,16982555821079936092730966455532075285042291113164957521288342703486080445927
19,231,278705,68973876622663354613965688505323520262413706288162996594151838264824397416983
19,231,495121,69911246928372557855734900129865706941862208324909334099323428705439263326038
19,231,390976,56198955732627409717811549196793116804229991116735104438098765063344831795688
19,231,509599,92318918209210726482015861452848229981021936471054566639892207458131174598265
19,231,381584,41583182527325681780739134583106111766846111140770135204397557863550008383998
19,231,326576,107958588933086156560724273094061406675110000618087694982422762797775464436456
19,231,523243,16708501190630686081326893486623457008550588434181417596890304413910766740605
19,231,383167,64547133836607811606015132797768984904652995706402724097584690956599503618748
19,231,329442,102587851676505751938869864918892932553573517674671571127047618308506457885031
19,231,382291,42317063961131366238430696623497980519892308445886872713258569584266809688113
19,231,303053,79545225386269702498848335472302627485208813623195374913178754842720677340355
19,231,476149,96029331980937793081449177825304060767250873044730389192160779340030550864502
19,231,418785,114767879566851960820737244759391032924674803861979936128166976532930744099211
19,231,339180,42181801713758119053080041772295167041731030648011973264942658979342118316110
19,231,496285,37009902263818922040653173912973269872115136956217823523849018122501292857015
19,231,432237,115529214322498447013639222336350233403929348165568358334327338620289503726198
19,231,318855,53180879821825248502101889855502722779488666695737735788271238565885249633825
19,231,408571,60656628118215025537588630507310145653815173432705512890141959190192141768972
19,231,392164,89422007178608308364589097151718462549772867835258559597151522154256836975163
19,231,352219,1694068501595361614672453175621836155821496127653593613203126871540274934137
19,231,439638,74895397028972944097185816631857892508819307881493379841351029857705757186335
19,231,345050,19571956752313456982265284325220171658722820818081087423524111414248081828305
19,231,290297,37306266451792902679161663680231292630673922093917813011430997797897890289123
19,231,340493,66240333287895876123693476685666185646248780266768080789965169594561901894753
19,231,415643,8477655489044901510722021262760450082095944716654928187033079143021442233548
19,231,356507,12114020389898218464254473804488457574350654015852775331900237388467219037203
19,231,358723,68925528548533916719359248805545055110918650527769944093971029492095873239778
19,231,489164,81014302699974124493941580167560397278248827425777168586596717770464873466551
19,231,360089,84581969712331442079276733756188343270674004489686666036962683005466721131299
19,231,454825,36023691942052570666148695600912145517150349197048979161076526534471473278196
19,231,320272,114590143400350842096477622266949898755314176201393061389090484734961099934911
19,231,334362,80133250093186291918250329393839419465881744213575350784514110085684402465721
19,231,391176,73976563353081868874767520420368233693763475402673189511081863682924241840890
19,231,378013,21145738247133969069309390719643990621153494483377286706254900746548276388000
19,231,440970,93252086236792420601075871329922969615279865416840639708172088839037998463437
19,231,273637,71983729772253332642612699073190905852544239565637139103469044325115226723870
19,231,329267,91249491061784275113731989624257238977566279462623151805450557863302959207986
19,231,364818,65158055756555355497670227983074977752901832733720218167894056257138623731151
19,231,518858,64362743140028841308026772798601617956834370920245963190360486074029260934412
19,231,521697,42772707026746571636088661765976068319421736971935159976557157206009934646297
19,231,329057,111669929552790652459280069694167549358709527334111837756819005539002569518390
19,231,483314,67240514053105399471221830331326701427250122600466200750083410211394101588896
19,231,435775,99584167751426904952786537018775858162728459859084063401248905935596964017945
19,231,338756,69747518713545421251443213035976866659949206516923256517780776183473586057924
19,231,499211,16556163447037345994038375336866832130047463800383845570710977013088785900276
19,231,440454,69145492418444745729251521809180536322233893195454471103710684831558698060011
19,231,377761,107118771150670637605457552168574148212016576227206421951621453523756620357353
19,231,372139,44763484823285142838794520337835653206875494517762892583585279492991248634467
19,231,452014,17268010858325514355344887842354249819030310624903335779592908037389684709035
19,231,460806,80821813671086138347273514517076407672103771035685814460671265665190738346906
19,231,513577,48779882585246262825950021731646650433196727541535576171518548934294236531041
19,231,345628,18642220722206058764263659621980258487417586133019221008550914695157711787179
19,231,415277,28920137757226931785274866690287991212768225984831438321357408387617865851768
19,231,427650,57962266235327120349076140198166363222010995908386388408179514853741511795089
19,231,303759,64424022017968892366626112651124180970818046237472168685610704432969031884502
19,231,332260,35604988049496219786205006400823547059275208306180837905955483458998203973097
19,231,313715,39599251399772484447493891327058123342676005929697334704125124399834775102755
19,231,476907,22387837784973091364507963725318676473310492543755642746996391784131365379737
19,231,270055,113015554184549520175513188248063135302248812217601999638453830621612853646477
19,231,407248,54803827882724141127006118949351201724861697847329884220760121851357694101693
19,231,425407,69625591670001690252682655105633690221228058613449757992750020411614891245863
19,231,521697,42772707026746571636088661765976068319421736971935159976557157206009934646297
19,231,441551,7423245098194589357156697636325552534843835996800378622138420261696341651128
19,231,455814,74527062300067206396004762630976795840136067701177921491837042642556356601628
19,231,411269,34844993995725170226193935064823544781993732777468673871168866081527400098033
19,231,289006,33812661352950342053140893983166600783837110902980632497993955243474629817431
19,231,474615,23668839236414551790690586976823907079774639300043159110264083033190068416633
19,231,312573,53158501738482190523339370063507875007183600393483676773527784505732186271113
19,231,406168,7072250301080380998007754178680217195107886289198414294726227222912164583084
19,231,287647,32642090623659878531614707853961717100196556177908506296203662196107499087640
19,231,400875,29214074964679799971824769028487393498690562497263591623524706044502100510857
19,231,350872,82323081931794506892523042434908200452971482264644360900185954791822737371436
19,231,452373,7110981659655123005083049974884813909733024820875744732430090450100016284227
19,231,374140,21455070666541172909264814773665678757442992028017441076819039001630231497827
19,231,447948,53881806936209788433404867405650576143939821260350486582163774956135536238063
19,231,519794,96325717679372085261475155134918954360385074403818283127437068461823230599335
19,231,460803,54129479044844140157580137057137319855215948552961034146784917505838546185761
19,231,429719,23954975950486138874257299024703219657867688449793065312569830401421272500184
19,231,424541,67290638369753242285723538328783222816165218231048508504812398058734493880399
19,231,397060,25907958068844543428063837755768341585788407300433090782539067292940107621956
19,231,303733,106440927374890230880228433373412917525831546362441501212796586751460024569015
19,231,481895,91667489698061758051875906682400833794955492022551079729125219573945409761098
19,231,292510,87472612980753325204920478240086137592288266000794962251984956928150264094314
19,231,464240,18112836797926789873914382404836675508603984029452965422835308202722323282221
19,231,422641,101888195554479111630858474369337470491528355344953982782722959703569258245556
19,231,364906,106436972222247314385835060823353569310178645585083645779994881977375170444785
19,231,483693,62433259973298086947372428350781446781875620829291032211283063522583103980068
19,231,356572,85626682591723896134789438110024864964774603096336045633096389871566867098609
19,231,347282,51616533101098887070984288950106089080296150319353807703626724904567513695725
19,231,283749,94985500118692082343516003101858248462265155567327784982236360495161855786246
19,231,288168,87643733455267674372537918047601636446941507711899879206858160203572629631093
19,231,351050,113418375730704221737338529388464071705790956765110351316054986519268374050541
19,231,374057,6198122467109881039588135469708935216453853042758431483667970415824823908771
19,231,368361,47691138894973005839242647143888118789750639171549560690432689959376955591574
19,231,288492,103725134893178402572884362095810172907968651445999347737804253253884327385026
19,231,372740,28622529245181856923357696789538971655872470987377841396951295051395069992394
19,231,450691,58651138144140464843760656736151367468361714521867456490693311057729078619503
19,231,417782,87177527540957839400655775906452487584616486092760725086563811488794216788757
19,231,343981,13388684130936159736773557668232387173622162845108002467888917306398150432683
19,231,282925,17388694573559536619926723371264082919394572691879779344040238353183147297876
19,231,418000,6574514508748563305029176038876510539148259493793516468825841682938982333859
19,231,515864,35725558805353463618921245443780579262820240340912132154837215605975577022279
19,231,490445,31245296887604315624086598617835961761423000583098630671467682428873547523108
19,231,368789,101034774957926692771113592909299428973910120426437225657463602295136054762038
19,231,515722,93899248301627874677026383949805267811381685021114749023685950743458165694635
19,231,460365,43378070229789649933211407701837703908294673083892910884362519941615786934853
19,231,460049,22581107139591124682237793135963513951817358307986553684657096125182796598217
19,231,515967,38192656048886505948461793272467827015440470992130986571855056792250334587537
19,231,339926,20151147426648514295642187413627845416165923967604906224881602614027072709999
19,231,367540,11743815064966570079513404465708701845355130034114902218088908199092753411773
19,231,432192,108674248792784060173608230747533312001372962252083523054338894761474383722145
19,231,316744,59626427463498071747640442446200463412841036581043145879418435147956831214868
19,231,522231,37574062026527470947839057195415170233688380314072103226038426079162652103685
19,231,449147,96537333423148582388784288923617347402325918555191721591101793596017913635057
19,231,319713,39199611629736274293497832622377593628035532312905736712086396549169887414916
19,231,440507,3669522823850003312904299815335107822337604335918835275946762082100726164348
19,231,273758,57556797830071953341829254705516079582125054837833663288059388932663438151104
19,231,472576,65366514568682617765621853001440211094081991675948135376309255666490531647191
19,231,307960,100580395688953257134878871541538650781827318207896109048968421624446295090746
19,231,288416,58002795778545888072873577476317420636103948151775805140974581454461759301865
19,231,270911,95718061088835335339124927024029252142432471891377211139762879387866059235502
19,231,308912,24357089811451876742949250560174650302322893543766169900549680003063587302306
19,231,263274,30494485820183766721772824082053088450101403964796583716789236135849464424120
19,231,478828,70204686214411605062885142031063767627437729721051935191176607897048510710432
19,231,431788,87863656058950916950125612138118309314995709284442211114577890258160347603371
19,231,366662,84193048325866886299359873954798284851259482246955903542273731323562751085396
19,231,271071,57404846206310586134813633815224072070151714907317439336576282338795617077407
19,231,353218,104661519000618780933897303670969014180616061751234820233414291630321874165358
19,231,289786,31049449628192781081289876607605931163144111818935631952783411684133231228979
19,231,400490,90676484073367358915353630299411335813093583287949414489097792647626155675374
19,231,319875,33241205049094905629082473348964864993643103372029923141321621456288029195720
19,231,488574,86931374115437249365142657050706178139090499533530041289423668438788880766350
19,231,511845,38552105778877256901816313947916920651184032825942750871042221944268598362605
19,231,430619,61385130906310240945742896848679113772103060908272560598326615014598673789127
19,231,344471,1701840347468890095103649794131533477971555882293676803022641109652654182112
19,231,280636,58175123390393466274296567730337662395432629357797051053404147718497770588776
19,231,332495,95137554628579752066470281286516582960915793764082259088571818680036185992264
19,231,437743,779821084771789356493004493873807641964168511056930608556109642571333750363
19,231,509883,87884913874686757716370685780047642892129889112717221405340072125240334531872
19,231,456956,25167866120259927604855244404475230753498070876177388201605154130373365425591
19,231,305133,31648024259025078115923700569491377084080704850485618349148036959893916267412
19,231,433637,97792155548410449517791370944635097463428090176887062656379375560922821835053
19,231,362167,70026097881136800799166292601564937619229391745889992303576120764142077267604
19,231,412093,51500951854651963642996794948121387487825345076925476761925488754551037105439
19,231,446693,30683194677958620328664417381869883722707399074159983951504713449296263906542
19,231,273180,13442828863373799756333103543638610855349016457313176612907127088628227290622
19,231,432273,56763643015254252607763074650076847589221267014066234853221426419357719383240
19,231,429950,15586093675555160388119477719618618785160342104050167250349292836435195478689
19,231,306837,74443085913300348295597707648370245428202228464306897531934313664008568295738
19,231,263881,63291910360414742341293227281802287409421727806201702180834111982163028429795
19,231,491658,40281827822651613514230200276578758504834664979975231451128711883232794880298
19,231,470370,28504033848964755806987865105707109738443731110789179800261453826868921528417
19,231,456790,35013850933959532462322361000298309983949860181972423651845211289936381395101
19,231,351868,98500204994666811125611103813989491097935795870899082469118517498310759607546
19,231,481209,102307442909333098142083511054294617520553705564737031075594568639629860051074
19,231,274431,104383962278924225301779456490105024466325785503708744666414945055484143853837
19,231,341962,75206970620720378225526845752407454253131306179031467746365194395077677769976
19,231,266829,80916542437171731348031058993314323592667218496919348563215794395597978737416
19,231,405346,97563861025442301682820072286550479639578968679938223967491509733401127885336
19,231,329764,95142885918591847630418398597642025051719627031765483848227472614157600946154
19,231,373245,115583335021099086875701096544079632128862730366240252059372166959302842049643
19,231,340065,27536957216661348466447684683910348619162753168225589640526875769812672328624
19,231,495317,38282687548884685065203940221522522786923201530385034195506151597693727476286
19,231,452512,76327557102933043546338970159496527738606459608901409994063544115935641975515
19,231,425496,26191940905720104619820749991421317749380459771767623760718464330892096467151
19,231,337006,90073810296925408572391382003717351697643696982635019545557818346139186461900
19,231,294800,28804579707835129023278091557046225712264443086057868259174243302705372915091
19,231,280309,107210179438466208420422617002675338571831381903896855750850651673300308951010
19,231,297396,86362251041445892352481965402046226766920477086914081806081548201113688382577
19,231,482912,29345459963001154316242811730093706297444886228375362629178085748277467185230
19,231,387604,27291560939126628548077701038188993125168022770057246465387328928663094530260
19,231,507328,92352834744748755586716830959486038522355781152856150380007326315071211795880
19,231,415627,72928102514192689139499971064883206893359300725469836412202040162256317908675
19,231,392195,32500477171320457923982257751328797492246818699054749129374180074554982661886
19,231,494045,22432559609084520994923171386907604940165883508971549822444468826965607210813
19,231,474622,64461089665217444988842635014611255442318705111581338542520327991154590638856
19,231,366859,108771502203776275003265318104542719554545934986383375627097800365616718571455
19,231,519855,92191068916899575345005829531122383549330476784624279959941718903505955891534
19,231,460593,113113634074796443091686376460008471511623031969543302664225419587686084784292
19,231,516579,14804314089419429138483393478343141374406642775479741008696357542161331804164
19,231,445523,53009112918163298739576651536629345554255045284813565993626757027980578228467
19,231,280359,1025393328748946854992260361478853694168473227957832772130756382239942550390
19,231,518796,66665605945961682428746852839722563822801136585082841488274621948686627979396
19,231,264895,71051031180137144458864763811464603856598467758652472386580955794110591087412
19,231,418211,79815218057362366263273399460731174896370692656570935093878165841148262669355
19,231,364851,48426292822355332306275663556621658318995215246480467776197775266933503284726
19,231,263834,107865049282810024969390033502422958047909406652286390649620821369203230174764
19,231,334930,62439301388099177854099883504275713278284241150542279044219662980411932507543
19,231,395851,110635493827089978126551265370151260064849787912173006170920038282441350707961
19,231,489993,98619332830496995747049631677927999740259709641788769939343424196432848400841
19,231,397031,103544716977651029985840513724765654627157274990630440555183959815153748949727
19,231,344326,10466075142026432663046610250655914099605188250161994329260207147764286928627
19,231,494293,76086827756589195347030727607949963834838621742169282359602966646491618838187
19,231,327223,102016415453563420317434972217125427639502628248383187654191321941400177707203
19,231,388475,37723088649695471673069863316017361835007022472130678555316449788362279715029
19,231,310172,49271753458878156820505554133039088566379731269138100394524317778984022074266
19,231,429309,113376227316136921353660180367590413248629471560115226145874913581744070138184
19,231,484951,12254388758918801734278258755026802649238679384676005207773826746773523239723
19,231,373482,22569913824654679009105576486087796819502350366776978220759397455681910810072
19,231,317942,40121099087430760207325166707853284561235282193719231450693759179253555352724
19,231,413484,68215621299863121475837445587605066392275191006368095972495154164040799223135
19,231,326721,83128549995964565953207128555082034478876610264332601906215845420372690345361
19,231,355332,772214411764411240382523890741566537593965776263884461293516965229652267782
19,231,511153,2311985350750691714962067625994286503443898991943646883291170812306249279090
19,231,370144,91152640588646465343155383683611989418889166938038872229956434894936235259792
19,231,439320,62126826834100471752371357713649439776548712577781198580327926130874998904297
19,231,274983,30832889209397841571413611118331134458951794872688766338509852734750632265541
19,231,492402,8037529532635945789263445670669858344687594691802704730366575641467298463817
19,231,278290,73351181105015884543069528227818781680426272677769514942417541740924314496210
19,231,489516,41021759300391052856120266403786554420063595189606214609756097451524923346289
19,231,422280,3263968689582147319682450565256809194631888975485926937493974478962339943122
19,231,443255,81423594006951012575320386062158868785264289381172323373524796291322302303162
19,231,450917,69900191056211491803691541555617039997772778589058159468270994194083134190587
19,231,292115,15463343728551989152176348290601814105778726816170471987299054074683209853511
19,231,274688,44951957108010325521177026599310313780592168187737458751783409881726009126554
19,231,262924,21073375280990784869849555779223429264411785865474510578748713054130658706779
19,231,447328,38132754021240956306510207660104190510536240756615853551637797250556708712803
19,231,479083,16564753737349068288202150936204079377833215145572880712319614477033715381867
19,231,521022,82460149701617727253811058129382261701761135352212908930815923980039693319288
19,231,292397,26718479834766870175125130791601808888642532187578422081986931367299822395919
19,231,325793,18100897604824428079408274910794132594676610948017160059235326896237675796328
19,231,484515,100568276611705299781725443065276075351069376969647120533207656365742513655222
19,231,509203,108155328102747746042175556940178207851583330395296146837239241864628397050437
19,231,393312,33626160930836213153824825603566667786491796667212169761071030862405615212240
19,231,327143,15817616589757809379316981849797709195078978903980774935049575382553153927045
19,231,368897,41981793083266420353821731821595831765196373821437383632140981174510851096963
19,231,418184,86466883022789050686055194519334975511858755755916991384961454162326681768505
19,231,321532,62834807995354190247901135250643750573363394523265448218216434130838108115282
19,231,395580,20827389883758965170850906936699600781125449626268787843764763186978469116336
19,231,396731,69828179067898898562610028670803897990365213076714465717794868375157914314591
19,231,341054,3138053324264905792753166195155797211949380502570222486616094534647685804319
19,231,514512,2338525911137264147393692755376595630156100007039559044621737016749941823152
19,231,490829,100469008908855644586161637873464919836403430978175170223141535628695633047641
19,231,521753,103763742541449981265625834900538036507619833557757799286890942031202006123388
19,231,327262,78870039600547281515118667606257776577046142430196456220841159631829947403081
19,231,493298,26950704396255463495661667314829255673386769462021831355882088793286406992584
19,231,455464,93750038785436020349901315791095050514617553138933078236999085633759697780777
19,231,432965,62042288942204521508227954036209946489704361331839592950709840774540421616065
19,231,264201,3506645059722586069464204971559440406131139186493012669356606679076130380463
19,231,439062,72274470110791297275286786289042313043157822246034379616184041258628519061920
19,231,503535,108228276686713972687632237447351397081761341650282745937891194713895628704693
19,231,500582,59438512509418441624953027794425395882110441648288193166313627593793153415561
19,231,414613,88078265195463170948206392842535417417231190159978279319355123668920387156799
19,231,518697,55105865774252708973286775275337303373335423589282148760091576379703614123030
19,231,287995,97342018788297915849676227034256575710719149849550998769748005915764903705552
19,231,269392,12724957971101499817560646743893106614820195479100268571853037119107697098945
19,231,296327,41697982005251079766574308227558103563075702932569277173570275255197673498702
19,231,467723,62576029056132387119209462757416184669081183211891308070932857988152951883013
19,231,442421,76156304577928962810474544718245377612119230347817678262082314123766658700656
19,231,448925,44705458267461061535407273631352074196119297730623610545999646969685092472445
19,231,503497,3992711148940068918897910553083839775642288907129222462364438357216923231731
19,231,334004,50314163678345621679732317196847976939772385724373526090159358569025730178039
19,231,431141,96732852152027506868020287480297203741444552542394361889784045017572336610993
19,231,385659,108788001509163741848722260955243830346768608301435145595110646236959997167668
19,231,512101,13270416474968664185631751584877473877199628435240122367495553841219395654567
19,231,485206,81205397410366174883022766718396073021998328214773737294329448345259802468339
19,231,443279,73041858168044750906211249019848245570821897057345959962931670543119584669043
19,231,290894,27490757112676637009511381358309985612985519030093842529807225612960054878488
19,231,313866,102408618046690511260593196665879197481336087866819487674841526367190533572541
19,231,319726,113154828479244452758823518921736826250749178407808092867295794371053127533982
19,231,470923,9219818643266562076326713214539494270912503105277525528550605413543380931438
19,231,285339,6835587928171227652825718682032325756786462865661582509319194799059178475484
19,231,356099,71310509182336352811032412125034364484648635950765481352225246381336511112591
19,231,430244,83896485036467190641264377837120525727043907423255413506093292071187922184863
19,231,488725,70814914353108696786023552811554411291161126337353762517620513750664211195254
19,231,369592,73619632533889701953446072923460895229695547408946107967167413822033186209611
19,231,343816,66251235619212120956092866128507887408745780045166188016817630248961042262631
19,231,269610,66318146145534683227474366879500183260506627936484818423298720971016176107867
19,231,279693,109365703755347255574521180111116616491360821392327573204740924589296327819284
19,231,516121,51311874276433238485512650071360457038236099673241716654237966674119855711683
19,231,273006,26863999569115124062211615727893798162880648874219315698743936307426233704739
19,231,485305,18293313822184692581130990907445032807889525382452718261914922781698129236903
19,231,283277,12716013493674408644814175585618459331251321296277090745751200558369580545129
19,231,438860,72824020197497949983840004883079583558619841860731643125175462104323793249683
19,231,480214,104822141823573897113023848757878966972581655624239560591197888079528706416552
19,231,388835,43576240932819237059858205186834618355811870995291066365187656323864055994204
19,231,340545,7619626928909874288350524849015560357908572477013285021428733438406434492514
19,231,295060,77345836757191720779619898122581846157891636362093685129134601301575587984047
19,231,477795,105842291461969519900970351566502979901897457256591800311442647143510379971240
19,231,501876,70337262619772597050126613585601671408867798677863260618455167676041561716338
19,231,357329,51524962806610950217093612270826514355343100492355197141253852096249702260496
19,231,409365,112484488525064991285523410932153422542279390872400212861882877370665645365653
19,231,281923,108660086481457086323642363055586309674748662348643487303849614409763737464958
19,231,371157,108905977040009677650099661215603633310774306069384396210983986409715452488875
19,231,349700,33643062596608530866880338088531577299124263276800067717924562286688341676320
19,231,285113,206130041460721356852158454050089939781502746630060341636708504503127884034
19,231,316260,94597889267131714821668678711118440804456029440892161070578376768599967970137
19,231,496960,60920612857530552969982011495006010628143989537798428613991012724710361782412
19,231,492811,57388572496055083903269670019671765374320943335230436356439176202623645566293
19,231,332908,107820055086195667197651637621068170086130722093569492857558545995429835542100
19,231,291293,78176802866262772408902041540546167475073367033395430460838539247790859797629
19,231,411007,25304433538553853334385538502251665616860079907625063545835948183070962484073
19,231,371353,87567459296043961968107873508514486755507265773166010793764272000051292307529
19,231,406687,17995866984266364010588162504864008834616937304634206149486867578709729882351
19,231,421438,81519538599220482291256497501461066300864592671033804634659204274584628013297
19,231,370840,39807158236637067347844855124531658286099307236864364594560555888768670397113
19,231,286402,12405370446436294143544297056581623930974689742967732705502794547079966889660
19,231,468195,91086136188195163976566354884838432323698144154523540439217477252731169093843
19,231,266319,15834761608206081559167814410358363491528084692166189174928273918038655435082
19,231,468908,6824288577557266590786590056179827535828864430333622611395902407501660353441
19,231,381128,18626981285375650738404200636044005111345026493667140597270093061036858242575
19,231,427130,115126766443033955575318759285988995490187544014090456536928539902012592136344
19,231,369266,98126083447911587342652583437083533496082784263137038254795944737826317680332
19,231,491019,98685715748619155197534471964062147592645992964206154897030219332010906405573
19,231,404041,4965624426174364763614219621082068796764984846112867858143260011283942901594
19,231,489441,95796361070915854899843753391536783785583276460290148765454694560099859108281
19,231,427356,10035766567663452555558261625374891697356142543768334797611743164222693209276
19,231,459209,73485231745542520934933763948085065065199709182366337348111058419366220108449
19,231,334816,11570515564318076342315797224281364762450782920207954242497947463399791013253
19,231,334124,29702267364320477534068432432498040273517041310716862156877200439686758129806
19,231,267318,100890522184876336601574061967968059762145112133763133260755975413164681541290
19,231,395931,52570067393034278123953909595091529695429413629722286602993734002633443232041
19,231,334836,5816332416632437255113902237354512360491641730672383572945012778875241711837
19,231,400656,91170225315289808344882875186630672003827058210399287509145219351783256082587
19,231,309459,113014809316232207227026840258903460605676547860472554483141619609224428648363
19,231,266083,34334422509086469506380774098464840827053625549722337164427484294680563469797
19,231,465370,17435566723259045260606327855248305574534496258961815918362622697641668378187
19,231,457869,78493463797400293236322358280285217836891849850417587591783571123302693798063
19,231,264989,20168674275528295992886129017394467415538885033634372503654788254999906508854
19,231,343383,64855251955490311830820611000756804676682266486383174307475807295796154276980
19,231,503545,61802701313894279499239211714047828935751517846450108038789502119470112186392
19,231,328232,643067253449879610321169536457123308875425796738893225259833021950775735913
19,231,326086,103132781847738496562643314448669385879142267352072644862894849889999862324903
19,231,429019,75816542350665081138456158029217419795737117416204097065135430520747164018271
19,231,387071,44190604381588210173280962197652014691512198621153289068937438628623040236114
19,231,339695,16912149818572060307833633966780155802607799669738828036304293993299016251795
19,231,501370,11973902242867483235588322207327181873633952246157941560632450580192030844230
19,231,482299,99290050402064985058492899006906703349688499821598299902467770622534724195411
19,231,341343,12630521785104871509039032953078230240023301524111261893875596124823765807071
19,231,293954,68770526636473031475601737408293408582693053309866461809872173984106845999561
19,231,425138,4600750705296618784689925184680735651500131981672464596494203310379414714121
19,231,284149,106620234261220929491221410237649071533976000782886187705236342284235618067001
19,231,402659,8392959093598984211120447140188557403097150583132526840867368512927481514603
19,231,434550,37586387263169674108145653595333003541519027240285934719641185676557399351987
19,231,446903,35965201260405499466296293778950159805311639729851472393237495383676545080038
19,231,433108,61998247459458642421852353124475564400311248370905416618304533629645324864044
19,231,466591,105154987970698776083273049514259123868095824447469004539013490406480591799152
19,231,357152,65582271217765027285334730125251983484424030455644713841742300318283103459780
19,231,457769,111430842858209917199727495296970993176603212407777550747657052620709113810099
19,231,459903,44260680925952631811230764695902977336393563943295168707491741499613144575819
19,231,404215,77700072415884232625593569960699785983124149647495781331274001963076741377702
19,231,437358,79935807619154779358301447944838310262055021772768444726887905749373961978045
19,231,512378,45576130421306930754010662908702978386107081793019843724778407359774739448754
19,231,364244,72955185315929261091786181439966607385985301649934659222480651324084321807882
19,231,315928,110945138903353079944409946036203629120017093671391819896491739598357793675526
19,231,299507,105646794469355981155873383425547448241520646738150785755839644648544354426706
19,231,359824,29656394702768061106234846571449674714262950540159392572471278630887636967472
19,231,514833,41217603084441916431789792676609339656813710664845933480795434165481788848921
19,231,473898,94063202557010143307631588472915247090039575321283651546835516022195455953732
19,231,513963,12994535381739097194636479662379722814970990899128452473447033595965385864995
19,231,394401,110708213975975361187672532907351816784468288690511765414715037904487750859675
19,231,442830,2526623799962220509750097328885276635865474848796711378585502243110449055440
19,231,474880,26517573843508607129998276309927543243857366682630069752897149784105974034405
19,231,336006,9343023741637772509008746453679387555942277298807500028647674729093399903748
19,231,416698,39392075803541925651785595100239224815094902301510913148567280762057861705805
19,231,437967,108771251065180502043201150546649373782084837260415644793994860422388840984121
19,231,376545,92632925404169164817420987146960827523539765429535487300582793161367091731233
19,231,416112,43768337502324877404627873268949956576750128092324438320349026502575088650650
19,231,488837,67806124874670173925989565296467836117669946175840110570093221776715700809412
19,231,369520,93263048616404864722535705608027377015371007668432401656319883719597615889386
19,231,312141,88909073494374116166075848763778586678752370056029099605816249109690759476152
19,231,297861,18316092571826378126235325236655988742821984104838469421937192281063235402068
19,231,358951,26390685835396171790787779549146585573714747117074212627769485029015675640906
19,231,309460,27728180468992637359878041414730294369560143876375520137448917914955817562392
19,231,360165,24022598783737147524203224669638627393592027761483681425435827924143648444516
19,231,370365,67857505886735164453522331037867323911063588359530017734279001063660668024365
19,231,398450,112486706522334333476826645800532137004940068513011825391689300827094212280337
19,231,322078,35679978026248203295234534173603522084965354401849484508137706522667167800545
19,231,378667,21327159186715135087235935852519165325726727480891162945356225014339151325198
19,231,311281,80452735816140057646497776261721031393469381016378863216663877701306880052667
19,231,416569,60204348261060941008394504832206221164687732479152816122491984631036366491741
19,231,379947,60546819071755220203279682495668150930232833768906250479365000418698100788915
19,231,359310,113438999701252301914660546068770435253080547652175224444993862677919461349263
19,231,335270,90649247056469912048594612692204487965530567115501285153494766488446386313913
19,231,385464,94249780692879873306709186291003849051714662389434888650282180434584190978144
19,231,506163,24135538520856036108038847780899650077185626860852099155616186987470661559251
19,231,499985,5970200072545010691570508923057830252930825296032901592418223351909266996601
19,231,341858,34146869918745539080057530207967398688218713506175252668305061349919554806064
19,231,326925,45287145237157977910416670472574545983816732750386374759273612304966040671632
19,231,357209,101964879005531329403958116482738239176778038515887209338656748222882494626110
19,231,413924,90968611221624799023111126182251575713742238777354604512999325569886530601502
19,231,490981,69738249967054390199054496694020376267846257098501603300805665037711452499619
19,231,319125,35513634151136083299059650253999845186825640767403438650707742780533017247219
19,231,293628,86481091163915861821751480787196491515013667365659726066280605791179430621106
19,231,447880,39886413857580315958797811066756612759452163885909275233846491323284962926401
19,231,472027,85159825990218229266164966820325645939363212331636466786900645717096103598289
19,231,433157,74313075421999191985231067219698112678154975047109345994171407551289159456322
19,231,325859,23342488595947980728025458518140048633083336028844176874146948195928787847299
19,231,343193,88503287948857764058812855321554539096113211682156163710044506693823358226510
19,231,493734,99739762171603300041755092188814756961826810544599228120557001967799854444895
19,231,377946,78428413772058819073927011049607737857124185758364980497508908391424698389440
19,231,323876,65007848005903520874220738143916854204083914190765762599842829942817358266542
19,231,449421,70572049462021812653100475700711697327343638078702696259639127243213138688367
19,231,410780,4279028014796422771351129187172014748699443812918942465869365900718216979275
19,231,401890,25960986502904917400109732597183417982219793493249983211328920248295860813868
19,231,304255,36731351148984967969852760976811771010436852115863929209408328409893047555674
19,231,329812,34999633207057185988375352713720424640086552262533389407903280981389232093592
19,231,348433,89429019515241320134661744575026985039592308845054695743105921694897688999534
19,231,262446,36630969141172032168613185135697826418677216031031721014494403311810224971985
19,231,336649,44858035741984131836016501497300317242632091669483251198680400164320318670056
19,231,277186,95420513937122392281839402152182396928159957929318213337163204248910534241198
19,231,301743,19206830097297906887396743736947302233879974839167485120792335145627224045565
19,231,430000,88170145009733787789282788173971447257000283042683110385263952206524186616246
19,231,387237,43179043454956244970478479174598565280230058851097495955160632867339527637017
19,231,279753,66872394121249480932490186655514502819177750554608280379313378901779980981979
19,231,366966,38494587614498954694626631238643705529562564855804803965719672743857987163546
19,231,428254,62955174675441620715668231215381272907500530304862070235608146815841377847129
19,231,486283,58013579194080635209678550064785929681374844037506903481022567730740033957935
19,231,413174,7251849145714257512046423322646766841387617663514331347916527701469114253204
19,231,432115,68025769105444637114678109733843228614543116230471666974109868318944054467189
19,231,492283,86214676331438864927025675556846455716226576204423985346701513785320732788576
19,231,468397,18423727918527301288387663277509022236563013360930105411659961508422724897745
19,231,270408,28539378138638121162362712147610051144069873726921505340368190338128154599350
19,231,427454,7672940022358601028603398586521074457638407089556314595442380903956742281169
19,231,350666,58049424228630191484352409642936454660553509497230143320052315850815940687007
19,231,460469,86649932711624045407879806051629664811835204584273659872747464852777689643584
19,231,294160,108735746530003415454575120090940087083148419645286396273147187573544620583227
19,231,372652,104801446813373038128911457963879695178426462357448705617644604791164957384129
19,231,411165,89167989835986947471545963805665503018682281272489961014613006840021829517584
19,231,517916,80566530803331883890202582513980841322365707844769842787168206470569707394329
19,231,448093,45996301935857623552444419684410493471060300206932922795898380461731266966105
19,231,475628,89747577380571363044700792726420247546162626186370969691621668321863902325806
19,231,470211,40200737411338737750223278015782069239503671982318677163128960980094948158756
19,231,279921,19112279054648371304591521295114842220052863481623336375655544907948484975655
19,231,369246,114081199432544955129999697830267072303573577333850113318722855228178647487340
19,231,337767,42365798266625294114774119491242064330033088875141568882369234978054276254620
19,231,521826,22481561805947728260025402914742441190947671783989562896204306439489622211122
19,231,282988,94731142447621652739681474941914871644861432417399397169906792131042663883231
19,231,318019,91292737914764714231200331438933894183672955077851716355584523391860315242570
19,231,451580,102027198597931838862871353129251345364638374604373089080179728692350045063380
19,231,291422,40936825275593637311191143708569596583138058040608729938468186185414022531178
19,231,376150,5938518788706436392932553657531239329534980587580868604279991356860416064743
19,231,324523,26154113830784688239443632046949974526738444901095071939105389124588239597225
19,231,520278,99408220964328422129816371923274543902173474704895970340166852960544074535136
19,231,464982,21809023962419385585774827767058507880635952671667036248607312208200116183717
19,231,476744,61141893219260113672532726866380130421094888978700524414387350696696193705677
19,231,472120,61709175279602322940208848962583452875330390099215432015246152572311844744781
19,231,377579,55491309752409984884598517305222092485278803725563227810985684621553646774324
19,231,424285,23705022883990202413001477994744882886814809664977577792691256833049558924880
19,231,336855,19514983550567402387472998222338107704854402701213819908798145703718417441033
19,231,269566,16668251791186613823051027045519970428434822965000707182620900486982076733702
19,231,494449,32476890742953781332845131514977306880339235467632851876310349475436752954459
19,231,418743,81825333974032835409318211793148538919734094485665978450165919392934734348849
19,231,383853,39705869487166256418478437219742421323252747188037081518956930941392678624872
19,231,510646,38267160431489830732771304975581034506153453511255820918839730286097098215747
19,231,285617,40218685906694059129945822610073219393797813361379316535629468722269496871233
19,231,431952,98395684866531424742866835280610242454516762132045417574328986301351606233775
19,231,375907,95026710013590487679261647885087179173968849772022439208241085250115418888776
19,231,264545,1029974002098055657820801674093762301293750432699895953631506146585501707943
19,231,507558,104821899774858140782435031583083480967265327856638709941269907533132656489320
19,231,409150,74047475183146267824812459278137028462296799491213344538796660781107468668404
19,231,300463,93444740029588250419356583968219168526531598871946025236355919756036893292928
19,231,294960,82383849409176089137046721538472561068790547233503716924586016512235948201661
19,231,388787,88555751459087323370531444519244255821504663253591440079991524710832115396605
19,231,493111,32411735229954206933971172426870248095767065468947860722456886982406804681783
19,231,388820,29233783912767469891662028256738318118031795498214175991650038882746268721640
19,231,406861,2985971647028467428031974505300449097317732829026757170670282998218557896090
19,231,494093,9003958595675929625135364331366956925056843469158325400318513647252754924363
19,231,414541,54637384321836492451836545256738336894974485332403464052668087421502791626094
19,231,351569,34770959423937973375680087046979188515112051940730095378480744750394448677495
19,231,439383,103948280388712306678713974875595241920002790876383599007790423349469496603608
19,231,333656,102721217405054692185547247717958368938012428775218364018305571809583975207889
19,231,399118,65676252287844258562086457341665583440402180296603603696062200521411216793235
19,231,494836,45391949431166428460986891599395073767094722979086917476191587533475697015234
19,231,372729,47434648769577984079987689752984689694442574495763384389280418536378274390873
19,231,321456,76796003367316815715112222149639030461206155073389683952903284182828152885150
19,231,306971,58735249934373314647186719562349406036055587567096485811221802793166182577402
19,231,421035,63941144727321625164048513941944367130598207735709471045211335816000931614227
19,231,328949,81672808631519017214250814515303354273927850565489697703263491343582743717498
19,231,345890,104169352489166573876344252645195384238491347848472216919575317067942177764145
19,231,416486,112794642753762028640380460735934035482531222133872527964463345366087006894388
19,231,474846,38638577832837639437555635599954892055423738508436564503372829639899497285525
19,231,342437,99695026441079302313468516806666066371647604657496969180236247628185380132193
19,231,427265,16510117638657304156157031072904727535505014418037088449834008729737322711139
19,231,329876,71974211829865392081128525103778716353090915444051905042131460234274587684969
19,231,323990,68474054335353043529384968963236528812743246311212173537736308599979908836425
19,231,303210,73693040258049422704474440199446695021618723039342046150617858005210632026758
19,231,305759,22029776039093854145595825844783000338154631553391423838177450541693829177824
19,231,271382,18413349474393768199847418426697041210290563115243592444208883168219728473185
19,231,375134,88793730103112204816277348269648965327505725837491551342653033044029488436236
19,231,380061,104367154772655710968776684199904437723808389747911417574955059655440566577059
19,231,427443,113444615127490600875664648173541234542796611301213124526980224723236914532173
19,231,372878,59047261983066562162633853690552932159969611321336734179426777164591586335817
19,231,328186,12025750508439535925202469483285983277150535951545467209289119365455376092802
19,231,413567,49898676252670512001789927996632001289939395727783800959701143842114105907474
19,231,467554,37358620501612715814159183677297402485599137856161960813556222170243881522651
19,231,425481,108115216283557520826983133462709260288806811133003672239601573212730939105714
19,231,375993,16196280029470062792468415350733773490499842070375508617997787130908076255483
19,231,375892,48173032428436244566130324682772966836012180815770791102583488285807669916144
19,231,336775,3643355416000379228795986039582715217191655554763842708881443904672092539101
19,231,479891,111535336208936607099845926901924759123173952422508324887748199866191974409442
19,231,402473,48807086535294848333127432447763873554480353875085477579089179242608200905764
19,231,514721,81576766808499117751272810276890691981510757099956341515227318639446186027917
19,231,282914,33395060735479157544722891756608579584403504034062693307019985984273789438492
19,231,291265,56745390371656459202099969798249831220651427508657074243144628502651142691511
19,231,420298,3053227233245739523585070460721816072390591501646468034418813052339391971080
19,231,352305,108004044192772557435623258652177045084569119129073283672685252372575717818795
19,231,500118,29023714248616267224586912140616747322464017481222810591088315457910119282106
19,231,469039,71422230555045580915867050103003984351423076024954039442436289118594194113762
19,231,358803,78538810713676465497625163557873826871264826730403940344858744319758269932448
19,231,293965,101444195718626824365025016830538499397268075929175185051790113659468378707676
19,231,467473,83562887123185510535913246854284894833438565688735730823950102222243160108908
19,231,511408,65066445972055097074386678830008926777588295657931214097042458882241088838000
19,231,500390,107555326819612028580459553268943581424474768382613306306361289172289426530604
19,231,412308,47566449258466070714380403058044598867011089783529365318771562409513302848502
19,231,411154,96095234027191816260090519494548066201234961042084847963256996905678405620521
19,231,435240,31575268806660077934037913675128447575285137503152358665073429686806893647206
19,231,298320,71050877387897414825664949619064993524813643368022759857528696916716810056286
19,231,347350,15018919799570346512912045823088235204587934717939249978638012391405566087731
19,231,430135,43320968688059816228181341806874777769708186674151076968927900606127605690154
19,231,291615,40403088348704488186458640486034623547963447289044675024813590533496558570003
19,231,463615,75374208825351773809953010487425332305415307343134874851432636523682897386635
19,231,375240,80738236972976689028838397152355837361462855100277327036236704744902147464339
19,231,400970,105250791228095322549439289541437610197237519006296447340170405840854561523050
19,231,338661,48369382762846753855457109527300742706838914805963988583074709850457672916900
19,231,287570,61179354571617222197077806556449071959084665208699382787918777566745671691678
19,231,431071,64518796900319183505759707931559069952054690004172776155422805552995378772726
19,231,284777,84470600636165996790215538728103396621663892762104015446700246645223129840397
19,231,477088,100524002483950617452521471274882732187360033597473558823883805067964414300299
19,231,500979,87474939653210439642710493898110120332364600699528276519245515780099662560757
19,231,464662,41603727392274121285285482271999071551681649956268644073678402274195056478123
19,231,395645,67428995612098429013005855650423572834485406921159740876612366992771291339547
19,231,456321,89657213777591295610013810724804847283495614164969910852483881550022015478877
19,231,265743,103909794983190052292237910738817474819748846568811732230996247581197336754291
19,231,324770,68177102685114671733866243972444178889881294244449717113360902731517612308402
19,231,402739,100637816843242533901015397818477555025986913220374943999868276694859094528572
19,231,411043,38928958866419552808506203743958610568906519865748575115442664925303218265279
19,231,326396,33220064331224769176520330488134095543144685557604044939218950960827297729179
19,231,342767,18221285554028107858210329299747406463418020223759654641244226420950366438395
19,231,296619,10586180016202519532349754331380711167741712017091296126496929430120347530790
19,231,266312,38153575266340434368639082674493967431191235443066071284156660995642975144971
19,231,481603,73647726619506098518088531889859420632726032695815843970406118355816222248056
19,231,452924,108930614344994790996361632540953966761351657479289441209471108194944125408844
19,231,468047,110610172124937711100135027353382413853761196610622061804308884916109217122301
19,231,386775,87190311669300384006476301446226700766010655374164814819162883842425199161730
19,231,514542,18559339905026309947300093361932255114545408909109839098470358376315442448953
19,231,368071,81071417536798952332423859325831232585076416945873050969059682435663515628968
19,231,511586,101916296818263235903100911061124823464889612499738401233611341226229531375149
19,231,400397,9353158613352458591196430632841939878441207928652376443097150173108391275824
19,231,502565,91527514003624809493915619050046590723412327407362500679906242643878639142168
19,231,371928,747972299769497761600922459552497869234481136678641771436652286376553548849
19,231,416491,3846102534946739013341764729870344002775890128613050566084372055972907166146
19,231,274492,113233579683196868470339633270688273189704911976022317617121499316303792734710
19,231,384769,75217798615637821070872588815197421773167328431801336372176520328575866210079
19,231,357639,102602325501089818587310142736614995699549374194973415914806601157605780358112
19,231,276866,11525011096890849773547049554658377194900626369529707197728159502658061766498
19,231,379636,57073319760597498957535904943769788681801691357132682129636876292153777357082
19,231,310071,67857792070532673254492412288096941370558861614474628437782073166738135185771
19,231,266899,88968735993085487286394441061323460918906737303836253245049032196936721422860
19,231,405211,58222011112378118173934892025804061258857863774963029410702038858465812552061
19,231,517756,115026398027148324365106050468723018813578813348929911004934645395218022599601
19,231,392724,38141890123689838440726577243152272363821304528586972428417982154020635832421
19,231,491706,98595608834897409812811281276717418316230098091391124640090963346195669170825
19,231,312366,60786381222360097905957254478781266626303422686532162176735205587519458724844
19,231,422913,32224959614234076666583787532788771105066388958291761835416877591746706221290
19,231,492163,16983944067979905379520992724702100129539931272498616558167480035294135147766
19,231,460808,42191108025791975014906205788582880187817450371242835437421978620902053180363
19,231,402953,61662755031784812406928561233487005969887663072441446891280278839130781702335
19,231,283957,7790497691999132870393186141538002060403569996587188072815713641169783256775
19,231,322396,81016827214813852014659772269875707548065719788028132945824059660220152327381
19,231,283347,68461871709571846689375081876241366614869515662073064094687152959606544995792
19,231,441287,102573546625359808665788503980970408998407137140709193068465948776902624314550
19,231,464341,35874989708400398877650938336518851726701025445972146590025336306072511853269
19,231,337794,35200597622110048263244675655595175888327980732072343764655395320774739470853
19,231,292898,51940321035643694409695056996117467045476351737309575632779233951158602131147
19,231,473461,50888899287355543955322009167814448859900805468050959902827494742871445017175
19,231,391933,20327820309404243472581702237157274924970956877254545456753970221365419973177
19,231,521736,64717664192428653852670574716888738498227420177299742377247462662215899763065
19,231,273214,76437009380448012969151065098108679077705825265388230697154770439065277735828
19,231,503386,90509377035780298931112155985552098854395495064456067329171783410984948064678
19,231,308059,37214518590821325466216804019809435453871794691276057540797720588920162688732
19,231,350601,100660398543647340266742706116135059398077150668001850904095278450535756537666
19,231,431267,42158584764412971142066829754402178449070660176984087141797190508592357526007
19,231,426726,10718451578400925794602249742043517094052591830489526722375809622295504599864
19,231,379889,36192409749096630576559395258599614684225607342608753385391403023326241216719
19,231,353892,74478389400527448624427671648764901665823716664951211399949785015348893522657
19,231,288389,4974448622435934853555781025564763110185711711570063561510486648924642975387
19,231,396210,103262400269565970042823758419038556705767964767661706861475027717497294042903
19,231,493773,86830609039847109597233319505320039003859421152216462321387356193077484810207
19,231,304725,10694939822609707248035496744680310043582958777044704786087961172822372993113
19,231,381717,54972768873536187262884106240294034012068570748664062303521992024920336745274
19,231,358037,20932602257990848010889938769085619805378209094858261474008508479092293312737
19,231,354244,80813683655580445512166413574538351240311297206645507288701535855400622090725
19,231,470862,31241792380776442272195363432980462452845913922625374217896507524416768449723
19,231,404363,54499199299362753307050196212294067369084696574291308097868080824005691619663
19,231,374304,74523419918328491366451338224193130247646498875153244901496308443327494644937
19,231,460800,63824121553442106190682242010842862796060423775331218765897273672810076543136
19,231,341419,75790462284446484156811355158918502636443829411002687001229352443906820117305
19,231,427379,68373394906618995892527436994988333230524952142186335441566839604216338607772
19,231,284585,83670040596470613636231749474322186971092496107585726419827920607564209600114
19,231,329228,108760501700617065849346022382663462755593349656767578542079789031507444613175
19,231,308556,106155628628095816092291524521519448057813833236921443136613552025970949230535
19,231,479707,62260304075967948997543480750857038142847491167855393606775381897060702956679
19,231,480352,32473610940847965527516159878420554889606158702702078710019301884690472507545
19,231,268815,66357642777435300423761898271052936629027825502681134481660990158751163162473
19,231,289630,33570572487809299403299902317848091740117666194765836633119534669541134846276
19,231,499431,75333334900232629948937288797191175562671863348257693762620686868602953074498
19,231,452923,111405120868455268788009408988402403152293189242781153150227619270726237835248
19,231,305886,84554301638528735366272153708028086793180701481532740911602687381341918949183
19,231,276650,85065506300241229081048400496894321212054808525980786991773558132806124682132
19,231,457897,48534517782373467515682551968171308720384083339281494782743826080533123439101
19,231,456941,112736897148460752931240639254549306379103092810024393261542657579571326122504
19,231,516873,27052497332796255252343804030177014403260285145100393190651708727777443630986
19,231,332214,101447236828473060210011167083626102428417859174679121027776840583368218236744
19,231,503141,111828429441326890070779170338235786415130147937266112967181463495281148723331
19,231,366898,9105671574281729536820156680807316618964880370749606901672754357455094623795
19,231,317993,81057728631099977576985360491993176759002601521691072559324480427505955834839
19,231,434925,114344790705178597038372413824218496046288062387379632074680533630214320016684
19,231,435335,60008589598099928699426343041568266640291495312864032381197246136130961347974
19,231,485431,109570643765682381982220732418794411863191807267357384178621103401562677422870
19,231,444782,108954270700651960898743787842073475537353789880258935528231351410222538692480
19,231,445854,90289614566309119013825654428277241026958910384433349221225968772962438526234
19,231,456831,98605396149407521981259489794388302046590568192645253833923986211197865208646
19,231,369962,35103158966413581881425434292985430437177701627608943829804019093045019094257
19,231,369338,66304593738485194552866664371664710469689982753803724667836772144018657839121
19,231,368815,93994307844346729201655926089407774183309901353440386567160964477680912093756
19,231,491153,16979828301318635914388216008377994758072512666504667738524687131721505174826
19,231,378528,97700939831011889558337158454024719198450386810189350420125919806238007497171
19,231,493291,24055280352759033563368613433022290101988987675556139963656396547165651092999
19,231,275751,86862678343603533003762382360561986842468001172928252858327406167592438164258
19,231,299078,60569051939841655027165732982903146298159943620450655193334086857880392186252
19,231,422234,4785519354339952824023102000675768101736447290998611661889817387377535484601
19,231,343136,70940755169799950207979200769727725332515380180684925806254005549661180551771
19,231,415655,14343432862659422746618824059249891276794769171920153925076813197525108060077
19,231,476052,28412593384149984620266290490648314200333779461431372531555337777574978010353
19,231,455327,77581788492219725844650146412396503412226627900088235403678408780289582932720
19,231,314006,70270955077402176525571187217922065570819534882018055628337846163899234482346
19,231,417029,24469011384461213088100868785722705493788714140426125976091834845077698526738
19,231,455347,12039364335027380954753618130227155388971033924170490870233073860724608136258
19,231,499423,20735998503398509608844580002613296976391861249097383698172912501704882404345
19,231,423493,113182072220698707812237783457312408750916120255231589960151750155525093338300
19,231,287327,43999637230457191026510119600171686453502324678529748526339435679480866820736
19,231,353033,12843309986719943255240536604402615544913833746604637155571590898240627546765
19,231,387342,95417147887069101371571376962721814445138171231261786585717225694630844254229
19,231,270228,36174724577014307419810263943709451451753773290521804441651513314565610043870
19,231,495911,1317969538203969840773393374887398668635106950816550100804259511840311667190
19,231,347918,11753377566896807058098772312524292529213992594402770481638619005344814004799
19,231,270776,73562207275775618871547424534723702896384074276456882008887119909499285510368
19,231,368668,98313340344521303611552843785313449225931731376426189428279750917795745169148
19,231,299656,3062362635135616163294318073422638147888367685886411383001229349219273200277
19,231,448272,26571103957942124294847289409866527146280688339566108971997312394872233197667
19,231,432830,61039202957728379510029384109232838304711439011906744058202821668895549955267
19,231,445568,14605017550357205262626760476941295256919231923845015948695417110471017324692
19,231,447477,99341857179918064686595999188092446628667046245332141236148177849699223511144
19,231,394217,112327812538908045692456920831789823643067690013296145007786429348149838512411
19,231,334528,93921129369730476867932462654685882703655864476552640047970999909217992995285
19,231,281078,84405369801791377291911983143812372033281965578135783529112124666436061009594
19,231,290851,1950922102350065638828925020725597683046083198022568975200434591245924610018
19,231,274779,11412237536667832919407427185228120910762410521050920163575940414231995557254
19,231,463977,99134238707509923917783513092105328115317143462873595877621686762376494132442
19,231,299664,3878504786339638898531046886091940595218441170027714221586126773187112606840
19,231,321197,2026075623955842407339055432688723232622608480622969716487532549403264753531
19,231,351150,3261163546595807802003209366828055785439608466642486593289169208840717231471
19,231,420301,23033975233150524238838131897302758766919825129301059512403094463782667825938
19,231,262529,86534974994460162091446886652920240389312418472456939963830592406537914743544
19,231,378424,8528876234544447704956219271149006817134171578959704578686204220058071145490
19,231,351196,43607473822701101004730518821689538295192673343637116163080984426437839918729
19,231,451118,50624959471370640102034752206532542180598924249705664121367284802405771390424
19,231,383927,25721197751087396348378558718011368200651890102646611360325476733639054482553
19,231,311977,93402649663541783143579813571935670095391501951078502136917138930972986311643
19,231,522720,86305218402611743048153158974736909133213648009920362348670637970845020434733
19,231,509295,50792672438509001541661768435059144845178269335715226739390196956681821703108
19,231,523084,104231585142812092312458900964565584487234995298715925874059487490682874427550
19,231,286135,66692365093973010582570329782605289681149397619141916813864397110588674834326
19,231,487976,97551002448176505039453854851294313794075462200517355265456454305841036879041
19,231,339233,104493384606686586430823240342343483909127170780645865996699477350498935698651
19,231,389628,32718984069714710784103332854312744332696063642409995481789967524906070517308
19,231,306622,58515036702708432379096287728992702349087586272848665590274872210109825255032
19,231,322920,25296211087895286241870888195931778489776857195046235723214490657467719488415
19,231,341633,22451872542449861742251740021237497386584864923292454502720389133250226296734
19,231,418992,101159755850997321959529226469676020043391441300132195090233045204758703989016
19,231,500555,34732311642907127833806253307809537454599587795776360985238530926282259270455
19,231,410409,57075366630530310141858405954666216889666581312478705748371931179566575436007
19,231,392157,43578471997843023231099959123428027671185372750498663905372202890851104031196
19,231,293783,96720084731843871327145106937259311784589685121404738582321997420518146772259
19,231,412344,105982818631142065480409316847989082647559171726415420272653576735750258182267
19,231,348068,87868075253267859604333921920819699178631733342915911243458729616723905647034
19,231,441658,81497888495727591105532366133011610244469496532498335750184009610961485886722
19,231,358268,5504114556454272088361846810279505300543291880194208397324310604421729403471
19,231,439632,23549377380278681432662923283284691338726802389130146435219263415740656118251
19,231,282077,18265340425411766672295715744968056083066642398259243107622566152243270952162
19,231,506318,72355074239616179738067923005715827923317900572703353718134173247140580014931
19,231,268034,47465832137386894724048786636101979781594437240199667555426108218446355344599
19,231,327284,98895541156742605053277043970002357573537389069638587175508215860941543499801
19,231,262458,110731939848570070102213854526453264580958165027700881013446327405095512097293
19,231,457742,69040975050978668015233718326723656502229694428869486594644593861016803519364
19,231,389762,50777731493252809920635636264468082569977362610268947919996648905568764653187
19,231,449406,24635925515090564671338010496582396389013587776463647090672132284041808076235
19,231,380039,20592087020439056229020436640146504472468711258111786059559109120687410177930
19,231,271211,97058904808555857907367213184896693743337183621847018128289630044182977457852
19,231,519880,109545010021861165249361740621248458682701000474102452968657463122509007311894
19,231,396193,19979416576617237198550044923558747817321405214706643152754003568748003423385
19,231,279319,110907748552539310136358969195711194155546756740434214135733587616719341709356
19,231,419731,97167226348036119083029969668957764143330760567854750951747012238254648892946
19,231,517941,6986420186455737906879543544976162839435337956601473058452263303996282960515
19,231,412774,91598574335907886960437758719099619414225409388214472823148770905461715760467
19,231,274328,105784699969750724924377088412411166080381275529953875659544921720960997323977
19,231,423227,164657778751053029607092885130950272220568423866533839409254469984639404728
19,231,479762,12042895403855444407321732612898792338401176098889096301254574786673607263130
19,231,431183,18441992577140908501038110456420092926314745360540432144792076014067576592841
19,231,501638,49528922500141425509890619327562275405151892035479967607617014978504487400667
19,231,466388,18223600983444133568724719081537037756021952580620599290405260470517738677699
19,231,439423,52870878678626739727955610134820679859332860698150504881340658410642930635482
19,231,367544,70165168475332458912264583668112957720183038384140104177546627454841711791393
19,231,413602,20432513437912607557162036986488645968781415407627887177033507814611858338609
19,231,369544,100695370027050213563619906193006271713353955940246450221079099531247175815340
19,231,432995,35478991339055340632461993343514903848233353581178809178257121264287419286787
19,231,439136,81010742418190535731256333640924880966110835605555096394849659738548118899945
19,231,427946,96344553669595709070586685500368680140189295778191658699237685026669314088503
19,231,350939,47862795420644174861978515420372084885684696319019764751094777162916226300730
19,231,299511,61075333511213840966443939442067661334849630876741098130968838108537085504582
19,231,386199,15124395355533658814696310624852196098476676378440515520626451102956597943454
19,231,519074,18819586049019647759958256404439083914551085640626032194484784152654406548715
19,231,473328,34592113442193493051913082719843424559888292344005099236482356332663463257114
19,231,277308,11689276574026997565306073443903330745640964556227833081947205674392091350112
19,231,481464,94306691972307252381513810548154603757316471745888188324673504497019913620545
19,231,347940,95482039026286292020016790813052127085030692555076986449703625250195522680374
19,231,489667,71528583328557035597122770115118819064444894600242969688385776755678563702432
19,231,421929,5787023300866393052611155096208559108114710344165602295852828151918972285487
19,231,351605,46158744809412442606635284066186676711947345904125290919396907988631469830809
19,231,272309,50510286665203653263028613087055173882408266680720634222188352163388398275803
19,231,275222,34095090826015618535396888503867862914347137591788027683887876376896179189618
19,231,305839,4155371307324135044292673300768801340276121748878804124279050229862801440648
19,231,422672,107830582100071767191312249027473445367814928281821224721124408174051426597522
19,231,347838,55526907264460851385250854781451835403578931903788906976039801790441443625249
19,231,502698,81346953182026540623627598544946592821503265135974348534939372768887723416456
19,231,303666,12700337019570118573104913621102791136698435030557662547374613985021125797417
19,231,301814,64477683316866176176859809706443442613025764255329252757907622662555337366997
19,231,382666,2792074755959350599815523013974424049598415620288757250751722183923173683387
19,231,503737,84717492563631492606051002273837739038238694716071108609973141263429643637952
19,231,434292,64066734879106793085697914910824210433246250487450006932207185234734389525872
19,231,274667,104248958334655563880043030888752113936025266058543695752612221128481548272478
19,231,382774,76715600232822572338548239212098021080278851696120367136611400199120871369025
19,231,329852,42508689612356653503611298858821405911452222533291413717912880017719131034426
19,231,320047,1354082172783316460536382760324191800885588843114965278983069055461011728132
19,231,299362,36814752320078157303235724117780183957408833720629097727811695686264039985128
19,231,430836,40784959674498704594646894903322417023251007805310444338924849721453198652880
19,231,418150,100776886719704590261755508443566918517102155345999591019481257734617296721058
19,231,377539,84093856429236442986690202971529140831285391083169722665387521112585896741975
19,231,493242,22015093696756304535617478801333424656009071368738297755085919209764456578315
19,231,268797,22544837722982238180260305750851538472266328746137535244723847681693531089949
19,231,457013,74436386572286834188788994209086971940357215678647890013561728286547791839048
19,231,341373,54895442190725864472217757251365102881224539038048890883176085149568509467436
19,231,268666,1870828956873113786906468054482078094429888428645052342473587206088750383462
19,231,474162,73683141388060828471875985986676303410337512580329995080026792561220250246025
19,231,375120,15736786747580843998636762735206803350222988381536133499810381627778974080235
19,231,325444,99717624492451659398412960200393984191418550752504964742884454430717919388796
19,231,498353,95926840472022477559575565402941072568439499499778515495442842456553768591719
19,231,511976,23562245437036810536385052108523848119857910507398734647664476684360048026651
19,231,438987,2508289018171958640482342691691549335995465050230105938496906616149965111040
19,231,498335,977199335281992175988332612078886641561966609716498620304129229767143858081
19,231,396235,72477872859415112515130971418857900107093335258213658947183257672983154589360
19,231,454433,78072627412166622115655126058077423750073380176612029214943366960383172971298
19,231,388745,93702714753903691620663131285563265628911589245557784886922427051657312157810
19,231,385585,13708464361409069155038180785627092253956747803344819480091261655090480485768
19,231,342085,2597607737685477229851035393142409360875130296217854802974068457416145092675
19,231,481824,7675625064434229334206672957249796406384899947054956447961197224437463297017
19,231,431392,76984089320638488060316505497698892067091911776605776545162571379946973352909
19,231,458022,69610299076198199540293950101248659243651505796203076075611351238961472211306
19,231,483432,86297013268941027960614368817996618433944954988302307721337336499169596696596
19,231,302989,107650112794469251094411160065213703255946648609179693970354620814206607059729
19,231,293870,101033105535954080257942949393901103402296028196611036870129277688324609725741
19,231,320417,97523609739716447579719451273353062433353948700312031781010666339754943464921
19,231,431527,74767950800883907307601810270642535652538820920632860670657301756856393482578
19,231,381040,37314893089653983002252754524284564881690633630179705004772069057093162264127
19,231,415814,21763220486759819353610354178698100766004222397460929607815471195315058873504
19,231,365628,87373848744432592751173502101412371285102579613173751889748396351306923878571
19,231,305299,82365913615690850226151257421034373660495706571528958785363544822855604572932
19,231,334567,113982928157217514684789742698990426999451293052460068714225950745674959799086
19,231,296720,68070317182407551024376899971927764084603952606877720840230050443683346202095
19,231,346527,97903315722451375358479644809090148229821879895366777421306202613557520778012
19,231,468726,327962174136512478892907976208387332017476748750990118936488595792414732059
19,231,499222,598196271303197509082931508499868888390810461352689299664507545644337839072
19,231,281661,92225381189212162923020892214880896008180372782250995302423653659067998456420
19,231,291294,95385777187067951330224576178654669416947494806421219728535999081234152265020
19,231,311918,100511145888596573015614937496328859551602963352187824243946114560704180276028
19,231,453613,106905170292123643377517081321683388227585795445494774832098311830106759549347
19,231,456680,48668030464294649556800083622525148206523261510701147354243959546512068631259
19,231,362310,2622961117770561943023799105316974461970330414276223418060886592714987952368
19,231,488163,43108405043625790215083716525096108180442121871819495697533220603882702281254
19,231,324072,69857618387986706645287301477250291007316594707729000199849759071467302933829
19,231,464910,1288615373557871217926632678618718933727837241800721174130408166955134727571
19,231,341180,25461275153654900940178171650188328443819059820197077968896978958521523008953
19,231,433188,67893423910789562209997229550717510385580182297923223394482133603647603188158
19,231,478253,111158487446471020448765814241290217400454918420031438067731013306307392863741
19,231,316728,29734760956506050526254148342763156210229107691512157768699584649527467592095
19,231,426231,16280918706537730851957332491912414423893688729792903780240635784868270261646
19,231,489964,10531286414865811907235387467324151745592785604815443965972469186610054535978
19,231,518834,7249368608338545712233285312097823465490153003801692253099450327363394344964
19,231,484017,70734172782763009668584729149610173615881233275404192124546792244449110580294
19,231,510754,78372884687398945106796144771711324781041081678569123704291830629119848513022
19,231,290169,89167813793552898960525265039393489270948317310425988490532162255476166013429
19,231,465425,62071087388375872792360427134163600587534121223785887031610494541323737389462
19,231,319259,32729739734741197546820021624298436416890481957077996964166077439532418692161
19,231,431825,45808134626246909294430351340130388310473888931470396970910708160243712544954
19,231,522189,112966915136240871889940854829180652730701471561659528167861983006240745276138
19,231,280514,54325513166433667881060896519838074013939376990257825994774438207589499518218
19,231,358710,36395512230619281795217704734858757293473606651510182694733032953093725353614
19,231,497823,21854761082243494764004462523918234877064248368953455868955518834517764139473
19,231,441743,72879936005497714196113855759219930040605113803345137536623540032096128021320
19,231,414142,101324411516764756386750414750068137988784183402724696645932829556769569444087
19,231,412440,4892668461824750004789302983126636968362660267473784205322199532664691491422
19,231,418381,115608017007026815130180261118182817261516945420040884849202162694628246646572
19,231,417511,97820785015722063797006794376384855348091107905366370662194171248966936227118
19,231,346097,62379534090964350548809561405900748298757695811381132871827799911686205302316
19,231,326449,6722561156577536350378214875536412674614680346861819385129738633730322273302
19,231,486799,2947513226668042900911946189123053335929793124758079816886152064344619806912
19,231,437882,7297676917173714608908071111731701133009842817973431082716355603277652562145
19,231,515115,75755316297969197791634062912958992293115494716547666444969222439283795136993
19,231,355871,44357683758073414411819571069602630854280197431680163711498828691062841316124
19,231,454012,86371971037836521629137109432362784947206096827341241716758423359611273844216
19,231,268989,41696413314776380416010307027113883425230977983112638791948311943951966300685
19,231,368428,15089410943085998138034909157413286479535101618650298411984969399838927369478
19,231,294902,10516448604301204823036164223050874701259699849051869722096558302468287065351
19,231,481789,34125784176528846282945228621972956332442735577908512156712402794522560067083
19,231,289598,12737086371601281261449148786493079237834906592150474637761006301904526098043
19,231,414156,96100422220954723047403289352362021963287453371101939729680132139293662331583
19,231,347624,38275908768431147327310336890661687276496013851366697916772761499777383631395
19,231,505005,92117130573081276154664028828536617299976995279170808995737519457520175257074
19,231,507331,13820735685700499600189533418680860769125357231038322222076592996023387771568
19,231,436080,91146782309171249945966131245042422666788438840962947369829723093072231019284
19,231,412656,22069218358369880546023887472891162032410546419096118352394437675962625715119
19,231,296114,21836878642009093754644073764406514592449353366433063635241238264538327390422
19,231,374450,110788106169818295049175903741967257898994393348173149567258698823499537467791
19,231,341589,103726010992953843598969605992742385725761818323659291978609765093867437463506
19,231,353742,98089116774043503033405221183451048516737670725559708962996196988495346721166
19,231,449152,13635242052583989761794216339048069800718641990819292295821046462345547458503
19,231,515611,1620298039416009498072400308465907366507012084999528690819981251949982855858
19,231,522536,85924679781316963872525975429420679078611224166868289381098256429846896118188
19,231,469311,40719216112424039107912460875552118126412932285700611307994402591107213049860
19,231,493593,49577759265712735074912428213054293229522788516654264130037040512055924449209
19,231,408084,107625479597273977504059933401703982858800646576609487145139609826426024996099
19,231,358528,65656337195911863817956402511468134850079161590108610183377122329478248904746
19,231,378063,45895335445346834961175148927815495795795393143461986467029719829020305361026
19,231,284796,53922031738426969007360852751368481594111905688739106350018252042957506973252
19,231,436270,86325540086377039403396577780946259888360666944398807279322009378060771223055
19,231,274401,113016756328638589641053787481346359118232352045327340138871394302622787633228
19,231,396502,12693144210126326963572634373191200635142107409598427993672746676522312273996
19,231,443003,87476246656653930777853517759640010774529107844615743939523100021918956458610
19,231,435051,52781984194973443604102998844245891497194333248498600045762261986238170120916
19,231,367323,84120611300037194137270600719290265702243922676691345240955933163393145431600
19,231,279161,74550830926940394336817781956542099220248782354827889863347401412314396208930
19,231,296996,31703917006097470641028160650203347131406037151043909864463986708934320588947
19,231,522288,62472538982066462981434192729342929255326084539516086746432392436436645172260
19,231,371257,34585290743072602207979667153165563622864865248976014692070492523020445588184
19,231,340567,16433680427784179161875445228553175452836262752730596816963607363272769457288
19,231,393739,33347365625865017086901198157121093903014034123106880163395576524272619146887
19,231,420613,34041178689125793997490183486184887301530040722954219057543346016470576170994
19,231,451359,58694761882544191217632003536893279397231723889393330603281540116938945716655
19,231,476063,46733595475905506768450283787969039764616293758715082112164220415337568194393
19,231,265417,102069793477744502937115568775349456658524268351923442068204806332608763686882
19,231,334302,36483696361597391252138604108572472268756123461604745753555407538142441968409
19,231,484367,15463426327748354382910283364825602608744646070285086426334705875284944488994
19,231,450271,17161566365854308660726130515108816989307930341577243452123500160189064157561
19,231,409996,7436492887077611650665403670028333184753746612675077294929929878149231961635
19,231,275177,55382723653566689416755111595913268632840677311332186311871686703562676493687
19,231,402723,62818024846518571214060003806827350435530772583209163428508313051553814680140
19,231,519231,32968055200335827454018442510951001675790957283402723847584846483935707167302
19,231,478411,48153720754532188526438915172111531903823758559276488367633652138953651295429
19,231,456852,111268936847918184001039421903512145633075617140511506038908508268738258067227
19,231,271112,2865081882025301605561421279607994949565452449703208844105996946742291435914
19,231,426600,69502095134918889963982087820149749023097575723779844937819583246219130117682
19,231,294330,4030711475545920991099070710385385279632505302670043149900126254346294568403
19,231,484497,80644829557228654393604229017739101398768438508201491869008057001282018155784
19,231,430379,72371725308864606348770311563579326173970407481832470963669833930501361415551
19,231,451296,111648090862780582587664527154170874134704966762132599457808965533238046642505
19,231,327508,68103914506680117043635904303371496461625575891625994102269930820275383698712
19,231,287500,9421318325584813017377984599520030485342512758290577604977253274047532041236
19,231,510264,106077505513010928839229245467166683067628685841234347350982604697921756737194
19,231,437525,39596978134760597009971940641649468884719948132820420395189363016624154322525
19,231,278898,93859353647783723108212372667651579599994457967311878498864198245888576588336
19,231,479982,83556774446910478039663319494383351067339220492321066696408148523674289165712
19,231,374375,108070565944520755870422501442055981224993677248061067302080092145730160015822
19,231,354975,37889459842637080070178820885219238154217029600652151145154015503388159562467
19,231,522320,41864036639808953146753996089087372132491900092101669368299657540866024985561
19,231,384336,48293744745187453323028164799546089019140950943698092271702721357432977325074
19,231,390645,2393746851068333300592995872901946360380692697155803770840085046568742785979
19,231,434995,68945591145945971283856037204917446192547780605141824761006956540952812296210
19,231,338690,52281429804801644557222218840685150889751841148247702014640604557391611102991
19,231,440795,108079012151577699118846634643380160285470151473663655758714831393084531043054
19,231,413400,90573925700118925451497774910174664841039659993003281084722101942146848852649
19,231,465818,77746307584125861196191071736612462100852885576756719256982988347431159196657
19,231,278204,95461222873862739350870732822764659351613701054143054580551662926448205266157
19,231,476540,17756512234960561562849400793522882639555161051206104463034593494065590461911
19,231,494555,23357284181426701458572801289462617584105202673657095289852555901995985265003
19,231,352620,86424300707931703837050681363554871161061203938789439115254331073934932410324
19,231,476156,66052066688492320474068449204148283475615427113422966109989404277890493877825
19,231,274371,15539517680397515671939804872100279018961060923770624139427009321699057651533
19,231,410980,36240998517668506591243653211397704238220526870138632492638971574258061517940
19,231,466253,25159018569879954416682494830593398499990209925384884130924125412797004192013
19,231,504399,11725222287108062590768048083184998827488018969326694455648129357598576417981
19,231,385941,57429627588340633989415723720374122546172058016771700545233699910418629614029
19,231,449117,48742636438726576856461926758069230434322369951524756452487787691542314437824
19,231,301408,11324032618372666675618189368943929142222182237006264036655056141039955030805
19,231,438381,54707362610376585890771693760495162958664497329322738760943295768403301713802
19,231,323019,70621662325868133004213936436963378213540423363554445932493142139414066994441
19,231,289203,98225508199306740079816704099017927271917827585080413438007084780864594432881
19,231,468584,14369427730007356731189332593039375119188681758076632034419573799945948357754
19,231,387980,100213146340819484504477937280170922669517204911160032174780010094908938498751
19,231,321288,51507402166649136905351837499405102063501065069861027694808463311855466210080
19,231,517516,36593108414892437782337882156086275830952029938465258300351531836795598931812
19,231,347893,112294564840709351742069001778341788387732769201465727680331859497542612002962
19,231,452261,58786068392928194934107999323806670575682629134396049071815882255299588298208
19,231,325860,60606248786243022076082775321128255393732869492114892161559504165574893508015
19,231,344555,99795416813001518952057201710343845392346592436387804448946450387679356189556
19,231,335824,49046037619306499085653416139095744076832157843662857425137058147345752685222
19,231,295565,10134872228026795914381548624739239109685941140498436614851790240885428679830
19,231,387477,106453903210348584465702726112429935589576524749095280835957621412849083409782
19,231,341131,92436706086819950417483292859717092636808616881204760542965277182350311394879
19,231,299371,65777506030457205309101282544711513456146029597873290522354811581401117757938
19,231,284160,5305849929739295669249163464671210911714328170605100203876750880145383300572
19,231,518814,79765846177220285176403562655065573469954897054607581005420758732872238381467
19,231,353303,22223725561121890955351216572291730464990967560705975371352080055874304442379
19,231,461767,75667264288791962040181512610301132140448572152603414806994452546869195822779
19,231,381845,11045285968757966216432598874182958325228048398524970728336871340345340533099
19,231,380869,86517366223420831452828884316882366153006866013543551085192655088071722470615
19,231,462584,86604604976690556890067663907559441185749560773635738206211473617516426414033
19,231,271641,69374182898113654368876114248817827413414074125563281342525053390042817295906
19,231,503294,109380384062685491852997960174608611807308522298573446855670942084434518994794
19,231,434068,1036943106740543610167268209621968710773502389935895866675933453873993322389
19,231,512152,61976175805670235735634867820860362888454342461543240390132870485126067232857
19,231,505309,57162281340904920177907560635753731612615565114119384956759808456655416308265
19,231,448033,107896858834900394646360484510678712652845338238614285311520948177304952451544
19,231,499454,68488104206140244368566781004008932313025735001070237774602358578916237019680
19,231,330567,8317941090398878210992312021325311255467818306006319167387794029749399018385
19,231,385146,5820529950487247873242133182744625926859713826056978658939122521631929485412
19,231,319690,107810034324688290075752690019038200839682715472609514546313999698825765151483
19,231,344980,91130343517995905708729631139295502560350086014359978251325715358645990389717
19,231,511448,62624033420334699673714565336645033790458108766796603750470719925213788164014
19,231,286792,39469677406187675632682011751744242571366677450334573369085997948588253241626
19,231,488819,28083904311888852907861483547811085282795718025940339177656696783375839864300
19,231,357867,94222813224567628824957131088461673401104645485539486327467181513258774463401
19,231,381049,69477461648453216438408845290354481899047268220752504015019207288089529473646
19,231,306031,105206765570421816334939359747816124385763084639622460125802154949374290766246
19,231,332725,59824667609506221161527954033943009645248261690661877026531740957131241116819
19,231,323292,14825361290977738070239958729870228178293410237083457333795909812856301291517
19,231,450340,68053632103647166207507885300010226066589384798727939995977321617170003834406
19,231,431217,15884562619504072289986357533779749127782160319977676266857329358352413383281
19,231,327844,46519708837678180947313470088707227409772905396111928500378752116735356957848
19,231,341898,100003238165051150934705666387543283117416904531202256895347703055061152409021
19,231,365462,47701615128883128450023427499872210417740095152840855260830121354583017131515
19,231,370903,18928120638415669429270121112408369129185896718764255148742415913627097795607
19,231,375811,57087486437764284893800554161909151231545052042374618108953746148730935348541
19,231,361908,14484525400940319243623397730569945822355395853305832048756720260587931521906
19,231,430745,26572660645267777810018764356042588490314018230777870597602896023040293977441
19,231,347439,53270764845769424117769180174314799918954039222722691176248557567612137613156
19,231,410451,64001193863480021330548796523122018488201172473648431513454286723569524805404
19,231,435359,12728940247833893600971603414842129880683082202646892171002546325545906627763
19,231,288164,99739519956056051281882855396253345181568358137876663902984064534561155102516
19,231,359744,7128703913816373689034345384945069419664071392471410716835293781870799008370
19,231,494406,40155456225913572783230512697450183797401892496777369836427770280228658239086
19,231,451760,25966246268478914039296420016278982359464367637098293625057343117898844536080
19,231,444500,109603578592996746950358870372237705297510643517637375471213331307921954477749
19,231,434207,258040604030605875608980286602831109881683620837555706676619619513570009219
19,231,339190,17879848228175476668299846946730420398239310452276240025471826338511584620871
19,231,302534,76214969969687285586354786540305883081345669457198322974572666674271873363500
19,231,347248,90571047153317142824235295255917987235862963862213516892312086800129317802681
19,231,316756,100550951502938351086510011307641760198755323919432504675406083137817217559832
19,231,331223,24554510559506371001249144852312521382148930982288653254262502919498101475722
19,231,341680,83553977408690768788454192738038305032035913708697240917134863073668400178725
19,231,431498,22917453515553488485144861589041571047610205422606666284181028634638945830600
19,231,432696,100163575383009376269375351939010076833861867294422206907526718230774884648317
19,231,497827,93295731945122273140999149389589446250502866539531926488550131365521018258935
19,231,508146,94673982286361866275639090398873414243921688649803838826103753310958694422374
19,231,522054,16080963146763078769659499402526762665963979167500639218874642823014130339369
19,231,389895,65545678635721009257209458674579975110488529832681912941342059644000476509185
19,231,424775,4520070809847760675264151248675730585616725263658414466252269135321831221612
19,231,492320,77960339461992409291668044606101434187607397487631356796994907376458727092560
19,231,293797,25535557414123512431254479054487728541232588241023074413714824200752225655426
19,231,433316,104124244796025427809842367613892043158770810328900672701473610570698700263263
19,231,353986,83007265257807463028813178621972272508964923785697270325272188194269966006950
19,231,435878,105614871392433227843388004488829385688705831962714444620347507480699861555457
19,231,466304,33420503378850544911598725982346741765862038818780921301255811687504885683135
19,231,331939,64015115220987909196985612520612842565985109610641682347382254986926131101941
19,231,360312,60827506149329879052076652491421075534046361694897967205071830628553167797519
19,231,511696,14873073368444773426065667194955963270251236131004063755086350765257961486324
19,231,374818,41254723989823329778972335383237041798999946267145103832786327490516014678054
19,231,316769,13007602624735483648615492578619573177308324309473749495795950826192039746301
19,231,478614,93650931226314772764505325731220008568960709129509645121379121871956597149204
19,231,390778,3227168871722657964256027093356595270355967852106992237136095372955315708377
19,231,489535,97649657624434967072520966310614315901363823622922196546724738160495980629680
19,231,420911,38933390735177851800229055962076197850832027497974330272605266256367652467282
19,231,279356,28117079979745201843913450206117220844634636004015865526555186249520566665984
19,231,508344,37012162145137445568036694202935074306219424893928657811590657478439486414708
19,231,504165,79100363529721384698576145499742437597066893337630398541659208329519970789789
19,231,373826,10842374046500148732749586960414683008910265763110071723604412701155377371032
19,231,412402,11569494481694435754132671868475522008879280270611155276998616452585675769961
19,231,316651,76350420003056865372011787834089460091469141198743201254321200215799632180179
19,231,399853,50022593721715843003190541946406881017394857135915631175302584872016943167268
19,231,355423,17339507320988140263787179340813855435545061222778037367405543432633285116835
19,231,360645,33302549756013419932416305383533232349657176577248715986774020863953723734271
19,231,342676,37234086744646258674471239186654509965134590342437447427246719232610068944062
19,231,353014,110802847883932402485673920065243029602061009166468906871208203137583112943690
19,231,374020,13370058558810085380387128415789848254692310035436709639229956346187169189812
19,231,453129,15806040313009835489487827346120265710231244041042287301733176798466618996379
19,231,307906,114955087795462274772193892237181599925374227698128569600879873646196033980701
19,231,377443,12991029654010293779683560769720366653148201525660266422673166077971802236396
19,231,414485,15698317892242275767268999941640453892154566032871459950734769570880279381202
19,231,341282,67459498021002057186456767794436754723966103788990385973549349178831104680280
19,231,432612,78717442347735781834820409818431584059649053388417962804290257137475197286348
19,231,333049,114519827689520477881864763475912500193367724584639268719076446887430049425085
19,231,406498,65623046159323993900800050167727526901757218840031780725252979711554065541131
19,231,408415,57811170445376100966755167606021828239399475370890997836617671539264657554957
19,231,380746,66619554770243521699679293246652797703033916241576915179717793612251986835852
19,231,297566,2822802647159450663249296693747045245441537690044328708898967603406101289064
19,231,369832,68969662670236646126890600798144978433796414371976539027701475700841000273747
19,231,398243,37871693417380363491579349033499372183471151197046075654690918534686189115940
19,231,504449,44122724277805991832596516404507634112985267376178042271008537430069049168134
19,231,271256,47011465337777315004952428138246760214171539893504349899839438662279031520569
19,231,443579,41627716496142488309093786273019313938050714797579700851031064246213632384371
19,231,356575,36430418976890181709773341385254004694320650576483154396209975570615647997304
19,231,519403,62031502561649262269481233574728919884302434763921081137682206422349654922701
19,231,376616,66238615111977341412509416398816795128653618523955139456999476062337323481805
19,231,432391,20299545580227855792967026962950316774769204818770952412890860303680226790829
19,231,358054,96931328593779149387695001335171680951305530465731648998549055099494602065076
19,231,288438,110657365096266805971614961270242466524262819501335616124572139326729060303467
19,231,412371,111942818365416316553341425798059560112781041418265824412474825003525610856282
19,231,277257,61403656320201720292700712898293497479967814022986821079324864394400593046124
19,231,338954,62176449785524453165536942311414881274603909331124843002033059153833987933372
19,231,323780,22946175652408846459743573860736329955781208845001588572896721091557415220050
19,231,372023,41388219642779679545127402557663833574094088153627214615046650111995417865181
19,231,455180,114452716765777927096152827245610301849372942823749283112330196002700490498396
19,231,385813,27507242112262010949301321167081468723813525277866116418648310020848532104808
19,231,280299,55549981242557899902501813789562452896682299081476812813718889032631366427406
19,231,492121,18891180979870472925467247981972241759756209879921124857890578803219016476245
19,231,450946,66452698378403148518063079217137997397695099438912267429473560517505808068923
19,231,444843,41642116359146852314645778080515213598118196235119116722741467096930653430832
19,231,441080,109753506747871213367502082548619857930279987265241874958998618591224972895143
19,231,367645,63796367542046701941435189355596036350191439554470844346463792853772320880242
19,231,311644,91883394096970030358348919728435974124259304603015617919040485083910877969461
19,231,321855,88353884276014672797124206860271573437615124785541098180431068775285018655766
19,231,355045,95450463955651590086933178664500073099463286471836872388119350954839638834977
19,231,282288,114385416111617398209280354727740262630341409746409390912195003494898815730598
19,231,300083,26438854183581732998506075291399112003992128428152285074624498483288269912799
19,231,376417,47662031492312098877489401331241848680932421327175755276852807638766785798775
19,231,332302,84857508265167048103057703003588767115679943102571729388879437463968001374708
19,231,276701,28227224580050747528692175767821213931104284257552206250371395020833046510795
19,231,397810,52053835306838821483047086067579833054214271205529841127847883093104422778004
19,231,325891,70222995288839101975578836514579117296179303638430116057687128766062192756519
19,231,478238,92382411597455205476017856316882635137696266302436596458235714826057802337214
19,231,521234,40393616953075039176154298121268736907280212647950615356825110925747088591957
19,231,498837,46335299428918521277703463958631715106507289321822605268218486569544077131280
19,231,374867,30558027562709136266857197438860888813045073962930780020167322260151644516706
19,231,464622,60923508976559977979294604188867156806010896342433063864723835154764276583288
19,231,349581,98912774459074395350247246774788578245558454360027934354859191931351399012261
19,231,435616,58009086818954410322258866487258121513493553889393362156766237016655685373401
19,231,397286,85807294133602854462094160840681068558890415479762838270003409641466875985143
19,231,280102,30003539160815460073721704394525991631619107174927064632333004144500966464228
19,231,496049,16423400564494412873937370505626442999454057625876710152686421409758622895068
19,231,340858,81376479769854768834476752652245665258257085256126065621628791345888721396206
19,231,395265,21997954948380018981883796263082213558942360425450681394173176241540235480316
19,231,309802,94297997753620945771427311029886521052678889113701010779774743183550815438641
19,231,339997,50723881516137246116906558843741111179760735032966747414144704880531405277590
19,231,340008,99466107149923715354716619309524976340405354148080259908464932839223803058936
19,231,336802,65921267385790079590924274250916834044335537559183523425135488417415701985731
19,231,311898,83396809705428404501490565478358482307125007580820974236697608855699131993647
19,231,318603,19510943060632239123077454923905610373221156622217094019890192491994822889976
19,231,472302,17528230176322072029049824890295326392820942806439776935283625725427989166168
19,231,455339,27438199371424382380232302436336842946177676787910584225873623894927343144809
19,231,469385,58617115196068761215154721052298356167481511673503286356613393896208816414823
19,231,284910,41484029612261961858027374330766296227358868275872056123970185042976364707826
19,231,293192,71063739719548944793150713718322215615380113208342992814402231303691723559163
19,231,340247,17585263635573511347888087077929047567530435829639090352175705517457880294030
19,231,409382,45859272298047461848009430783034597894101685949818574761456142853144683348486
19,231,392267,90407014877827607267036536673872584739832209013924432930245737511976716327837
19,231,411310,44660602547219219858133019356121263702219404520251992421107283439130805247565
19,231,282693,21991123512503960786541326124397687601476122131444455850134651192422874541761
19,231,265507,17515540526164882858145220685505242786222773927763956993662807787584059753016
19,231,449159,38404426071034429929062024677273092420290190644388535164252268696929750331104
19,231,383197,19547908539122106579172661839217382595447714659907283051483258541954977178816
19,231,393099,52581649905352106438508981911040438453935556467682475053431593696499817062925
19,231,428347,66643816016834958262679069349931775954794703327820924229700913169253598012270
19,231,474675,64710183886993933605062032210362644245660028794308086936386669574435582447817
19,231,345907,7587972799739975271548112191458680811386552471892337863758462542404182818396
19,231,442113,7351616241697881432830560765458724573077626294457478747947950217524532781067
19,231,487773,4442572726316841662062274183277608778597678805090642819546533503257566122389
19,231,514348,114713031108291312000004698320398360361804481139939394840822970112327182800689
19,231,350603,602956702142032269336627116802300085869404989163685518342142861927258395864
19,231,437190,75820300733831231146084531046993023267551869418368105171678070693860812439906
19,231,320060,37941986004051021885108511781657367189767023490806584979358900203627951046501
19,231,404913,15413439586534487583888738876578399020727450446079676836893838765542651024243
19,231,520396,56774284220205544228854858455686376037337203611579420248190615382947835350262
19,231,501307,3923033562595628097580648299287711259287973200820528696450370999376040198262
19,231,318897,71490463152032248746365536889783479596925632899752687756725541675969961868529
19,231,494742,34914050149518397496859742347384201002046089397382277755941059113978888699545
19,231,482302,97475342201690045588189282506021941045777119795018013695340771000573259204053
19,231,376546,89335116583660516888903514840938138951312042362405678314867743197491272383238
19,231,459491,53724114848662622613402104666114627276483561706937371146598459024345632744257
19,231,344589,29977290772287518451145351509149641495987076990235027947284532075789327755974
19,231,277781,26573468410689977697526061351583982631946944471252920423005951567089331734845
19,231,320205,94586853485714909665549890723320527213592064304533038242095118574799358630438
19,231,365481,50102269911069977720952595650107697719185434061845304465355115306834637878588
19,231,360043,53194812131396396699759488639645628385797228161747733786680383086590086437472
19,231,270614,41554026299684144240186940294894662272455149659151134440033081659966185080638
19,231,415510,103242215724305617662929191382715225827811120778942789449968210332933690934793
19,231,491264,1342771925938655921142700421868893387915617039561168341103229979083336704908
19,231,425341,105944483725364428373725248945282619862445499563844281802932777839078455506462
19,231,390567,92542506225302014530901158657918147893868816331813387384567626221339598817402
19,231,487667,13156118199239107415384533970891452590835620829382584659460019482935823065874
19,231,508561,21152926343135422482055364238126803163464877509330180077866653698128347643257
19,231,413797,63068599803475196816954328015731872636171422547196203502253361291977574873651
19,231,487230,73553576329855774916846950013822896156944638867663313777010694197080671660695
19,231,314237,14910162786505015437512280669061920730003636685555172352638301459158241131626
19,231,286544,71533675928862853392827343914257281264745588197805401629266589271316226644618
19,231,405601,43210291637568810509567621063388560165606220826324949039983903197312386927448
19,231,330536,72462399937554129115534021934047815900829500991262010106122263314899271503289
19,231,495372,103346846267961129171772066899970608205694008006745344689748262425806556667434
19,231,466536,47196827538724788095189115577639228198659355833982016033157378585450025280951
19,231,502444,72131722175384790201093020951157710695951001445041696265219254441008220123308
19,231,408429,73751358816985526484421131611227542901747860517200701492493184236398045165133
19,231,418641,28231247761661777993342222417545046168757936250313536305764729021820840553782
19,231,278731,109389616378852753816696549389097636434418549035311226193344385397124886224349
19,231,465629,28658909881450058018475695904731433965685936383070025037806596322773531904309
19,231,507645,102899045656638232364556606053491683998537654780409161683572478087508641855267
19,231,314294,114801959382452441056067931526508655034569140675425116564492925483819936415008
19,231,496610,89871880220325906397439249312960481428576123057939116385579890437156331286801
19,231,442794,51553892299167442955655876773968051698136675957394081955955435447850789778032
19,231,331671,40537740388180102885334099123452502569375623905419496613486550406635123785312
19,231,507067,37855517707773458403051431451227933060657152528444707700111220209570350232461
19,231,311700,23505987801947478522720494279173054641071580487135209104673688392022986796264
19,231,399424,115526038239086561151545278504227582363642546164155149559233134369359628176776
19,231,511108,5574263087791523646421501724508509486543139293110958313531498967976293312515
19,231,493060,79240077574626229873066694866360849704434600179350747897988744959550120048575
19,231,346297,46802373292844297447014661160559659756615742461205010469943351744208706506754
19,231,269839,72395814128801850655992029151325456235320025553934975486480971668492659653761
19,231,278999,16628638269670070929229884480469597231956792335110842596780239778911400343083
19,231,330728,81931487167669461014790029216035527736465605340205089790260243853354482920127
19,231,282124,46393662736615499771973027507750664377316097922469158328559217971146436469284
19,231,303785,46793041377077023969649725160412476072612717399624207653459922704129530780932
19,231,299581,64450320522934746803929102000389513413444003889747963937861238383518986992849
19,231,333592,12652868558333968066489216402724269743224570280755049125141063230089534558681
19,231,450789,28805952943136127824701433231932106682927540225883294810031889316306101438740
19,231,459789,5347680928050980016695766450636113077889225448717202139318217387481764777151
19,231,395612,68436781909980585161553598952627485888476302651833101900970795257771792754974
19,231,352785,100747379035061338768873406839118510378358248039736837434173888973638541103286
19,231,489215,47653693412452210426871098841466667084334565422708430708236532277095141635140
19,231,342874,56988584193955277685304435898961460323841054817054158984124390965922333385858
19,231,483038,46663617558152658055409815021207936080235836245291103610327741993549470775488
19,231,436643,10165313199716155623713580515945696988619543797678086297878119542949950319306
19,231,340955,112510926309828806286105933821468108015704972073452319057407740606088402070179
19,231,326442,5392436706587667896977876612311224914047963290163334354274606725772341383748
19,231,294258,109046104533789129213031157006656003200046653914464338886748038139958148771013
19,231,504420,94627426725413863954979465626699315574373373935332705868536969641888168676994
19,231,504330,79570074498295198850031022405389018670592764968346613246277577043419600573186
19,231,481470,77120459425484216642755404155324895751699917310969267967350542971368932667616
19,231,497502,73166627842337112522859673826004081613918567328909831245227356861369267459597
19,231,509477,78798011112131317559632423820215541038573315218247956416226782690885817147944
19,231,520034,62707263956452181718684070317750589509265649277270221716002061659791959357128
19,231,479154,34989330847936080324780688514237331254199014401632474114711861519582933525710
19,231,366511,111189645796624281985445162905327060572994355624295586854787227384657677492148
19,231,466869,60716448074549554302252890350943301623976883468607604871120015593234558959577
19,231,263314,115474019512952195307549508427270180620417412974421658239337123566612360318715
19,231,436633,13398352880963422416215749928936364741666513280302112579687520402061231105683
19,231,509695,79249173062195345021475190400481425976758648692912492429956368111659898563847
19,231,337573,107831532576121525220337380903375817104198594407678315209036767026139542378206
19,231,280582,114991797586711443293205035875518114221444633003417591437141211534100498894419
19,231,339422,56854576134935244226337024902502701453763069050856233871025785971015816982308
19,231,386577,51767126606687796455520371491616380549857217649307355527788419681590978386663
19,231,298863,9485843394375492743204349998235995814686895340991376129454237737378883506918
19,231,496212,88997557101119541008158313517000352841299161866829574044070383960628877086736
19,231,383137,90054525100110226763441961155718616052327127307606314707723324316760825723368
19,231,325212,54288122759604928727989966111367412028055261760215984541845577267086934442863
19,231,501338,80845157707260729692088527487502836905784323564028619228757783949318355541509
19,231,337310,75762940887526631692039753759968000397829979175473249706796420674487317071374
19,231,406187,14002968030143843281437130112022033427377782511012691288948425189869565216731
19,231,366613,115424511199181895396085260324611506954084151138057412104971026788040881102412
19,231,264220,12662990903503119127634154687644287831134142980654168400332373522149297951019
19,231,406775,11712884288807751865103756281384752061511699811381283979771065198263931043637
19,231,353418,26051716116780063815346631102982973781831523274480495189030807280317230705801
19,231,404663,76271794865530354593220944414531937582270218912321684602886531676342159688901
19,231,402027,37401061818455847372762797274151451850391345742709092989430895176057496719507
19,231,414439,34230061070748139383013950901580064943626321743898437983000152162531788540928
19,231,396884,9941970290477134415037320835324766569123656642897129677480286608016211506227
19,231,496323,27817559315986889295385835300376005933690845362567208472029444288120331432792
19,231,364553,88247402197743441605098731939046730015991682800610709208344806100484922348788
19,231,312746,102109161313159107888064890420117505517966651335463456526446961436697807911776
19,231,265771,19175458110133861080001741560048798108067792008601792827526178538799701573518
19,231,462096,36247304279694406205776357984841212888277666762686369898968521176953871754459
19,231,354308,35770301243096632151393145916235386999805801891454004030315304357210135834406
19,231,492009,26194772444647542401110807402762473256766329939225489584622186510175770855415
19,231,273076,18856898659319517243634626723404466670290819503066744637675585210424009860290
19,231,403551,6162136131180836132685288833867867000493890543718222169111756515048245333757
19,231,428355,113753929421389349782662862095575122467637716186011579977443178074217602991003
19,231,409860,74633928880941648524716579392673338344365369461891410941470285758506546961739
19,231,368721,11774371227597620516542587860721938094261712885118069417574066326951410130486
19,231,270838,98972795892744922496104340621312970684524858053139139906372576803825367789837
19,231,395993,70847482023699063536321839682804536389109241852350322862725856422917712112089
19,231,483967,11718194305513586733415255410013601305398437093150393955785826531136978010459
19,231,444249,112691258522189841389428373479325851501560483652755324515441692598750929804986
19,231,428716,67737872176680947328691941724631407878396535685205314829775348587905855366833
19,231,402162,4585206956481406016454065975889665058095842697405957038879903820114265346948
19,231,305261,109268446832821829200858328868553662326442456439611569055244148561780150734244
19,231,350089,78620713827560128693827498143200800779546099725681570537168161614485831252796
19,231,418359,57180990791405969329910353243140664734219302897373125327772859341867193181236
19,231,470102,103647222311793572378067400129817624326200415922576031623767631855576103159405
19,231,426343,19004557581825587239752037230653139944328836109513044338940178952420030184044
19,231,307798,11963364548230190535398490274868893342340493508484004706944411200992483473154
19,231,422905,61617463670964658400200548128341569403376582463201234415922877511716961504814
19,231,307175,71083991338975874840981072316049234493015130249374004691094214508179003109621
19,231,321371,69353171435443605974205602857418309770093186559580238340999743109501038048691
19,231,282321,105557420708591591291632297501658678157000584795322706702728769695629768272621
19,231,393702,15090371964460632859961602516097383849896749590702665776694900971563613583732
19,231,404309,107524880698797573617338245444096468719382606101130782787473712668910711866985
19,231,374373,13451910908221228821888474689469823230723376280473532042556938988819411754845
19,231,512524,2422765996946229306242827123532160782389870571657463223140128199898705845489
19,231,384411,8619921567417844696485566516357355621794208244186305069587413602293627301336
19,231,393838,28344987652561443414163846464615750703670050586806603761877058114378807420715
19,231,362245,86414327891791027982991336394216205251096386498930473034262681283110851186797
19,231,469674,7071490613263014882596429843928234990931873345840602524480847451280398350340
19,231,485553,36193492941171663367645057420508770339758352375913270262316381959221733628028
19,231,455761,49213819800691885535117587528416426290796249654243478122844725939455118309977
19,231,400171,90986063953089349814551935060433119997995047921615844320284168506943147937821
19,231,358550,75012747409293159404411410610535378390277672791555462465088339964855852014656
19,231,518549,54398002096877829441700613235849237610172849271345531384751459502561755404023
19,231,498111,86504388277649780105501846395525371745078915260397502232208540918034577421130
19,231,458505,74155955430809507397219125462246489131404045421979878630473943499136081603768
19,231,370951,99255033005616223586363269376096739691819002652615889253391561099539739819173
19,231,350377,2343695794088347848239778822995421961455616813644579408670847851463066399259
19,231,503133,77765491953518646391998690397218543446968067127742925116427125538833596951315
19,231,387104,15450148257702177604090309288137368138925151300366298940982758894115267642157
19,231,506807,60543880094617392498638677105189817856411125270671572549616934631714495886025
19,231,510653,22059510619506122943165316021633502083339807287764348647437273449295300232915
19,231,271021,7922533277051135647773828714811499690215791518867879799056214593182972788675
19,231,466938,50579440340194073933931450529695877079661497953822068783461644785727493516540
