bit_length,total_bits,random_multiplier,rhs_projection_ell
93,228,7007833176969274142857542301,15929654486678705063036581680575522999490985069647937248861505814263711185327
94,229,10785662088771554918999481511,84571807255888603754100891318601147644561692164741273904365418445489940897544
95,230,32103816862785723222481380685,11212996788196181744513826810265945865720440691753158550389165444481645976167
96,231,50089506157455966949571388824,1631787173232814046262578451960253041386369991774913658230729899695804863265
97,232,105866013119678056165492460632,73846714261315847430485569237229294001331914197806746429875934682417977683576
93,228,6463363729066373897870196101,93103135943091986398198538839293328062587202044153201170001409490016646978195
94,229,11734061625865621728193640776,422869242664900958234705874146843232460106486485734905963357412040617689393
95,230,24015595710527410558241760094,74415346416108006842224347657046779191352701017380616039508119773093254757301
96,231,45053952280881045066201539751,63319920509885309974266416477159003584220522768330508630580418263367871205872
97,232,151323641802334916581667643599,87645597423169700125527556064204507654012938631165217907821680244756749431359
93,228,6845990512027418069012441475,92681834618685853115273792135500429610584616146111419728057389538431347395511
94,229,18717765841700253122085031515,72112219835926983344828170843537976112725935223704477391280811846316261893714
95,230,27336066721723853542780889369,37681342422660847932235339798425299075509400658794977016281148990173163689942
96,231,51186678021310360329352768157,28367699465130082644020051221397604944617986412109801460693043911581973197902
97,232,88482837884444809698221769186,103759327214322348334030668865099244113603027386630042231267167973009537178444
93,228,6380593509234792623826389477,69978047530829198536716689799524938207055930369135312859021069433620304183380
94,229,10340096930427335837374964223,56558695337838302444828503436717150102457962236485080880838432046764442661582
95,230,32293527541807286353304495801,19663238624491731741153053983477239466756147844328156780325062680068644751659
96,231,60257163222754836328171370910,48382949928484612902197903242923256703259098574182407109007234486706402658089
97,232,142574660040989577946068943679,97104810608398379735851956588025738082698039016634487101587300363539681736142
93,228,5758535264649009265131999953,56510574052489467320527385950810181971355146770956523174685162686704244621657
94,229,16420040294043742703842993445,26190518334109914895653590964340877921561001276603550281330675566187339366386
95,230,20968103074692839198089716436,46217281583017670157655009327034349409383914176489099401766562790628082531872
96,231,68962191981555569426323756047,109622769326327942927637859429794143780406207060373493786977819289908208337152
97,232,84374258422802070280419382698,82345211080920578479453757792468214785288540188427305073976877018420062292732
93,228,7850078069934075187019100201,103630555990778256358825985112323109997093720922461304935008552914075440951561
94,229,18550903683800023101955569299,24838273772905836489767051962831909396250978588450045415226928016533998918556
95,230,37566892327689000348693630497,55496116516712974507921273325556720789892838830200915776620951941894427636011
96,231,71434275399810164372278811039,60233859208695251558940563820739784939735530839582192371250865639219924137706
97,232,113643469136442132870967505277,92031286485336907912598361819620655188870905504047821813075464618560518098733
93,228,9166410850974347244899744511,15430963162770293560363512508299179305088761166116429569083065695593990562184
94,229,13691255199493554383995582765,101403857884320312789495943651708098376168760147329332771371350930629247961249
95,230,23887017550567672765322423734,376698629672717849131454531422262971561549232283431831868301541102748488007
96,231,55447057839774372684245876382,62754436220295151223195098204551993890722731617514915705530274073819198340697
97,232,121388755418164035085736687885,82866325881480195177068599288557443592600074212876795648137543051621073384410
93,228,6052341050050623909763675280,97424392568002067690663838691643726608277482765159685011714150074268948409783
94,229,19729520022118202979009266576,9503641825288307441769840552550471988594103009497706783483763773104918517347
95,230,33270249272572829450209076334,20608359403915006584843259549316625836650631252812933786262870951911097078891
96,231,74957380769113816893152142025,74364183799002852224760819984927359889807514525195408843467796951069585260856
97,232,99156154780321504642268111628,85608511133947697489551527401980894351895688208421583895083495281346224043060
93,228,7861333260460627915248401520,63808660706218801212273500648789911479946607666590112305430367887147536079978
94,229,11661245193736327014069880532,8243216483569618078872792848505049124980437678132777264399776760591256407343
95,230,26017297625349529441796743969,114043534760355841990245881090400893890191588011842500975376682449787306677420
96,231,56626027017591604158790397598,23755427989559918629995651838453613736196548256605465547484515458109864583042
97,232,115241566197681745897067871740,99864357816130452298086575915144856001532069697840091052759498737395853723291
93,228,6843188350612492447832633565,105853885304909347389179995971439288345420731306154230996954700828249089224337
94,229,12650561693629047448268244861,108931848445747247640834117865055697768946855342703021445605256647645850150398
95,230,32718253659497507280695257312,33293739313444617731722217598422094862769944137046345748214136051326493996717
96,231,40231648337983892481905903307,48489606816320129627138387323560478321853246405124792821242231769745977707161
97,232,132279728462363448390586786500,96449547386476555765979713337621991228396780902913379186746968841265330744296
93,228,5103598062561961011704014276,114483199788409380540677183043270756456940814390524127274849112593559595855298
94,229,10563773853104560093578257754,8364410151455971489548031232221250314490719556845495480964476040108720910742
95,230,36965701112622134652537996396,16538076742285339167933278146658068205393750859746637849767520267369738585435
96,231,50703768729364850784398517414,85160009016274237065410291232330589205255742651469000726489920914215156224627
97,232,110085241220554246936401648738,91514529272950052473566044896328266721409343891296682545224488215144552352400
93,228,5096036241126415154266175584,95245259517095924648131796752801494701467820760568115992589721041874048738165
94,229,13455005970239141517453719066,93311472722141495190173596057039973534435596138625542612831487915081639247915
95,230,23976030422918153897001134167,83569224465862278596152334400528246103344719727631877484530666135053820179631
96,231,48898180453274411621120659063,28993366109717689590764371251753123867699348631176054493217179987657971442838
97,232,113497027424166657583698342493,84972962395948160228860342368294171976232501777317800484065446141694589181175
93,228,9693380911506484786771949329,42438650000126166623555704452392942620151521044619007018988455306668840708051
94,229,18454063799858926348023074235,47982030839197691359139270947066558384955292411440937113392953768191631071926
95,230,39282047198060838650312940506,74126821354566472821378931041787518717754278047659637033906675382074000275812
96,231,50423599078968121993781966614,110370601729985029527973671744596145837258338979222148341476089411489407454408
97,232,103372830533001453475137638636,81199193123773162137553456873434537816680385613938953057351658977673178338360
93,228,5360758152071540119317946581,35258445827020417223363604889018693205498851164722011929214543111944443611259
94,229,9942798648858213736811688113,57506458843777608017640471653287791840637382994155428107398502273560286258995
95,230,26978809746522021017732954821,21517644868521693437703752034360401427731843688677515309609409356448697816991
96,231,72122440841564199398275361435,49631723222838663671845771152532338504641899819456318296666388051919529767022
97,232,87975935744557098382044420133,28443318594767645457541295297795222307524161968070758983302771086854762746415
93,228,9403608826763649151968606642,67174302136455713639062421161323977121530514405054035615854200357107534525578
94,229,13156938965460887052626124560,31272755296810883553252630881179623952650943511162898139478405004283585543184
95,230,20066705331938174498432228904,114533292973256553484986455787171665734200277865624914072028764672140466394920
96,231,55526880841139070775087146906,93136758698637411571812207396523358555710750592552202206850465650011304053220
97,232,155500516268273726281160854058,75690880566126271882152035588721660516484073832571875112949695712067162520261
93,228,9831379304578894268149398295,108611953696126031738991663253240785399834608223215029289570255307034442481422
94,229,16250320957376058564483130010,113038290403126118724046890511482815516128860462124427993578357176860489619989
95,230,23502727077703266568914832602,47995305793105549182354865267533930970220245541711581569441692945732199138408
96,231,48598319750265992867400062627,75658940407812382220821024994659098924324823008399715999749580724804974253875
97,232,107788999320748083239763087229,5479814056581425092710338646699614003222067800012562508827588849703042593606
93,228,8809582081186980434479440607,114462527283765187906954159217175924171373588420795359508060624082085621095500
94,229,19463432600934544696039010758,105195295520688816234593445008423448969203429873392208078293794702529602311454
95,230,19897282150629386724216418161,60993615802704558553410982762443439313851476164232562146583491892395208552677
96,231,72974875621333018769341512527,37097467617332106725073344532171467007450096597917777659185881352798760988450
97,232,125240536501015549150145564063,106357217339277530845510827388511864522841312109584368473548522864114968007543
93,228,5970528263822216219152735838,95588608639803361099027784186696097968474774935605629460582362394756232327093
94,229,13772312829536620415228433753,11038717132845462839905780804215258255736574732360604348528397350451693943503
95,230,20891716678063774529592553435,32644710628450674045565795361692945752311598905539123295822211291741496486148
96,231,40035677294240411333562440126,16288479318488319415189452785271217865130696096510057876579596344050635157992
97,232,117226148155521839151587817782,69594775029272242291865493295238112968285880647500443589448057080361265553562
93,228,8459880586006499177528421974,84309551044305935090741700252574783486575838871396007981573586066269345675929
94,229,17443566338571210624558793532,92277917225276154549327037950494618289649932849706099854282974781461656607308
95,230,35660817067624428827737741204,28317343778417462345681207499781352830992108722172284390425707515126565844717
96,231,67152725681450174595273550208,97228269211048583233808298551605786879287626428512497377093879631027212290822
97,232,150055931916684736482368708761,53574908214128183672313969177271458242758401212238429498835016311854976481666
93,228,8205178132237046382436150371,51951268895494625418939394127730778901699753968778559260755880004446780793608
94,229,10884314343607805334419613261,82592894818482756512925902273503770144086056577027926060792063729718843414849
95,230,30420230739939103585910061065,23753162377250765018363097307566531142298718908066100918809580771482737198587
96,231,48599821140458043189952222333,50801371401347984835910303174985923249128660908496216712057580424969404864740
97,232,121651256196542383247837879248,77792672166292722371998875085760880297027054243659107504334629567479970002448
93,228,7660061024746135066722421515,100178577038843521522921161483684398193889550844704965655723033052822773156330
94,229,9923252823910887630646702832,110422162354363567537414054185011079417052212846044823412603211321927401650131
95,230,19968349072719170463466403591,81991335003709738527982184383864984200424769810633763968982504797839210193890
96,231,46818962836688248180386264758,24290927937366478437968661764896819872962085825930155217312278004129273690553
97,232,136113769474601230309525842003,108892040209592513478525333505252036607889170391671325466721170202732481168933
93,228,9013923222903994666061022341,101680299112753328043159989048823382073503487254444505593001178852519128231974
94,229,18822010998615751530605627127,33429081244034706037371258674962682538416284542328296654974725467596556233823
95,230,27768331972969826485570440706,95061108680827115195222778651771531085112028082695559978940341339866527382387
96,231,48507676284826737558423195571,42389047296995294216171481220354818311372618071767499883954388453346251105284
97,232,144870048333840013299571896206,89834018523065913982522196288829842123758277321205692952559477615588930522657
93,228,8919605688037946383507012660,37416440083748265725530814607273076035269867267939467692329570228213460154979
94,229,17328993173678022575755017825,2280400448077980975687031643204344041077027637728436356922281876240093521391
95,230,33802591979382865326457054322,36383198394584250302438147683376793426221750425537960502784591069846293474235
96,231,77768089295839375505731227123,20069136608121634304932039521585272731553608365177712887494087407819740875833
97,232,103407059692347355435154685499,23604337090087641230983603066238167812874197327016162944854263447871106568825
93,228,8418945957323997606680611356,110968175362447947280699185075170366473302037774317610488283166370491385743674
94,229,13714810706735440377516399834,20923582456936907507020940901697740504176654567166708093496504004029619229626
95,230,36981237438193106479446079801,110526865136047393775699640287335053920978502574419846442928063740600445232626
96,231,53296418581748091070428001012,111233322001612696954889584976870691008975247805792843261615701528430734524650
97,232,119755947830180080538938477834,58297457618077192360533758125324575010964221796729738430310965918624171079721
93,228,8574894094412168728692690036,55638491707487817200101662847971083733511228707234561847260831832719063090034
94,229,13570413077148951470155081172,63339636340505737656569507629259334912878035546126766120937655649812010702023
95,230,28006554299002850231430648015,45324900460138197962877628964967533908471348415655478061200304495861032222874
96,231,77957829059978299264871041323,92699027152638445103781404335517550300047480587821379609391355631256373532451
97,232,143694671860711460897064767905,56561698035119765952514265403079876288698635112423733125505571847429806662288
93,228,6586761924250707789688829168,16086637894466657387972997341459070495147619339044630442098035650366339503117
94,229,17437555007402128177717073640,24506216624533687823480297071664908426000501248642480851875014956051218369495
95,230,22826485899835663072339075793,64385734147952538652428609577801710823696891863173580935917339944414877175094
96,231,63590631810697607326775455412,59705503682044162236784710977589684171060946171821598217866937344662205516533
97,232,109968875410712247901011488130,18822792069209417045412063987351402832563888121787005222808139877550485236548
93,228,8463038545514405914078307892,73405386140407967678582394267509840380019209204180732992218735921413189146446
94,229,15880357228566853451916411381,46893650434306008002029280000552846675135150978395643079713058253182976588261
95,230,34279405924639192761888720742,81911615595033299078331032543455133106427093573922143791918851567150954026382
96,231,54253693616962632470979199824,102643657131444675563828638309930663403937313713747079041297222538959872770313
97,232,107733839654787294233723402844,108816683694625516416160993754752796192962449648468146918512073960056892615591
93,228,9707741221094202227293754896,36596226060857054716569829246406728247352744473944526334059956499930260019602
94,229,19702619591248484713066970239,27495615034981702587986624999288953416633162814827888950994656683689691845126
95,230,37388470017296631578745376385,35718883801678139418764180989668843041140138682359126469226720840150427940855
96,231,66475417937213968355307330082,38418690629524067061581014484663835177917365756350976781522990945128475062789
97,232,136866064872579913808124494604,20779005701380170910285542507769630275318145723772981546682135020209675094851
93,228,8011129464464228511923630230,53781837430715372521040948275760442411012561361791216020048922007260959522220
94,229,12552956614290061782744620979,51428235601405616400290014035788375795880731699055404082034178831853037437215
95,230,27577544621738366790179841031,91443686312730873711230336866938536865116428175553449181188036986992234407521
96,231,65537289946590042867351417624,97485388918406152464176803907515289355754071939310938560330246955517626417547
97,232,133012723991033792631572154223,44411256500601078471694388134905452915071320037160462460385226408155384154669
93,228,8530031957342625435229010146,88266491983843152530957288181276273218124648042351374326080622960924807326744
94,229,17599653065954337592228289846,99752166363729604493574048831557803028997900150174966920160645488218277939262
95,230,33656403961487628449155925460,47171636890527278753723749395510438908506363946291485880520377136473145367958
96,231,46604608881803826802302810661,92731312366691664301527073845096758991256938802561461306774909122914404220331
97,232,82394259542640861483734152993,4096617670374959316016322827880755343989848149704722357200562587591550890896
93,228,8494807526730089300016839572,72104082857004658920468778173107117668342804474386730635468882579545987878459
94,229,11550666053225098703538190218,46480473328466803620105839960645924593986537876141055285769096182711234382329
95,230,26162861344176805478616897845,7812073240342265733339059110492652312718095157657027688113993561424864027107
96,231,63683755516236671003077457609,56232237672277154946651159176595519081537121847765947832396512570302760560286
97,232,91356895400947780344628951545,36378110005404251707326167398442224636482718216841985075558996037838762148032
93,228,5832111435916155197492048428,104621477058536036060704948426146337071665373528554184942660947969939522361204
94,229,17458432471555058206576151083,13671046418958773554832464918407052174528867098589352736135131778878952042764
95,230,32907519723188312203575336753,2705948164442033535163412956642557344098834700758601686493050472127140700396
96,231,43273667649048392537771710139,107258571333886804014531965822358837038594425972142097872757085745602674538915
97,232,121555345568280728294505345649,30758879321465857511192964717701514275870420424402129414695678759138080955261
93,228,9497688177512974086700921177,14607652119028383606248347188940281246424568617342046544915250974944641421818
94,229,16241740160718290241015077509,95964242904299016301004906811085054800867321901713692501762723781514440669376
95,230,20221968436648678101390489909,8291624684954920941769341959199697405346693315536629819928057803231518296582
96,231,70501289463720816565450810607,77056921473541571855046016484629146735800483064423796373210554155140299617204
97,232,126339504169409938035560443756,55662301639967124325578378545363838626193963131818174859521936662592447948455
93,228,9884088597339024318207895473,75676464330532248844078524683155748336585858059955980930555248412403174485601
94,229,14365291832064376054243549914,34249138924468001703728809479537235719163348982827273229847492753053285668998
95,230,36942149169420498447679226781,47693888426847862679225694742650643912707225639938057535524023510181664439411
96,231,61317734553355049600193840819,25641986383320526366713335046404643492392105969863850086815896196667605263053
97,232,103627393661928864519529537882,9711173490644893374311510014573186233705637138511209786860372948201854476115
93,228,8404322710953050294850434182,58850056204712370173775422000607318730312112818901140266303214636942160838866
94,229,13927169106598740973094693356,8670362354526689277291506707731254371774143144507638596971461455708624876889
95,230,28402190778615453149206728915,66085086589100573494218849693120044064053470617909222740530852753231970640077
96,231,50614753659649064445516956995,39253381015298982204800286864556763369498129459961777126273751689482898772541
97,232,137161608380276858431320409238,54102340759252800716776673882559057567050832740297544952027968757416011202218
93,228,7007152488604020659615680330,35325300533886868873897882945905370640721184012678292515343760661486867692398
94,229,11192603620930255994823630154,104103098601446750473734673244167541173352141698761975079769463842513048806662
95,230,36312562051162809832569142356,75104799300668278611157982934142580570753777870235342294893207961420126281569
96,231,67433466509077240765444237026,59092907236652760971907734019204015953930566302255764566322132345051519096786
97,232,133999437341806229020171055648,37216786246482251166501792065202930770116808301915943042760407239677592275273
93,228,9879759914055617426324966735,53275933082820996654157564552211590380206690679630379274654512027263831580648
94,229,12347225984611524230420008908,79018662691137320895171493435481375319814708823482254087120562418593071931218
95,230,35568684213158617810834479592,21295430209027686032958188939515788620824031961102547706421361807873291150684
96,231,48102492826553157356312100705,68653296132200038696216349167615409527769541884487909297049087475560335148267
97,232,147996359189225732279867900435,8936938638344099134739324163036188019908538382422356752842352929877472054295
93,228,7242888868552622911990417831,24588914289097416522793445958960151144243026762657341346401997045101973991007
94,229,18206681073095046542941144233,60052321355253999981532539773304236823116918075382744218107311526873034554031
95,230,30839873750097846328825170423,91897398825252957256189188641142485534781183528245593915828635931746498562330
96,231,68405801260437999164823715564,25314913558730328937883091514953233768775246545091184227476210120614127490178
97,232,150250513559207363128708744349,36905350056251234326262789137730785341564368004576839947435937915827991192105
93,228,8699707474813642696615743848,40440008056678686505039938719633674281460533417787544677238641905204217809984
94,229,12506768402135941020273489391,81507905510130203498581893959543751811507919781665625829094033493971418517855
95,230,27507611260151132056432338805,95893226618114546128002268437631334942337308677641915068698230441449147388001
96,231,62859230250334989015808243658,92158321513311901327759594266131938777315963121833825647933244122952378245965
97,232,85204439354248312417839496269,98570480581426085478101504828488389283637732012017103402215164183767613477145
93,228,7145346588889750392889284485,77578452385543752722930563058201026316044408117525561529541011752430097822029
94,229,16784961480081036085780130815,103918749338677575961717182674947464525073950515436128530644649641887602220462
95,230,31261710258987548861516020628,49661832839590478649849987612001340014606415120028715242348122751506838408701
96,231,60411085153011905587353190364,87910613812653450706978529769784544189138757769150293364699954844495485089026
97,232,82828784111383129952163827649,93767117135200770068997579132559560809204803706816307406029545314140469574792
93,228,7870505445744908720841840044,102284828597090537073953899530528117483141657152169883666802202147027957790709
94,229,17951056899317844280019655354,52941389368711181277084096255849441172662374637141194362361192628763686210975
95,230,34221996678847204064543660969,13036158257939740220566665694296067816902583369448934123129120883391777118283
96,231,47926621660762600797939783513,103171100639048848008289272230062476063080692804722706291198271976659220643954
97,232,102628269978167497177275994128,72368208542433036530154232815501988554717790573727221506096088269639247173398
93,228,8440272005926510308811131723,51528152366075206933835060653142853645526196662420121548248948710860523337578
94,229,18958269477125402657268795155,52434450823467492092763287634166760200477459235605024884469795957089858973736
95,230,25918454192522435419486937325,63499445347390386212776088375454339524123671691612215156477816375952603342348
96,231,45227191204783233059550380324,98500827124769707259692336472784006792357898475055833984371184419020706551085
97,232,114310279417868627362957835103,103375326131311515502255822565005210121376302898302950923255225662221982690235
93,228,6842759894009460495775706461,9824934625504423390385628744675488821673711834800798631238831269837254248768
94,229,19717913417725995991209161343,27080847106709960417447184092536301518463655725036547312281491072086807469900
95,230,35183726441257515415863337049,113816872269628439589692122443505627778039146696017283872702505641195820552126
96,231,61041380418815912804737282807,29124872868673371287916444001912425072979959753854246203536571600925285401537
97,232,92248397526762926707620579465,104576714465758644883640036748705441850586653260367316918925675054711365208862
93,228,5355793676844331196123765168,38748367280673678905815958148091777464139862337508310757426402232536067105403
94,229,12442650119240136642851649551,22583252472350041517654325901175377063905565937754330850783787063629568433513
95,230,33759956689875003994093077722,95708205961588077149437010020662464905221399308535674366789760590432413825333
96,231,46953070092964820478295447748,114873811975126995636263593998648444853288119069476127481478053339391545417864
97,232,149713574551057731257357423730,101903056380894724735580565309247565815206383926195024050573965883585540667754
93,228,8170772643878576980766693017,48979350148553808692670716427866465084804312601626669834789325624269814577818
94,229,10203696839452034400547340677,95665598937154279364134773104155765699235241067893114732401136487080932351402
95,230,36294661232687218956362504774,3784064863100896734563939068988005494240583020613330691989507549057446965403
96,231,78250324384460243203200610110,31124516382846478106161144788087672203664918373598852818595242729255386406258
97,232,103139381005307310620585511912,40797130773652696475714190406272731333740322644830596610225700614976071508338
93,228,9037274396602568845130520673,60046810335424119918491402587843522950698011804812144580681770171078152817997
94,229,17473169226198699330025235124,68498072274079115272971640722115065684001787060300034104371743676021921715736
95,230,23664157094751059938295916683,68366838279298082462762475978254588645847247910709019428286843228991744888346
96,231,62200784094508047022641310554,8442828848440381706311152211136726911745298732816114926712479363614540555989
97,232,135563371551400163691524613399,94811370729104801947299510704179197107296810293405430190621305046324105584405
93,228,8481050613009424532592223319,686436803922141894083166009984796083201759977380728630434395850184902113671
94,229,11682725381363210709152323289,84061458459679796872509775476924474167091694252070534939020636544601186581156
95,230,23729891458339249014682338488,114403050585368666081373001802893298223997312234447468964751754784109218311562
96,231,69102754698535576617907908853,107910413926012602370007952963541647114357349172860541511135952315872761030530
97,232,109248041126017817102675794263,26344082379749344628017667132997295629822969450676383505357469202535371243980
93,228,5600513588642137944450826213,11160256019658855411997235950900688600202513485719624420617147782078619835582
94,229,12678381675704996613664578039,44957322363528775061593697145692802241864101747929769363544580566699578332311
95,230,38958337495822250874990677441,9806588894156946576071364089095085184625986008292361221002124430878787838287
96,231,73886890236460548117787716121,25924420436761902162885468019949999716630845875606070072814248250892937055266
97,232,105777091794023331366085086216,9563426008184025699972304354773821157534376029403968987699438220491210455590
93,228,7382549813873246062090677924,97677387373082611257149817660248020417194909202856832279783289546702666087825
94,229,12513919775115839047591448660,65696883792401084378174342170798819854168283722407984098523462894656975380665
95,230,38016528045666009920435166101,25387060676643242404222129765417714691969936806029424931177641325656795919269
96,231,41597523255479216864771623655,70240103458099119559840914333447768186003068382130042734204589018427374477523
97,232,98031500492643829139714862932,41928276502112890203892281023544220724275874624564003341682494744596920616754
93,228,8945777219669866697231399662,49257001015206183817806499782484700952155669330766264458414850059784775528133
94,229,18321079497851945329317243847,25607879949878065064942991049040484320243195705878867530742804239668036178023
95,230,28507321353987524533711128032,40466292410883822355123490426050302128951569286551722463618788106106465910647
96,231,56097095379205428046593120311,69148702699381353283315251969997132061557710797155658427162492588789312124021
97,232,130007387421845029264723315257,75112488091167832238777846143489076031275380897373457329046504915848867851761
93,228,5828589228576492085475692854,90428598831229528942058128388449583012194924278435588803010812131088540169828
94,229,14707679779321172817615777710,84060163762165616607650525453292337131950430825851543420319526947464328615344
95,230,24934964036779094151925334408,70720855847106681398982295075392422121631223609950870572405454550331336689835
96,231,63764063029233723363944013068,105758814490945628453802426511189775378549429678023730797538107346435143795776
97,232,107080476504653634881373059014,96945783283387808182686545187163827103735863149334104076584769498868418374105
93,228,5382764763746188672575822154,103865637599414380121434200049448814886375932670601081702604140142868328838859
94,229,14000149063021947658925005728,104136438691257121835202996827760922604096738872298896516583685873312877245839
95,230,20901222946375925742600168771,41671412218021951330638791424875138306923009697463512477210064047425802458563
96,231,74901430731092299155210220899,45095125446780199501355558723823599571158197837657209051943869879722277516124
97,232,141279882695509616868408239362,55759224576692428790684959785798723163267393112566807896644836166302762024545
93,228,7059430527715708539576899024,105177615920462993727663103042378071133751107500514460669266213550726656095599
94,229,10656596640192566008090062956,58234193939685208100167473487639703807957893088734084558737140268745597952902
95,230,24257755137858953768187064945,93655301876669827267645057099252469313461934515725129078806452139609528744793
96,231,51977713503810750004509375482,82525744393114401731200279584760070843828313798140543841229102344778954564800
97,232,149783249683352313713232260584,3349773935763235235624924858443897698261906327311522258237803261644687932013
93,228,8789073451759826463544870261,37659279027745529338821909245184251944601052623026723844451332670345687563027
94,229,12376559366309036203613308344,63123905803824838441980482494621502664084398530081054926673502719368790520476
95,230,30082160335621575487152748447,102145196323146327523574289479889672009388132412987561211979301445313385796327
96,231,47571569798743659888388043415,68728477550803884894670779166300398784171014769782931507669247870475802055938
97,232,108665570652896761151525736591,91260199748526438382047525206623518652381903355116460727757650729808744360991
93,228,7567234783252373976817883377,32369915346243924456547834639227360920480422732617602611844111975887708594551
94,229,12274418025047728020743165397,49261802347961489099261078349370194157489009863893486617914874852152194741830
95,230,22342459214008382989982073723,13994104808877104371083583846834888785979315319350833510737347054586113962397
96,231,70873704163264238489610507965,79429357019588056086216987053770825523256365453748684082639289055495162097587
97,232,155878852051892316794610307051,47879522981317713537379169301545767908455833067165181453094790383054088247205
93,228,9326259150176280662598927906,27266895313957212631243215739136469941076523382250951291461237651308725345633
94,229,16474043228629649835654134373,90340525406336761752803032082047371706192848969661885626543404999321929592713
95,230,36028866153524183242128647570,47344658905604712393652434411893522267602257449775698241971533774144164535997
96,231,47390058182005506062327121644,108223986185432779029640672860871053252313499914463982175448111125237350905565
97,232,109315549919936085760853453239,75974271167464629623564482694808854328483079602445664670733335321331341958596
93,228,7263454926008194570131395406,93901512552657537451751059629650890287392880725081968790628638685694912773759
94,229,14589927800820349084193323959,38002711734871809644789921251085075897903346402233936820476393337700144014669
95,230,31213488743004958384221304943,73637140386404809324743900683517522712815623858828285620392591006540249644757
96,231,59882071491102444739477698714,22140194160202888782184369451628502297397931914140704674012020940309957553644
97,232,94755752880678889816812102533,76715951727561844712267672096604150856153474001611144203060709446285116690561
93,228,7040056024783299724391373779,87030071176460541360780187522882428915616535696061900873970247348538616395130
94,229,12945451913723656769863734439,61975918790782858411921602244352324071991111833488388236892970854026597207673
95,230,23014633158171035762127613241,71600569527960169282619566655405107116500841616197497127107469140408805432051
96,231,42008005893479297305909000258,90953499790759887435255652672384783499456194746300190093923059551708858543438
97,232,150668161210553250468675299525,24838704691823332943285129998446078248483865325107655737518051011472667126775
93,228,7100292265434851783514635500,12886417399765241674077273670066735156722130881596581742660836013827769036636
94,229,10067484468480824539984370069,81551309911802851749620882821195577016973397389023227645096562031651502742217
95,230,38392147515955633960412829987,42308483613556265536066979106323741310618330253956864666326002009087069956160
96,231,43769286335484096710382049951,70906944037212747735429627064608444278947848245334596984861754379971554838809
97,232,132009560290048156604642537676,102502397664820836690969004179868109341367927723450444117693777796132899017060
93,228,9657833067747630832476697630,27979577236282156265293480119780128902650865726248916773276852439193264596669
94,229,15711577719313263613278513241,12515919211718833684908159352122711283525766831376176278108807232847954738120
95,230,39107590980903374322231455201,95226161256107985277802507089376057179259521503569111484807167274506215705987
96,231,49152092576742664944784829538,90136777664191489337473887127090151340292322725024129804120506967240311029908
97,232,137699202848290648669666474630,43674875357527407104955088900493211096631479916600478555652494957532357605089
93,228,7987606925505413870896980174,100847335490308409860388531858883953375146683931395881451929153220675966672146
94,229,18163623316285238288071620122,95741396492545081369651529761072582360747982472352760641890433806418975230918
95,230,34849700475092851453568433481,108235308457506542459008507400338805351311965569053579943537182333244396876783
96,231,43481798157106459035230161041,95822251332281952832644396783111452778697935849968337794145878900331241629939
97,232,143823806747321620976862224445,63624959871049797011585566509307472034037370921104075558356822154952223507831
93,228,6944973590093322129026475370,77367690464780507168416456117225060713897759045955999266801336518975209816245
94,229,17972127252642199280396998879,66699418674589678229283607791978728931827789369603248228095076933385942024619
95,230,25003698915447609907425182157,19177959944543775810532816418753020089644923582311236780643986649470735257433
96,231,71367462281036052622046699711,112619405454488553488489157825319472060319838264931050117725280139653039511033
97,232,138213800641276191292040293270,65197500104209109904139657417600236310802774422329407717844847749389447319728
93,228,7789269681309588399707290769,86811005763243465755102739485114527082193299558174065052226479708518865338058
94,229,13318922761408353862982168198,112246495008909732810418979717435876857632151561257160717522531325950005148015
95,230,27055526959070405278737773365,33033007793220489432085520287444402056007005423615171548887022775709342755987
96,231,62776848134372627155626670095,81956295494719247910574547544859535502059115275556440313082025892314874918144
97,232,85700167811112864890821498829,114365634752355933798930828816387804026426232927303905118478421204854251944318
93,228,8645431655902447236900189598,32461974654012898245414491795697192439169576310590240325357213260249969326136
94,229,16219616535549800087509834798,66892278167329665858284484502086048202867095924576920705526969493950292964411
95,230,20155768708499918317361791251,32105075745864884483116045007655603083791898277907089061738734573655385056817
96,231,45875628123152024130822748568,15965878898944661672817510481589868108293624330663824355404869839869076239251
97,232,153433381800655414838937474857,37868931641153648942599267124855277403714400893443016661556620043647374618744
93,228,8342855778530366324066241994,27796768428834386479196719859365782071446804882439881030525354494308190330816
94,229,15418364752218517638471531381,26511397032955195754928976230835491250023742481167914393597282372588086555606
95,230,31054516464024195722144911326,5454818244611248722636671788854137454488539710998165517262871015115388080068
96,231,42950281608570243206768416224,76519337769208847476364131875788545959181423053231354955097578219584104555472
97,232,81911955442446804725262991165,67538523190363066134155313525971055992291348971514952949086052003772832183199
93,228,6878522018908835064456011869,4758346544997978245623069702073144807002207247133286785628254905652440678574
94,229,16168912554182792762075310172,10280558126608054449063345926962946751357246431771558147512341846259507276535
95,230,30619634075759819840525921882,105811554869019419295810178418285408806677848991265996903245364333216824366929
96,231,73912189593313653460357140062,41098017858618179154763712426407357378673079270035780730414482775057322198694
97,232,141872379862297383739476377630,24993375878873835008610989455068085722428142371581754679279774988619768764483
93,228,6129888810340748838960969408,58613791794203951028801698744723844710431251697079731210184528228364350578468
94,229,11896119674881190469882677738,46478455079312554690364066545307594760754572360486006899154360325461126802232
95,230,34044392750544787777058994776,37620082344380757439117262826942951647632909764455990319986665903639036767376
96,231,71397677043459878137375989085,26199656361252014536827349664548577889193117047827672090005565152119938860160
97,232,85800013447151984573998768176,65114392040193698485485960740435911255178678492449163488952142728708570398915
93,228,7412435713842962382890063692,78038952436882660163410821286121782834447608917198921924492005156861372632771
94,229,14966971155023297711188213376,84185212973438995996017779302599011675085316755311581854052454495773220222874
95,230,39440626378160456119249841641,47601112294076978108350078454484575640171268822481258601700157921744747229593
96,231,65516591888581260627588815996,17691267157005794078517811883236567749052847035082459966057753588660048099597
97,232,105307096765698384525638072412,45062824440656243694130829095883825144341211570461184477378398208042900954419
93,228,8577981337048057364602729958,67931839929943280283591798760480385406749884707503596487785332008954444828955
94,229,13694447017742119837420196909,62408524308805580395167529078751529981344525594585014111995347320771308950840
95,230,38152191516762825622588921443,87964398559889716406145252215856111916614466714784588861099842384683111034043
96,231,42126418062022759102057687751,115511736726187173035721190744805802286572550549111040146097056187226812568363
97,232,101983571203378528052575873251,85211343635169309393407738708609477149651931820111849549255523005470762464115
93,228,8145586357969590027208031283,105022876279703951446517862696147906783573611464661495036611167494598487168517
94,229,19087249400921060584668590183,74179103250790863308788789888794703530681740260537618424098281721985017432035
95,230,28419907161084413353768434148,107002623106357871974766659435194840717891517763500051275612880593631206928698
96,231,42510216041939408451556226458,16695398518300241143085398562739927100618411050089423697197743073006968814518
97,232,91366376419396204506495936644,39692130898868623614470317745613987691960222804403652864650447974349931291329
93,228,6950540751714846288301254671,103302624400592092793200051610465651451095929167269669634085355288767053893282
94,229,15531150391091870453197199395,98649818501111315030520553782810049914000285460450232795561799741589117470427
95,230,20273893634215610559427594556,67096736822745628454450599771681599400766381905966665364363674198084662432020
96,231,69275427101947843145001865982,110113033796936170209483851214858488590124712290043764099323235794772702463697
97,232,148989715124774373629816368856,63572541289956691897928367480814548336302993337562617393275555804992653698680
93,228,7287288080782019753136218614,20839373155745875923003707194079681058560254207517117547194397688826310865883
94,229,10321323509899944108774672570,99193706024872233950676856312878542964343934851898834767260468091577261485102
95,230,29030281889558687126747247160,61131008976164213677875675389724520808889363826229556053607457111489454596392
96,231,61124685508148052492674485977,49466572560557873736116494132538890165218564893872058216516286544687177242433
97,232,97966857242507781570967424922,88162871882034348361186580988824549654792922926429238503796132557206748902624
93,228,6871240847208839918303007670,77394884240579168973464233461265325370832728881607154933482633691643478420410
94,229,19083602189671477989084525202,20261331667810120325557916887072441380658404434471222141089532928589067501786
95,230,37316737619515021764185977907,112473669052536499699411653975147037074919403460247492291493565474589262972472
96,231,67274762020305126279679877630,18957130380136578503395312443844963622852221591549474622505636256594317569559
97,232,133373085547372593409710281274,90803043540894209605262614622393193858192397903570433469630707429746249041285
93,228,7759311874364393484052327104,29813459574231328757748648533136701864628509454061766641392666486141643951004
94,229,11536432166013894535813481218,54953227605368365110609492555974799969493413566209531250454949083515777174621
95,230,29320668973640098517309195029,97638202231219528803865885976651594829278415915266332838360926076722795407122
96,231,48345360265600049221833694550,55275017201430454677494478777690063438049703069265291432599491890716925944937
97,232,141549442553870563374451538846,69852619374777037827720098435609234721398688174857772814333590414479378360728
93,228,9456556304132085220234074496,89727476202099659796928878212570901966417267748946663102645229326544266044871
94,229,17820487941699161665528353624,88341405960162116633179518142023485505289483247989221917682644838708031536435
95,230,37098031280391647213351470508,81998408762709684170317668254947397498821458624756290654943946139922309749836
96,231,63532834601529172190497499022,83389696514113878491859792836442875301941279943017842425513789928820623094654
97,232,89484068341900862543635364575,42795134031291568690794042039301235959567675035570385336067738286904051950864
93,228,5188561639849066394475653286,11992910547632173369307280161059449406204589143663805775423124567051359397975
94,229,10209957145493396348039349919,60381459670489380663950222011009102806937091420158553918855284405392494198766
95,230,21614992396805225374365573658,94422966617181830822117123776688391067839911367887063173463609312950088043939
96,231,74831160971502792509643479239,23131195923403070954122313174914078244545290361469918341528300964736796808805
97,232,149371303057483341048194080630,90024791008273802445411573455238009417801104071965529778047942950189044044368
93,228,5919183656158045948376783954,25125222129122244488719250282865407053198436712182251873801221801635297671583
94,229,10082696166883579808276531664,39047419773319977241389248443953518027406482516719647562191443461914440162122
95,230,25723634204950371024372016122,102932485125210507896173550803643654507814752780821848394845654769054668683346
96,231,40811035074002977740650518150,13866050403518535992210017190643453273926048094611136412659514701722223546689
97,232,89791234233763831033988920960,113177774538302400299785849990309978184642859552038984811806953494301201184926
93,228,5634387418688091725454750710,23189992378051077993390358327777974238405456641766606551118507864170910863063
94,229,10142334901485565097411209710,68212500310498909739903511378981921567135044049100514174923859703376693953132
95,230,21162753866650979363946957626,81361164587709275463857705649937959309901316160733902091257770482973254474146
96,231,68981950941429985185982588308,27981434964386931945842000851183983846141915624774054888760537635421900792976
97,232,127771366004164754695141986657,82134123459935820533610124382426829509304708637304725179544947047791987825340
93,228,5306243232267587365869873193,32312903207900746570722110121085383358770152037899186736088278090929188274363
94,229,14773999088005269904421825859,98179333573777141358034443602648156551002648865048229283664227849101420932756
95,230,24057258268061867058625754372,35762248578361064233706076522757404499414940022430497108721686082385271616618
96,231,62372862658631336044936280358,11559337595428314638782971237260488206265358824612974023829547407022576496446
97,232,138351108140175232351943711701,13142535695720269906190141032036541848301792292506289447787455366694465050629
93,228,9569697264678746565807637068,75312622600984855980719806598955933501581783875137860290943830238961394181911
94,229,14693101567118278505748037900,103839572747359437445764789761959629973728620145596396038777040100668734887672
95,230,20871087137053269219875534820,69549727640275192858452955586207472738219296264221209951247547932188773213863
96,231,60287397311327523035083209439,94196025850624971647369569977091332086668875832985464275353031643245657018681
97,232,86146141299505202528087423752,62673541850655378082973542094445722535455967020540961685460937359253338639341
93,228,7834855596473109417314225129,694797109184959345429680389062684231637690732871746097658626720475846705907
94,229,14358716039886796199743672823,30996624092402495316478596340347932971934977456141608561434951561904855775616
95,230,29677851773098370785921206820,59127149162194237418543604575364695896235245237087694320170329668065385716088
96,231,70162767108259935126104001867,32770251091917599324920644476564721868823472336616456577245792493156739891598
97,232,149128726644789138224492882233,100034963476832782606876480355537558882088264858928824465200745281359051825385
93,228,5320861583774029503919699310,96966367234127431902988887203683432878952442032571068807115341837665525431114
94,229,14045206862490545292228905915,14682117268658588419466312477409228693150018936854708207027028413212095692235
95,230,27312753277074385163212690105,42234438458034701226941123514556117208659216627380261471952817029171083455052
96,231,42933078463957148359558368296,51016932971980757754853346431585845678060933156146717316110572342246478761008
97,232,107816687286119914009288891958,35987056794749641797897053819328210164596816334504431586383666232748040148673
93,228,7092667826240541468431167556,50182327882921360606705401216814204010164972715587042093999884506914059713880
94,229,17760737546212849778918186120,63451484082709085839362116237435256505359420925964451488699589226848450240649
95,230,34090293522994260078229134388,37779729125358114955377367937996087538397682815256573480110622248265877789701
96,231,77207930757187309935282113393,146403322106262955345081913197224529801453729595932205060668456302441746093
97,232,106205379414483206412379646184,15435593272281039899175451648435098032070531766934940853218185945899945494856
93,228,6809116455101037615638057571,40728118440307340449785312538006179925516599479873777057977716163851222022461
94,229,17717241862314828128922192789,675028167333383833152212408170971510508238675119164564540275561479683263863
95,230,31378661079035648070987671483,109394742963148050212288093660179066700157004628954534395369168541025642064530
96,231,70944636201542227845150352382,8407892756241757828593017651239165481011378930330618972179802427784151289960
97,232,88537579462426357568048926505,64406297205810573676916612895705671446094370349202752198494609271500426608645
93,228,5670315051658755246083983381,88634130239198076078740736724264861649149275912117713461776792279697462521568
94,229,19661288398691582553887266259,40170476403662157115702001173598866444595137351293403526328951466622581631977
95,230,36829746342577926802611114717,108401479749814300211462650140784937415003436901121055617405652376051094623520
96,231,74103961372071464521728552275,106997448607571647775676464615832600077617999262016310570998482042964699002531
97,232,94859778701582200440579176895,20105218320381466088619499713287428066904912864064378352518170593857459358316
93,228,4966616175425514051073357751,54297232108152218798432850809023781451340528294368775577319046000502244792253
94,229,17817015905503628241429234534,24250430695994702449449567508525212127536094586254721245313182197020257635311
95,230,21605020401551477322092649888,85237626184610177737662465803371267810321378817214491086208369721716789786627
96,231,78322634215567071860047357450,87301013985605295299923380209612361403057079358542160937488995356113526450372
97,232,105286882278067314851917303346,53942453186879470250369628746878741657568125601562225748227339857754901844133
93,228,5486866575961792615352203508,95357709369534591119774023728548725056760911221789040220928791076307295712115
94,229,15890968760595571784235981731,86664375625559384465596242463091216254221043229435177630678462327446283738554
95,230,27558768850709026072650968570,114755976547537839504553954809597617841983272923651194163652488858722069877689
96,231,63063424639632418564228383571,80136742962289620483969342616267490949524810255444761398648376663265405515944
97,232,98023780711473688241231185376,12273594578491344695647166549352140992910910231810827666193571460267358448113
93,228,5578411316860568684219793978,42444030916382462566899471655354333039662812369136427229905603831270858258876
94,229,17497140221643206406548941987,10054538113283129958038035227816469131870643472758232991384662450261001891698
95,230,31801162200871283280980643727,104482087366370987406549266884717349752795889582209365124193188209796293533534
96,231,60675850014124867331295157981,10813694984097683633276716907989499927068392421461212365875242785647102413606
97,232,106317690776790325080062636828,26377107353598411451226997106725410025208558448467800785100545321331172660857
93,228,7174204468472156710878184166,19224508945908669337428457448283793261633584525368725299089742971165967533547
94,229,11512620282211957474645914708,13813457002328208481662457543507408011786850455291062496499296545097635736828
95,230,29699860832367473211625256420,97051105452461479630080631203033328417859352521766333690453280418252840901212
96,231,42694947824171325283967508385,84419536474935713808410531501292347833774718954764995414430840718769559764937
97,232,116653287405593395888621140371,93006233204019196473197239877624594900689467010144383921907626817538423031933
93,228,6711753739620159156301808920,1291752902724978881129417691018306273368105014236019868142729591059589070004
94,229,12009424329837196686413961414,100173899039997396816436823656921004585757375592042869300173109062454511481856
95,230,36477774232669212413640742500,61305261281245040862548017000796148560399553896244076648432364183240646355944
96,231,64945434485255406554303024088,14762268004112690230531460589375772427372660622953399246838434749994403644191
97,232,97744628678933207500445864385,80260645651190418512133095407577565947633127433270122363245580865009789082670
93,228,8577060642020651870679078995,44265427153931995589624408029199641829400672410695231284186074969612201403093
94,229,11762122921384209919490105904,87822252743144287271488137627192821364051950740226299400092564981697597052886
95,230,25002920402641273610785641326,81743562691927578120196159427019984365405153125145293318342313453678368543843
96,231,64485690229331164593527430123,66199179904688676509898126193816711585682505785441972433592302347077343326426
97,232,96804494742082283296097737106,45281506430811708537987061819186951965281089033879863842087322396805201175576
93,228,8396526157005086426864476725,92852988642792470472585007351935751176081423494042551903225726475923514947566
94,229,12752822027850376862228705526,57368922524625468459755270110819055662276683380778737022990807622767241572766
95,230,34459478403420489497536989431,100063652491726176271223909068266218482990566043413697838996836002245456962740
96,231,39647458943886992930118394141,3142954379036334102117720448439084418551617269104142258540300559119884113864
97,232,83363976295946157628819135934,101415760776488141254088554988261917405128671623629928982146820810626470363973
93,228,6713854317043346988999977299,102436488416089245188079906918675643056635007187836131800065672278803677153685
94,229,15257022996938673046963588471,107849529645407697944173792652480138616653554771115770015882707074968082622458
95,230,38198880899932172123701664043,80861002474569177076599945992720515384683628022850931445883651720380431300626
96,231,70248159625112631718862100249,589757269888069655993368989560936430624723280500588142793986808249634591403
97,232,143368302137722125425637705980,74979016974275547898220865388177402327819432164901079214459885369097349687727
93,228,8963917791223530694381920140,33790089802069350851508519480982898746377736447831635802323453697925989885627
94,229,18263558491790763272205151098,106654863093153449294843687004755189138472798353865448854714879803164979987997
95,230,26632394326670218997960185890,8573024101455707993898429142638889415404427265131506562122624257063707384010
96,231,52039187845164747088000162842,50486995479180681154070810186558469736928990073084605888341969116959881393060
97,232,149408830050226276269754215125,20471542534018013372826576600581912375007042348970136929189520108990082858034
93,228,9893735106975672770647678167,26295121404187951863601834604822748954730287339085845337746776008284064834001
94,229,18296207836515000088035543417,40106680722574403964237404778201583120878668595670716217243604401488976594579
95,230,34133118008108953485648865466,93956294490554802164248334996125171835006048831535321540584853704086347165427
96,231,42348399607693806701497396499,94033676587801754742050420674881742185250493499422290695122577157081708197524
97,232,109122263256466420649002758486,63818312688688742556952361038163512928342668127973333809630940428005715007039
93,228,5236771902743019001534726783,109934097909588472717397490374581472276944017157791624535912263404099813814505
94,229,13874276455171750170957516038,37050357704910194034344702257164709115847175736059404804046153025883735991667
95,230,22828218781766280735764609942,23205522151941925069743292184277619492458676870087623468983344658928942092196
96,231,39978518594460805153733642639,75843264282049136150900370891525349895949672612112365686872513564161393760906
97,232,87789122452461840366159614691,96952147915630570916422803873285168251292062982454384761002330095425054795631
93,228,8732369712881563301976609787,59411351432297740605582878316398560605847541312924182919407645017024306684095
94,229,16363053355163239241905602103,4489205630669749114959672329875387942805504615631899366364021390917760917743
95,230,20260416586600080132414757037,114209957900793034425147644806600164268257589725934647456780940894117628816308
96,231,54974560919534960866073001065,31119267945908840130199989298529274799939732969904347723256817821743922599042
97,232,139646672181865884644882665690,36850531865635635718633692812453357919937540975255604244472589522237936271393
93,228,5737490388855978314209967943,26775516406361198996398090757815467535615453119847087724655904152808079062514
94,229,15315483244501293397397845093,93766966879248056795130019939936201803793944238169121015096806825886389283861
95,230,31291738499556924247546693101,4528082515929316559913080160750955350945464557439903406947154283614434224878
96,231,66866906079972836178196578243,95976863418700124889983031514881050127413483624055932335847327347766024657133
97,232,110498628200431176167606203986,87333507402542697374558750638533196124683464140795400883763172105966961312724
93,228,5211966892229504359536913735,105176689691213399126558694888476524102195359394090352190387426383919204073157
94,229,15992141389959631554966186093,28542322175141277477328601126460490762524211597302102702312679593772791787991
95,230,21645833641759191958395515254,86504689357515281915453985683147026706266249148110553175292519822332845102017
96,231,58492882994983388629749881545,65591009912747000942617354959144185288208171377156123330640226360409877077961
97,232,155938281910196515376779711098,104385370980002799542056383395022649519090488903157526296737984849942733039053
93,228,6414077352056443729447816598,79287385243275357567063913203310253950192477617242248466330931845976015693655
94,229,19792251600062557035373397013,57505017572335216308458809201906039911431578197031185963545746441277446367496
95,230,26955362511611582424538202385,20413537022098783606468183028135186453707377776954238765861117255440101060392
96,231,41970148467058453630572627269,113686094800496231832668435790526356312288793416648319269652423966505191546329
97,232,84138333819474813517301706988,45839331157335989221885864185285901475084951163924221090693766249276917889556
93,228,8142625399264568962183967797,80995048542193009454610687200545846917776815673688288215688587984547566314315
94,229,15913336789344898493370919240,66812928187625637634266253761131329256942848221583047850253767897743451797515
95,230,27304453977003277086258578985,96997705122714467430563205854742578153805715023156159256046539800565085825230
96,231,49130227589792102095037459010,86359243735662670593789152983225608686016065178758424587836426608564063727762
97,232,121180015748097463281410377987,48179114503150134772480193282629719012960118564291385355250773972797203080385
93,228,5925463979871273901066041661,112849238211560460246215091657457729500299969666789797778142827515752083995124
94,229,14714111509228177562142865719,18281633304578994225834453129014620779931873864269910326549021499642824200742
95,230,27715896766182288137032556216,91615737349044266027266109265025680417440063555792851044908482351003559247005
96,231,73150028865259747012998777197,66754990067185713174175709894867653294568141641726243127245767169367594232974
97,232,128527045723348283621257061805,43143728491963834207222703761622263229757287073372901831304027250211213508350
93,228,5024790666715542644323204242,48956576469694314409225304702284667997943279800363480527712683277745470084806
94,229,12711054270514369063973667570,14976427301247123047653106315272579371063934120652441593856217941249501755167
95,230,25019513029640725747709968716,25083520992240777686720712215677393753908742977469193807467655409204829130104
96,231,43822445816615456320161509997,69809243790718961129329904155591378439685883402153490064934733736480644815842
97,232,150145788335231575822854446627,11849680007324193757643540115956148854049037396581747400895526232881449080778
93,228,5943290855870012838476806304,26031152272037678084410962729914868252238566513474932205728581797784189468406
94,229,18473784893687909195969919372,8207333476883560579239560344586621371050000444825075330183860557895165806928
95,230,25299767061878434871492093284,81203834568290458773524567708971895855587575103733708587126746267785839516728
96,231,67409717610776009723203272133,60161052704055976295225910441118899911585720646091351410353209835319527049765
97,232,95873524727539959340009791299,78731182284414172832106868334007203383379290478745656108142561302140050131516
93,228,5503077709098568642447463435,102420605059575854187904127192414714732187359479670483261335336068725507065860
94,229,11253158875085895304514338104,37858854817039059960528241691905473145071343485042354479251096201700559838484
95,230,26554342090520663671277744548,7751234889834201235533426630829355957369538295151217345371595329559248104981
96,231,61693211590982323770294492904,97758947254015706794722941668319480747720478867168053543002617519733947586049
97,232,155986762101764654747412943904,87098720888921606429348561379887403188059376418897466341826937238548334967178
93,228,5301443343545843172911897580,22708001786330773544307303927890838032058985126470748972655144006539670055307
94,229,15879445305490373356076957373,17132906359057593596946004626693733503682881155900061684661055546088611858822
95,230,37705393200386102229287358481,99113191876622897058642674782997629103895700582921187781018354034595931024483
96,231,47896038225110656635111097484,103005381330602496877034666529156619236448902903793939816867253273030290791180
97,232,112175277136280593791702372351,55847942358375886179549148275595064582454727657105473071343106511774851594818
93,228,5776393659925557253905511458,2899578374628853552261132105318581426640456096087209341821878078787541702476
94,229,16602851539652748075475084004,93851655938646397834253660449223832022250102777584549317118153887977590366635
95,230,39439637449643841405136454897,66641749633249011455885424387870235724066785914236442025740990182447199731171
96,231,62678621446880918052609660917,3798976867190177970589417692818122176111057600124968435477344784959352461260
97,232,80233694726518587033672805319,60555830860965266133448737887221923000578899753096604301936753764983527966773
93,228,6459876739017300610825614810,53153241866074775513451012267306244022167746278988900410645405142424183438857
94,229,18046658315806538303986186945,3033887457283946292802145092544869276017046357158691024016080219914729879250
95,230,27904737976131299186575295492,65373615549960864846708793948319354835032320093111646388715835533945134489330
96,231,66936509830362606742029618781,71414724843429396861589826369880248691987958447323419985900887841760398592989
97,232,135047810974831964206905116013,43952431593782968810256178277125393626838963652334380473682070233939119151414
93,228,7001403897173650166517467254,67247529519390267563076567147792652489505377348298519369039387588001327039408
94,229,12144596348259128119939055265,40055046748826235071608865544840050470946159048325892872086452318548315667068
95,230,29056355749643942819524587715,31863504596309935444706384410273638167824918553301219700766371462431582875759
96,231,47708972048821090682880437623,75695253090252501523851739359311663397297858087793185985499037267963017146544
97,232,139623955036201726291164942277,48941338782132009394628852358862294850346814230547839056446632769044086867043
93,228,5550045753854443912349605712,100589275315518791563316727857078514419075794650050309526689505485981611577883
94,229,14381081567947457368555472843,102210345879644778764179373336608331033078490408864759573469067753551200463219
95,230,20216311020677389704393755372,66421137250394017137630244633495708416779395328371911021555232294364253776955
96,231,66848280368958292648564253006,23738968886227723970977705291095078135578647380913002226436666107699401471135
97,232,147900837469834036736659498505,81892125801530065801699524613193896233554246678236550170004656672228248518737
93,228,7674356181786967071088760776,58450130291612423759136194899897210801872743791734113603067275701345142779768
94,229,16402019128550270648336354946,75793144852570077252747143991186463269754275786646769811312103598716531371747
95,230,28887714739970224802039410967,15083552404004303278842667847341611713362541170731816386633609339296800592807
96,231,65838364627243236723201716049,59987781633960245951064686752928840629134978899956704669739266565968962712072
97,232,89168907727192304685915037704,85683894693701177266301954766563466455309693384110104378735166800793260427878
93,228,5531051855396651138692930297,8739094656475409801791895757481655368945749352986302484154364531510437422795
94,229,19724701892612451984585413833,50967164328976001538377387027598363386713832820256898423255003218398696640639
95,230,27655172110080429661677075189,22611478468042272106024951498814809109765645439993062208259935441762830940350
96,231,50289585313998913513014517000,1380385453819071929805818273062907370097092666903557667603071888039115479502
97,232,124587092280459608318387420283,34358132032696918663729731634997235077187215108570826557994071454400240217393
93,228,7621561439530899593013229321,106581141680949969043711838377846773961348769982657001628537629315400790124305
94,229,19589616154536479647490614052,111073012657363014625066011746324668967806562343160570484767993071204800419160
95,230,33170884673650090120794422216,29492351963778789461122817302517004732395752546298497882299125432025334213923
96,231,53703178853068813621197485647,21511255341847173892206418856407229054303772482888212869617331714673315853258
97,232,127790049165049759123595945439,1899434425681634830715198040343951700809977519865913605294791489705412472418
93,228,6935643327840374986253559120,77084665265738424725601617267102188586811474565805481866368874744838205480325
94,229,14653153126095859656246068160,90903364717912540462116423186605939356196109335532905146923606208070730933286
95,230,34606326531960043435048804292,95009460349532119994571765936421255006486769196848976187272010743944011288687
96,231,42238389358460172572074929207,21204324051514650331139932985639090612124704009911789539777923173773263618082
97,232,151856308719868704212976517629,14778605391931348946317875626942902378799428012806406657722728483436784832368
93,228,5779287934201706014925671473,39981944175850176308178896333267688167057291574320552065246688164934548290170
94,229,18986605530651772630022056496,21628179579746329039761294221188263978648984908710584522597039458580096340622
95,230,30365454883614975131481716195,24168996796602301133457763140315778662483751215691325076638005588136783699931
96,231,55509414680008635703530940169,18457464717285967361508339062322771636028392075394391035004473388415201437151
97,232,132634247531747312747736133842,2743131144006040118275621278274268606338544550404587611957538142394332552866
93,228,8823516702539940089492343787,97898516116308626669007726413842609387705203092555384745038616005145194723078
94,229,18525073891945807600893140732,83944222853149643963477324565881307935977856304456618693628273085189660068883
95,230,32319487442707725880491531926,70666964130791593823598779942402792411717582904020566486997643765251805468615
96,231,71091776673781691075770103537,89702616483889215577126681303050968829735763693953585740824270462501295611678
97,232,95934333316962504315551859851,72175083015404453622193312701132775934209502007247184096633526039631750913112
93,228,8637332243170034701562995817,100889734079173485846905211928944303916730808305818042475486798449985993811087
94,229,16197841460747158668205128347,78841871263844470642350543146524361359316593736865524835193537522825726223747
95,230,20985932744132234753571013035,83524208507556331567443133367599228536666485366998742086746382375912474573422
96,231,47311358958637103849845373924,2330516005478794478091461610957318384526432397855945534914486102335468197113
97,232,135709090778420912900835550532,61015376070609373259912350312381520519671860371933873727033158948726080947243
93,228,6253150458592537093601650842,36115832252104736211721322029674932814103723189272664379373221958413266363601
94,229,12572962141619036531432947105,80353360240522728081939088156410631738436167624266664741749423429229337309673
95,230,24942027448809287185663349564,31527365610172651982005457155709067254723580643860375828886909187260691668854
96,231,62078213887464064379936683636,76017337440956415873022447169409544791016908382816477777200548889584045363073
97,232,142231260746172134086339105047,49481284250243234566237039977924387018091512213431819686304362140059199481340
93,228,9036405266101846347145721096,5355597100253096185168271284398923305790477434197651330567384755757342885303
94,229,10302405525704192689935953329,86383639348865175865422847472626509749859602304535322339105607819134872024930
95,230,34361672883033114934744648139,66386298492368201623634469775653813518946555324449278955964990822841034568967
96,231,66291927403913360344903072327,70746648241287704248392296922257921891767453311638564094459304950942871211268
97,232,84604047135002524800144355163,15808589344047006083054702303002499121926581951089829394830469994070667353331
93,228,7827785947100527044987152158,53208701119723115399905675695236958687510148601106505277569147746658548664437
94,229,17504390325424702163825788140,24465363418939183056327811314008144337084822346344744511086748778564015869872
95,230,35044513088637318713767387923,61581805505059081489562351791758142471588541793776974315080206891072427303500
96,231,44514991678188442132134979520,63449356962558617920341141173492695382165905097416918721183596977928319874475
97,232,123766570735657922992048914036,26725885797443469621366964467210445814146107409253882946861655794189787435284
93,228,7433667811193803114798807491,53459354603257048102596332040548400734127501120069818064830408157664543073859
94,229,13814196099451706957970753605,59747991808929614936710993199002826931429486991064790771136852004413843217348
95,230,26874430237534375178955932539,52723792194706776049077160423106729026616007885625660387634945428167941612127
96,231,42082231240664147607664643394,29097679833895325548823045081253756691952085450265902887750052479944445679345
97,232,89776354389974975716008398804,48290183704331530383907164268466960904281674951413472563118569974073265617448
93,228,5519807510661094021235979389,38717935834115269764427194385777646297145827379984116887281780598959826538587
94,229,12562725933782742018472604561,82025242210017022139939317875670380414807527804572274721684991662065917152697
95,230,22589970242261395047010116531,32301312929627909884446390822330509786101964394071705926391744854230563090573
96,231,53075770383520891550027617840,75961341308892758606679223997736438927623177638735082047129273902006089097837
97,232,148621495993129600372014611700,14808836619216886595941894691204459543566682291931865446637910720309067596601
93,228,9289853632515375277996812525,86436155364193238833426032073309716453962170607706809871854223495387256748398
94,229,15893627150195928632118389008,80074983689465748005096182523665082143440016819413961985315463341490697322963
95,230,32908274149800104222253012128,67815163151122491084180313434079016318592972628590240827239044692954042845542
96,231,74960845469168978337969331940,112841318558248109571593566310049011141927407033063323828434227639129436951259
97,232,86247013018736345215312112673,34994666488130919438536128976913614553833866525908362143011643953152234719136
93,228,6122241306730303173048663110,91125523965967501435924067280999603628844828350286512155430991482665600740509
94,229,15002223612732803760001536131,63941990577645020076204277334963019748232394241951650473760598354763345377292
95,230,33681678431701533645121766147,9785777298018732258136282595932432965615866099582505012379083594580954143866
96,231,60801518667005119596509530336,75071437148597209539736495498306113911206669882948923714311537530113888567553
97,232,142418431723341531895712791911,4576434922473659734055395270634976785085886352671160528509831550016533175041
93,228,7645954572224553191536296509,110805930841676910730168912308259917609628790326901483473299421512764681180992
94,229,14264010982821422426416998638,96283707837690710636239080491573694434921237949429907501268344328376717483432
95,230,38954318059015536647223044308,115225234390895113970990136431023323450000836914396879650900687698160923165358
96,231,61364327242978323278235376937,94491933833416303909747969651869396298207645311662954255729710352498966510631
97,232,97735451235845882198620557961,45006680616344453898324997853928254126207178860090750932869096732313319745892
93,228,5090558551155450040688720260,55193663061254481217976958623227876508292961296186192728622281710708071824241
94,229,12699698493226604193189285173,114123293739513261758160119861360061198770608987838990701515208556867484716196
95,230,20256459026318843711793886159,54565812586245064325647387263159536344319769845579600955232184905320276579719
96,231,56892809107818200650537183029,29606832014604884407398793095225424493416471843363756235917369596076777281303
97,232,112287395731206349321242158489,48918182867902649461285221555002397943137898412349643852864881039740229317834
93,228,7930004999162538798501630424,16847253321645126439085185029645988058126444413075054885158616939023599787466
94,229,17800493729953769009962147141,37131455639968535974744578203546485958681594631746845836577889311666778720127
95,230,32604180137788837671802603197,8851458582554958726447563912148107369892238771129040329122461407179551768552
96,231,70236460452469460121631301928,19994698296423169201323255108263287029094687538875695739247968180161039259942
97,232,126085165635624530994385304588,29595126632873642524228541444792193096452335221536857945670428906526090112818
93,228,7178502874386816056788779111,75419501288025378159663843737409534822250758341897887072894221166664808334897
94,229,17839500377840629817110873835,33852368156790979630897812928437258264660313057172249393214919971415088834132
95,230,26423426488520977190222531838,88818264127369316013555747255642691432362807176378843911093551981150364361491
96,231,58504435072396730115573460540,8012192228847121909940720509083919646854256003970222192537228279600322555334
97,232,104001768079681481186936735212,4932244447082842295574567186710520357894772614577467989663155639931210321172
93,228,7581070650231201177169418197,111785925770287281551679866393226111548208929855990364288716437810217761275652
94,229,14126059439881638206448739107,57841283582533165806875796600250066306982113085948741925024254457475990017702
95,230,25429843583763043161544409574,20976354767253022956532794018349107528800810301361954850735507414581179941405
96,231,50827281309434964180118079841,74336417230667465746571636941703602247918248268560088257485891069062118956107
97,232,83097117797749460217606702518,17632433213124705165903060049101556000254371286303783707808866364118994967394
93,228,5559761829312972908835029962,54839162936215750925553302504288150050287762038387787967680059183472888745011
94,229,11504408293025215210588671658,54836253405088115651173313854755245107314152974385083283174211437891299489577
95,230,21097098550124225307536890310,31954013514973384893843647958347817622440229329568121806328806060229148448774
96,231,43051336408211184534891208530,73989038355895240063528099026267006155789752857253379336751345853317212601360
97,232,101405223671053969681524964007,37330993290729233465745917332611057542658498170095867851560361200633030627899
93,228,7905242932323935615117520263,16305267623670670057284356330842564655682497757557746152728784921517696653658
94,229,15934624783972901485067686916,55773231296250487410785019800856291389303497906389002690350674708857035068712
95,230,30105671315039849429769598449,40031290415174816897517495408305000776244984106756949438530717798551026466963
96,231,73802335321585376887463754492,48496092792037655416677181810213439441633977725435651419571341979959893654957
97,232,132848513592696461431571017722,108962965038239757111141828816390799687209973559457426389624955689244350518102
93,228,7380796547374295130264028726,94286074855552334228750897018891632326392355941945104844758959001970158107217
94,229,12935838535600864149672304179,82195875965902669519569287274883721694560078526358685665896430090598870501736
95,230,21271945957846199389779259183,54814421919773089260894516055258525570763579710747766020160745938164444260757
96,231,42762666886410555974545137792,110706867730653700172838967681633992043096396599174110490486090935573647071384
97,232,116293126637620982962558188653,55812117358547068079420673345593399412331727125034325192933274636483034969631
93,228,8294436554916724689690172683,1638313369022202224388694720270006562896697275277725300331090098318556995654
94,229,17448716172497771409420094378,95358183215259819578813024955340864126178569866154415134112656097798854959305
95,230,35565041098067394616398569298,8203623381010194649928001672048733114526569122301484391577562160669008745316
96,231,60055356621363572370401632276,113596019785394808119395741734569591710153656148018631317133842729079536179538
97,232,97346533467491400892829524906,95357441939843851975037257275364413670451842671687018478305104864403092058057
93,228,5708810227577822436034989198,63183796745675108144227339750868301968485993588482174858149211193863769172771
94,229,17417200148789723535396513683,114410568425325975007388626868803564969910170487346299408274593050922739739636
95,230,32132771199280229134742993050,74347610783311043334815505880915435164412229023172606505100638127457926443725
96,231,72355747992566833626604797884,48877533938448308411026523216121084177445197324315294009506193786270881268400
97,232,119596609985278808534627613848,60564143888901625437124426899316299016362454617286470613652890377350045474925
93,228,6303551222089897760827265536,27973806440791064488386969894116863644494633139362354526735785075288632338842
94,229,17374339308566984316600457175,12418780146036855860623932573623365846979544642208425881614821058289329358513
95,230,28132024155599806031244071120,72958012508374391685563268427412206594144194483224814137391330285744242919740
96,231,41669008317941403054246434051,84828500443547817515769892302700459453653836426288634865371965006144407603604
97,232,133753747105553467409779395402,97370414901965702125416833899087388767004870185615033479783671526952564568072
93,228,9645300444478312399639192421,52461226087904470409749336073962861642574380247716264856235487646896194475477
94,229,16763062417450480428322168423,84182409507031058120258974303564553520950256127882513188216559191970623995952
95,230,37612622570642254355815268567,8618118451686897212126068912455497015862369120187860986317465705485882806654
96,231,78932630495674672185937971793,107957690821530399693768461018694884910485448167837051947770311567472545225774
97,232,126098373452378521579138050592,23014712420825068130614092776284760046759142241066024350947008697184401915244
93,228,8348198781578627821204617615,94802298049609816195412687831142064038041562485210504726519674194593222864206
94,229,11481947887205515106964728430,772213917859277841817148896334198505361719801013780724776099537372119245536
95,230,26829400058255757985566153435,42822699417176058025671452136685938969995102406348441672825114353898594446686
96,231,48476168752739061995798349187,41215419949457497187607466607555724485074406937505089113621028603431250890924
97,232,115306437207195071038050866373,22773573635996304510215499468386493376386508092507693533260458152460112826855
93,228,7779433317693847706851354871,3544544386305304804071582719288341823440697079465432740080503208538144230847
94,229,10682037720895694739933340559,45733607969046523937889024648987735659410389459998932066004872451519926063671
95,230,38718834835259435641965093223,29018853604657764211473896867027902122092597697309416521569644894496546199943
96,231,56579560043317134546317316482,89170283563802596490281062461367279422778289784323792252727034819007340024211
97,232,84599624779955180899912424421,46066553542053060527897802937991748845947505108594593892625367076099105030287
93,228,5463423694328556383450156637,45173165730037932764256093045800306668829039741711064947581322848216483308131
94,229,16505191005826169399743301527,11029281523712908931304347985844258637149289175913997988529275896939578300635
95,230,22608401584702320050234420895,48973196270635920349126056861800987859488939993329597251760913833432722494459
96,231,71067314619025417394071068552,78134398515362281270091877251760957424036749616781250935978982839665753278625
97,232,150299375333080237778826300828,81523440079006890848466865458734330945890524499209438481355639389661780245022
93,228,7376204313363797927573600459,108359445475819419869977644333933666316698654841191927395372309890509958415597
94,229,12302180829474123375237427881,78380415411369393273125372019401615150829509795749066906449562250805329875011
95,230,21776013137053590656328280788,104697608887925561148018026052817808163659875792002029536817945345213863185630
96,231,65038122108651553805404249110,108650962662896785958465602289171131759692922203411361744881320727460189662030
97,232,128647237287607993258573846917,25176591605203126242914347805030509589472427081519738580483939521904954240382
93,228,7528916509824008515552861476,87508136954240924745379019513928657835429770871792452975960904565716791156276
94,229,16329294781495709348626775199,105212603301294117414653685376785666347545823305459358689899858878314910354212
95,230,37679922951182641650072392666,47638340264829762481666262987317420902960672671039910131770599771658974527941
96,231,65766597013907044026115126941,81166525579608981384643825482730017582231406841154965123257964456955506391601
97,232,123060533628592732748595973991,45625642602380370815240666322997853920673575923421449399638675888651938625617
93,228,6465501627749326406296367895,66445639778349451727936323532812714269449021731402381452577375689892901308031
94,229,10851208930534413495854699717,93019387218484528213819202113832217602880044344956299640331891779639702935505
95,230,37976192849111985775393597679,103571074054202746608468396770317663950761084913127054722653110000387012722215
96,231,43751683402852744307277838817,84356355932370122567296750000781338694691335282604935987496917690225814651023
97,232,95543553302193131085248532357,37588391043861614704581343422150257097038764946023781460731007019031753095118
93,228,8015623063633827455063759232,34010304164705628164981529139118135772794340065767261657512482931038883029879
94,229,12031402536177235150828485343,6057213668017466957447789096169039691276030035893961389990674761924221349783
95,230,28003739701685788972598844570,1273556199168965020367806258022726335498311676216898215602748991379475493522
96,231,74487253210490731453375474176,18812350796296568859680454577449967573575934277433735975427906213546728653307
97,232,79658879041956703929591879250,20443529156274916798469944863514091185635404040011832576790633083937940103561
93,228,5891665432822229975746644195,11684888996277758920136933023115223279841327996958981597206043562872421730585
94,229,12180555866247237357771027855,1938821035710350374491949008194646826833370253635155764847120544725851537396
95,230,25166034952893562823490758509,58275956454043323606192287745366970124474842103805781405689650582871909065751
96,231,58481728537738360958555077933,27293070451947530479311729010594037183023092503981132147746613736904561618908
97,232,154619308823011006570374711174,91634016464014810954023700839604663013422525206075561917685959947939938399371
93,228,7180809956041962467132440809,1420121966208777387814141336913928590453077163576482176128725500559017033050
94,229,17189691303845416680442716181,89911601139657942129448430649742434252394466527640272988582681911987828226706
95,230,31480415177718544422197100704,109657598707521915341603101110841419290143276793630825367914111370334932864994
96,231,77964812689522459869458225003,1474011022285780869785878121267181385153589186311494172023900476108102869560
97,232,142648358302612017750222366162,107609957516258993525304926918568008354666097544611301871896667775914852198647
93,228,7703091482987114100126387335,108381669142505140547713252396215017414465466232329902087304357848190126371234
94,229,14027444330566115853728938715,100319199341046984997894274027340417858243720077981494465373437678100613316957
95,230,35279909344083308198694356076,82196514985165684090404479986461745892405064535399712703617622144177764642050
96,231,51082081288911029071337584404,20274390645549162672262144129431631498227265527669894398866094001818759263605
97,232,80757188580247461516863655014,27322200389335740995310610263875151126569882670442274822361571137884077760011
93,228,8817819564433835970311984497,49023256508896203524615069877750663889692785286343031574534577949567155509095
94,229,16148010369202773830332447052,56491599050929850864935887875652974774343895642692904187744197512268183134667
95,230,24336942398683609380778065150,12272878853139519092267672059515474040204654591070985646863231268721220111199
96,231,61484715663509237850352450707,33250866776543637433701670355452331356308163465011325143566828614091497702075
97,232,129398663565499666929951961927,112400461255271110481375346617976436862527425163135129873267682155861350420420
93,228,6742145340711218448057067824,59154501850022902371089640737969256833031415431138083596984547784431896298603
94,229,16478312513485022383200207988,51929138552014392758620293865466898385028631850910124453669771995723675681016
95,230,35344771126577248436613083271,44960205919220597832772414584564774523783897941034873809832282918264602247257
96,231,53166554102398151785915745979,5958076437077939626879792430273024772692838822828653374056997650529673692733
97,232,92350234176511125748258086323,48868565184116876687161163510403462845843072505554350310662986730327878589833
93,228,5042396023387799756453549265,111323219598734935605767763717280810220913185426720237946150964681140416385434
94,229,10701923753198996531429393964,75191901597399298170055308240334987783147501361721272332804887431987416728417
95,230,26133547622680471898724990761,1709663381722468187501179539117664067336426470115156369324921181588224091374
96,231,72462124453889886293153255417,78619392304115281900791156193095398824900873156848595443914380280524540591278
97,232,101916394386251671784188678819,95716479858239821711404646438150379375060267370693019380533260604036042187534
93,228,4954339488097573227751884945,34906130407652546917854120562594041643111108845567466353064318900135011091083
94,229,13055350086360705018988889624,46903019275763663733520887407900861752506619238890061481690591300663963705303
95,230,20402018967558496386867504100,12590588569131873047224453148178291300092427905250323970891482481926294955612
96,231,71514843393588846895502127755,23316960938043568114317319609492662356252447235205272817606733009660408356849
97,232,80406356797836183537411909089,80365601366393086702498827132070375734333597457697322144505742889197469489184
93,228,5446555472417252582105589675,90311790813225598476985677839035169978574002348594218863792902258033294311274
94,229,13266409231399073365526022309,53029144302533254896081677303220832099160291495085464827724521977592014429783
95,230,24025258051050567675723619187,28838557172988337322269248172386624587355374373213841845968583951540918914270
96,231,44332464351107149875845181911,36817106231640052398685324587102567812669046225070932434334632075138859393482
97,232,147515865360758968704801873959,8996243366437696341921541100854791567751842218688903315845305387431956939455
93,228,6615851000372717130852684229,109029632072334863962732248285802408905733350138611641226178206739588082000754
94,229,18393675578493806621511890416,8307341719389245064868612792721477148671734512381665576105567396232527812590
95,230,34266298137503266585197163729,106530616749241855178937942062164971417172131077449744909168538966480108442283
96,231,67068291129432854181049155937,97049236164616662322527988772450766767062854722973419736897978514864928104018
97,232,124764500248841248503980704700,78162630735434341259139830037319697751513391422725625633113044755516062284468
93,228,6573218691415288566599499267,99669436463052861914383324846470782977477578498342194444151680539399224583862
94,229,19354156101417187015835941572,86585489963692494000847328871162595163635555917346053656847109727724381257067
95,230,27960333548578374960925864010,100557613156164027484911443915535857662452594725029533879175019775389923702268
96,231,65970979227711004880563914366,88254441145239726832980183724171979308792638248078784169684555358941606834929
97,232,134097867395675110780150129897,85711149533043205333978255470600722385451884757669894186268470084848375884916
93,228,5016207631451374555100511031,23350243974325135850857765265878407284890197279464297205903402331733517301795
94,229,18343237462913832053662286898,76358027891759153399248201895739879120348202163097925886004504468114637445866
95,230,27345256599107653956369080632,11653191816302860761232840567915343825276563373670449660892071271699014532020
96,231,61419547694162305050085486525,67936908343979190321497804737381839588283882602438841545682416055521147289669
97,232,131517085889663946927953206277,20182356963537068923836868184796574277580161563785928402250814130801133484503
93,228,9193230554745110774613742575,76162552631353466913624836492609419123948236103002143631029317652658229928865
94,229,15510355348012259475616487076,60835399819927095206055898980539141672035901758556916316413008870304123942747
95,230,31690865082083432354425556032,98962499572941796023757803711859711718682021676970650269177004388510374829989
96,231,55870681291058240166974766234,25228066102285392570126891027611481146793073596174478379862280311548120795956
97,232,152393315844746412192408350801,56959248686713738322337760642249145763234229927433514435971945309264690327052
93,228,7607854600615423132345449453,98883595509266762628571349843658459453408023714564636365615693279379287844196
94,229,14894530243139841678843323827,87019644686527058112648905479070865178549891078486519553750250255058672448338
95,230,32595467779985938276271604982,114177023256995898547312511993346436032220696738457923250543619306318318162069
96,231,43966183583751524233079860682,6570919710914506190896802794992753656030306263623900308280901583586385709206
97,232,89702117945060724639102044021,108097678667769537127879428609825063863869384480599147487627286676733231721044
93,228,6609602739844488466774665370,42391078777215100880391393594552018140839014309514115814290896590289859346260
94,229,15219749787307746105626299317,42081480675979063815991831992415773911027620825804108156205958238583960463519
95,230,35944576993392619455482865325,12676787641735574490721563570592947439043397001082401823890146962040258751752
96,231,78665510190178708876792138218,46992704602926351864421814678703725260050493684905155907552717183564420663852
97,232,95120362072069043865604276148,23733250524146149430151607771748266467110831998131758570219136046243277971312
93,228,7538071306764580620430333000,59200330310238372220372439992695928466611018741399363162030121813653238702616
94,229,14512470466125766951284061484,78284209380263959580879150451504926215835635034960069434610476933598517459248
95,230,34724029695519857495445820127,110415537654171981188596999130966746391910310965582994270871346522571254759306
96,231,41702075844905728696716461261,7112905228312342152982818081270850166722492651106963031329929445094337404413
97,232,105923099894964860994598055721,104274653195577683485073591075292473207494355201706843121994384244266403754053
93,228,9756201637767775621922871649,74582591793662653057917860540304826086828467634535166326228343758742221118276
94,229,11946657272769445346731456445,66945890820564128517171097754546997862346955857750974305079561365827064939308
95,230,37037073963928089075452184563,20618502594551696098405638022820051008209727062774639383048727124099029754031
96,231,46986049426015685692152888129,111486828384403280616534563477219936238953473223793029230802811611108885868245
97,232,102887526801246776780438392409,35406878710467537545184677287715503733660888625701917486346993395789270451428
93,228,6194842869615476821851156328,108746117754119530667218231394929161479716963221880400261235563887260873284223
94,229,18953213418288568956181681903,20574927353942799204792772770376360405201600826671815947375022093707482347837
95,230,23490555952601264871094582124,46015477261428277868371848158637424689436193884980589642948400316827377507506
96,231,62529539686930376637933705680,18588417708485238933903755269127688230426962848679535903528928973643795773449
97,232,107839368145987614806796201030,97808697510734055350020044414855636904423377076010034525420911295598606254291
93,228,7682605610067563776340409745,51016469369274608185028139931878190834573692819897205371353603999250563010706
94,229,14178984172299592755506065733,62248539754474946704984952028788005511808647595448582118342832186718841009301
95,230,26875564484689036340466262208,22685917530933351270828964095845865276745481091862556534618221534954402693232
96,231,71116799915590222901485765891,62542573640800269334016234431599698284043341195607442256868518762874246538402
97,232,110625456015031066053726802608,19605428448870299485460422636476001466383364928711998887172961178985099176107
93,228,8308294484202810589257294858,16725179411877381929379932981599666984492119391168653970853591119523534935071
94,229,13240592026617826819385740914,58119019821407041184805207517685458397217803577109067305019577069446362423838
95,230,28967251553772057317878241402,89174241482869582356516379446959382480100172087699487065146809482791428357840
96,231,49420131583352555637590388299,46210711743928920882592414373280694849783763715652264496442281584207752361155
97,232,97365960510021609669161777095,11712168077052255578335838865580242819473328076084206520256613796113262215100
93,228,7904773839299133357403038002,43071871071885413299958998465822071172420456071337288993731841249463796572764
94,229,13346567916061159301787374775,38727888038779773173681992883084297721977752368703393298879355676876667348502
95,230,25136831191016305025660480070,92380430230537378482577295790364051507248975018084455052096375887376456572607
96,231,41898334833783296624194879430,72921286961384202878137508649129305342791648964213732243691380117375220579151
97,232,117309474280531959578811749131,85762065540307716950004986386672519312727180500514490156906519917634212010767
93,228,7991729212093994406032540125,87202294404070281136805852425238497507754536223844419693950445533698538228656
94,229,9928358082693603530676992633,63861180691719371849285691752770940570259007490089242016932007067800824502119
95,230,30094277423830834795179840138,5782993922432173373863170690324136485473126991253126617469737105093896953686
96,231,78349495507292566530086415727,30782516385316775189194327877196763680944262883517832968201367266407641494289
97,232,122679245341034343372328256893,64166153906970893392744153227812919909613916169470195224941573943327809892558
93,228,9813123539801538455769691924,31734512965616789607398150141884934568906436843462023974510564853670136914482
94,229,14074431899233501646300248531,83553026121280281396336700816205449559620609306736447869999587191274029503613
95,230,19934533265934777358116873794,102421051201596827185159679213002056312010604867599218044284846368791392457319
96,231,52254081513926323205750105161,41966251726313611177565287120103187019546763146052949136507975366098863464256
97,232,143384149768505241120147857695,95808665154058519680989791937081672493480192282278644630574604861860299426512
93,228,8295287543333731943372973930,109830867659576644896381948765640715592370505465982449611093114857565054297112
94,229,17029421388733049083343001156,64323171149619255781908360035275206360540114527683503923613816606999491600482
95,230,23975157495867374186836774391,21358310676359690238987552030220811829685335801883378176104343907970959772439
96,231,64559238992253431013916649925,14455025344538170335740342579142451880970298053020709571273364998802075854276
97,232,135688654336560545615896688176,64845932426730937677033474616676817144333432345383276924432062482431810315613
93,228,7412746597271442084262428897,91027320754005673382672131127300883523670768841434541234726948108696402784060
94,229,12935338185486268364821795340,57440206952794210505502126261699606425543059059045298042094287504694387601258
95,230,39187868431180837199077331453,38976955549002215806097664485331430417164558816888621825580257159400424287274
96,231,47035604909510412884146324221,61916802115464053702739858250717466437360163378517394101275040846264829511578
97,232,104197844580442490243331324271,110084650581664064140441850020154675344611356574474702008922442441684700112750
93,228,6886252311697972986518038925,34311790813774163198873786450524487889852923385247101726737803705897603089413
94,229,13160428930973829542342158642,48428087682863737787695254286766185276975482472531191098932411648231313631111
95,230,35077646130929330610126833474,33019148018767750290859315298103603779491709746217015614399578010616724336835
96,231,78195985996575781861309610740,68942846090234441358556221940911892857806235516426910476492538604288314769626
97,232,120918671707686217857116287905,4979603587590284104707795453504641863643023627231973860694806021090516608355
93,228,8266173020922772329336691257,19245326362543817270946800389949753573871388832035031843843260521533866806719
94,229,14782158373441868732042014401,78431165424715851437685103910142635706199801811173492310438559114267371505205
95,230,30014609975575666993508018452,74957191857107126495665834169617486436569351355373646601161254932059261137097
96,231,62082887278216980285081502695,35614810843579157422695600152764363132684533737300145690162001223367852437633
97,232,157852226165089224064224475845,104335677957185658262070680169902262831003527134096876258139770273316720025151
93,228,5419738895899064463146934211,39366393585181519992865660530482096077905891364968867540250288869570977075932
94,229,13252967370392839068205140951,40697064903693208555846275444167463827481702765697181091225046568111550474895
95,230,29409399622311411967619884683,32508918015878217006782176548234456762263208787255135877668203180002411123036
96,231,45223184412660151287519542249,55658799400957510616456969045024827597335895396838168874496120571979498803997
97,232,151354593042667394404252295001,40526766794994975718824100786124596589282241458733084863401626127389855627871
93,228,6406257207192149697393422626,35069147556964792201460280834260490791679689162952473933586707514974737660566
94,229,12769486226530734071896333635,27367978402475330551844412970820547343020662308783353118673840783565218155487
95,230,38323176676461004820487818489,71259293551850015553577437543597505353033622507854229974907919373755991506061
96,231,76804613952413534438170757647,9001277733569950493705963119603587690239698257621678234793885884164867026216
97,232,100742350700828818602456060524,99502909090306078653986597111839365837978025335112645012813194578399929264459
93,228,5479318729817188187930455868,62888455451600928526105660686550086961562792847939626038060931070318218107303
94,229,17771369094113941474982374320,108960651062992066940734087713233526427964476911781750058026847358098391058839
95,230,29171619448513687309774198463,12267400149493748272614476742554440359319708227503366540620242689592554262795
96,231,76254212864649729636834824354,5949167276278475798669604202586790405493755789996834849297003987744190813646
97,232,92123447875011020399979237267,35987284628115400861489863376345450706807789474033009398634248493248486204777
93,228,8000978909675096145894035694,51545632558189081961273951113341485214247082396735659562786011112654073983663
94,229,13274322403853540855668324692,20366479804655088020929925059236911384431849186773867761322896017564355042861
95,230,37611343582090793927461272623,41449562596044831353886196795925119183818620031815401553316112980348794700523
96,231,71497444549500726212232001492,20015915548153704778010861205288863258669974956261182140605565675555999553281
97,232,151587359268840304489202611410,5036290304512472395176750197193819809900495924716625945786076755870603173914
93,228,7020930296433654636023379817,3539543789310137837864720853146171412473049042088455954759232018963526211003
94,229,10824340029312214732229099254,72826719115417283695376312372304858136579207460608220923912460324035445977122
95,230,34322833001320671204634188538,4736990403676841503863921184522574113723882287431192132317124542432655507901
96,231,56039872716187448827818868240,101313844155226965329061721034568734777305494337185561361174601218581766968696
97,232,127469966342258882425491664252,84640387330177500836262655578226558220935094081143056287864006876308228831521
93,228,6165475768882058794297019505,67038938179891600489448715800975238760700228324538128519483966790050982812987
94,229,10228314442238082539180249614,60916930532093001112731256228457982940113801792925048105249746925682175548443
95,230,25064199144260402483507557568,15172776064459281629583757877863345397181746973581246937571461290597478855617
96,231,76520214186136236938615631710,97583535245347752851836040854655909391995071446880886368684197723443280488901
97,232,81389457718287941318559130042,26187461367295395675558139913815903428005329643765436728975179591705524251780
93,228,8428933797277948747530686126,37176478460514101029702861428123322193358699277187354801984949288016492645900
94,229,11152449828068975782719916746,84759199077717935139463768520101014986669371914130622182256051653410855741234
95,230,29382863274267708361334829142,72243658362235858231813007238265720246128785648620102579972559065740338503644
96,231,51423306306651514764385009658,84198396412167113471635242840619953198594405617887043716332277357820825268522
97,232,108534963246111721883870453386,96347639809621813548346598929290801358841998372905582555875701237626457107443
93,228,5520893183377962041066071397,42057448036175027005283246139921268038446409401347252174772275645576683540627
94,229,17554085850587434593748616360,12025891177804442140986853051363080666130721097835011326885351083348549720572
95,230,30623774344463720389543977244,93703524532100174665615013287928806983696669098419354082225076170686535037090
96,231,46155867497498160119791128702,110935302319370173570959992572662800476864851731572681697063857273970963817680
97,232,127456831243394561459112860693,46436601064503723168637132991180281744570929925696305012816117568996016647571
93,228,9087642855994462000204571552,68016427483209508881183042449593456607396798118405772026288686240908005741941
94,229,13409839420157847286265267721,52572418326609903036120102155491865844586710176928954030495374202907413761012
95,230,20778603675085847381461598789,75832429225660785243398777173244017258060192445881387585987144049908308066781
96,231,51639680210637434477933760276,46656552324093893474098701874092423308322632856310204333450489422366747006983
97,232,122815417467741267721924536285,72804972735522915840307755983351385836850708089691462419581654165160352837308
93,228,7076811080533203623331363771,50845185023280281621457177425843581062087044441907710723223018711868588857828
94,229,15415145852726727734708730526,21403678266449134485511590834359117331300649929333423341298174033959732748203
95,230,22820856780443269561105182789,111378160578696648475517334847263446560572626619138852030897115364004863689736
96,231,41071191187330908789509558449,89036133275505748181254576398510888762337759202222770217664312007194938577047
97,232,92002779859336254698959836655,28774029480807854626974238362842864010452779630688716186141366904042476355645
93,228,7873516134215561981616866185,34414354192240662977047966438400366793307062218427442546422320421923859826320
94,229,11683065387709596984728196000,64765249462098953313522087868976744305676384564200652035864075064000572942293
95,230,24368511158265026253014445573,43135966474759544945119832210758117306350085347662663283127782914975697805377
96,231,69827316492209812171395622956,73387456059504823877748158894098740418375449810688271522617236391850679100893
97,232,144187797534506517676928029695,115643840591823786711224585490778251036211512849950766042028886504499735886193
93,228,8149831499199740478219839968,77742029323937429353865012722759858059627591409822718556007144206539905930136
94,229,14778179142498701036019378377,33419569723027515207123877784889303109449291942426911912794845613170718642140
95,230,38422089506469559164771098549,29386838144891195336798990048107759711075436205341532547089237305787666543776
96,231,47513059897756428729949356880,80815664734257074486900673897374247565456290499645975701865055633320863733087
97,232,96209982859681428588832651492,50885133190543441927336866613449841048043275644327082205753543513741476304280
93,228,5357069561477371886478370504,104881301212347753558715468654356370033460597920873142757579301959867005079938
94,229,10527043133863069900275670912,1802648535631409088304023128877903693300983683289874742752117068050825669619
95,230,27445005213225829544558646991,47486819106580696430977957940224248052166720510820602966015991231536975253196
96,231,39858497856857889966678658341,12108957350622328239264569443701850682247357006109610491653480298252772770073
97,232,118087847319014660039684689659,63952579700659888632833044496921277633922054451883479047923516975096834466213
93,228,8985233514534536238127089144,107227159147479132536924892826621290186653019777636765621282481765157745403473
94,229,12584780836988992163995608537,1953982530927412646508401458554940359562566201231844308024323487783334607725
95,230,37909672563756507512649658141,41539961956266364123871351233849796459634661306460591125229901820495272739574
96,231,63014276644837683364876429203,25338945222941574167958895140128220472645965595950606060317754060819017055930
97,232,144996784888714580989377176269,104062875954873035455938389778510628976258796239449505918777403732777216753834
93,228,5266259144747744816251038531,107596273181743096945776759803262927774253245042102129327221321656845528504605
94,229,15002290245939449492451726460,38747734890222575955635058646101033254275149998620142376696663990332834832760
95,230,30880691003681682602393011409,45512793209149468296836810858412901850573171368686493351230446034744089752218
96,231,61583999579996694136214745375,106906574226068880381312453210209900790821255575826550897366986684630908488725
97,232,89095897414176540695461353987,58482247257842094264799885718808499684731078512661941674307586673860112155828
93,228,6613876242862960052619709251,1761201718371269213800602067459666987792003048998642717393416900835289307308
94,229,12923752965138295263296898725,71464161650181588136713766874048154378773045748042239248247387477305241944863
95,230,26026819348241012498774538712,87507344804496743707161143610498615295237518977304288931759894391829380342642
96,231,46561263362949064020847444283,76866323898357504801240146280266148049105436689358306294522731433496232252722
97,232,126926686466209451080803119525,97936590574084578815264233929132102014326644137038278436267208449439024834955
93,228,7483978074188939508113876856,61309368995465000113813646777901737296582579483730059946185459771634083511201
94,229,18130877489680814761402948123,30228479387001421502598013318328635425799015229991382941985801271722023339221
95,230,34103894622695145770376586654,94177523357909420623909668561145301644299066542016755206193202910388763737113
96,231,68478956943365282574684748775,63002805216522505246088717787085407359244552311172196915258048966035245891707
97,232,101851413702586751034391940436,58129506988740948587362076190408999279406559676634386940625005662796567923576
93,228,9690768563367888884221710775,21454504022061759705437329665124672598664300616761022976300893936415008716821
94,229,15591231028059867365870654767,66598152986009836936194807694822592208069801828486683285128284493090216756202
95,230,22231744588302993397842469065,54005793069281723531277577766755617726781912611706699093343046751917816931708
96,231,45936982163600751144856732023,115301680683759859106018457470186208007775949942077237145427579030925318960257
97,232,101938947017471590556524802980,51032512221749459586275875249375373729179117007085625543392265529504739928427
93,228,8474154291267485201962944389,3167406669690940985180470908586731253207972546719518234968746175469228115939
94,229,13646937724350644356644420694,111224903634906766197732975684413260944888148987638104797947578964720746037297
95,230,30181170636328942623001375278,42392722360752478023876085214716961958987160731540219993924362576900014381698
96,231,79218790909004174330707110345,89945439995524059745207903218907033326023759504919283376211034397746199357926
97,232,97048588943685344930387936539,62456395338461316302756103384616402684455673481938391228750022246350334176950
93,228,8973591335875905576599275951,106077572097049593981762174328672678355805816721635204471326255165940770809305
94,229,15150295622509806865165004360,27452923899771776186948122112994653750510072522586989823075637456639972808835
95,230,30931425831943818178239460276,78152154984035302728037383883594629017611067582124127587531823641223033906570
96,231,70696550730314876254094594260,109605222146525649199084952367711544029380259989420526074915890166912920765836
97,232,86520925814038653821475250698,28573698591002211917280448512361919584734734416391691609185395767288316807000
93,228,5346008517677598441857535549,41021568415424122286889429458463319220782716055578875720271451056831498409737
94,229,16792132318001723708322907691,26948683556550610688126166172379641663787287476933800058309234673771876523616
95,230,30292508847666599613063131073,10844297527251506534024603823057628568990539841213189339495656304968111253483
96,231,45380706683210340567738439190,5217708872143489543335825817297453365803673194688982157045168062109987113648
97,232,100636779273221490447341833903,29659614578145543845521250887122124608048037291948093925209352663596863073327
93,228,6398042517603547815391814780,29390145849941269603630878393389243103069489278165428285521281091541723874291
94,229,19271215243804116170475910326,17515236602508701878154830059081994407725001276971079858116514567283195966727
95,230,31133914766834125935276465307,61289976226624894473633903237114265783831044945801023732701982611251236258744
96,231,58293842152417853903736204638,111877327540795720275850970276955037744715176924479905491034224227163951096655
97,232,137539696336440380917555522713,13383812218719148428718890868241517553309321998158383316055331535826251693183
93,228,7483579728764842760526173543,12554617424897858055476788186853099679051438278539195861623684308860286989275
94,229,12322050361819882067431777030,9221411901173992799768476977990377825793642510053121205268144597715030377274
95,230,29910073230793027963003932496,106968025122975484125784564274740775432687908525172538727046672563668770267618
96,231,75809569343620582847658344525,104070232820773367829422102221120172124567476594415643929134406290609841283681
97,232,123931077234240815144102445942,52164852868667517365999194367862933608994024399346566315388628522413478967106
93,228,7768037956672650174415669973,20011253944705379024125471494864127932124266630243197470504716347746755049197
94,229,13057637294172960259989783219,8759132428854417064732903865310849082559726196509511516289830314522264969187
95,230,25542653049598252046298349701,75758039856783678930725420036688628573028644308181465401318548797609765167413
96,231,69071519113579880003494233124,84980651754034563339627998152157549486887372761689775258879634000983575893679
97,232,96250843574520864236241444001,77767199888277417778414576138275706974332575387421166468536658334959042138086
93,228,8758528721916332361420909964,32002847736712349482827485488730822633390441500835803778299310755632239405154
94,229,17461925780884345359846879312,110235697279263903471344407157230951655937031100566112325844468326336791634973
95,230,34683483594173953579884129029,65104675671987280227632193356120395553910970980955378022829664745986431652630
96,231,76607498417577259639264635813,2463916401688314133485530378984966206930667779893460218876343412936159501055
97,232,128257405572101777655536109815,41113461141845859129507176411918741666361865099568025282576913897136413293707
93,228,8075924643265425564614575620,10610069441847555080895587162189444744281354164534649694470466648092670174202
94,229,18150498236015957266582863708,34631991828369523000929527262150985642256764014879704836734123278477303925508
95,230,28037958109131539536767996489,107644699193080734957365867179523907945374984327441421036387291422988763319404
96,231,77478555088879075348405903294,75694680291946656911483066774005185116793572677803188593710974411583187941694
97,232,147812067142635861368865438316,42622670638784478083699196074060854896452208253828269818665122473723941372480
93,228,6899569240903232233992392077,52013855812934626769489445649248436663360436366843506589412961769030456632879
94,229,13572534891119724850910120501,71233169349349409046617733388019931541709572022983563594308070645127107144838
95,230,30512840710845470290443522522,85411394348263953303387736346573512389673683036772736371002438254317480945005
96,231,64197054970749524760782835368,1617456153202024150794109017325252476588946317926872332796612008273854098377
97,232,147635881338401124663400674865,47499455036798861850867436139170534417853917602388033942893561938714055271590
93,228,9212407363766075668847726288,19383703549110193204814459989685917331311147385181452066418191699663569134339
94,229,12754660192275067372354692845,104710695168057309192333639343490730059214966300653930038589210064594642427718
95,230,29404651432783769630725244042,30897310015513348591866441477342508486537279266637762875552276627148226403681
96,231,60225006371011458948202354374,104526096083576967613208838282399212822487909275508262508321242461108834823225
97,232,147002474357370128130598539920,43599565632389929406394409321751570600311654938985738696468760116645884553751
93,228,7420799957733836116612187902,42868488408270662547407591836860249439765155288838334957824069516564240738895
94,229,17348609731813876007653888530,66637714418203405642291646518764722200004015956810087941006658359604039129462
95,230,32181753203512277428646180014,103054280086139391142956967746954311250911353101988942424278327228139729432943
96,231,68576901758468585073283671980,53083225339595341165433173776484234549404218462086427528740672126826603037133
97,232,150490067648155199486291852303,47785034007892090058879127151021567127329135666989338915449885305107833035724
93,228,8745851904595608574937932325,107165072994259458527402296750010865758273155838832685081116536602968191320068
94,229,10788532162061945016409320695,79954425622964842896156256105022274647293292687633147664860609647522246346762
95,230,21504013587454543814308144656,87652291128781319400877799135310174611073751028793322308261388226952908913985
96,231,72350380495799631678694215663,16513379896457467645919313523545211255365476408399186465201212982900756670079
97,232,85224689324899411563110795817,78551601573980544573026523943651077606265882908940079229411857422931393630294
93,228,5547570813663199186180695834,44222720159881362785882438118936396476487815608764031057338085664279193231439
94,229,10787412056925668986686076702,110504328537883928096181305911495613858169291026035793957239264620418071027229
95,230,36406859180491635328740761466,24805880715035393572682725099284987649301731075981836813254079901953624817039
96,231,62390492435336339217519593965,84309894143495596470833006352771740512460228880176476798482055583160425870259
97,232,135007009944246672331466212596,16140552857457329057485626720562374185282570150657647743468900948076443624666
93,228,9542855432290712034448212012,34366552272496377611069684998645250888249296971189394618955239775573450302776
94,229,11059230667445650351503975861,24088674083299370051087212636800434243611102823369188919806575120553609100914
95,230,35076309463766366085446720459,67087219355679078329140970414444372639733856928875341021666257155985207088318
96,231,44240861556670548159529744098,84757008820086747297625708483532244535800622656518980931564382694146923106697
97,232,156459202868617937458881415059,45315822455643028606534903938209346262237023625773499380905399083170726045467
93,228,6293827584754683221011526552,11689234052383382583793005262482373422032111316612611724899386293875825126454
94,229,14640350937792363793693311578,30153338374503254256358145068975759256725862688583544035953744191088734510116
95,230,27674721308758563216696348553,113763082806806193526565704539439431531535253186002233437341117098968762438674
96,231,55264399072209394332040461877,62334340043670141018809115182068275102687719400063068604092470678835009978686
97,232,141235298527359251793445380444,73835416077163426108136190185289333550702676164464355902846136357267100417537
93,228,6167783359191774774802106876,96570364189617965837336116072379552215406964572002559632377950826286521013337
94,229,15054848666099049219180433860,73739711809119608703469079065660177232570994216047593880856970326488681639034
95,230,37717434261989552978013915721,31130529582119210576298281165977581665167274415265377902135407305210760193834
96,231,42171917203320008950866638590,39254449152493101089131433886913690440254257196135788880112007288579421001694
97,232,130567520164465271972239259942,101467242014026481936701104124828608473954699605949886208661316913922096730260
93,228,6400753550105502011232051020,32669491863355203579635338449812343483067501363128938473285634992572532613810
94,229,10892226470411149587273729420,73639313806562861619511218074633656352419125912885404757684796165239769923697
95,230,21850525484436311807693178726,73797318084007257028543457002604005729517541150343313380433746179403782914212
96,231,63295842627767266634598353364,49030116988794537604622107648553636668168571049682817105470690668629159352988
97,232,91669469375142190359798839125,112139857833712434023980140904590289576420712742942362308187212800765133902050
93,228,7869134076150433217791214447,83152509511482490377492760958842284013127866566386121786603338165969725298839
94,229,10630652692361161774883772641,87365186435123465658605816765432794019141533201865711165041472758356828249016
95,230,37551665079752676643182901438,2147378014039764383837413304678072118407946538191431068483738842770170756310
96,231,39704946137199929449436608272,1008370411889696771471008614320582863951206201398110690392431363240614822421
97,232,141159929595401944487280748558,79442720996474664648811463981152332137952326697527900220463513853443733368878
93,228,7382587529733398249536668583,14891340333452441172475468545606200878330563944320142430738113411792268686894
94,229,17847787962615729062739072811,68244533001055744297556488810778857206311551684222788255706687583218869405824
95,230,34728456314628268926476798380,115113213882791472907432072607021152979998376034146357177595058935659023107564
96,231,53464953149751212707148354865,85775697739464315001487476616731062471132390458947756856255499674777868971728
97,232,124657914921173498857304338326,38771709773416181748388092040287204426923791114979982090307945012507371018148
93,228,6809446801922142221648845985,75258584975431720959490403705249183003248762860885735183294473007947411345119
94,229,10516249821918282729333599067,112926881885017066422297157294621784873422400913226941106829421725162731005975
95,230,39340603294815271293438849830,63072134379546322590408113410049641803666856403444346715147635657078707643905
96,231,66499239111028781314597461848,29799686158242443741171066241239652321047477450438068194453906548639331915294
97,232,107877330488385464471294799252,12684117157286726880972973984158676554020698291874541964225998711667751684687
93,228,5135550282995295320100446925,94757730781401519057343978079604507451410217511374763076783107801728738009433
94,229,12842686536239958522994284217,114768733076494463253377240254336925337766405181164708712184982868179615378138
95,230,25605438873147933542242867200,18955171422524059600029654843335754836307931046827820541111435161575404654546
96,231,60370564020157313682871626969,34450195460203299588372640214725624643276683802217929336381575998326676783727
97,232,100321003956954066256454412085,76673142987990212302452075640856272664394452828113858107412436224212091674558
93,228,5413140246990835477627410826,102794343659068851298725608428230948183801536801012771417391054068088576373358
94,229,12048384621433130489784504889,28843000839104473532108415591301540317329701506323705262216109278812809457595
95,230,29706759373482785132269547011,82998983839445799538647249771878007622978342894059600213290895702168742887483
96,231,49801829797669168088522834960,78758232005086947789556151005713590242378836133741761656663051835995717673173
97,232,122821090524189010803149467288,43041196865880599323620000828162467276681420581789028533416074293216218418167
93,228,6966249307823604543804800931,62522911781946983154354891397958732005973310913179081117364951512692481537301
94,229,12017442929805419261912134213,18364287675478663855974040434912296988255343854376005056734926626893531910596
95,230,25876348509295482065790744298,32285050985195291321770289058228919197695560771281017062020259783146154471434
96,231,41273056131319034838039753083,78320986696699317677839402647727674031162396202811943674402038464660229049881
97,232,138896261892256961613062820253,57244450307530823458898807787095411989439386106451237508380811944741442323245
93,228,9500597742177881818100792246,31088943420036794101646432698901787374715403606306796956598730687399479207728
94,229,11864072783206818082414123029,112807672336340325464891196509317124126835627182060898160324349354497803574256
95,230,31731753612069960730085656317,72383588625201041830738188166478201946008795826520033031122663360958365059529
96,231,40038091698672371561349981118,89134851346214632224586369152257366495835242959873904320782515525284868950823
97,232,152103372007722897370491830538,92399683635636125400303715780230658738593634634435104415109445921635130755140
93,228,7356665559929081493717176580,64228018003749924823516776739026361488852428329479285094170555872214310992777
94,229,14630146438032019177676195013,50163131467672247592799873061991425470972276979591820819942414399364180714969
95,230,22711837243251160211775544028,23569624879208420125897643404434526065427794352705642514152805524365856352489
96,231,71173281955340518981296432604,36897991672660639334213972605892260544857458479259212575028159100475192083659
97,232,107445194144345171999815944137,20607720792005173625069031754919821189854200364161092907072760645284760002242
93,228,5478284950946802468791652845,100178811182617080203793396588240118088446889891207662376153765410317036485305
94,229,14043979250293499463900638436,86340418963921645855331733788562534078472545103135496440286635224473041301810
95,230,25194725774054903654207344731,64199869417358918711859704301682237995584258865744574122439621701471254222692
96,231,55995099227850258198791362361,101245319214316222230620043764003676269308747419714835999930712571375823724434
97,232,115088029978285111691997315343,17205843269682799399013118119144063070308516448424584889571950315383720248209
93,228,5821653109269990389418456020,17523892502042510510768086854268100387190135572649286940271448798736513343601
94,229,13614266917010648017019586049,64950288777442003288228801144291767760885242379030895870065125981942653528353
95,230,20057797205568368543258018021,19646131344221424168966713315030644004929889852247888885247353159390274776180
96,231,58595673053009192490263228132,15119695287841824250062800301859827009961624793510997746768444245559602010934
97,232,135026486695087450821565802788,78939844456352680356416293449903733920981850352256820836815917687356959957773
93,228,6723570904500734412776053252,22447454306077114295175796642078511933043453135954616606920683019495818071770
94,229,15991994816112591433637946237,108662294428728303876125088256116782966609903343770601940133057771442659505168
95,230,29169570677754001879724085595,112729908156418552017993058437257735499948893366938412436093514810689408338190
96,231,78372103323515897542943375769,103521711653371671390821304980202229364873864503137624662678649688369341598489
97,232,132863632214593014677756171836,72111096455809466138073371988192765984819358367453746506908444594833143888169
93,228,5069859477043616093348759239,23108128915842017731109105306413416390270181935738907944338442963292119979891
94,229,14691924345649177734934845953,92756803254069620731715287535790502349000668686242320752073523843264622918276
95,230,38212227126025324015967487279,95694039052006454843163810481965276334456970225257635623320092123185141230473
96,231,64078291728623941110313893774,39160609210049320691617505825104858892249435385418792640931130790183605630801
97,232,102498608163420966246631506037,111440770590317753759800798612656860545481289726575654082210714573920491008243
93,228,5182245892851871266077075603,114214618471749929684969531437304629913645816761466461566553753517158892430359
94,229,12457256857411100356870217671,72131731342324397781299816413297420647977469553786462770647129360941704764746
95,230,21520528672813133484069242153,25272442420314759223380714960110327197760649257304796011869611142303893411893
96,231,78667150305144809396273522179,9684016724554503048733856000662912907633216306134647063628875020576501229434
97,232,105388979131248903330179253629,59331691254194328451746807874250797457623868627486778182654062296243586988849
93,228,7791875721563542866614324954,85503224813020032291251421797527531217188486877328642884594916314939858672761
94,229,16545689867948480469494195924,34057867929290607877417791449749229542838269024875136362004208311729626965055
95,230,37905083980541573980955574522,32292161623274284004180755670606183753286347162599562920659564924038542051143
96,231,44808572266944986898285294315,65442115034483783589350105798264127832521741335475418521065838956346732579784
97,232,125968369114591470047738988497,72478299994403361163926627372503944991315313583486192258001866456391414004737
93,228,5755642978733631146913029086,85004011811764090076057228323906346210791001629472124582007140765147365840030
94,229,16743533697187515793652183133,60683138876862753756905474369785972307272540866730823622795447952001345473515
95,230,29009634516464762314840544327,17509678813173990106603958192223994018244948222369090544413148712048131081916
96,231,59417948241123433864821702170,82634826121281577409833728263021109431328478724709691944135427754116130846069
97,232,136310689028540072352396592172,68154924107326566938967938589213828723491296067883468405529982823048394635451
93,228,7449212957219000506559407893,34865431798253714893098396832900415372358468991746961268830840001743026530412
94,229,19134220976564252126132965810,83325031087204814404404978210723029523821148005304904037352016625573193854632
95,230,24749729806629615831137044019,63457273134177916316773854550819772840533116361136570899824378685003589661494
96,231,73424338167722949428328054095,102387885853341372383336384269586660432805252391469638195242547266012612030438
97,232,126048506412872671662990816768,8062311473303501065966661471054700422216564061026836508350620194916074911182
93,228,8631028361959264244231805936,74688341652602805985976365833152865207004995717207254931835087558363051872525
94,229,10363147553161878258232502358,104469155247175334436010594275819000641537210404481795069286127539124545236816
95,230,35167907150926362865168946807,102530395241583600890832568477097605479173067212165287180768860614167289546245
96,231,65181660491045653318088141580,10524208184234614679093754927282737089107789052243508328952876315517965957289
97,232,145522005875825335572904894002,114964218082946893924040650965954887223393395506960134855507261539347278480253
93,228,9364773092762652714831266878,62486218465259609880120140475722663590562370857081665934931454726217038065807
94,229,9962020529093769706113064329,85340119381153757370160656090869239346375560782017850478838602002780473927260
95,230,32789373139287738399364169326,47528634464962386740847270423912076145491791418856753889099076735145561375271
96,231,79085366733562506253772087970,104130698318759406636530597303857271782401410714088771642990171342224389443994
97,232,145461509892584737689400644561,83871160365633663338389210106033124086248257934404664047073299257086810571919
93,228,9429573699178621450591061586,28764809044625388634574762878055830696164080978796648697058224852389470209261
94,229,14022388601395811034077215740,45236780137963172320396590398768223735373603015212814905115774336575133275910
95,230,34736415172717600930374868591,94207700517606072775884465826833156733509790483729646355643670503874620758018
96,231,60020645321929580129479533625,28776280462496049719792505983258907011469085777223139604749124112641450034224
97,232,80597862339634675218129430355,45793541234885468671628215446026786076811652655117511800073368037244811746398
93,228,5168610152528735811611426901,77511694747724180427596592849918315928235126236595047181401528741710355194034
94,229,13868560067712868816095957818,68561971542481953704641212289617998401534778334813572152556913961856096644263
95,230,36719866883345641629753763814,69053812030293952657634075085479520594664897182412391721867209637434760515588
96,231,71390495146382845791607251990,20354351108368693179768781641333562389732837619416104491594023028270599514289
97,232,80143512273238619192963767319,40033662134521665344515005692632145894216906704514875110656979268802273397753
93,228,7076695450924946717129823342,345998955950718336804320697442887671774532326941320335610244074056028842663
94,229,12740438720652567735686812828,103509229126758431363287476145475432989386869105499193490858006780396753768152
95,230,25490206132538229525547617672,66830681125262466167027645560829499963659733235743403460888955100195652665365
96,231,64295212361523649753774285633,50020239443756287294445301442033776678571002284891822940608838817376186516795
97,232,119276008687997833313829265276,15222608336132881477133871390067548949751657096094546345655716363774630460450
93,228,9758815102283043570557878170,15456577235328573697599072544637689459726890712486457716449640121029777048796
94,229,11338156083642295278761971354,89191578818082469388446033456221412672095804558342673746750378336989127488515
95,230,29118810510241085845156468451,92431862032039612160027616659796138335993015463757015978649938240966880060025
96,231,75288720952860093145284592952,82084170566674622031711464645628917187365355514904882702473582139619638507252
97,232,145857285551129423318741325461,36344393047591294256588993050535593237850135587901638291174522213825331678011
93,228,7072151478172948757489889229,85598948549710129054507807527966597601250396747713096949341474498338300240904
94,229,11926338598578887237021402539,86452688766654228109164368853439767830628145870880454549955042044953172317538
95,230,37246156407560419938878577565,15872133793534336184137745858822792311266547877929732501607091265387209743483
96,231,44007154118729752043920168609,64897854349045339808921091309053950686837254324699427201270939887069810462929
97,232,126148739580292022022331147482,101721057935834785614092289642769550083136486094576783133220536736815088201446
93,228,8348359967054649223898056447,23041640241578236293138157599233143989431105116422446159715184814373113913424
94,229,13253820344991022500219514037,104351306295288230530370995345489241679827353222677178987146425733226134316331
95,230,24195979177363570154590968435,28396304288407010743649084835567892684560140357314351338960263424975660343613
96,231,72213430144444498402308912362,29563305429341229396730527811720128778002287182873621637476343667013615557826
97,232,155296306158751890956445325810,215302136791408854160195032524566600774431103065881708664705957911458615330
93,228,5725548620637328838930850503,7780243227897194806427113437734349488304524415512193165468167018704474776840
94,229,14095161413097477741621087106,95633638615722719963780222008093435472405366014599913026757299569091401902250
95,230,29235174764759386012653600858,89093298377828092727879668645001709626929100106321797004252046668572672837820
96,231,71771169498894231617171268786,19448655828966169787450378563546849078106850143410330172387122130072599815135
97,232,137297925751814571617298399136,48833681104113820639573251020878439339442577339596098564121420084612390559575
93,228,7544466727978300077501996196,110991478335245593578431525410051485077719450329131299387661264746043902359774
94,229,12474167462763349668629479949,24864277103828204478563825461448970336905126342833476378127745979075717052755
95,230,25588600535832277997414930284,77343670970634661657024762673052682813556497895789760549061824737612873212884
96,231,66045267830155689892920126637,83779191101170347094310992527617830020795650087331582255925561066013080473250
97,232,106548723211466842683519880166,82316750142238080801732782798968704715269808372951518678311981931584643994584
93,228,8653992662541133270374180250,106919378769356391887182591212321501315537194873980926779443132673036718121637
94,229,14420597667504322860239662889,23410654941791900456377006895401076579876377894208106110864897390304322448117
95,230,32818985665826621394395752496,109323367664048635598899804263766185247475526586047451990569095417264187663193
96,231,60097980946276774759021939375,62451633664353085566750632560805302989208339386876903014149962017527765256516
97,232,128693730193793710521006854993,61983479262783820956081027048808311646643328907615455922118358233459159977207
93,228,5715298178096850666225200420,8599676318104302604417624413419999124299282268733897401592731527463140617015
94,229,13652921910728950798860800227,27749013658447410712103888304540705002534771599115375040675069973828514971112
95,230,36981544939969481289174142732,61751382694025462660060042461357761123949037421938099582855365632673343275756
96,231,65032711329503056010473392572,1470466749397571785654228465504206017208154258313238785164360498153682904338
97,232,121998495965599668789813504649,12181146712287185765821321191954830544256484721480405100537661927829750087082
93,228,5692656933808743203222403729,47825346158120391472570866949150879356911910100082075420432755871759416723747
94,229,16123518859531408877290841523,96467551645934131788841951942605048127065907620209085162550948797278850926087
95,230,37910650914437201993549890867,90132254133392823518484468778043088627286098915036691258342418091985280942712
96,231,66574226116254417082578853708,74671322057349244016395204362146092551918049349467009769332462170366443203868
97,232,139983500962215242298234823390,80652335303734769063859208372766759061799448823199636308242518516362503813296
93,228,9465165214875073877675021929,20126222641171755604622758926711896081746437843583049787265004843324576654702
94,229,18629976890067653478887369278,44330914878253972766604838106304413311694388098957520473944034063007703426960
95,230,33718843763046487995493333174,2415355169669595343744042490774555108838595965388130691520744807516488814151
96,231,47617351935141355218465222014,62006468680078249834767720748485288649323459309205482592627385117717514190268
97,232,125948005476845724242970647000,86284844506744200116412644510969981550806586625022800162976436001168078680819
93,228,7769163270474696063720504512,8383579539189673224253377564980683526460260606698139281387170964995366676923
94,229,13465965359258607123577106106,28741013664586896139509285531063582062277424167839152469983440080175342591327
95,230,34046401405010771317798970120,73237438789333007562317666860269085098803427468945956445734018637304696162015
96,231,66915229098241195683404486768,55021510898535257772348149231868993760822039208136354581895942384596813416689
97,232,147478733059998864844944551383,71096398724405793369207605137471773866067642074498624287323405700515537317289
93,228,5247984347181425981750281576,4688289425338327252861055963368388578737007384427559317173968082731633564544
94,229,15412253783069183876403305145,66856892878217255901356741843994617654248624198984176697988446135487962668792
95,230,39096728298268173336899654579,95210438931145414733640019440696396511318087125058278742237065746360401609597
96,231,78644646133054376925486179237,82683580407111580971051832533199851428357507113307867020635442323442350725981
97,232,129005493292686993286073052747,78365871668630993082396522344321059463968898497949915555228610666693666746586
93,228,5775502099426958855218635533,85281065506314307454926909706931072717997918760171070514561875493944905503533
94,229,17526130224960769143246289939,29771433001490285464449662039704137029866572432197580430637221387578403195930
95,230,34214851355643637500769034754,98244712237278227009771916911469132500992497804674125697273139666289696174971
96,231,78338080375428063495160170184,32573193399836317980188154943897818859747701782458689298120357562894130207248
97,232,118517295440278382439422522012,17833926278238134280038714444681194779480068262019080183228372619267501007920
93,228,7761092843286081440776971329,21808033156219907390470656285102813080919971111774035377435791497261255654399
94,229,10170732982853078766526365863,48874926035437040648923502006549399166587638034011687625789345003934241310939
95,230,21855050968698906931677971563,1833128337958305124334343219134850279968864435890483284975559733156792900204
96,231,40326230320114054051096896171,57610483453590048604375270298731956919546942429521385731050289509915064400840
97,232,138792393922327783244246674098,40422124470616693108118267588028804542358499627746787608486361827348249150168
93,228,6213551393678351735460646576,103119027858469053068288254243080724726020518701319311262881829295964306571758
94,229,11417994241297565303294581764,19586279446961678027772231058971923572655735980814612585310172120820169333764
95,230,27547626632416169535032047936,95179550162998840532663265924527180571044567581450071801315904382233864305568
96,231,67372882785597692130677845030,51366907276567827034397241773695444154219638694139322461551964249490734845750
97,232,139903175380416781803936034473,43416745024226255168049894000008196309842916299181173057341534542804489042612
93,228,8047273719118477813126034091,57478497822654680075235051164305942816390464432796572535634348188966838495744
94,229,18087703766072886285235910998,28778967421690754705698074764131272046312166388297121753161445918256580356535
95,230,20476329236156238921593454129,95207289667277570165125336424113731319781901308436124036767442878406755812640
96,231,60972622532681574312014965810,13220217921249515547786008292101895519139623647149899966640930213030291012576
97,232,122771041761132071222456419046,109826100822137160511314865348627084574435035467057531344639864248457408902570
93,228,6339027196327036670189087890,91976415545206977277145125211796470996046120573185404158357751044617993415563
94,229,14796830821430835402437818781,16236223928028110230705803649081495938900860544306924463187855268378514569358
95,230,36501635400568658007166215089,23113674588561235825381091362227679492328719082696118149897354933111492894428
96,231,48341593539621229038572783772,54776456305732409799113766621948321626698790358094975993926327932277171207351
97,232,92597891825897479699620014476,88055941970473208390907332434599217762993029911933428615155442361841584806896
93,228,8285733847517350622764917930,51582654960512526228109145502619799098011485479473569163230239585219830822861
94,229,17788600756102010091199102185,39148371089358109543261977997115195065696337631380156765962722951156821947964
95,230,23092010497779360171750704974,44542554025586743087372446187877480730998105282215174999391433349662437152977
96,231,56291696739075076327282975161,53771821308964800898933970936477753652428478697983067015749471932254384884767
97,232,144235706042270363580758184030,63347646614141023895918838190651244974693128005412226368970186085281445108779
93,228,5982455322877604756500627386,71465740023872900693285406228492614571774185306361452203302571274985377546719
94,229,13089182725520826276246235061,103542172785703872322199078430715703622850715405430646387582131182293662289699
95,230,24384117080428088147799798458,13148772253208225443353311041955139216183124180090385269195198792980141310109
96,231,58040982690228183684228695181,72697702661370793681235110573894877650680773009350956841936185998987027222556
97,232,154512674401495148997443143829,102418036741227012430346629897625805020925222227225808585235717742819940139903
93,228,8005716518577928530445299470,96000703492329130742027395920748057928664751474601438079608207880721876582075
94,229,17258009569267691008976692943,84374443470410814306704933476570045348364016088508027571085822252092370048406
95,230,35787653693600485980982078049,42887156708394661597784221670286579672540028561264863392499638032226883872465
96,231,67126403479985064260642095288,10504523156236682551772551201585751091517439637217694264578189439798177256963
97,232,129537057886774704534732395720,90850993742443718952362774912242373270389114167969855615364070331149532827629
93,228,9168087033007299814454700073,13179909063051440819391795263353547514436452082590291032698125859125751954590
94,229,17718109138019568409306207664,20123640127459913065109064190605614411457104911269501518539811047871557004313
95,230,24676168995613324564879367343,14060126146075954485047208752944239688463317965574917387178943174134023675087
96,231,51310490473829840649825745245,21883812316539426020718105541372127599190866543278318900210855488164364753487
97,232,102822791538723222524918794667,22642040302309999755672422512366444664972902751192221076368198802750151030091
93,228,8042053355640890240734701345,99849631118395928658998117564896989200982700418718302335822551204790587484760
94,229,10796841017252792722304216932,13466767431324590340107595465323211897507567291210191636253676951047045346206
95,230,37323059223778410853979846362,77251383812462839033500481438311820019895423182887311498859143524911041240916
96,231,65878504253098546248753116473,21683202400975615662906227130409808940630684569722361646359030249556389112708
97,232,95448893036750048740265904527,15471908898619017255017304404415661958232210967080653636146445965783492297234
93,228,5157128945671953965695514366,109195806807100667410453935254684728229054384380298586317455824230095239629305
94,229,19009973565351590876981201481,63720991208030111395311179975188356589082015542682670026248421396348078845474
95,230,22046158694111215707430404751,61745872940585644318271141859600875468699801800559294324435631109659449791928
96,231,60942583472099217753305953668,63901896275224383514538799037614069413935097994713955096144586538032987847757
97,232,157354616561581373897463459675,45621215056220676432364143804906944997340946257111365346365484120870032331331
93,228,9404936039065295521922036985,66877114626603311744389691143501718035105802420749820780351064546489159941482
94,229,13630407150935904382869566227,53509904982796913108107773911551697796379244246623629324980496911720295838134
95,230,23781486970274393051840248892,27013184141525792066320776820202846228835122033322976073491368092770337217118
96,231,44679245551148003661290933070,95200525687245354112994474230649077905120053640681483717911180244274961421444
97,232,118870855726986544252430704268,114796410722520042776273722131217398710289720280460566681786963235437802476569
93,228,5163211413210621974454112223,27115560391834445428151808950694974612062758177186377006471406295705362041435
94,229,10072229407239703132838097072,48507625841541074425014705455321119263610202624888866466911334445696253301078
95,230,25370293307706212164164194699,82259447031734574223487273013296579577664974522974487964620272086123776508464
96,231,49349914555350220090006514848,37566804936796872102086647063283679171822023934403471466514182442506888634669
97,232,157091453935051163958518221687,73449244650827987748201458510591787394905566921829512730984876144664522785925
93,228,8293990852436313259064303398,69553465940033733280789168861752765528081369198450521119928832462778439265792
94,229,12598836244749757505260565576,107027152922753263208342615188788228161685359733705382296333205257401448513485
95,230,21717992782431103292754657117,89969213924531965746218504579278003252843435304843595386144247265576758135093
96,231,68484208089872843660194594610,99071809925591720028512356430395374356772513088100667903536440450438357264977
97,232,105261845135735851242916615514,20916863410476295747586830612036001799912840963938259130737101583108100778841
93,228,7999271545600989159871790105,27288905905129213784127715652937608997346338437553313375339286860806194825003
94,229,15395021607942884251709363736,35886887103725070834060737062593820234140364935019530982705837312919265557524
95,230,31468423983623562921022876262,18973000391364082018901756813934179832577929081732916262403490765522438764055
96,231,42072135210237176916476139591,97764054615065513289712659217797027303657941239824900914435450215406190390500
97,232,148841285488886090202131422280,30627842152675892632050748261899105589105341170549295283559448934907677971075
93,228,6532709976303103947283890620,85125062736829143739829058861003197756716039258102858968942097324557089986752
94,229,13767621814104075610455583100,84417371007560439334215025129937371211507572404653947317330418188671892606403
95,230,22055301340361911139042601577,111463185506438574012281477413984536722282995743349606442787565776161992722326
96,231,48854803209217622283849493621,1461704900888638648614273543406456492526081451894846832233828988690865660478
97,232,99242356413101035971126269521,96489876815835775490554494856808889269658532108242884432688514926816061811995
93,228,8885743702635679523542326106,81016529715062438313226228716792378030341125498658745812019091327792422466817
94,229,13764992665662315882089480988,20568796422103075912736398615832949685089962570337127386728942682368038916662
95,230,29516734363868720083918271948,6997566606199079624543926935564938296691515326445685080962419120785226720654
96,231,52102236008281449542181863953,55262966118541597637733623594431103733832558013877534394856227903328112574891
97,232,100645450225344511233748684730,5970584315236146268195502324449995593236735153195075138786933029822969171198
93,228,9806405753245240327064040872,98309363262079112269794337568679141735818990414715376334254307035790440208935
94,229,11078960909409168237752808955,115162120014823811692397595822899943888075053834317288496374021156590338443134
95,230,24082243471882811155015168245,61769657962008898910457509906081118099362320019627698158512457904224634468016
96,231,54224166577797249679092887064,49736279585514423732707208408004386059100927966504502332374655224220754089013
97,232,147439465818753295277511125268,49939245802773960245527063869492518662798652011913741064665038573360281279881
93,228,5367629140521521420348073788,110863238524212033957699732633964184843960169714038118581853820824804898793077
94,229,11226432710678262120418228764,113921297580325142225718960290078811730903450505631841659694626259893770345395
95,230,24754766542589584516536453129,16915505054471816605385844053393396236368022124062834896555433051176399321721
96,231,59631831461542962417861698977,32687202420498739808490073594582199762046542944898012253309245919082199694849
97,232,120149815921936385902332598788,22447865814395169187287971453160452473452231049931085900975467512321634788525
93,228,5161688998659284114133523105,62904161664659461853713598615232301681509215923146070548435375195411606827529
94,229,14255687619907836152092551577,76994410251866271490445934136425367999366716289387453812611165234198950049941
95,230,37392662172781561357214473643,72645814494490464910324038172302362523670894592708325882019796324226508654683
96,231,62633893452139474547522939496,40563999948896081403793417309773396612794776765847096206029249852225360570525
97,232,83191929242680757301126725787,40993612111767709650365375613814015760567009199855869313013067892676644606717
93,228,7331986472556843017885030874,101554766067555355447090208997956199748461226117540902545785539350937400125098
94,229,17440483460519116091454037761,782176110573703170855551143804737850528082935110909834400375680861299136405
95,230,34459353697417877540708982867,66942811576296434614080190372820008705846493390186171595540520478864576559150
96,231,73379001949639486150836850792,68756929146463540166639602202389036402129290411978291668156341566555219985685
97,232,143739098593812019371069093906,38987129001802294420248049481272642834358124160078038047548076147133231316156
93,228,9435377199364180532421431379,47663596629314616609703743170895329881346241044517003704457618606562416767847
94,229,14102607782804541311076329706,86584084305283079013873302058446749562744390328707645961388112261366608248586
95,230,33620596156242531544529264671,93312999675474843390738556616596496627589839311740639220719463998975406109647
96,231,61495415000129841877583476521,96763107415689909495842716870131750703288329521549029046114911881021195479292
97,232,101098457425092750115862047483,36299363452567786854851150071308022008550946700638859838744358994063160060727
93,228,9016841208764391485136965916,115499455181630251815873089076228110208288677864435635165087513916029661300835
94,229,19694456612624790872858449619,15579031878127636864967001405549682765250407618043985087934248065106887490351
95,230,29266562469438816823954050503,50532288942216407160065224882400441755261238406886425697429979304051184571003
96,231,52376962603809027898399413449,73783515216441766916310671636475641486475427820046059784071438689527271626942
97,232,134652987736876238965737853623,95241312700969893887374083470598102488591748919654000133744951982047800361902
93,228,6718066794366306261728625011,10150827117377614358806061130186102204648919366033584521504052573853879216360
94,229,16563455997056960586029352429,16913443467495401619568192581514845680761157662488236918705256069928756862981
95,230,23889271891345481414888264051,68273802554823904564676645703187766307660656574994893727035688681750734670751
96,231,65464092693083748576440016926,54668806001972429672929752444801395923876277870773924589152935580992973233785
97,232,139945225542352853167551448072,109290693194605772704557715230445904311439011285815112603830118166273359790213
93,228,9169350587645303684999339083,70075066332654360641175557618351051901631058043531196040291590740963524806431
94,229,10390225647136843360443943791,8453502452891614810646035646034388872872640201859615542611074986832709867996
95,230,20009644568907717176362845745,109153519068151264583976431235547406272048992975493515379210185443611741116776
96,231,68711551365251445933417710518,19980384710051705398560555093643703548273397238108775534022093711382714656471
97,232,129330223810688652515433042998,91406821354466999286522718030654625737393652402852467787018759294641299257490
93,228,7198794485140163145968397366,47994420240281992755241874448815241056079020269534328806438038711323682012164
94,229,14896338086291103521990826098,114734553526677544147376763388069486808938397042459533988522681249223688880731
95,230,36445958619968073930356187252,9066275120174566895290542623972673573587178828178526246320699637643381124906
96,231,61442719855909408643215456174,68912187594405517020776509668855277377803112600676729226111795080733961134388
97,232,95854451167537353248398476552,95232625704014733060592383091291866471185474931283545379741171478739815978659
93,228,9894574569208118932578923043,38780155550473732421875351738617497677423928504329051301755151936869039292941
94,229,10115312093589102603360759012,49257574193053733271071242837033291087218854262005092134517053660282963951742
95,230,21932164503179262450251538700,106999408221461639833072664415262366281348002227582862439280359488068787393663
96,231,49789665705083514584973165252,88823690351328992980606296715073545807493397820041957285426760089977992738374
97,232,97744155016481620643064257426,107986886059398019204889288973923524113682401179184854906105847032605189122912
93,228,7309622716031341332388950857,88421952863893663322317052297595126030955385691768404477467170292957969074625
94,229,10411981225897619582560005122,72225276242937440667413492112307012538225028384792937668008644024673778808296
95,230,23751934704704332952340031757,72871361497883019315481166320209886987064221962547216239569716657246899041526
96,231,52637596382279913435554001690,92096965867666275570263740963597766939061868512074620504919804075565948947229
97,232,137587939086683213195654084012,19959224892337672771520650976409920902078941015138429827406809503708072099054
93,228,9315474770299256576998991457,112869180865391960195892053482235379559768339922477852120349579859397524226469
94,229,15653261997733406779392333932,31830959245762266060206318828908618621185331962549893777703724303938495941854
95,230,25486166253602291899848842528,115534189828713686613685506671759795935686393149046742986181936061991856013802
96,231,42182538921184941976285579580,63706954876485073536439510120013405284874839227421344584144100656887460288054
97,232,130461366941855109736826487423,103643206096769351799518067175764800510018998947761422404966282979369022205851
93,228,4969337481258365527248197969,85294029465079227548517047977476246129602743458278490372489466543411027678057
94,229,18079805734352726409715532387,14724735345902349862139531240775273259806620467748113379020624211393015158210
95,230,32518731403532110698764014997,110400985683053886560244310317186604094555769717319579379956470544814979232849
96,231,44758017441599411584527455661,66355454208297649890335478703105146956926849669904306340322618722607525280117
97,232,138602426178230596150748690476,4065671691953559485711619825264940853541674743082592411647715553104698592274
93,228,6229186439695214843993455353,99608059512178206252983459728893568413763725373526164585087264314657242414355
94,229,10195462310767319780790041960,114197379957855030932877040516401172834911865310305320795819258452371380694778
95,230,32097754892059303587330943611,5573743557208021099674893456953422089405056793770175345990476473675112482074
96,231,62453940928231778114640147704,24490138308735981193400831533676287706381787631142150514891712367217417247858
97,232,147435253469476738956139481199,11754015800406759167404790700205016650621332643826356691287764646768866267163
93,228,6537584216542353697088759343,22816941847448181600167730868657977840043783954704714869754695718656238435517
94,229,16920693725843716181948851952,95181261937411203261818558672562067285406965958993561423631233987361549873063
95,230,21926847187143327471632523065,27376700592177035692966091363979347613743073773484562485456038162378911032694
96,231,76300762233755945572374159756,36952474955231523306050033411261918068453295225625089694935260579099017544170
97,232,119649804114790566436741743313,3751059968675155668888938576019082943315792338606282446772466295732649910758
93,228,7465605637973693123048669032,112417978948184283294411652098529285318391591312885506601998220761743789822124
94,229,16656011265002311743457159907,96336388135197971921597503525816175429612818904817883931023855394684564546015
95,230,24061783681459037534318587267,2165969296580888075365438630233787454697759550342549153773958543888300659796
96,231,61877377170355332991056795082,80331768115774493544866658089618805622000073288103448253692875065379591161837
97,232,112802418507124452886761692287,91076470832002220828346107410514454859149563062315049797507994675985159909419
93,228,5819441922011077455974768499,98375669096409668882634725152580482664732560636813922556791245090117947809616
94,229,17367684113347862354133495331,66670101839425694643432590024112476683281507017688748884973884962899375791747
95,230,26141341202586076653818880634,48746821085282928054167588725661833180177131028923731068066367252279577884051
96,231,50464248535984379891067647614,59021979832730229664129533393286947078045854522777607404208259030785311327068
97,232,140563993551207166656451332798,62617121550622815529073057607678767623993097750060746892414267779374663093152
93,228,8242466339886380157387562034,23721155771791444285135760795434212582390136631376255405355397952471611264638
94,229,16698408740041136576564171675,17383674676514177372388893226073657414622608432734411995158771527404527322435
95,230,30184531678577958369845474748,23144916755233958341351269813504349041641102303133574259286330649760879943841
96,231,63857309775175836583440165831,4467253461842795434614130009160128742445212782292778820033571987505783717190
97,232,97681679710285451583146490716,1033885778279465143183698184171426226088574163785247446415976057580316947471
93,228,9747963287305321934021580687,70938038162857745674950119230604551822964752163826102816059749323281638562019
94,229,11682579721378721675626800285,36709163996626462714981546300137170708770295212826490829660383661522015138122
95,230,26737228583520088604077360189,77941047434684451941955395545713318163656239928590254926209171378894753070344
96,231,54758080538146226048238647420,44502333573342145315297987112523635267268507826347553775399283944304837608846
97,232,117835284807772929097359423726,82245110213609814554736766686220516976505622777842269950352226714813257079148
93,228,5070763931228133193041267755,3278630467622313799443192141351296339437493513732235807719706345603138908383
94,229,11129414811200202477723047585,50723960126914816221934380948291388629086304251647405208570579931906710326395
95,230,25676273124931385205213381440,83674596079139225888918950587238017683325227024119002273814397884295450688836
96,231,67763803946158162141789271046,26546916001822278826651009879331386052474543507354713013487272689009559801272
97,232,88813715461968356130033679317,72664879140412436152507065695782215692466530306873967442411403818886815633062
93,228,6779923668859380566890814768,43631798221141421330612344557580849613858423278843902692424928853728037400003
94,229,16168936762728771970122782032,31152558110632535591139083216690085226341308645775775929435328452847974784870
95,230,35924432814937560992971049821,12825176949488838412212711159798529346916924321942984405883738149491065268980
96,231,64948536072835665441113880313,44743911056130922572910734078449861773264626231607681637101990934788431216288
97,232,136554989359967800867535293002,40023752265549135334864781972182507629705385315446994582287592660636701704702
93,228,7624523560535568334748025081,62676854522430061998576061345396798460856743328093623242282125175106616763378
94,229,13468044857571009493375655236,100743684860156782848614298929212872838419864112509968563662281766048491085216
95,230,22417946403582822062671604662,68650268004868751439230672337749932817007108848500195802151021001399795088956
96,231,73126878012086187509274560569,57304150140504386498335725493143131618603854557767597651515086039078390720685
97,232,112061059010075874088468032072,80035111940297000602861534199456314536222875979493314777560108301445008645543
93,228,8346991621184611031752628863,54079860614173066898710269080528006578175098670775680615361616998359121214633
94,229,17323394694474859968896655463,69243668755296656233326799625113930165849463756988845030160492916549207879780
95,230,29571916472052951147503328012,45967854945152083104943448012882688461602408622108933164858437541402026019050
96,231,72723167435584845310571752487,100197032291489509977897105226435515355485997150340312196472512642257429504882
97,232,144144521733447346540939113249,5981671339130641025079969380115610065054620191338317178564752662143049424739
93,228,6268416890936632591806596328,44230943977866688364875565053515700710043671777514189313521025485207970812827
94,229,18168255896190965931365397762,94365668076326342643521700392293366939411961842936270180115843705285329974645
95,230,29672589768074569112856193407,79662306547219204641885195133421398298124755686293893021263963324608535796224
96,231,63910804718105934306004370315,70739873110017396441238338835248968991145227126391626930497037742516533909538
97,232,100462540384566035435910595959,68844968135466711744199320708603523505929710081646754600250314962796855677517
93,228,4973588627866175734343293018,66510999919797005270769115518407261525693736475176829612552467695301869223157
94,229,16384604506523860548011987484,94203704300667513425417543473034684039722996780294681573276262558507953468340
95,230,33855878574454871315257744605,25406231356888600752979330361018359986573417411343025963503258887598881503312
96,231,53416543220664936507580551052,46176034329825451487881533168499022206221607864169401166786459089817676824688
97,232,154790415579204620251414565676,46237670623243139010342755472579861325724209853729246755567110640990654950591
93,228,9015892415713583440112110144,70851195086624539117565355040662257843311802672928877086774582243077648148058
94,229,12450114414240168178631915816,48927564609011037324227414799825491249939913965398847349617615213268410726337
95,230,22547495816689645091636891004,111068968170677740730643403163911171043811820974522201178948161042059581059136
96,231,70776393172351031258963639130,8120481927557873842608763364345084006695983755706195100088077197651029555739
97,232,98828521525564239784911325734,61280756927704483019614893338509857311491680875086710321284797215535590278873
93,228,9093013648433649624517360615,83364765421654293914982761952182262408365329880178784939038452312592093192504
94,229,12124761890520747084758566846,98989752299693067062778706533098466943475947719153684860844166369687801295742
95,230,28551294619353244730271107872,33614011261454412460266360161739438199788170440870097156246710358370801171520
96,231,64509472225235117992185604765,20576622121196314413054630506893560187118887719868634123882685299674246871582
97,232,110563807149360257415543729647,5463580732516880781509818220794176100091759125970359409310216483449312524683
93,228,8891679116660787204231855192,111293494730236258028900349310589860224597721863199985708083178315599038811348
94,229,14030155364382554267536651063,109599973766048287019013472274506964908749520208026319965021701124242016490497
95,230,29416868447383606359538791747,57889287266695047626661810503278448262965004538435676625184738461801820469441
96,231,50375976664897499061004502182,46526638339962312398354330995899424532185041990717809133375018115154475152672
97,232,85580680755381300759782247040,38116219448275498975747911146604250892409113164561298622163160491707674496825
93,228,5685170786928996786524353956,38964232737956293784748909382048698163686152980036405884591627154799347539100
94,229,18934823721797360704359769751,51820006269814939724727958802333402775583443286416070776249948630790552455589
95,230,33203493825840305788121971594,79611777142917820575782547835379477690142881867216502588545843716405366716491
96,231,73108996888617767483120337653,12828046659338226945338373839306893919892421289210890615275503234118843410203
97,232,85791876293151865022465051378,82784737945136548491516871037016983847463053406176882100585682316271057440144
93,228,5703882761445084571024961430,43928431135430172248365099290615092909163063959520023909950844310228867893861
94,229,15642173202371106040728414112,95203027145326261557392606641936356248649403499101579800642608496021213567016
95,230,37700027560120298336596994446,70372018032702536554382347598333369187870210167082214917233918074165672567701
96,231,75531066999379394837949145229,48999629319852687817814158760107425747354028462916487391302719419606360448900
97,232,87694098490705253833896788495,48621249670559108364495956079573795318817952953820362849367731644208548217952
93,228,6986052196284553490463364296,73036423082092566176320346406147854395192893740663292006833789215773906761305
94,229,15959329446769166076775691579,78631971057344306678224223657183027674383917241015016674714635001390999956382
95,230,22712893677029470483515252338,33413502911360958340549394735264897916511755847754167235802000363546653885990
96,231,61439039768749223905411619169,32571582567146290296875410147260303835316124333214187424424439342883518968718
97,232,83612495519469144894611305418,1344459773279741554326844153025038118551071964290621695781771894627331644979
93,228,8795657012675104147489131624,99482339667793366482861184180245278084493654775259906147801510679171893150504
94,229,11302363457138406468630791273,93441916430588748839106696315333518870771400241024270851812782608775942508479
95,230,32865453812788609109503113043,90406543614086875938934351562710943869996353618120246504128599813770754468413
96,231,61547214965548184637830582322,40012326404280109622258980022850069129149009868231607855622457331460215633437
97,232,134870732213782790611261361606,32667681925652069249086251707880351486595332321288818045297811592504774772248
93,228,7496266012567852085119763986,35926510710695400658103136470616843527993899261733356833176316020015305790800
94,229,18795043379923781487924184974,60829952220367231831492227342103309091543443730227074870014613949839965720065
95,230,34028686094478221935190781165,57527928459770245694052994821127318780205068326902769749856192097942398749521
96,231,75905073122149930328794259155,92435481379423169422977562359739347070542845771335921365041421404852508837774
97,232,127978558747464619921693111408,17192355899652689054187308631724488688962106646182028742504603939776378525989
93,228,6520986982502493916228300034,44524988438620749887237376653461350569095307800243014357452001939502723003030
94,229,13900903240494099767630288651,6650752969963332217898488342022178816663151485278786272172346135659979799880
95,230,21071147701832441153331650587,5948633005111994511294517067561810432878686923910608562059314009793510827523
96,231,62924076343873810379258108091,21752637682761781289106783519523136777708550850388381715206143598838674711819
97,232,93632880500217575506086253033,74633871760953235389444406701529173200204367876154687129028585993098566397376
93,228,9447237368047886573361531363,77580754373129560144051386852101012713292342690630706713429196717849882741346
94,229,12939473792996858760206053741,10098237992926007798438833220644647188582226098829455057799593091222111937155
95,230,22682152657371013590095136594,38346344727673402058156043923438882157819416699791802880520697192452794077124
96,231,54482222419056095074288134062,5606170504566699558221211842963928392924757541171327917120763098043287199402
97,232,149802580302824283109089951036,103614831510958901977938155714295762310194725797433505099969815711890817160647
93,228,5200162648037897969065992533,81114533127460617477262409767415365210305779335327620609396641777223024493590
94,229,13897543209379658734995367706,32258402017148062303475133255466848640496057582206856972817240443536521225417
95,230,28469555119306668050653773836,36138003501338562187704479050029991621541210321456992518569622982738038136244
96,231,62600157214049544760418970226,49634703364042639814847990413018043571839088302649833214084125013549589205093
97,232,106966365315468508189857746023,65627509432091427830007754706630623160621057229849136727692699477152087524029
93,228,6234055949279866427314313884,93577449940092957908732685597898076650243101777102868874411175234779619436392
94,229,14743293205168668100956802012,64372466704992136060011364368336328132293748383628020664358387606555447346048
95,230,21996047322430785359943779024,32498313101657894874561110920290830544599788864230636972317286324124605694459
96,231,51770309410173744552523300353,108260593187538872774301637594658686296736908048685827435712714299141163868487
97,232,83638606359513259095196759813,112520326582895991167202321977127847485267786041661915745937898468543820564162
93,228,6441365479055278930896238907,34450653978120709897100784098007936817738286971442547718941554584829498814594
94,229,16692171499086131578898626673,16261805455793463268269619207373469606148461659636487119338828666529721829148
95,230,27028917553991647041317920108,7742546653395758679825987887064714382444774013117987110398612428191147480858
96,231,49858812357654700979335575174,105390867191459200773426060572957243657357615725685284111091758684963947898335
97,232,151245788180546167086678656076,102721102976222972089477047093242196216851683941354159927229405445647385925994
93,228,5214491428831379873147595636,68194135624973281738268369649976564504830499539222889477007562128384685254722
94,229,17663808940031682456450673266,59295648749849226968158639162367728875603282541399842183194347813613051209405
95,230,36397628002759104799589184831,90372092200738144158205174575451482225895983773846614685418533303399900704398
96,231,58855667105196892849154951640,21331521460773703169503355701946990239983894138789358104246260001099404457264
97,232,151905391364423200526123009879,86516260946529137607462128760874130109528716683936674330769658673312306702013
93,228,9888880526497815133095480895,60230829975764270279792105634016157286661973627423937679792167634796975582614
94,229,17273404921456150031663759510,112006053281699561740596714829250684871444973975573159344600030126221830079554
95,230,32350879613325408928099166966,40394483254196160627335404408652314351673340748930163829978815084076762744997
96,231,67259725362847663590955942175,52766249499354327282865059938831984184339721331272264120743964668346187363579
97,232,158237172326634576242124488982,115458081019626393436830163090544749798145182384203357719958172445778341098162
93,228,6873671203332969456994711792,82657289317466607840449147964762862030159772079609625267580374042300660952727
94,229,13344225053416837457778231080,112075921345167655001785411108862968084895449006810409819135434591916558017754
95,230,31219224883210823223919807602,83973124936677760374957467654489845381263449172473363152808266014614222829623
96,231,56760210079119354469100568428,25469541707472601702595834909269814029953922827061798136383714526977444131889
97,232,130431006614295210273092521108,108875602682616122904405271867202425799721332688394266885382822725839417429939
93,228,8753038543540648696395537274,109759271647972544072446808147777106688100502919402663712670785467764060198968
94,229,18390488510437094294387644832,57935954608746301267108445407290918690998060880660982876346166255542356660774
95,230,25704561834236735368476274790,63304944036262965584435091574809217322487695873011536575848719760456452362420
96,231,48881047493546653815050502260,84143180834791245906769419057532459327850803375750883910689111568427722858726
97,232,120477597319770951382460767033,80929989072449275538420917636373767984251407131421919523268539923653777834258
93,228,5670110802051425771525835064,30256534455657613819218640652808086629399322390616546366322744036507464310337
94,229,15681205970626022374447134335,45131883406001801977047723127224722476740154853271729907526910575732397028555
95,230,37763011040861852419574167810,6789856221810468905928494686675828231917080767557336661319736721895863115441
96,231,48624521071375289006277392400,52369690998288664495080847164126431475890730701826479483296047798559153433005
97,232,120661860121622042145965279063,56944266934095393847693362754430959659669648379643898160755213146813398712431
93,228,6316208246386428545991536736,112931524580705660833606699172182808724806741784919661350193301385448316892341
94,229,10363149525202254262800380286,53987110676541253375113158968464463958010370550724827382368469854506606594463
95,230,21280227328630323319707746095,92711580849665633382636488874372039790797502835176179565614614512471751851698
96,231,68751967508956130885931435810,467207807508051404540982263759059494536047493461791507348370697537272993725
97,232,119804655748990865327889281804,32757539864512353550973803376121905747261945419027899742779827231653153667896
93,228,6866429968261682239131979111,106165383558718010649764766433298953841125060523487440582695481037562285972461
94,229,16094166551379518061455920980,78544854958030830953287078072667325936042169363293472372035672846471898323294
95,230,32544212915998219257544246738,64510487091051312886881861569057461397445029938583168700196942178925248427721
96,231,54650845532375040533878994458,74750922200694430432210562057662309192671916727573668756527790974846851631488
97,232,110043798810833352839079428437,45727864723617041492909031338794332856793742602660844619031008312448702875208
93,228,8496786068928198865461078945,41338201465903380702001096126017593124479569715984113726918898887033933327080
94,229,15669386894427860386949043527,54608410985769524758708511592836399606180975023415486076577713760327300166698
95,230,36989730330568192611244018912,20472552651165238087534635540932941798419177114131009817901683296170522254654
96,231,53671466153264105101047248155,55089336781856430431418907812405201113147276183829077253857663736676982421204
97,232,138722102771417082969499821281,85328769815640000244530741915177850854262578897689942305843863115666669140279
93,228,6984095751807686793129530733,41543158988219693711239199843464615011111599374995269346047777006369886576290
94,229,16586198061492258322420478184,12533558896005957191837786400818427673831601645069472581605902824349196976847
95,230,30575577026571232098408007161,52470705028025189808872421266364656787026700567199941247941220117695262409320
96,231,78489100056798415108243742668,43012437585209964315588057268183331534196234282297907452778765472836816509786
97,232,126241030479874808948390628123,105458994259340186110137193908515504067439344118510281304052377507458381182628
93,228,6718537528749356702200890630,26506257180294665980031952691705628899590496168254303629210005415178274271250
94,229,14522916829550513691776882459,5277747074943019993582751476206328127940246752371548282466701371276847706931
95,230,37661795852476605839441913078,71207012500630298132034828848819242614734580950618292082787760490423330049932
96,231,49845068719206998470765697207,78170903583558808720912742809684427352286748345454676154490550473228691449503
97,232,110327078805911561784886433670,91421620468256530388894607938401534894513138363808893094483418965808412357350
93,228,7021440582382250865082270265,115249735398194837592574639403912391224349498529982886032691976652002536047954
94,229,18422835318513436790211084550,60484083530835897610946644895586288078932759545244163528725309963951582527327
95,230,24245926111122681005091871529,62252167081626246080464321384828790159359492075868849636318540874728683284719
96,231,71018522140846892032325678744,14626377944320711265262703514676203375225470108362555589439994557967111220652
97,232,130866528214981053064830753541,22889972291578890762268553913792420644344418659467831371991933197681717681363
93,228,7960998857209076438535790219,73048406694803612527881226671471607534794628305049900614198045001149080281239
94,229,11432240095513869061144761043,29512385343472601618738637119005198189117559652754715402690415878496765432692
95,230,26317174902735412893942670786,52629306028539936204205703709786853497640000627074809923239078330012322702573
96,231,71138373270014031661904567364,40620212372737160958178279009162411348951804626433347580450134971772580430808
97,232,125435513079442202449740159361,81047242246309508842272227474440036743374851209693721661989956585034757024206
93,228,8014199635734800724868452785,42174933041694803643463108487445975633432161364383692197552194831045034313536
94,229,12367590285400485528150587217,42591075260537389179040933394840971770378482578087545064662797898669352999708
95,230,36474720817890164990268924679,1615504678634755812685774010786585974943649304801997022478840281703102779289
96,231,72446074647393954264466224025,1566880279989758517896826117571658433467749273532522900272771036861091460690
97,232,125691419927011496431136219105,46026569694956392085277095238695220165117339829336662173512090573746913052675
93,228,8817260703186518048591657706,34524332642287492198305796241346910725717389296751893725613801898169398740626
94,229,15939455552547923834507798778,97386532217018018360853174375671200565044380300844680563857546148514368610134
95,230,26110768373562752323718978869,17339950088368493571522211769048938891106485309048842294001911568379272367287
96,231,61582823619086615457388096080,112360879766378721681584742108955828511047795690283945111008820411828557177536
97,232,121784811329155500618980035639,104467367719379600509834834455809588760899392611374350572711796124837106065108
93,228,6180216567642779447523118182,81132997615599522380287679992838601741259290083628526102888127644257230881234
94,229,17760120577936004293426059794,50199040327082651922855687176380049395871562265112139285853373486589627918755
95,230,21802650909999094882310390537,79832362722362350964921578440250469020303773857643545464316101737780479674027
96,231,61704766170787259383120995148,46467267899129218895814158380922959713337513353196884993485283248748708406871
97,232,100244988696689425044164801368,52438735591613517350885196900950510142930798846634122734647820140386509165962
93,228,9713668391608400777876483918,111756885555606280447821128935201345313290957579152821221170151329596200039233
94,229,19488600729626417812474881150,67586772151163886894525338045045440617127678621138140245434048584361135577976
95,230,35175306692905223814990523936,6498868263722898149991449464655213718991682786494628644320425885905085027770
96,231,54585065598629922333404171129,69288110345634418580217861607647642700303115398352628749684909265524544968543
97,232,152616517520146244494327263639,47141566475349945030842106439555638725498034800637925738466922369192757562124
93,228,8113196018862803643823327206,18979292078889776365968259887458517678656074031026756312776365555089258677846
94,229,11403261939561503819051707268,37140544748043314206793747769018687125225765152598271582193008590815504538454
95,230,26466311916894723740275348387,72347293605692168617722064512611985410819084874366130317199467085110191469658
96,231,46242507681683958327203693310,13852206604192704796285329149324993279528317374359406419194159320271283514251
97,232,134183889366644338600308416052,76722816661070503684831441426641163501239329204981555533751904988416265616113
93,228,8496242428353663289936659599,99023542345314091808790037413475193893668487491697739529842655710809192844874
94,229,17325100058144516153367205418,69934066984409897658003590992794538320801155360044614570820254158345972366927
95,230,36872216692766448172891745285,70461737000162376961735279395438075285653204003201718784317016247134123336563
96,231,47408089430526089877589854071,106671889466399687854914925279222212837549742615534719059367914870547458994117
97,232,91021502741025614681243432242,82076008158707532434081678247717348277252223443473210048696285139328482049188
93,228,8737259948895462590367137320,49529794724777416618201159478096553480243016891175063306731983160400793844668
94,229,14851534932275627472104516440,103474069141472805248205840204793984829107611342940807400188210883534725574354
95,230,33962512337696551804361687335,13324221589740711889603585010707486496079558563128322247538079892281428185430
96,231,53897141959784358626878927451,100928910502019774229998289411927928300776746964812892036732922185573268208235
97,232,146114072111463456205037576943,65018013123637539318876355576057357162234252566399290034972056914653639005515
93,228,6025537081575752484218504343,28235522221196558534044547558203708729043756839073130521951099277363621950234
94,229,17693346918610924397337241372,113285941320166539890593318757633676929930470155301558385272352143983759815219
95,230,24541163799249475725608138324,104240053543723119181263986080818249196878859258948187423442881854754919604041
96,231,61989755520177621522753575019,107621146299515280652863659237809605019914042683089803224355017028232697824666
97,232,151619734386069062569531609655,20028349721853438789072546614955310154659335540387503775296757599146107467882
93,228,5999803058302759197428135722,98022184830190483701732136997918651113220879869953899565300027915927297953599
94,229,18906288593509594479771365518,72217979600792426250619925250230581252611134696962213291514364575710686310875
95,230,33030643097670567285816816218,115321793342327150859932042556264657849941330387373087194439603784887802254287
96,231,70371866019554308149009498173,20343594602421580737866669599197723391534238065235842974935297610462760754683
97,232,138167347127792897222861580683,106676359781980257576667634878915693516670215805566982253075746143184924136568
93,228,5937760682036952707096910976,67510252111187910962189073170719779899147858341524247541017536899475635826261
94,229,15767669226873011853261970795,3663067673720119648912984506088128424363883287832364038875641524618334852094
95,230,25941082861565823440947783453,115362589544426826685702468276263520358383964556173753424884204209815007796481
96,231,68828928419320574117898539403,13811076540759953069435522498840755773404705850804803687610157972006780747600
97,232,152267244602025375284622746747,14697121896627427043559889808729274502743093730770929393677336375781666497926
93,228,6532641937906231649095814737,82086611242369789055070324986540028808859751877040338775380695491628593025582
94,229,15754037723045880606165067248,56764022446947729274680735086749117358242234906054739606698397713473594290720
95,230,34979146438654648828200285671,25791645713730714998310613198263017503531898788614437703047089322186965381041
96,231,68723641633009248214413875258,104050080006173908856212464175267362154642419282345452332607760700683286501912
97,232,129457410294300887296506842815,62862355922067201798109356416862266164838718379498268931981432573221295166828
93,228,6655988442222112485795322756,27008492149504551244945099721432347103641951342406582566955421988694853470007
94,229,11722446150844323234929825750,69946642340857732018023933943517075003385446292640486833122786380753927767178
95,230,31535246026410833190565394140,31692032794205807848589319070869120029585654964447394993824670263647707565241
96,231,57910343029684190042582913429,92508617969477904457773463107686965033425585288490126730126952953350540646545
97,232,139163443080380441304535021478,26324774820687503309173399118624170736626463483771578429033905601458824083148
93,228,6363510332061283983451186426,38363573027360732532258964810590395771839352663357061955031616250622230419122
94,229,15222954434380504421719131536,1711448985593667165924487633623605834078335616963183047039622573852600917762
95,230,28626046195068733039127287918,45146016835577765486056839927423392579526378039038391954794720218238931742815
96,231,61724113479150062754591621572,85968313862410058863316730783187783265055411440100815713250811590451396214381
97,232,111481823138736560804109257604,61928575760450681782368540954167848488855823516725611723773780699304039583720
93,228,9103995222585956264722698539,111736365907788774477289249678813677829941472649338707270960267847328379022395
94,229,19271138781336830851336454649,49551366195952174479929649751168517311786609388024093129709715859934909903735
95,230,36022398032632651218823479172,22892257303803837296567778293579969834614394802174328969079505076699172248371
96,231,64596515694655744687183916357,110158395868437294388653185532481125676259978286655410510512546911409453522457
97,232,79285689567430733901482845745,69537320796354652000271584098414308410015030857061000632792484390564009013563
93,228,5757818706868723180726188725,97424009374406214424046917126925893404005940160497359966320300840297332091751
94,229,12648054326906920932194372166,83184304351228831414530383050639414940064143632301295643887811154880211649363
95,230,23381742571580407765873196875,62884737698940560442808580601560061783123690937741892726632629211613017794777
96,231,68967068661042297770363067981,7107735375360516807735530567361527148078154806164528684430032681242313826351
97,232,152359345060091722453739242864,77927267564207466807170770734869650121886318579219270094745718974526722637824
93,228,8682058503396066951549779911,102940539800974421234756236889928694649919745188139284786509269735058985234158
94,229,17370596380730676538109360900,57449439190543020919089039145397172660303534744846478522470297858924868027687
95,230,29644037420128336324871151867,13597215493388224454063861898626916278671826872452022195258204465867939272561
96,231,49587647655248916791787557356,108129479751089894317494619884210055447333361771818255005038059691947693337783
97,232,156520942288289567666431342244,87754687872110498136649438846061175841443955453231297520419430674387737763946
93,228,9554223289519682658937552200,53944676765961741771006857204992948133881540332233564614694416548535368654322
94,229,18294743013068501294005515994,102100201471745798372116475668005422766108847146593672810124770914582123926821
95,230,38341876028533385033432033594,50129822741130208642461759250955835384310204323312347946295487946218053701380
96,231,49092177144624142518504200522,33369235690636515288426177269533838683906118586832372807972091147479749867100
97,232,112371637683627312109856539949,71027793641174164392657891465262812020815339609924409165192308408925259250136
93,228,8094422992205211348734477650,32839365463419114011633629791055447394779518039215772973122311288044886383590
94,229,16664845153548653649870602898,84449580429711041439672435546732731187715700852569669715176681640440176353748
95,230,38260871267553412090570726141,77132462796308039718102537676823013576350210224869467611541384111371610915545
96,231,41138520253412275437595355949,41410623206944018174652479870123376063395723799979718977822116931851179216494
97,232,126823472780383775557730055971,86024210366236763992225867504468777234943237072060207419906979136494751452626
93,228,8070701527823771357210668145,10398606137206397755643142261452984081191584358587276369817022046187420310151
94,229,18440070633089076092285779071,71551844389566960678095775645495726224590842605819361252776596530461625686532
95,230,33395864102311427480991393141,48602435876159378232039285334336785762785767644203557239835062624021017042847
96,231,40127848629473676525750075652,111613227553431785923140608047921461528032421753660117855845613518625413543517
97,232,97708136545988987554930012144,22725481322618191531761324124354757302440750225805644594406427640850951164294
93,228,5866822149096808237655195760,14564621433992547282311856185711235693669478030624628559494389762183379641544
94,229,19734446770502596199161408397,82087439496344114579691192439789672451502133629770123052025854901612443036343
95,230,20395000672454121947693290953,80433661963989645033792943367819678622400235412830757187276092642020881854912
96,231,48540755395997034610074359176,72675315029489494574461878109702797937806360925656325529030557850596033135722
97,232,103763405955398888370720932754,21917192886773075627116492264857177694514558622731970085984061345200246173714
93,228,9413580336021698988998340373,36888256340914341922091750878044245031987573804979023512566396214486486837627
94,229,16590597953550731543142113951,90762592946817099538461729103124317456508464547099078127454533596185581763188
95,230,23337467146672197679790935739,95119839057145160744248409353437295354320760811963471358535454756925196623086
96,231,56759451953902464488121565466,71605129019299900027679928106291022596594831699908621200248259666671521029970
97,232,89652484954960149820888549468,63531408176438707968790262485594893386166078071225598382566422175316077454395
93,228,6820265873073761938241035559,109025887610345561416990885560220384037989779113081624681560893034101292871321
94,229,18632508755258772913888131472,79150774373846828976074720744043459443524267825723002872604016589884242505360
95,230,35220545032098995277101882704,69484433112652325644760539313325623627003718989483717328090613825137697451686
96,231,58438232559574351563887171673,63926370558257740433567978875767258218181695691380735272113460161005632797161
97,232,128022232661651399613064278835,25474697253598630534048613529903108475703851028933884485890945046161719421117
93,228,8406912556904463970574483304,15548057759696278240083277430472558213904289286618025901269813416298708486804
94,229,12004760485015250361823350478,15616997443472955205985816285400105555872929374985650557066265422906631572558
95,230,39028454762746972215244728525,46759916682132324009782162465024228694672709077213092017037218451723478136136
96,231,71079123847573276114166515134,46906500269513626887266022702347770943584513530235305312832798634155451592028
97,232,80826481193881352981694413131,67096263117027726527858088292305938128560256056859024421368296631620833089821
93,228,5009709480266773339988765233,98988067537255010519768057999721834612412227169467932338218609915386080675126
94,229,11141235064821765956881403420,94571497858794312053956210003015733517829454349698383431659613125539387671815
95,230,20223987223064178471786491653,20211843528450743142499315630461301223718507032192079444859026093357373554105
96,231,68439969289428705065327315085,97975519028339920567998180220785531509468006902068928711368031789706782854539
97,232,117044904388043474727049906984,109071045490442139478507797613265927460495463634379951349159145730209897821978
93,228,9212342312718166760136668714,106932966956607477642646666015171329276483351081868322220911642485017770994772
94,229,16292058085045682895309164038,19185541428140528887601827010141391268965309189196987285622493597878522627606
95,230,20624929337462539798600635515,71178629072410201801739203117827917384142380878340553107397258696211860565443
96,231,55664866811990007660925137782,81487103244324313999045425578608250933672481769601830730633751143018461715186
97,232,115166537700332117264832362783,8447442284001575801563688445344864823409132564333247482609268601453216794313
93,228,7812193837687357593011970685,97497714646111425497385615587243828906369710914846376551408305643979235585370
94,229,9956840736870998154287948444,50026710085293013806959613179253423723564462420161547553353744326960728134131
95,230,28415077154873829316916952425,4471899544031706246204758613769651982383710838504581002629598520343064107265
96,231,64919655392292063675260506803,15725287535019718922154668930667536207774890884454970625893022756916974284074
97,232,150390690919656862718643213552,9330589625667085666682537634030713346143514021759643033009593072274087172497
93,228,6597707013955579123259811983,50634718210635177036362845540489336694984591030159292833734060641086767713140
94,229,14891528529499730712007745167,68227628125041127765134047106020421044612667363876739643587598806292369817465
95,230,30305340484517391713363255652,90690358300118719375607770018865790766966330961441482142310721959579759109448
96,231,50653527559922070715590885691,48058417979629044489786615094532911315009707612902528301705868991226875058374
97,232,136447698744755122572740875949,96065400319392427112222435357634807331125420658800348333142635595903643530174
93,228,7205747098649481723301394178,83710476708483101115300302875895009990277766812322859815098772955849855359035
94,229,11806505652938507897708777730,82624143000387381669166668287472577556734821034455917595087939840976383729864
95,230,24540244640457332197442801352,75652838533582348672109497725948982305687766094757014306412880460864176414194
96,231,55746678308987711210168558713,79543470304732027111929887511108198309859368997760216636601276689550950333086
97,232,156654065953917666726385171900,96523335432326549862952476153201862544093982417565945297168189027036112954490
93,228,5280764282558265684597850363,95874051273027505315456020799087091367901657717198133478132402252534936284880
94,229,13551004270358448438433687274,29393144192924723938817731021933315882351605499539819018614532103704510453767
95,230,32886965271992126424820271811,106585539149731366201015655758105347177642545585163735261930838066229479310082
96,231,49523101320946273883852404641,86711002110975941238416954409487347264221810663101025229145758639357562648284
97,232,91420545779173880845855723165,61241041060913432111887022018110473603686120985666770745511877932421951555262
93,228,7489383995771711483410235304,18130099557630042042821652595508752949987599547703752587479808503667723251584
94,229,12564734659877328328156363792,29785536475768458980123285644891162362877212655414577246076170643187217172156
95,230,21184812379573491603543341244,24613847989654456758247469626909370916943145270759434208735426005254045684889
96,231,67426629684793634424790105285,19355730061245441382405724168621988822714368717440579402066144373748070255148
97,232,114362551898077919550671993016,51717655508541763654105874590166822004088066669470108374007489542075643614369
93,228,5918481450325528387247301191,29733782668996996967693603897666585751507244652638988606007643749130110848346
94,229,14482699883006385573336667258,43136956426474329008173500862610263292909373179967551412072298514253794963222
95,230,27095731617359895880890558300,98129146857546162338190468319483261657418291679467509558046566813539792575106
96,231,61873088448725377403645613664,107975627064144244509420118829797421732762907254363440115066698526608481784805
97,232,87123410382768651629916101343,43263261543713447573018500203017664281326101922647042466715748799906237383317
93,228,6421549304934297921023407352,109040284811897743633035852198580764941610652272611097225997548869425474530374
94,229,13686300752639339884647509870,20593330873932793221246016236565483222137408029874399056929896211645843798844
95,230,26057736169249123514843115255,18251549912414763494720890474257481258155950152028932024575525621994970225162
96,231,54702141810576472924691450543,60943670374197878530828543953951260037105931465555103213626723499619214086987
97,232,126314177393760596302656165650,109109332639659266874181227029856046800848544862020771885991501362616124141448
93,228,6741603706625513414457414109,36451604482580950306800978856041575192652504996344533098748338083541377570027
94,229,18013647478152541186371554992,66172879292026097068696827007452736345391099066152613586703093144804925616352
95,230,22253687444486338878148887066,29658114376365815609863897578833992058731465813863430982162760038491718070607
96,231,50949817132444161351640979630,89186928484263195837082573134864151152801000993196380439552009430249788147179
97,232,110386260195635246950732381617,29502019844148454750877328356110042861065834861959240714211400277374416786715
93,228,5838514912665012241308667441,104588961169032210236441615471646998219565804883508756651824983208115583035949
94,229,17371641127187913406137181164,69134897786097945457169927130664789429689348380258528262189703930727066903026
95,230,32674318325725633084047459852,69111211452465224424496351945390065932915442979744378280568486097891443935748
96,231,69919166177987582696365375156,16792247564729986558962797432669240304680857156851228607229679685638290331099
97,232,85519229572006577366403881437,7090742735552581575964086696452847387448612798129501963128055210974932151954
93,228,7939893866486630676056839013,78336361811976096194156233984412795892014799810892010788741111627088020464567
94,229,15206134343767418427879361699,55178571739300972493559616960615063843405153397967346493150591491177156475583
95,230,19883364474295128240079201072,15384907013165282948738975814495716828953866572364548116143381973634059419921
96,231,75308028323550544971360879464,66603078205058804982318324365774318286944772008218710023484020978833552521577
97,232,142502129109427451187760738306,33305839359608013797064002055799352497095544410411960366504889205465424735634
93,228,9256862724072586487921083683,52998772212659201143638056677863584365588440496500795650254230217039732485888
94,229,14969249144257007894159534563,39002546331856151272856174974918587166854550838897352857760405494406963595033
95,230,29972487409085679305203756957,20752508770529098582709262177828657524268193222854615762523171410191230630964
96,231,72331547428452129454845858922,38450398132800565760427935921124736072810748396187586808521583377203415822404
97,232,145563804628986454861219804197,103072640141060250439714538338566186744981094692083317295332946400800192674482
93,228,8838016497597418972721050178,2537060614572660290071758484581226013102138396155185490877997431891322122958
94,229,13632661559226994925213993616,26630922404639110878583294504338970456952065803931891121893922506571008618391
95,230,26710393835623653228790729206,87258739279764602219348162818771610113729176012717946695441488000083368714472
96,231,75843083283852386668039761596,55849063599427848694943170181671074576198076754735478343447001655656187078770
97,232,140447062068467077316898565873,23655294359376774223151123800248152228721301550971921615118917281782823406611
93,228,5770015488005635296453428999,63445707960554398163954141799104868947023606689962594987034972358908991922586
94,229,10758401668826951306012371258,35659788120764796930510000322833137042058508089999680928462024424777268900537
95,230,27137227481032120921069555059,114812304826184730811510542065257247222423538415951404944151742525474700703878
96,231,46632991888600462124283818369,3700600444908586656750312570164236033326136002536625760356910406269032037280
97,232,88995732878013853373181687678,115452642311974047927883241750632703693361811523201418372583471617220207025026
93,228,6405422411903859694573079597,5185016823567540646521701829405600182176302147187359117215893098501956609127
94,229,12871161462907259368173426463,63289688926738240770831482996007658139297073395035713492262386360697913388064
95,230,34321481950596977460582814184,32375986938663230722793897165885941604696902780687816603549444911721768508561
96,231,67865395356575927549024987095,13119188583934123997825454818544825305592937830817021072221715020482780718538
97,232,84609718276022708271738197710,5458325873775696244473867759045490759268552725059962591262447066057598380197
93,228,6392234189431113313805501572,80425690516943328343592465715602979289969252900758144235587002520330201424572
94,229,18151680684283395483770814026,69396125125338296105778489970829476951007241150973606459621609453814488206357
95,230,28411842243790065319623471249,79312736972301272800099082600638810311917858550859314075563768690335009230086
96,231,46172168959471683595933757056,115725193059279674473610325028304007903159165975434765437503109747606394724726
97,232,95830744970728497229283073816,89775183144427161897926795426124148176816898229204810378424494528981018941412
93,228,8561999898093470066378906116,4128989510080397395509594735550255934388148198922551530542285325655040032204
94,229,18744389874872206665885446239,34348252018093016041777414140634702592374259357795281988995704807541190912358
95,230,20405172290739396495951950257,10288586313722260797459881707208918140107583660172613788759850341801718005221
96,231,52525471925459560456585494496,48401461854278384469736298469443128254095954830455860079365440801159287560658
97,232,149991368400608612342895235574,55611044048981783993926160569129424676892765562991069128684157321278885090250
93,228,6023636784353015213356319808,103643644509887388626582060836543687164355879571086318123197954386428416420828
94,229,13565455122963162978815263916,25602264622137221689718744910148642111257309084026861622360531558771176506457
95,230,25098078169845965253193797780,93888368757809010364261912833792514567114596858813207281156696974794885038269
96,231,77727533175498018152809179384,64399580776962107566377368583334637835357321657665483978639781814846016712601
97,232,116429514189295328536326290970,83892898111933342218684817083632808428709509214672455849736023122963296278376
93,228,9562749241029867219317572525,38338088681099369771872938768367227400646881673019241857458536356316803526277
94,229,13685205469745258185306370768,94009136052691267283568445089085957402485956846945760090138606154986867927532
95,230,20988082952192958089884138788,40037390191203216300784561793064502974821178234036350140028980170929883825734
96,231,68716260068496679636205821793,88090761550021386996976595076021273199221516046623182213626368539264686554318
97,232,131871489283597730889084178424,16339670557040283640065229920618282666186046798142238101888355493481111016883
93,228,9038344692100491620179924779,1110717132592903247504680199480818519309584863558301140273525506904386950577
94,229,19377552318954935361353988755,42030836440082124106157655405825984526737080902812708117638247937652095499818
95,230,24417384797005700769498521332,36183766477193856507340178817203272355044814433220604205040545494813135440658
96,231,61569416886698955366665687224,105211027944958530239462693387317906966119635011684256749982271021045174786745
97,232,107249697821535424212336519865,71640598357354059424799990576793182942219285999902113581559183509755878288553
93,228,8155887002455289745715439689,62075090303941469787357813346599287605897926453476983694405110910632510580349
94,229,14505488348709812952031631414,57108479526138797285342639946388641106278413836066875757485023115854793983051
95,230,35121659306440089991414486164,57569483272574010782517570929900359098431328457952070544045520350810694770892
96,231,61623876760620061670683763056,51863177899326209451794052893998103329838541644303750114448458771373348077030
97,232,89899802094092405511492628105,58119863005561448377714207119549280926598977574459129016291839008508632262601
93,228,7545927975778387944197931213,66376357174045384229109067359973437608171311351612545962801301345306210286712
94,229,11695963074715808030166538032,70823406794251979350840326788051532915522315661881188778214558901557586016522
95,230,22858419165956939848120369408,97564252502142062984774265179077295579946010705088592709111478257982222707801
96,231,54194595850054402740565873554,41325113512988145070596155205300248820518038642531745117319204833066879079278
97,232,91419556866999303536932590635,69919915191487533821353305585523405423380064462823326294541200138662364141199
93,228,9104358040731382362852013165,62300260650222788583261338826939174506810678752302648349666233775546742715085
94,229,19202652414556723731851462539,3465622799736587829334268566201271363826384001691777048845786387841955934831
95,230,38846410757810383578577313083,29784045618398559695094663468549121431309163669200511318591659246960764317858
96,231,53632775793928489942318995636,102280103240128824249735882716150693470199715317120751079990605222134073369405
97,232,96264206900038518779338284534,4901074828295702988991306685847527328285055185331698432878524864799363725265
93,228,8712888917342324547799516404,7221532642731574085157083560131681233350376732648255508314932249654995051048
94,229,16153524200823929477937634149,68219705371632065103205518414507198291204133599010830050135902516798789372916
95,230,38098347207878020529391290342,65244396627935236528872190159392606952351851106085397077817496748465242074700
96,231,70291033608558420716663974143,81631926303210754044328468227677014387977440807908184458657399258429648379114
97,232,131326680767351809996049251525,56582714691285913151908479968183353389500431110417853904378264291551067775733
93,228,8853575536947327626501768660,108587773027447036422536093788991308794044700725974884262698307069486236765201
94,229,10134943418029139793073413760,10689826697111229873187428995815131620856544139300523746947053326052200857219
95,230,36621861353279447019934213555,75150451958153138827195454641776201547907011492114891845334767741870988605000
96,231,77790853571234407598800825711,111878412421110536772423396917312429247018603137278278249678136719354277368065
97,232,94769165992257157915550904091,5840955487404226071815329073494585375356695423390072108020054735048976491633
93,228,5101400700783268850890328638,14221283841098911069729277329756828928198082398404170946243235899191423329286
94,229,10336519449083719411753324794,61956533526757668037524275239011921762111147170313557952166358783685201636872
95,230,33313305590766496423929140268,53018091944715058855051420325757185285025301396557130920794754983144974715226
96,231,45735274785418867080025530645,39168958958275081670052993355430555416247860019100127893879836522854319523005
97,232,115060640395316814259861922786,109910108397401045684476000920375251318869393398687735783354299795364910871973
93,228,5614526323856301103649186943,115111708247471094606443728630526894337123976176090544570903622043498442371840
94,229,17422795025820369831212470923,28057686487779770852602084874768983258812056131872794718362889982685799623535
95,230,28864971915200972704521506957,4278819540076827595702406118538612969286900333509068079448131456638854464832
96,231,52182378169339865618354089844,76261879907355050383756547107413591930986943799697629488074557243948702611561
97,232,97290108608846750398941967292,11586909759373096441097192148752649120510276319354882723478685460483954305732
93,228,8326026942506016123034352088,63423673386822585300909175578142094189601251740525583741077400954186885630128
94,229,16858999328053173548976468515,103401598876421179600351591079210320425041715688631951380593793300010062610322
95,230,29292941491962486857787921648,62941925152886816959922144102278014855201815679009764834092330323105073895948
96,231,43487607047252748589326047009,24879710776983700447627244232512474268376419478071997172545550657642011920861
97,232,152614311619270018572002868427,52167114698522200477633647562022402714292990023159917835862909812642129287625
93,228,6291454847002116957609339585,44687047748171612552910933711746113770561126806345639666520865478345954373061
94,229,13150320731608824274055045597,50522116457009661519417099400636448186393403418354030856058351663670186669700
95,230,23725092172639255624190782907,115508296707883211930858779416588241901886273291906886287164056474485807628333
96,231,67895007264976116063128485970,38088400008245198364545220813504035145245963511089464186239828751279185423227
97,232,130395826162936166803823033485,39102836290898458718698998505338510576787463110062452140711573157287236467492
93,228,8428761344309922232285260933,38861456804160800271389003150086681892721408299690352847341903039202306486402
94,229,16667929083281238457416212887,69691533643240026248021946040766844138347034330383730438140127328186308119486
95,230,28119831094778215050722141223,49378959340954293112595415762082016914975869761631161517290887824383534786737
96,231,64071116910624588429469113160,91559024264052129827374509875506423268886319707377669003216400681340440724868
97,232,141679261289048173853513784871,48295295038150888338841598398025740651216541468199840938614385283391953382708
93,228,8753659658455794141203749154,91464333463275540330871720838334378171994686232187309402053432724369615155986
94,229,18968613013088773292067028954,38721939947459785386888355769189570300574770281019860526048275619737293928218
95,230,38786865834899772137844066336,15461211302894537796470054388501730535524547300212506107690321838643754434945
96,231,73859836466362003208563317078,49409015909835288095234475531771621593582802203597820984262343689836277924174
97,232,129928905675563827784919946538,19903846171897799148513297861248370758656948171092448505355561952862069362589
93,228,5952438366126959532438578964,95305218926111789070810005163320684515958623770505468254183108763557515259248
94,229,19565692424583411498554768473,5304992856007935521943405787602298992549588706447791319371965546172576438109
95,230,36095483605291022922901246254,61184994239175942532413705927329704021174108973674573417823971666409992476295
96,231,60506965909676850731199217232,51469657939551416766261958730796422568044028500407147625924746683522380934109
97,232,109557922710142939527445567415,81191326135923566619041706420343265707677073360610385246667040288144729790154
93,228,9178393091876005362006125339,28921304167802598213537188871894156408941745161044556015472243855907594782782
94,229,16626881899093105327199853762,57596597666449413036467681585805946296261937408436370820485449567991835806771
95,230,38322447136171629687671014453,93279491566485208937912471481068314943344984883789065631645338410394907521291
96,231,74103702204121589088232101876,51437885808098317804531577353036658895450009996759942887672712588971684354950
97,232,110389302159798506110289050565,102964106450431258275253495208658702032711686231067787562542193746229475272527
93,228,8505737033230911603327597418,64565978671054620411504915349594560962033235930251100313817482049299121610286
94,229,11426662580786824871589691474,100372509342862118784776616976882003621882105571869295676769534173070610207527
95,230,31862056567925150783259535364,22495044780347466280242315985964662841927010729936294793521437386525380920799
96,231,77807767115378869578060524869,55249619129657480921089129446186654053294754279953250277712776228771324509324
97,232,134463157074515133327744595425,34396509415521293524864407664220272115051368648118561731840544898595575757511
93,228,7972440583253286497008286480,69263886540063506358498082315261670106043958853022570414364557990096215515336
94,229,13067741757088163270857814005,84686343905816088404092679616096053410300155186208887228029478018548588083642
95,230,29069568440931092980601877013,94408643389344818592592028561165089332148198265329554902839279321346288352863
96,231,42289682636256402733546765667,86378919808446093265255148782660573833462151566207700805069265852177257993058
97,232,153834547538742610019258786393,111182410610715198887048247015567065878889761826946742727673768824321435958732
93,228,8879259819041147890131419372,63296700385202958661337596865689356385915560733635895281886089328999505941054
94,229,17624131662556497791992383035,24253629962598366739761264054133975268849558217767851023228571171257466786012
95,230,24504919482059660897018962523,63439857414886882596026587917438984897543928757729884111249949555758925878876
96,231,69624971004505337555418190666,3846727444427884626958098563080223535349963594291927837492386401286400217714
97,232,154476222278909095930068486608,61105029807055119109627798835981159732078340788327816142031769770061446712775
93,228,8733754775831209825970871620,29808971863071595046544835960889810258215976817641539216108584207154233657886
94,229,16220587458902016878640387558,104126808457705696851217422165161111945961405182895428336686986247816421356190
95,230,22538805594023706961822906337,54626236371112247313411979160534320979833737797629265072301265941213558866295
96,231,71217485438420630240231472800,15177991228464313167061046609494851849890839238266769993587971133670892286285
97,232,140435050596020180751461022139,35429280760877549697963110430974362629477122248159270610003306244431862416389
93,228,5550880322527552169633799892,51140800572474894867096904459232920010844686045325785928162366409302516742205
94,229,19360637302993302843191883523,60697562702079869668936103272488582265440368577882807865271010814835807663999
95,230,20445903869596210981120943889,103634257672375949960058585664745319456287861694581127550503555391098623267823
96,231,53061059821009117172134158069,97035816454468660440945344128537303115906369175944430937476638190629603809052
97,232,98225656078760058128774620700,31040502608281734916469458110144589037422588148964447389451582148168240348429
93,228,6399860958931882871184587217,91727573464553310203039035251188540460042573655237047669435215360870579221326
94,229,10933277868062055674782123019,81642550721032768484345379830058800103494342781484360547841035628169831020521
95,230,38848079212872643548397916339,31338931753240302872756066652430873434701446574360504480844710500332225434441
96,231,57903807959997058337928988980,77105638032083985756293488065023113479989419840092494864396362230147544883099
97,232,136104615096454112287518575967,51989515935370535192117929397345991783259683594675723255709303275521425549840
93,228,7142657034465649609049579302,56650479924581485834802257542190198063409400252921324553731223473340152041291
94,229,16252036135799011758675121413,60213353989953169014705933651993928378790730545327372574517368120291395587240
95,230,35591610380101196150924418226,111026975293424903674031278961742871349385905731155568202850323758224248987198
96,231,50501007129650766253367904735,98394192625111527896246572251564743293217241116884696283630844178080563384819
97,232,98758270878265360560940700948,67554335001504310271715486905570136656297395598244966371988298407168386503349
93,228,8222321961579940096072532407,45300099333379166086928526055488750310804683866118775942352372571141539269555
94,229,17266938418280589332953682822,55176581966265744370311454625446476316935691577578143321830076655397006857064
95,230,21639584225395724256033566980,22357415857420248942349742996961940327099355415140638089458149309421410650465
96,231,56584853537095602857946281645,83554755283334972566150428805523254929757342326162769739806260539379533683140
97,232,92802911717032009222278632852,55934005397449815406119570991104595952384298974457869613167784323876951764544
93,228,9885746397406074952116960241,75507598666911226178826099220072017086503080104469519860024951816721175462913
94,229,16240446844084338404349041185,27395051352387888083665768554024233270939421772374471203025496629415221873705
95,230,36347666440225586130075613252,20493004989982698180732647263373760034776273796703303667858503606040014691731
96,231,56689983701413305787979554488,46154961709404196407728649095419300695472789323620108642240754657008204013959
97,232,104553248892633282343587559084,96833697051641587818522147066538214175496572350548334545471504020232902685818
93,228,8130781131799574143439159633,18741444758670034492780188860171496550149321201811066552538031215114215802121
94,229,15472084263644457384863574452,52288982663666243033187972656263177918568866197464945803961086530892622707392
95,230,33606184863422985166826555229,37359998710028801596117820351828424874101820512031704301881229561721319114771
96,231,70661935314471685718527641945,6852686770387511042614013899297923005227129917565614418819628517851686769230
97,232,79827950113480028939648894320,52148306367314482181506855156833261698442225158190299499154615102788986770629
93,228,8126506880871765002660441763,59536608502904052144231405638790759626546558788537411910717583975075991025912
94,229,17606675061945647782937975792,66937643331541696696864983307491520930874744716971363807863826875389985130452
95,230,26118004094280531529007230943,59289477034152646629385396947304368130895761819300719319879219516290285888541
96,231,68549042400540084961854656205,37442294996132341465992942381770236065107644964164936717710784838607953520385
97,232,149674657653151111081675890090,7013254203222665144545607073620644103106254478012413750499166441628752465510
93,228,8339618374583931901210047307,2696935424991158568008212747898726064033731960482291465540243471605720941033
94,229,17400787559689441615642936856,86197005362762444622066629168690089931455683889018694997698168081426992759888
95,230,33999047795272799879411763360,36488673879286931324512982795139143813306055936715357470940730846890102726714
96,231,55684548607863679479713591468,4797689158714304547371357031674851209728756662509143514947290572025548829890
97,232,100145127600979198107795780075,31909714573889244710474795503678929884127456404361858516652073538895641752692
93,228,8826637975437509518119419744,5743906083166831744840461040640293834869553184023701641285485169599691608886
94,229,17403560873263376230904920702,71008563102192662991660719894128715126781534205282865856597499041139301847977
95,230,38859320247338902459468619184,103729625481505228146348907628347728117521248337168642619519413729897133587921
96,231,69719429510307152111162749603,5766064145931688983053693063694826841877177292749998179691360511916525607649
97,232,153273296724670385416565945454,84227534802599444964956705725510117342667787457188132727609932151465396487969
93,228,5265854268929093947444962038,84690460072871943989914178594973264333580855279952052781678440389575816050860
94,229,19205515485855114824891926466,86783903011649114678129792584263224848007473479207893079708261725040697959066
95,230,31108712816046115859920421671,35083358205018602220740749232294683674120588593289275332233778708117582868898
96,231,51487930157701526582416811526,111093909560403024055421815858869429170515013968847147863686033991594616137241
97,232,145131449732404653156590626675,30128320897748230496769113785760601965660906901288766294787674196316103735935
93,228,5143296449334907275134800983,82968096660163400759875333392493113211128847128317492890146234722203829874643
94,229,15617265837025055311720648292,33179161128279626801299301066733643500085475510263091268913447728016945848749
95,230,37306082622824362181335575494,49378632123716642661731880027813822847983655041306039643782921367313595679382
96,231,44014343900897922156369275703,82160481303293748081533687686517261644900980286117020369031567495060486357528
97,232,107400386329655849055798930680,76457231505429705452956385281030811761157070048019488219595542670865449587337
93,228,7167572844564568366886313096,84867356631457004726330500738879913188545662141903158792548946095103657507045
94,229,18832389046790549721998685670,87833486198262346912281842029537538451712272451423247943522998692445905241359
95,230,27683364826421671623283036712,68022366037528028588014966749713469352270391781644187896273695404653416378036
96,231,76884344805009167018400255741,66051975758233913640478637239179497121380996386889631903450687679708526129092
97,232,149136269029595908966229917332,5369612031256575783571451413229745116898844786944649094579452642166853224496
93,228,9251769541669139510147325954,51944142490973224783895235478781725712518418216380654275787945621591645202676
94,229,17651399007562462129488493523,25630606927112131896987260648277356668998462676920439294403471409428373546376
95,230,23341219993110535294530280836,64089335064224074236509629255462685170502931351910097575097922941626886512751
96,231,61713924280690543952943055147,42350410186925443746917344615262345980504736855975758191037758442806308418988
97,232,84400085009196172973422522007,22900836896376884171839589709270500363629131833140640402445545132524706641813
93,228,9071503012267800152150089827,18262205727170060292230880907766339665300236859024259035802947943580696837126
94,229,16798958756598925127706020109,27550897699233301154197819002050922672458523858841531059668320072232733007717
95,230,19960511109537187190906413786,10317770713901077445643208178789985264901421065982306726142931422802574406626
96,231,73646392571840655191091643009,89626358493847947066700222884370404532106132604676461212461720151865246922014
97,232,100174296222571006731572285156,8419499086625753289694098296445475596925109640560688846727028645507165621912
93,228,6328614201551242785606054633,8736538973393100982095562409586111470352056896803602910127065374248539163229
94,229,13658224568529939245618934010,1663921977002381173275081707746679133894529147334125048573256309451050671854
95,230,29197144765420570830626505988,75572331465887836710237972678460213208606282610111665689301048386296544246544
96,231,60882995830225655055977464725,43474614742749498966279337466095049890319130191085707309908955004902501550714
97,232,142163339730355420614151969304,33074274194123714500918765699994734189148849057895628485428691540582472620445
93,228,5639254560357563816964852261,13364763280233304025488513042713673997809403843138106747681812831336705753631
94,229,12132216140415452423723762292,87562435278132099153875845141975558735401884873817049499041007379243942761080
95,230,38911357990979155344355056021,38644643493625790133181315280483018657654443806443764200880395529284860159222
96,231,49729074182677031733539310471,80771924916796359307008969015239548287987155232178796762209654253841057762343
97,232,126699273095861817154854249582,27275420345873783700185376686939805640764702131674729137674697882640542850860
93,228,8270119731267393352625072266,79223999004847432656292184110008203400846956863112888118146165699661350191518
94,229,18858010832128487527824470800,40144313292345437270155699439990767300369951973472479464793557457420958515287
95,230,25462372237530062865360424867,10873429251738498559871924403471447576664645930176740590611208333487349130333
96,231,52521840101681967637598264557,36998500465798729236584068653935441608884217851403751217406544073310477249793
97,232,141484977152990625358496760797,108881562994761294979263446878444938047122032176883715091494780083308755185255
93,228,7602773987308173913535646687,4829626952181301526091924753370265147602711780294378093893753462515595674828
94,229,18612425989860531041528024751,73337884536740098544624720698812668655443776520993603370417883674885990536659
95,230,37144732599772572738444859434,87178055411529043278500582620596767199112405700368955854028950059279965274607
96,231,63652732286715008133469783463,57781778863154439475070230107618004166396301399111176851232181177634792274143
97,232,89479650577828426148668520966,95793302852809368618522850076412785717331505855818224342187551338878311045536
93,228,6616478612007230554942772559,7406148544824278366286495521756126241679560670730669645786231037324193311892
94,229,18937730299051081059788988558,80709978391122300253015516553068141693104217493578735019117645194955457756239
95,230,36784326872305145717213199565,79980169731932316789704980935113207339876301584967217351302787851853239483453
96,231,71044371875121768755745358189,45759658990168410615097535030047985165857577432948477901141871850403947720563
97,232,141192353944625327897606994825,72693122928827500314364483042047800579493347983362620211741688969095173489036
93,228,6707489252775073746453110448,111398986336816429335423825878082445680765391348728935636158244877583005418346
94,229,19655160471641754001331801515,35330479587472016924651678445944654274509638861581858360665792922421587074761
95,230,25834464837445150924391959772,29695001239382231813854586563060373342615470559269315855447133211047900356308
96,231,60089021808722147264868012625,84024478685700673604428077462276031480948237680940895640989851725488266867839
97,232,85687197468344732053719423098,9170127217383553445093137601201795758149142898756368716449772176333286771465
93,228,9811400455872562406680184335,75336596358864696510495541969432092509379694717042328542430228437368336053381
94,229,10358050995648435457584565343,50313846849897700578803274982459760641398814702797648307755081107224400356443
95,230,20245702013098923922493256109,101727955060375355243986554596570191426846577900587613452863665810750534841202
96,231,61643627567430524592656657594,60079298875867523368809841485484027938173476238534054664695183372588148952292
97,232,146806593801571923115991681003,33244680965589481250704279081865371418862112133801257516606875845581941283265
93,228,7547352456899930673857546384,55721211414381677585598957772623486462739968570470920506183842650671575745811
94,229,14879290566322031999740367813,48080870870238195851879361539291130282928339915933985134524608282549851362663
95,230,28462442097114653164766837969,93232849857400972731678136107725850223185495623680556534733374322041139840284
96,231,46059845077725680687857515313,27861760234730940181859589859237611473739596677626431837427353278404344987742
97,232,108151041186865990367127969060,113356807953071145725867862768381795657563672941314509818187665582841040477982
93,228,8376208876340701026654984465,12528338896747423526272809950247288619256191730573702124807639629904600407343
94,229,18906252690612537635479537705,110207328129834088820313446650820084016874755706289877974949044595296854043631
95,230,21474862081651328985062609155,104912404976397031281851227254570947032047333988930807327523051457791830656332
96,231,66932386856036590596340577744,59539442645572197104745168812902204238278580932289823716150404083442248805430
97,232,103586564054910397297651273603,27640930526213494525747127404251747315210828236026711968046350747889861867149
93,228,7006181077334962162992016239,35060020947730258477986356149190636603159513633444941436543290339036776527364
94,229,14861156523766501828372830515,115636953831745240631296027942997267765601045010631342089923871843385011758301
95,230,34107775792958413990975597581,68360796319955050405727377345007177608426899356809603544893097019666159889309
96,231,44182502034917839674702977240,92217397867244334417388429086841072772379871545224444050609730491117149176480
97,232,128492592208720395752010392760,78223036495237266661600410552035558423715983218954540024380290274698722862877
93,228,8208488009052470240864402101,63520905585232714057950582787168822243855079231489417887967049037727869991769
94,229,18089171891587316027024265965,104626955183858151090229239785581599432523986249518170166915080817967711560167
95,230,37383263188030092519094847355,25446826739044471719647213826455213989002528872281910232393902737931417898197
96,231,75818536228514206216812050713,16900260680668042094916523270241027880670022413940797617260855149152486708439
97,232,101916799574324441736646442377,75280873686414543790012971367891020444352345480604640196347617155711864274487
93,228,9668007775932171087742339848,17778692967399928056531270225197722242022964641777162573446793598037565052007
94,229,17864414522763938144655865755,53664518183057439897468830723944813082727207581596393084728983831470604165350
95,230,38148655917030148072469913696,49017398850049275756409678181057108046297854148481326015431005340829169133562
96,231,74611091597380325744509839232,106791558856040996930829028940836513601202299059641465934903313250857168936755
97,232,124973976252302375533683619443,8691095285995692492813053874103400644705239419129816044928857331457630630690
93,228,6971254878083530592404874690,108570666192952618942216336464742470952547819924850881376074704660331656436680
94,229,11703807677808817798705982114,80899166954271273231502237005764264441416840062572973025431779681644610694547
95,230,36837379553337383281562123449,109969089185151380227609526068373989586295132298123575428274905010147622288898
96,231,62890661802716326145462868335,79437497052539662781643718328169980362432476876184598963414626669564422957844
97,232,81519273165645802432611012246,71054999463388688060443498488036983587386955817256128920753031166731757766282
93,228,9089944352509637544962386095,21445474708064280545853408688154564677043636694260542327170455496836838470566
94,229,16412441064578982711768609291,91992888464145229017611190675813141731794811984780149770987235382043284763542
95,230,32657831411372391550983596121,63915408408124902678246198336652939430307015728986841746411353322843908958438
96,231,78076188778313790637232348096,113301314772455120456382095037822711211430314480552467626422182100565644624677
97,232,116405598016875611124300928620,68748099209814534009625405783740752481109199267407384324381340406209309736585
93,228,7437310251943406933150357272,67651968650592689189789089904746479566728307721328330647266198243868790460541
94,229,10921581292099860464616138370,115767340162800311609755784539182838917339578949692866214013444841198642546966
95,230,28989471490123041992631838165,15378172342059151261806239348608406724742337958683845682516518516188707404135
96,231,44222299543889186195604227806,101440861884141306462807230305958300616956574661081527801671209710460575035315
97,232,123342483422902232925203654494,21780156824507996702047088901585175685633434680773006196433213026393637242740
93,228,9690776442044784085198151379,39776886113350388146638584179791167635460850450627781266963394318726900140378
94,229,19775735538568254353538190736,44517632500657452330219023355229788315942661766986680545740501160569406679454
95,230,33818873395276016752010484209,12920656829687625779155234185352413114705141202042176814718091866382451944494
96,231,56046687893065118532492977030,38240196855042128848519271719892436409932702066224404541373652760360957532024
97,232,140865399500086404095483808588,68251189596071741862646762434049464204364444110617461841031809183809346432530
93,228,8500794079826207798830530771,16736538638930718623060434040824536628693036315003904729376468873435286926622
94,229,15148207330028637798751884318,109175857345928241522325247674131239426262822527054348330588461023507667986262
95,230,35352662176824600665064396324,84237417765459416253431657954705726852961542984852275432298350913720521755997
96,231,65921559792488716095127264288,78548147423723318783313077264080139996260693726669721123096267498951260578144
97,232,118501560667098016542901483497,53694414813350364283154288113312000746589077215752185212475943815104450203126
93,228,5805187697881864024653518660,99089931961072095375400677803999219861201478191355812972666967371910523006039
94,229,11241669790534277373525309131,92657726328851895877223176673443087091593366359139072427934118447905914513997
95,230,25415481235373820511473102768,94651394813338928628065265083387073164275559277701267846135358121346910764824
96,231,40360499181059632044490685236,66572132540940235822748823465347710579525384942524969593600645526251948694414
97,232,102840397284884897866697929432,86137157253406131466166658284783070603014308141783319161530254629326578945342
93,228,7584150710148379267442105359,112973754289261241362055836559620243312152591587745151498314916852269529342427
94,229,17867812552416523410999617844,37262059047849795840323364135405511960604406647172439325133937770894646422592
95,230,27170950135979003342063529951,37664850787378684377879010398548434962421393550896295224117893249113888202994
96,231,42184451833051834175972872992,92853200928261200011333963120486018530233755048674792158953282247418465792969
97,232,112157878031411954388206673561,72582277070260010775550107303807269455728000414968475779366854990350762102523
93,228,9383321982118713601580879163,50355981510223333528839949561868948905981331930227281593304143819109907272961
94,229,16483024295009735257274881297,75071430888416247559152310604385807541746596918338156336799221827459073246270
95,230,26223273679470172869857278015,81145976510172731630974025249999461075993336108184425361282889685495215701559
96,231,70474493500842801969816967847,95446862019607658868207858437712029386786450566439590591789271056096089173115
97,232,125282724121552746559750657682,31502846253305163464391858492686993778843507894456820653390596863143736730645
93,228,7609565076326694379742604538,57548756103435813293940146468495456025020427916134533977501758959109903901615
94,229,17126337961057098263986314132,105153824197647600449216847803228779527844806160264043318064844775661595377829
95,230,21767331939906231544941379082,18642521444531129400507900992731336309454288691488417938900689083113363925542
96,231,64273721203921075113956073983,88427625990429196807303353669528286284518286563004349556072766271325501479212
97,232,136278605122146127510547693179,50363192142296124109202564425657538795118428131626150423051609573888804546514
93,228,7186379956990556826728671080,45802770352067197412529594878007405184307915605871856417706126868356859270693
94,229,13129232291391051194192733475,107544638984901815595074808400544572432535968781995467670261620609046182027925
95,230,19956414586380155785106088538,45791374805914520162961634324626480571401572503364242583408027091396297563901
96,231,65194978516734615096047250591,78807446647871615659816347573727582801707815045027627131044444157941257910524
97,232,105220862661370838180595790548,6517742242155385781061072029743473809707848914260419764430418268193541687677
93,228,7245676691659841354273808736,986216809338450552454055560219446346068967249686367312975963014119810777180
94,229,10878883741229604297555379837,31302545987052032838169084914658622526962356646169500279654200126945813809989
95,230,23163315340015689498001030065,29594723164912407475850781150817028059812675292772601714242276616471098281928
96,231,45538226315525471289408046909,60918792447498993812910402110041757153716940595690226063027522235943206906768
97,232,123071693180321095715344338874,59654467618413598208265903920345722461766061454474327099993758740573013321592
93,228,6835822182211154518021499628,97184856719473451414381023787805448827378483993733400019774509766416075658886
94,229,17283549288060091479093225055,33691780310310431348459464396774885395486551906062401979239048905011007903470
95,230,21886991281397121319214494501,24764316293563847919022308107268150166613228924726155688805516868679384181406
96,231,59707444838846181293415648101,35991312827899249719273612485843923370912012840877948689233350115129499565716
97,232,137224224023038566327293825777,67121723220022186250512808135964230584706964778847093455136607949251398798458
93,228,5490738664223651483070401275,40202765335747532610679120384847690594916519882816979384127985247261222418163
94,229,11583077035647584358246711206,61291082800618184155280054233175794681116035710271517459203529479609568292505
95,230,31543860754614517163548530593,98758122652438164552932967142139526444372998511225021671471777097421652103941
96,231,55264577521226558410478300295,78264462243465241047045686140337727150041877589923554463418239384148321405252
97,232,136251665409173781482572612126,15323888728722347924695482970561405494356264747253990956717360854689904834250
93,228,6212668868008349707318922533,16632527831677126645128002920094419867882160649744684954791205258000584106233
94,229,15379744502854691167225619836,32178870711808832658881276708078555628627563748816090455917848418479259657872
95,230,33019404338395001190135392324,40559607012670052585340260254038682072515357494868950276038208904777519808105
96,231,49237115706802530153322559388,61228667626901811075600591613693886545634651652153468096538359467386021789854
97,232,89355422776391811990241970806,114458147764320379866521968354378786051881587367917281454694558955416060380085
93,228,5922085536905573455999479794,32415136720928531666488974622383871878235118801841161042833435391543617958630
94,229,18461432543115080640570118425,48827791623297335426229799867117704715343884595557782892101690987964607841398
95,230,31260757110286885260637092998,20188843529536871632085335096429057282648007825366452011024360975865607546371
96,231,54329183760493457098870193749,55313099327986128866017412452330780400128841069528314711984418586995528598250
97,232,93811538025039050905627597164,109523713566299195949168525219805528438772277787345545671407337162413290814521
93,228,7926003824299996960609344924,99001757743795166570342727795008344912215168443734451602782908644474056737211
94,229,11886979552276306138870610341,79884464461194165922689058938135453097226249363914631191121860510466144902867
95,230,29466739907522426491578449469,26684335611092548990724057226520976306503441047529228192891434215699861059227
96,231,69701769758842032042318980475,107728612083614692986734238504924396714116747893660215622715510955469415743156
97,232,149398018400418307494810581925,87296885725353039990478654303520537659684967626318990793876346940044446894456
93,228,6068439444031809291850208870,65622622921667128324607235700674140548367476538818961859926219916945339585478
94,229,14859869529486506251895136947,60826183267111788396589397610364090012274093523178001306775113260913526436189
95,230,29938831506577979819062977590,20308606666121227034822108759813119311939120890554888361171676579686793726426
96,231,78793543174085314560193647684,92533337883658741622640968862726773637553064619478838549731337175277937353821
97,232,88272190694543079137780753842,51066648042788137331807018830702783597439399935108789340422281203100824494904
93,228,9712279853759821356333432082,10427249352578181333713569683740124096257545781879150673836788721378082104264
94,229,10695691343947112214407412765,105411692465612009357072753770752424957631647123616310730637573854612617712474
95,230,34225056250384875043328194841,58862935608657467033814756276357100625463632792444298299897621725561727538973
96,231,49987261831265390993007342814,51862581257787034970610509885471344791404210744990341475322992911036913391574
97,232,101617547233522004363008450478,66045809237137393008640923003221641492797612578248099310198211941225211781639
93,228,9061365240951138835929386594,77396771674825336751863188524607947069010760048766131051293143022724371978768
94,229,10345009722528075895732022462,40385155698097975104270178044241366701147433315113379858598797815120835906240
95,230,27853671871829433836596135556,37851574834892827659622081361506946710314112999060389011400272841580992517251
96,231,61929191401858457343029250127,36688329937078389688923972324834873245817734219995196976596461501707470888905
97,232,135208312342286421257416925993,114695051273369442593739388982913114633122304045578324329149240787052928240318
93,228,5410900618746755534354759791,14394912809729089120005952505400444233823703518371445926090206774911594100644
94,229,19560592746402742767579915386,62843955714734365054307172463451995811245906399386160200310272889508461374893
95,230,36892940204509323395120370702,8671236672509823794669713906533447535317086582488056180841746909344414446409
96,231,73990498811811885074880064840,30059050672833672226348007973959100853641371844465556590093098344381466164575
97,232,129671593339022059672957954996,12183028790394140547668323648090637500210991847889516831299001320452508936833
93,228,8660264718368988836484947360,57257742506547626481001158889243967913337366591930915630854591360963599142351
94,229,11262207257852298184074432441,14066592863551863033637533736088603700024475505709054189704940715051124129332
95,230,20857058954090838637175567361,38710778881758753171070483500241740166196890530985006317186908297503114337501
96,231,64511671373597765800724287321,100967316722714446711145423322366782138975340433267722412220716942122047430283
97,232,137149435571640155975366916624,42043979458548673582267111457028034771288454180875406221557077734756223944696
93,228,9699835709652411467220861303,56783981264468847755619279948527410812749794089915532937453041226556281030029
94,229,11544855349192074236926700590,81515101177329863963584161542101252986536735731672978866639866892088947760997
95,230,26501229213237931080806390195,99064540550778846394206927025380720608292990646454904581381468706760469916402
96,231,54730457957515999198253186451,69986718729582340506309029374996203022976155167834098838304787436378400360374
97,232,85045743215881555158921861577,92375474907247518563751749221840848748927207527113503265859169022893950806513
93,228,7840998933973019592167542891,87002370662384388513093951619848778103649182772014927846226255372843834824677
94,229,13848506716961642855248764414,100287561674589310274055736209201961844249478410513082167927743447355623930432
95,230,30215017599533341324058933354,45732876219491924867123964563236589560296121434169549228733511140274775310220
96,231,53300090829890214253728970898,75190681853169332331331213653659638919494820632299291712653234316499250724984
97,232,106292745092159409245727334931,38479667487528960817583847675477413963570954620480847738348890676284017149637
93,228,5969278866263080859707015666,35300943934054410875129458066646308315704207392902140551509458882725647326816
94,229,17464752647678340579496866308,4157381402727034787314433802007631326061029982016857876039022568387081395032
95,230,27436286757132337468028577848,14456315725383040550658349014322729735585562889207765452507888464575164818095
96,231,44998791284900011528306311636,86528418762282572357647368158802815111603287306310992985513265356078192574825
97,232,136276025020415065029363280185,39675312588555401466985611095846602735033232165938689097757019545437045211121
93,228,6357391586724396627384469901,96414752185157073203700308247019551846889181466702440933699171596033382348194
94,229,10161411748371658664993500674,109970649921475025455113205547505362937359859011577408623869403172937603798732
95,230,39378227811550676362251343957,27895629356396531470698109986629395377354844488098007964267432688740500149264
96,231,66504588619744865220500131840,114231008387414399516487320105042868251521275676790243998665536471521381624852
97,232,130206251970137585596955995836,8353715691788429910247272471639947328011272298236163143447995020156265549093
93,228,5169104016227624978830116621,50531446351854890516705489155022260615817417666421281885655493054831896034408
94,229,16566949006258419277656224559,9438299584501031974106968654503927303895145582481999974556953831308330396954
95,230,34153217165637705585189839644,56600813116165802364517435659284002822904401159773340490925846203210787909791
96,231,67995345771589765049535098941,106888419707064145450553788008992941326586251125780479764497314870423603343101
97,232,148931161556910511251699631735,85524467489825382910408992424904044492210325853157113753364836248601326215707
93,228,6614655502835960518825286157,106589511935964906742353876037233258400074296202005361986936316963812259444873
94,229,12571018396124462933281990084,13059605262730571753752279531756822811476416316196642543652121132530404114788
95,230,28491972162832643054660006677,24800081673876864926098782845080489681254939708551096023749793533978546562068
96,231,70921129775656229793029319380,16356987106231231444159867909770250571040174518870373026764664857138094731984
97,232,131854613112463255025829227664,4949480132500455277286123522531220791659189216864619064125270404991964845655
93,228,9825490906368318898369933821,73705944326673966638086077085010477619273068088957355072965354883204256037726
94,229,12018945264657131282472318773,83206715462341055554246024444378429973048153920411877829249363041680858303703
95,230,23792072728947329971520112799,113767398362569888753130433289702603640557436628640764370458805124953914249441
96,231,40121076134677592586300022021,661843748538857526137139357599518252190882587283625321774943563475706630901
97,232,86381786385870397693338144566,53718769274263515195204517823706372051501796135230146372288277763589308644061
93,228,6867507766140243641126145326,85289776444893589547002215372411932785361230094930042032493371155068648226439
94,229,12742614621532002059952181188,59265100355736869637141110418345653854049951909527637138586029365956733310397
95,230,30628769243298780964601088603,39379899197826222931686582705388260816110003066485625348459888854846390822178
96,231,58236696936546433384356564980,94128933047784903455595628344571923663317971653375182532066184827470761454209
97,232,116570415027679694085166988207,21975631535892958711763236145061382534387172744804483950641158903804468265326
93,228,8444728583613733826599413791,74922527199880509610286516157058585002092275095559021778911181722332688574147
94,229,15216954039392961159577859069,47376591252689931865706860566036422993931615713548452431350444821910407860070
95,230,26808018132790712846418146962,51503229593829620434875671467808448757717009050506844655830143985463784287132
96,231,54666618250476671246748525192,27449407921027827154865675856303858412997373302529410983769544173926397575874
97,232,150688692047441895092200695089,90626828571398695800280465161210127557784662600022726721792484263392390319144
93,228,5813741887021876773860503946,73966228866486550666458582455552324962988127795204143563466333811555449976552
94,229,13716082045842512886369458608,72317077546067579363453370674390440544271229170435003523445872278296192151966
95,230,34681238114281803055838585483,109322671801402785260263258590808391643497543449449740477929148621556038405854
96,231,57268466725083471475974203704,67870842249324834000757248517338175117946371929703046499048244283345751873956
97,232,93654054497164759274711691697,61859900700059201386786212825932688705197421362511002720978947346544733487040
93,228,6525043836636708710351855224,62922283261184910170519392239394690315360462877411906729447045731608565851050
94,229,15341764289115210668771005589,46768174082742138474843679598331468960840408707087370737080893448804107962113
95,230,30849719189060211190195367936,12151396761608326051368684427373738119361703763600959697133018837350033874672
96,231,78551357601170445392736709031,115290615009404947796673305521667409751560361000613499196482850853519966496527
97,232,131468943156633518686477054663,78181060202409787107691263783438419848354875847324326966174999429438457786498
93,228,6258446005906021079144004316,81311949711286339491796171578423912590336046961330650382191898691677629580660
94,229,13525425145926351596154330138,75223236599962436243503261831726062704731892613990583650743516850920582870132
95,230,26097827270700156572754194984,77380379561859115400607147522623840123990756725798747993575298925953386925670
96,231,53828283426958087750695326082,79399343174209368019855818490648554089305318121428226941683021574309761574363
97,232,119571262867281509267484914358,25761776944484301764041920532550777493935851463444644852915288300773401065477
93,228,6099496777945417050974514794,71004321884549554273910228956671341133156252140546251210137463537640848039522
94,229,13542326069853373822830478838,17531650360240496048244028219136555533886150691065616838224171669780994324748
95,230,34179914580540226916663556001,21172672626159886166368384843771682999439568438277385801181914911702215381175
96,231,46282089600766434484410103663,31292512448441521515282358846211884997756566797559410383558304471715715552598
97,232,93397696415153473873249749528,41008953299359650744787571340533728679530364348326919775569554564977560047588
93,228,8428315702287525191616439929,51234120255405272683510338322267860654079405282025932164527758059082347798986
94,229,18550917147713361768983747318,102393297920409580916783532651506687891083656794034376634187889120284754323719
95,230,27386144825882605866794336574,103357554880420716837310700149623709106833204984377178547141301590585571184026
96,231,51788985434459070535750310994,5283816979679824067670419601604723760794446392225158502345995669171799740519
97,232,156691149196200831898786781441,89605872096451171850572580789846116824478729865254758324177050254437312686446
93,228,8636638417122065179561545263,59835274810988531917404948846432450927315230329787919281387186961913240118186
94,229,18716525085889474379865670202,40139231840170425090089230913054717313937250139879736876216418014486696205986
95,230,20803834605182384477206757369,83998756721544993534377672336991202480914487414599689029455334584081429784686
96,231,48066026690745471237843501062,42128452236200802156187396479038536770071884049341075269267960503661100284288
97,232,109113986649594123464221435927,7540455792165435922275498090205866185415315230879088732266899385516843543580
93,228,6326857865564096549338990875,36625334044328953737296257184531154654836704981809673812962782237273299757346
94,229,14465188447634787780933401409,34228141227032491410238653957832617671223032768173991699304625011810733980914
95,230,37532091966095117744556460377,17865783983183283093791008569398693094468839000843983331595825423610708601086
96,231,56775282254930862244236925883,79254450657852675879403852711974810329587272090630931698723814246104211527877
97,232,108300299879329850537953475054,29073766170724996758090814380353823193442979416269656770801987797684716125922
93,228,6595540819064067071297012811,22224944519222448388694139422890237015896776565138842163913864934763745639542
94,229,14089741244785468897930130069,36469707197092433546968360151608244134053507947291777508355441889500613318647
95,230,21683766529261506780577102808,58357919959915581250538701305560863194969650526186663358499108980754862093143
96,231,49526964333776874618846998386,96387383113450650654070994938409196576187464848714126283972846661057893859619
97,232,134744017453105295344729731688,35597010210443910943995710120660909508558349320027043707265562705524035311848
93,228,8481963040486276468783118260,21774345609057522396726901253532219537290659996569931822375771889415444966792
94,229,13177478289940305335544822438,39707053915825536566156344439837064281795205593287281853143817467721155159938
95,230,39129096639901695221315811039,79018948332806799731980155447630839685941957862452044105333395054043137452831
96,231,48525215331742622301503794557,108787011585309299386528745435343663029862015549886018358827642642951209191010
97,232,148054661390366469768640871683,69212358173093568018460638949080132453710074934231396220149334150998030956724
93,228,8181460463448065016175873281,95573838317849681037047122865187159416727881094102334080674804600537422306855
94,229,14060430250814476128009315348,10144534892824523283004870484106212564036976112382814273699670488271119993555
95,230,39397792795444691124604405317,70226631561409618868041151935389982999520485329293411789069557993413002859424
96,231,67774731930193880038313413640,75509130861367848927375614488889314324299265128019923740082668144281178970396
97,232,148053535469057251240254876435,105048990703653584231015333551492221477189406251188867423355874179402197130194
93,228,6019333537094393769601900091,4681547848138773531090956040364017769403145928969455669684444636456712786084
94,229,10671716357247619255324929416,97300752879417987848787953383272867690623721131291222308613078119257607523341
95,230,23974186718177675048633607948,68093948374929980085585765666717576277979552544939015527292521642157863420594
96,231,47729454443431990642283754421,1456107621487996166562656356550603767541065138517950375085843851008754910779
97,232,91598399672598201449733715588,91303968795001784747118062238143858665092453529262155420179930247658605508277
93,228,5435755106158009620675628479,63361345447355711138162515412176158093779850556631994395312892247958310096228
94,229,13799705068405820656696901693,43397911585192227814305434798300708695683820222814575820487654786681617356408
95,230,27303573434594081525966194616,56466152993965591313860780088641044900192055700540602636826855287017888922289
96,231,44217469076942091585997537185,79507709710740946230143798374929388623290948585162690347647456233578456881524
97,232,97090022184728143212160758066,78787806035350652721815886612419329288417348295257608547401701376869197320297
93,228,6678783076432569408186251864,18431762529598666735794320811374807509815211597722047354915235363349627301351
94,229,12902171924682677084647524103,99089346382764643441157076357031579514806023274538655510021734670411313052220
95,230,31521489434313659351830606963,104290067164202467392198402598226162086507290854377735969327836517874388633281
96,231,61845271446122411284938689167,11959270019141549432376539773802115468883558704952911043237128106526488802453
97,232,111473686260263478799587890732,43052185105031330653740874606651549687961613705619155651522893118484841824594
93,228,6683970372623105396635436656,40778182547571308229564408917719403684840366325156570176912433158520723289173
94,229,13319816138374228743804742761,101000632790277279178666811471562581703163715708955814921868981854049717301875
95,230,38311224683873233720951905184,49895195491675101220734051905597825891974274152247588911634018083660476477246
96,231,53472883647585468003287526762,18527553775721886759724066235381324084605856405670714933909041539134195491790
97,232,112209324938672254937174652291,12880760037142329616716857880314165853246848069040995873211891767913572102840
93,228,8702582301092118271497118043,64358696734085484074590094676492866344371181224431758663275254602811823110224
94,229,10648830924670345714352710673,111755198903246753702991588611758592713202523077758322199785679513045094943864
95,230,32994967183443842171536958585,73662493949707963557433731972770263729547487298618729893696428496362440495123
96,231,74879150433121935903585090838,60629931775742178767149927546808334247572546216184978720663086290262720583917
97,232,138956412267927001348280109095,10915228179079117963127153083240452936671948472834202872049170789904105697757
93,228,5754217479836937232888454662,73089488110792633302597997877296325593863169506003528479522721254724740605756
94,229,16639277825115657695499859382,97006345719647191245010828431183794702585590030879878051006802850712417727700
95,230,26882820147060929621833691345,17413680963421882118651714942351815648719464037805043853464828797972285442717
96,231,46983578779244720115215866970,2602094560649963583713942809043254996915991741497068817757801097507167454089
97,232,141237499464037674927108867958,93671018698162453272229177734865820170498647325794190032257789356573017117288
93,228,6886172917444957423723109265,28680612970821298177106763327912635476082872000858484976057094282586956815483
94,229,18944861586606680438063963047,73740552360896062904679762939369654095824345465407341801118318612113851718834
95,230,26831482038337445556476761875,68599849691830522288278831695830334258741126365276220206143606216141431188169
96,231,60608222562011454537719307557,55360747963411813480821299898620237404030002748196514628820896881829707307997
97,232,99073606321249827996459707296,93648746100118913158998629155627877119373027278320378354276323227712429659739
93,228,8658563967048600442415177002,54792381010562302032988345402690383004892972288512840483612458093563602133198
94,229,10847866586469858684081714470,24895363254504475459171600839023138391014572287527574080380727406652108607767
95,230,38491554523392323104520203772,44028610802635911658756328774732241244922976212410225187064799422595630756576
96,231,40875686947494012861512814739,66739816539103717212818555738422068433615691845229278885219727413580449279249
97,232,147127510156320446516601785311,102904247329639587467345264967887884730397473581498681544053226790999171950184
93,228,9488283210418589403038969720,79567759091010494316681344733045333443287489549096104269896118901732016154533
94,229,19458669780322657216125856655,88996693959924314316235583844242160117775310198265002728954687115723139333711
95,230,35724336263155707981856170107,70146751684965459401902560747013942239951737304618410870861294335951071682975
96,231,78970898728910752291341611144,27785656316657261141311686616008190133352988640895392844654611695574689960522
97,232,88600755836679859269192153070,43885585125161337991416344660139681024495093854714308214257458246978150340472
93,228,7588445652191773543780217354,34125813250372264422395032574392350045237183145915064711153301236797618787330
94,229,14648122052297006495084645464,75446753449870699396772377565637135426156628170055083633391220903581828031430
95,230,37656344653611593809095677297,26984580795831129697812393915077954100315114228693557418568038198001342551971
96,231,78566650114963849705496302495,99263013167178899553200808795244034698139715045003267133847551284132750105096
97,232,151106932737536157113583875787,22087521457897485017004878986123688508211577287295524590947762793167565572311
93,228,7978526464946347731297901462,57633317289033486261939228987764930901561686549374573269508003445106568991354
94,229,16480275826156243295978857439,50473098605614876328626360549868102785289113562234551850232034785944254658870
95,230,35407759518162145204384498239,77272832201000696916164496263179461965207658444975798382604837639028917222253
96,231,46517289367442520294909592636,67608064812949020768482422963958513915482202433844370129982292820195459062119
97,232,153916846346854119585099264631,37958407202044932842119606642437747574594970167135402776777506931522218640850
93,228,7463137916924959482411067123,100389489352017604112706970742608948237329986892624600037518887441393106426251
94,229,13056425851459109272956534400,55875042035364462240655537028160700181951492106854024679594301306806648476804
95,230,23724026573272838804670463070,29918601658136607977441625472310110299265553527224181050724406344056309245358
96,231,56433748350559788256618312587,47435017260432501531203631715889439143984925882069650943565520163108383781729
97,232,154045373294657092462684708725,18399088176973936040052744472370970460625582943858215600820624174948972659144
93,228,8883497094301268332261386086,107247498293041471674738260575057406837614122539639803911444303427422239106535
94,229,12607698451314427551608252096,38005368541158917652243746684833527507537521266457524575587126510200419703327
95,230,25176287245666509741180787895,79563888883250729209547813960965884764450781562207495689550470675430998819438
96,231,73372977179284463821383385367,89435138038610354979738402047931794579624110593238992349079109766742902809538
97,232,79494209561437081446221900664,60694461995810235571864988212885695385249181224164920318575349983560698093155
93,228,5797039549606332767524705432,93038031950657127872785102673799889949116308232282829125635282416444105818159
94,229,17243232488566998040299544710,43115146356916677315633205737705436497600842579221764238662375474657984105057
95,230,32404900049548641459134179985,92490260541528421150232540093626742758853659772418341057966248533528433116457
96,231,64559286674391046532115343714,63829455270344033705971567738297906156126508045002314600105300316667902766929
97,232,102544328314319229729075657461,41686714175921256238820290992757696467059138543296546033808530064691789334711
93,228,7191867294067377456795846126,45777444291789879050149058484760485472924825517786887007253267877976538564142
94,229,16145166633054580330284694485,28132100868984892125417927820106253925222828322772819523662504265819614417731
95,230,25148567479661319009041680658,43586738538234139300336169689463473162121634777081541783790938056251162955689
96,231,41729024002324948324310426182,77404018952570642152443440771908448581237802687265401968764457415105311193412
97,232,144068980640285396720191086995,62605484307509600515964479197004971311767983599040445897583386806173157253138
93,228,8223183442576778903286918346,87436281251317628229785225295284445280521896632991676978502899712705581864580
94,229,14862043551313137951429197463,75243677339551711268356662518498468682840137590147194138841999345105691795297
95,230,22437074088569173174218643205,24468486289481807911669539729604850019117159682875909048706300862609894941480
96,231,47687908161314341590204408891,62906648090458638166330599344375028107809459871143134410681549475802704347129
97,232,157960916461272002417214911960,1973128834631771173593932279437917218049448182879424562512684567773157690906
93,228,8475519864170326649974322743,94566652527312092583405176362994310769813399034912334185543216519015008923527
94,229,10508952747911193076031640400,37778550904525814342707937748156101584425412506208938829293573640353582447322
95,230,29691396006136008170883514058,41170388624464791081582866449567581979430087307103683302570993979277700766445
96,231,57042411687915815832742760082,32974157615682286685512333913590148350928209602518804514710164004074532706794
97,232,86751725362369942446403107326,105371452199773268653879876189687561106420202717680764515500205482170988143893
93,228,5805121196150834249844922634,105371548810468970764782191845260426194472705389717267388342486941337327073568
94,229,11383229933169553869755268736,80442644726687953666368983267731368537879916147625351718020975390540031038931
95,230,37252618294999011476425344658,90248987352562937954285241734559200574476580892652348508348570429205745259173
96,231,41733082675708945838508621922,85280354820400503849515120754203454420714591639827170651503348563239399588090
97,232,132656664938627218920041156553,13798069571717951450828587824449611664798530518545371963988859700733550601353
93,228,6025019057634129993811128400,83980994681790286380005182244018586377549406501988255647556371690841920857287
94,229,14039866162457908592339481620,21979396941961648628674854000823864496393720670294472754289839521257718841606
95,230,30480418475820957692724426960,14363993243926066212957006261118676164613084977483214939305338130459399015627
96,231,62728729082661472250330432118,61713042924396889653812751524594996887361680228328247326495896100158982125532
97,232,88366430225424110446451432970,39031927261522589369312382147513261722746412618517257136565743656550408221265
93,228,5568680176135313046662128071,106499004296627791201376552096839686793192859718589542035746614899013785151121
94,229,14550243221068313561495604648,111297622610609428306912374681071503073221186948637402056685954283614657404348
95,230,28098276464456913277143744306,14277727363378633240645508766856669674781344683132692408564843814778445372872
96,231,74684149244230902695074450712,88606533602606659485089294278558162534529652486766560841203673486321232472555
97,232,116298721855732317188782289854,7783221451271157657996128969805358962862925438011318593805496408659699964723
93,228,9510088205404691927026536866,14335848682524764876294433482924097012610032888199235219780412383738380943489
94,229,12810074177558284581399583642,99371291281913601030964287060008764575749771396354741893205269299564000438757
95,230,35655466713203111996063134821,5570085429681959079193246921659187972692079530594160972591042107219769045779
96,231,40510836182300223910494297372,104953457939447780055364155536728676165009301806174775452215587472286202159957
97,232,104813171901420475082295766287,60563578033778214505258437600235173008008078797953820010659570249999550789480
93,228,8862646337108610604167336186,98981938494549483650042192018375001765420199215111084745325872470289618631099
94,229,12749395485691578395046314321,74972671164385572443372820977059588773611068593426422021488296128660252967089
95,230,33855651254043802565557521779,87995935710086131363158824859356026684534825788563928482621731710490287954173
96,231,47927588652210995915123783673,33530960500082441454491873946800254374803486880390309962490165008458790754755
97,232,104898164625352318982561213534,58391342241987505934442936974684014409422587847413297494966114430271936746166
93,228,6000385352334281789692487661,62996099747109446697098864803712652828856150241092526200117751762083102625912
94,229,18361751506150749956463254281,103676980695273833883952306429481574997960148834742813809690739484728716872773
95,230,27515053542051964916957813788,112686419373397917953995643714469792563267765817683547073644024908311292721368
96,231,64564327703528379861136047764,17786550756259915256223378170378894251412062939438011008840373633798713584078
97,232,125281668351779391561147406884,103077924315883009849558978044743346387292184140905781925864549925721236762448
93,228,7121847361288415100177550499,17161994008836097021807649874540315166398123458494716696128676978179302229423
94,229,13967276472682641234390207464,15352449029245410140182385073342745010227768763526681126658874485109807467728
95,230,35581916493518644022091705346,44590850065399444923143301820405479330570763937646850489120896672259794096737
96,231,69487659420718607089343675076,67143845674539513725149009788161813345526542330284132010502804720859385037095
97,232,141060795465985123728675515130,56561828510063033596578242993061546512063550141514995759488186544448967231944
93,228,5974740468495655551997071426,6004483818269913592360544113632490686656931956786673348907620072266934074182
94,229,14990584862020771323431302275,91223309373192659970932724878814950943175119415003030478136121414539436832004
95,230,27757421210037767688738472682,69622657380428653127325919112560224594223755221724035046453632035156335997053
96,231,62682613650894505112971555882,27313731526591012713597188914703241648644399498966901704288921881627098049708
97,232,123927527276411485883108755610,33578111393290009490835453006968247448379059195586907698576275977435441840428
93,228,6885950208167092716693130339,82983096231063044351172431654566775128014933297794005921802592703790455837483
94,229,12356139704348936099812096450,65971885691617018648294394127683072758663256650383879112963602323329741643834
95,230,22267906509790876327873308336,19556685675045923950852834784309018737938110960302983808446232874398133216778
96,231,40463257643135096430428099647,56939573492528676958545286299962924631991420509650125609648633605470119812284
97,232,92315485693914710806042773742,55297537573674111448660680624630033218700999056936143502107962384379896782381
93,228,9303306439395562605452903002,12440616722675023423476091531293514300427230324494150967657647901766106557995
94,229,12599333234255429939873561741,21660459825509386426949170919621508410204543936521695038006500760419124592871
95,230,35969462404315004242045374480,62548304723261312924149638975081165837570593735635080087509820743750170643953
96,231,55334479111828247390705786596,3515176189784794104310226625501427258084922675521018851286061254057167903177
97,232,107654605323368578277580822719,61558046736483696145088322034013499177317132660746559613292072099591720899235
93,228,8518039009177234270310122141,23241648233958951222307066789908189707363268378339601123986990597148659582841
94,229,14042307008794092291578669848,68714357719976986933172935955749486809944798765721464293809706059986492842693
95,230,38079524439783056757022544386,20382496033548642379576751929867781213266284915907515760995511886294485662754
96,231,64901440691020411942928388074,50259517122880269001600892452754998667222591027049920763847343738521216492662
97,232,129297311936526809608779033490,38516837973150605904540756516483005713268001333537046364274173088981480884991
93,228,7601210185271230418868763288,90208346187911679362484557292097854362583192603842353203634756195274003197029
94,229,11360717461957778918641934572,35718701374842092040140147074601726169110221777882210983629513722319154567494
95,230,34755151029136068632182397830,23255258699572759761632483230033937223099969330316982725980913442336470015626
96,231,58046871101571661077750622259,78217903862600506754151125024878364742937641454453893135513761540660140394805
97,232,104911441549620481101102153093,74870072663134923159352534921375592143131481265326563585222977946850621076167
93,228,9550028197804854112237146737,36382606586524367295295325167614702308230513450764287963039856775058359735327
94,229,11198784050018205580444484468,64981544014716332829290318815548399684884262208752258861232541939252840097266
95,230,35767694880978154630503811708,2609028384204122489230407937770383093629226458529563356172926814776354876124
96,231,73239704110386594310721087835,5849114990160469897749665972796210597974055281899602190806172377819722134134
97,232,142791750431115971294572842242,38912760167674221021941219367928730155596006023262105536546525777496603576349
93,228,7860010410578928689013277762,29804119706689499091717135464850230406766245805473554891927208440771150915445
94,229,18677708832318394655901259147,9152879637922388777230530568110349312404214374257977627894962595948414079806
95,230,30514814685461791764596195116,58463251672997279125152433456933329589340778530406970994829848736426882759657
96,231,63396998402595405443278871221,63775971992773093604822602079774278022504390975308741428214361167413604021862
97,232,115142792402126230849665255070,75086087668325131008874619546010570589143270549855309577695699844729259824304
93,228,6055438808350166222321855845,9101852787328708087521473160068368924865324630845684592868071889434819267832
94,229,17057579542292369851954204176,48769004017534918941859127170038720678458583184201615095020200307406271780313
95,230,20723129884907590686937218948,49851399831576137639479858617169589515960490311558240995334592346272261656146
96,231,69917743560432407406681007187,54541591915414491014190934876656472613531355409091661295486826615017395541847
97,232,139383651033807226526610205005,63688860185479409330089889000752316907064663379569278147501669754170205149330
93,228,8900095135503356553599788567,90474320835750280797524280145806180995966136350895394789637928219964126954800
94,229,13342091302435275333984867563,114973692568764312281400880950822800448476722421410660138275033939946636240068
95,230,36823496952047137474301558444,20741145586800215263883992238260676040874028158229915077982856993539544976647
96,231,63401604905804559093534089288,67182404752744195846303211115431386787867284815361698298707533119048127269101
97,232,129148864922241698074189610527,3834932236907708188404404136745242353918055120202369797683903613768275044950
93,228,7836796602240330829500891026,18454339742158627600022567686306814393109621205791177558717965277072238861205
94,229,13081153876980785082225880260,75030123509292341784819832652111579335691946191562794462569001518134137199542
95,230,29882698211818631311299948680,8304872199190985780862719597915562870439596539541266677805922788422766390406
96,231,56726961513992561279991780387,83363941351447595128833154644204726337779456747208027854491317434187875607114
97,232,114015445229677604343252775201,73602416113531126982268695850356809327410619109781715076920527455274923361000
93,228,6232532671964590963744191726,99047524780382775836451053827620507888219866801735349391861068542949715081063
94,229,15531158553885752495686736434,70656689675156057828498792837463856235759276138469958205486308145928278199695
95,230,36963700233040212368572535470,9866709608415518942637037158685036292542358689422801441987366674368881252013
96,231,57912803983588848373480004240,115448169056025632098590936405475945252523809120874069531652942487450338298976
97,232,120324743936072201827265964309,49464547520348236401169839634839822616851809017591864903618098487177151154623
93,228,6567467043482821320932561268,48948493661513562659751320731518201944744855813867299962113123846791005954179
94,229,13993910197442739811698863047,80808270695845217580279001862548531473864329294451602757142329995799826852196
95,230,32608845536499461103509066295,28195617991828809543579348934688310644809824650864783321564758544735100855813
96,231,65528629446884835172460524608,36196947740366589463338985822714024219638066378301410553154287814788866379497
97,232,145351951041801508430399748088,26846369955016465469923669669920098631866540588815138012748681728587345334588
93,228,8559576049848164351087714664,8398072616231408070455873507711859472192847209958871278350521339874697319436
94,229,17231992496754583090427098732,22830661534680076889304478365842318837807460961437809586921520612834705030715
95,230,37084984065705559573778453973,101534214371202009549858353952119676366659426627833244882196499655644378228584
96,231,68212181336843139620459372720,42136266191219980387672949741893229791486182252678401414235966023849771812182
97,232,104186847580738582292313785215,96554353856242252609425380063053328511723070538914379479642003936670525193777
93,228,8943681710536361542711979304,34734212640861037634493541802986867105636557086296520137241392291979122827076
94,229,12079736865826802800147917814,63783127196111615018252477103736783603342652129751950072726401773887215578819
95,230,26854581308190067649913848439,29576495886753221299634349009506680570883290311722912874810235111177942211739
96,231,52314923618088862709717276492,24487034720295654630487146105797025206517046936214341962749634565882332603731
97,232,118606248048652469501594211321,59937356599888916810702114859591926047942296019414940284657491130267170015538
93,228,5135174771442240037243199623,28427551185617878048635404285294106912892974849378028490408906172018732107525
94,229,18588143402467731660327442533,3594808881237222089078112265090273591462477494854439707725203239600519809560
95,230,26527407640889441752699141208,115645398762263525686523677810040355352001193239904389561138039936579155621253
96,231,42973899401518099513759742007,6630060294760381992106855670926072241051074796352169130309454621359062318040
97,232,128912449542088456343166828315,30506042899183298386746714714522789202473308803069461981123454692007199066542
93,228,8305862820085817068778121296,8840435509737623206038497653264270578030228829667919852350075562060401025828
94,229,11844965266224879543115166624,6947984447720299186288332938882098403966409892190643153705352725813939837077
95,230,21703674517626413850537957486,9087919637006073926435542622417111904387144757864524320637634461770378139209
96,231,59605793453319391329628183583,92931323769638982442987305232469934732846413696994057338864806406183036508207
97,232,116178100409586347272735245212,95741990635527291120390364868834515770978102018465566334563135713676432422475
93,228,5570898903604180191400559784,84384685149890454321387527445837840425834423654213134163157093754419274112480
94,229,17199691580047010738173922387,66163704356964066908977307722069260933872953436925231100248611811396761037796
95,230,21886669285442997246091605349,66082362784357516018483972377463711367206707749023522915417374325383744434420
96,231,45921021964342676450810911499,2617152755185488103352019708655949062290912210708019534509030950314900563850
97,232,93165067807117460400825500407,108436257118480755678123019478178528446904466981102984799106609219616753246670
93,228,7403309066623829004711789597,18356127792725206724902687919161436233290437711379975418487123399544368023748
94,229,11863118804822896763081448588,31044066806153145747078419739240062483096458479352591851174979419785807915384
95,230,21356489957087746335409586742,55836246984364797089927618176012043778079015165631582573306974556442327255111
96,231,70254300398955825565828123621,34020445869352409989498491432892119430194320482150408989474213486867530077322
97,232,154514525079435212324970240434,92902179075100195987584620793020749198988158449348964260542336287759811581650
93,228,8168939856152474883571381710,25142864339734161928090355352261510187471295923138694319356955263188438084905
94,229,10757843410859891675397620747,67706461669434717919448052413645309321133312433344583645580289922614830643959
95,230,29381422936106330297767927965,100811132736837674195376231493706723239063679122185481202365986339167969273999
96,231,57429907351634015103729726505,35286302648255490486766804063313309218074696770586538853352053739295204819618
97,232,115439453007258181071262242956,90938596573625497687146293751588208012002607872140224673397285219067614404330
93,228,7654813336015954802316601431,114740389111534297615174820881805223416216832998905697389433463909066232257985
94,229,10341423817892034267503386372,39049569751645653327045462750917732001079857180768022838325726473386931706237
95,230,27617395669875882857722190994,81508048266604941374373007251836482317529077290277645680054095946551555885165
96,231,55006139539810460096863991223,25248911589997417622117843240098901818951458432983609222924954702206952191773
97,232,146222155693748302224036585007,53717830988817722345839473800829587378792025236881359412417228824695887487639
93,228,7718956776332170233954165005,59783482839004862444477042885194570295637212839096989567953980928080017575470
94,229,14116551625813612093422019650,19266398593211495253766681461527103675053417678080608962269453397067265750803
95,230,38978396165302731753076855224,54904987378797764361362366952378204037854991969142841645796999461687188826164
96,231,50312246436843484566682994420,67572625015505876702600239765262701101519804870736647016967661087437205122456
97,232,116842154432705542442883607475,82276172794377603423796195572666068844678987710951990286401039359911788929454
93,228,7487629635450672266547777483,91298762902178330349505036497534036082994708317380869853655440003623021094127
94,229,18697458837371808932548544657,6931014487691478026815745810955456903001289130554510659004199309393112552846
95,230,28382304861414873569684153618,32873686816027543519764289483436141607811953756936913364264202664843116423781
96,231,77265128294292048765013526471,62422622942611573336272248795345453064815229582057496154332543506374775084891
97,232,101539202946263865228542657879,10412374588561274688977225740102847455938788242418501849541911323918337375652
93,228,8637150531298994631796429186,69037055951591659056678402295717947304447939810802902800547546175542080970135
94,229,14049058376075548240729720527,91006985009813886343571973969544984802144803625697764914531405848268085750454
95,230,24811054693434174193706636928,11304582063703151700380856451867241870044311493498936734234502341947374708109
96,231,60754689168827052632989535117,99598775741419152258106887097499525518044937780529562311960580286844164478011
97,232,120450068981198216937946766181,41482483319667956200229276556837073717204511217307686618202462137472241533144
93,228,8851287395392179141113579890,46055650785025348158554289839170901711316090996554861168123955743795211982371
94,229,16102881694890398288792744682,34227582766853799260285624252001610703814117821920615467324458861135011515365
95,230,32815491954460417469076649863,37039168766172385379128212484628729835272809456840385991451824313358301841848
96,231,72878990703977236056692929470,88161956530894785384871158563258603805294922448533015469007410433887733765898
97,232,81420192974266994273776464514,29246363510804296262355774052529736841411154266211552854536565336890216372267
93,228,5826591212102633878893840439,61072597637063105592043680968733676320931766876960021085832517221280967459083
94,229,19494219556182841827859942066,57442353335744169138218863202812111705128557503449430665729221774068114995027
95,230,20478075071054832128745568051,34260091108643917488587643115758758979446031877904357609991583987177187878514
96,231,76264732896528584827777008630,64045963093750964534044591896321480116210344185396572491236913967898776676970
97,232,116783158901793011834809333544,76778892121990389919558016621896628561720862087650087103184897352853562467252
93,228,6166701645550900381345691005,58947051173251281820965169347546287949769183795378513517237164812160229451709
94,229,11463791685339562554930027787,26261353832629918176436473601735289672157517383274421945593400399314656548305
95,230,33838861193740338277818976582,60123568097426567409546425269821919704486777092559435284500480263046157640533
96,231,40685964338069922739397295497,39981641255100830974963151837864185100276448998432276792029644830094550779341
97,232,86200591665758435669495241746,23107161074947326752454613125265806746583069933730767803335289890366931426433
93,228,6110548312332812351402695850,20161762596723608552055715397419615158349420184214387471638978284654210554185
94,229,18035401827908078151713294615,10976616280192966328760359005128319426402306806509205872705633839957170694197
95,230,27588119776560140829578662789,64503979666037358101758217983622253995996966639923352174226727532202966363140
96,231,78092131448990299453472170760,63955903541942084048982077352871872849561037075078897511193939099118341488822
97,232,151466355242758103444164539169,112062847623438279862386016156443264456058933731650152143032881193264172899437
93,228,5022647943124214116248819035,87280227309424505581459246951490812356012913640479494045554806670521719637104
94,229,11574432981599698521876340517,22834075636339368242012134966879511911328137443153526722258011197738034840591
95,230,36770045271069180862897556296,68177509266313258543199647097296336039544312358916491956675452538511735390445
96,231,58576354469130399487148097278,43617859888364984816548753910851167653904631465448629268923948164197168289518
97,232,86774578156372870151577473316,27532160197388365859830658177282631711204626641646257421954961727819268454366
93,228,9849398298542416529574719028,43063093645090518821579488521152071952365834293440666769578940520819352683581
94,229,12892458556077682207181756842,89599527877501413709671128935981954534325769615518560256711286972562977633920
95,230,38626132379005816381163485147,50635121897867304814579704255562324657933345150105708707294246743969883479954
96,231,40442088912002834724093883674,109483019057672704899170932789250257792771742994816683362475583637643702539054
97,232,99201404045914528998142979496,92073037310468313395673221110295271549610400477697043286160463506806864377542
93,228,5844553958441519365209671845,34254436794884045189550699753710138689996246622331525034671708980367080631090
94,229,14141679326921447187926700343,6814973680424890303883892489482458454478820531099750346617707471066365957095
95,230,21800952948857214668441510869,77847041968685428256676142359048860217799527281453501396447356034470002736208
96,231,73672282134364083767462135176,26976606061271210883993386409350504622552277872142029047696053201615567699361
97,232,149558141253600227474433574223,46289205170693409081428765756735487334696174554470233364058364606688847781137
93,228,9136126401806644681896151365,64789060114142344840202167438710412830931547514038379491521452068892142524749
94,229,13862016570227622643170671505,107946801523733058494169748314028605340371611555982208447999893316459779762901
95,230,29859418952628050426038346630,101861434047375896697412086412427953824446440097676879337332245081311208640695
96,231,67240921960099531921194693195,27967107508057520695993462715070452380395779949997474012766711403476763209377
97,232,143367460875554350191111244066,50801266128145461056815616181354172870669698079648504015681836171138659330084
93,228,7713709880195981870468054724,97655354487920034835859190668933159865526383093959066806514070985913578144301
94,229,15308409944197180664369138780,86417442688430829268443724201749431988750349208479563127226628513821825061731
95,230,36070315210584283536109456603,81144857614175870629264469437592449959782226709656166546020149954766120319890
96,231,74070917894099087439586579105,109735006531744350211995645465464294721452158415087505223519229254043123706273
97,232,137933432234930510599527248657,58137940905975753679234050858241054718545329133793502235153640887119973078478
93,228,9555712405262851186380872299,94188953610170539951837871724753842832571990579403423283406524736519439971467
94,229,16678561242127323742293409852,98630317818556626987037224117934725177256380321554512775602107427917133071369
95,230,33637855917084594979921916416,44811307614413461705738507422408019600535765861157232895407694855936693046824
96,231,57791840812685962831800376641,74183205826055817896841466066900638069776150685491384578337847207283976799658
97,232,144970790358017882020627888903,89949478794978035650611424566098433357737594741871938785581696451853553973533
93,228,6912708945873560114109878505,82303947042096945288207717556660555526349864324684684191064102507585375930533
94,229,19078286616110402694084872498,47847168410657177376543891628098627393921687245714051548562572685403911150995
95,230,25274320298737470459455966253,63387344107027290216990056184124443188896256866836460301744500777649950281505
96,231,41741921970154839633832548584,93238912940199635867700847208364359920575068699151176101657783288279596132682
97,232,82909339162756359948821932670,113406139344839478880823058478027698149429042502131812294651733647477328475024
93,228,7519505106724473620066306420,98518859905771794138877108868879247632583629364632365882099958116575087807326
94,229,19648789667405349318540149817,93899557234831961482135262672160082795523328178248407401567550433615540996319
95,230,22000822073581171900395021514,41462803475451436653995867456819070700888928313477044227644714654374045615413
96,231,44615527926103069660543900461,59723792635310997880575086535140767556423170791788382209733700351509613613755
97,232,90451254842363756602744002727,80324276821176635707199390154035654985751564607450233794828361876116168430777
93,228,8401385784279162032078270575,108806261760330221955092949780549148307890730403608109681147534898683731787535
94,229,12505565922271874635065298281,33126284454474109366192274156888365072885190360087650741791996691088916849277
95,230,31049773103261186592455084036,113945751833300014727939033654644409739136571288138851090836144925127933220792
96,231,60000299392612427221458674953,39174871983014832089885194675211058207676647552534091172533700050821303888851
97,232,113768026288097189846554373743,14521093685858523342893280494874628139341624127658928936644766202281350906938
93,228,9739388392174511141586286301,73888955209515651970634389098451394340988567206473394027705917427837992369925
94,229,12036144237461260048708177569,110058066346469450554434634369696463504685375184522854348314330226757348841200
95,230,20145450153301105968081303639,45644590204991647315963005098889806175012490226619049653337802442251659629622
96,231,74648312689360043208057301914,16772328478698256828970086601688058831083981755767339451939520713481332825868
97,232,88804549024339509568596875488,73908172958320429000209232411548028532500260308429308006539462128621200133548
93,228,5911102406569935967405815481,42467859972861970002051382056114957743695280123489772087898950090711342966595
94,229,11985542602433769243173416854,68842167749679855639237472180143321504467478688637272408246405213478010139985
95,230,28174673086257113323891831232,101053679635518489396200966581236659879388462187206547385024067623990130435172
96,231,62525049761399730341810915647,19058838359355210788326134788691716908223546399149431248958622287972411097639
97,232,116250536128608925674640160785,105706138845191011600004770176990298751196018829653827110017677115421466688321
93,228,8820832309309819359454654069,28014379488286547553742631077833911199601001769215381042945183808910260808347
94,229,14747275986887708992416463440,72934954962031167240446861194244273878173226906578320182395636131833959487836
95,230,33700141165140678626751899032,80990783111062363490758168088088890809807235487349054256289582608516927802961
96,231,79074311659653796868043956088,102144775883068284666661968371011315573916800550104898787475797532681888619551
97,232,122748067116604213079332726164,80091143987784675396797786674625598221259074491386115276443879138975427493235
93,228,8902245351766349593574771040,34966291035295289346986275112701696381602075989942656356186372169369907905565
94,229,14021085785446132652276171634,30095292671588774959461710206614090827139076711120411514979380229615002673186
95,230,27768656410850971672700317874,77946784747160398077296946226943772820644501500549145657319480517510515938226
96,231,50274547561639693545633457624,49951910000689107952755267245000993182788544305233442552720952523177669752316
97,232,83995461487768131194169920915,77403284029215285971118250609511405976693641523896205661509364015156867366927
93,228,5846541701812966173604750335,58543223389498451160132602356399515656335711881123608599620471745151108098430
94,229,17902447794235032440190809785,953071073850661055300694092638298573919291120961498933805962888184656250648
95,230,39279105762623464280654977021,25677308862562548378572766654658992722684631252903108441138400151006255785570
96,231,55788055272278750862941475013,71984553370402759589680032926578561140741920915310095408366283000183392667484
97,232,83732448443921373412651297836,39814543162503671165685317599955567017602000032024721879297151849288408810717
93,228,6606824717182014691183953621,12367944542557587253860873315497052700437341698533820435574055902536588234832
94,229,12530299883726201313998787560,95666720362789044221242826520416365328693556622563436062355826226818004293806
95,230,34034799653207099316291345162,27959871398617743056338944773999765185482111801723463142477490064748642891995
96,231,55212160067675023601863277917,12588645796035633095309400213169596046746333064859441736316190256533812382489
97,232,119361884497045882625271593548,4285340108204961537898406033161199419915070428267063247505401143184548981368
93,228,8742265298858492792567393290,65289177772867266597166171025044253602759621613413099907677158212623684062996
94,229,15221103679019449674382855462,52274109121701810166828655537955066192409747909461517897631857730676081699958
95,230,37562492557340428008932838207,26295280488403715892680087902281061105702138607367643660162062411667565411532
96,231,62083842770141973203549620920,108082684244397008890053155940194103392830179585643774563015104837767260452957
97,232,157453504733976197563400374518,57328775969828896446937683505592449984756776204917225803757347649162157385530
93,228,8335856541924491069408221353,100613413610387003290888898048382036675997830601954245601805100161844169431367
94,229,19133205319756119516467217834,24608503141418658918750581867144516208000595003464890999292134716970092306203
95,230,22269117615926543829243893204,11130816431683454816071542095110274311047625544095741658513381767456476938319
96,231,43982969814963987347017462500,86651412814647596079674103613008738948263184782287064032430343553475960968090
97,232,92834917203882190696422135096,68611671502847964136416372535793301185501246962628553614854878963411408447552
93,228,8100367922713901944728775856,20727847054674580031655893345849416529646651330227019533954130747460647484101
94,229,18374270400900978894415894901,40122559222580082272682559422973482685121858317214304542153118241528326246002
95,230,26905818339553323621256714625,82121072555051125733842634046042427090931649573472856135918163855400892474088
96,231,44752009501988312871076393820,42747208020915758638284561025686612618349458368669682924782583536218350736115
97,232,141784529491626534751814859319,88665092917970509789200687392184691447700310519014769573334135022002669728355
93,228,7438568569337028976039385190,60893808779584978241611243277105173209528364603675408508540405190709012437058
94,229,10837793073472357067514307991,89612114024002779515552060454118540266293119190092208691882376802860290941238
95,230,20424790915199979541460658064,6830064967386214321932747221074546915016965326560963389290396682926879745551
96,231,63371446097369309458779249665,92516939313505867711279363343504110335047803403016926911170941405157128185316
97,232,137781272521856557132433611641,14871224172695419681991478170479191183271795076070757404474740545020593538831
93,228,9820601618643085900355093182,96059256440243472769477382597097077788812989974785692065869833816918160232541
94,229,17545270895904933964372944272,11335985647519577218521541620111055404589020609281022837797342976908297512798
95,230,28915105847028705346184843752,5562137227757908926021436171616616731970477967914833903411432548355003508266
96,231,39956539047986636730539887326,70997434187360025205665137717669747941219536571848456421615412295254126680781
97,232,107639202531565572336009454530,93905123315976689264655262873958950765218372407916691560854126761851572828838
93,228,5837165234966523179537792109,55275809340574975199233918195314782948973518049748881489612926358998257703080
94,229,18188082954858827310176417568,88849545088418074527889160075759769885556834630724178973091450161165200224421
95,230,35312757021112287408107205598,504565527359137800514599690219259169595559996815070155459600957684417808925
96,231,50494730224005562679727417331,71444735604385384835989478649451904783887359449618292989023685051863852466396
97,232,96568562466378073900668583253,41951087275246036848685901729803715963858205689842188726740655851976932639925
93,228,9836557971580301405995694524,96285298780228157952047415719952199543943679934901130687488345353051896602502
94,229,19226464788135954464133328780,104530067732136184984071504860728469688499685442285590677458246629111999324292
95,230,25932894015226231825899321103,66400190151049662632277165203447673727873515778312161085221836754728255440982
96,231,79140273109523258975944209691,107058249227316838591058120055866119536228256128927866989874379326107397424191
97,232,83032788209109745718203913220,12703400202024904454341285450929340374119541455918897459312163570042654766829
93,228,9581936199685840471243445197,62241146219013540561889596419092262938844459371536583505017738896646436829687
94,229,15423502005705454066756743724,87871459247725010770835579285536750736336121201237505885552287732696184713448
95,230,20260655821949121440944325734,47334823133842760375302903594117885757635944799962076483531338766152882386091
96,231,51806447299445594768215601155,63244696530344594344858215746392402430062991544180093066017385282519955840709
97,232,129330847980410684315391275107,115308930106661920840249721467048825849670392300507942870321865849221961859339
93,228,5437186944921685346796062173,76020375340439463175389859415540875992337994267820298329911302242238956027019
94,229,12557333835622510528405222192,74185353917675635265771137801482913821604178834112633816845684740792296388354
95,230,38031462077233516829494724826,7851594427807372565098832552623693058763960341872837645460019845338515108472
96,231,76477639238745647075483786226,15602220942139491254740964710209530627884414657601436147555024012122708895707
97,232,82613200756017702785169932267,67224804922109364856802398786090059043673782517959765561421988957877121840022
93,228,9013272675741669693867770189,73475824429082559528057464418833298112552700605791906876664536673984503671570
94,229,12834530726233565750465746011,87561064135108650191751085223011760380786988303362405262048144622484896198179
95,230,37061717703148164555647331424,45601123477112085345984909211275352682455150893407583708636997619592215944610
96,231,41557154139555639262666653324,28121970629628388123890165625557974272154001871367784523782339372860261262492
97,232,135927075572871425444080341609,12994745267170551848934570821920387918541925452667975030509252813841717528738
93,228,6569132159144623932247241073,3175374363578820704720645941571818247594771177953338795954414308175879420850
94,229,18968328906291082065039122414,47739513641857409164473376474274733573412423700660012803405723493791740590645
95,230,39382226026563973452527338405,64477573021420616309854249224395367492693516130417530939665322556816957424648
96,231,77751574715529048477942783409,78962333243182327908221978128125197838989019415739885970699168401189321263980
97,232,130721559971833159707759473755,82728066750806059912693843635955818442205703633391962387935766590538287908816
93,228,9116286844433736300873058214,66686650903772885457659292615311633394911800600677074473468813077233056192762
94,229,18795510322031648037038804908,46956416668940172663804086797137956125320918174590875165854369652278766424527
95,230,34257577468864002930818095409,7314288706106533545995040798046803943353941036456947840340111413384822131939
96,231,40533243402831703195624796896,89270086556376515127289424775490998109143977357723520320861951948399704024610
97,232,141045670303175251110380970684,64442394765980219764953866415843898136729714719019664245613802589703851847104
93,228,6385566450738094448496703209,45382366217420799773756599430184604984415458544867427386020167071081286427831
94,229,10874361321207559619300064038,109327915751641276233778190557147369734865763853675248895391346307117623799341
95,230,33677644789315886364694705357,57799967591872711196554133810929755178051417762835171204914248417277212214116
96,231,61222234188924375887835575629,32165534495155617138431979847249014341606444665951853275398774679377621157981
97,232,124397769935586346308772649560,92857278279885882063793233758206688548504549610290285098438623979163162720652
93,228,6630364457700902850146306067,115022061386596992317456613974907531569462455034549478471707588238717457762991
94,229,12968121328453497560667530341,111483640705881053647948800105384759892992776770066284067566011886571736175135
95,230,36909980676658749386462134661,112757065290812041964646586725302934462072097260386593001427219080783600297981
96,231,55489537425668907539803506961,58354350547433902829496875183169055003197412543550143699891249208082091317984
97,232,82431303406153521554320233472,24758024865311221774909742610610613263979627551099393687590471122985111474078
93,228,5958657899721215354826103864,53637171789457631222257409845492125053173475785265092201706484102387773523031
94,229,11076085051746855505051452665,3898562985421916930489564609028752603927163947517923940366634851767080124310
95,230,23956877815659321849511698524,46099100979828610273160947087480993534617980004760312468697026259785089390213
96,231,49174875325495482925728959852,77598834721846227005824761367966039934813490755796437639225516231003509274536
97,232,153292515056587791749260836825,19027334690713854133421495996808207277723927939802682553864787056507880928339
93,228,8625751173656941660152964053,54455364188379497173096439494539543974366867970215347171199625855884210061156
94,229,13335129537122742201491484160,80526464917811824989894762957030063578505028994123186322631887445729417152556
95,230,34322213885718420570836006793,90621998688301334916015958025869275621263478328690802181169905264440947347956
96,231,71497610820429655766833915925,57752773686261299050630009844139398047584728419506594530470534309531494746710
97,232,144945415671214521893874211314,83715449672360702143749096500156435257580663825591959908117524241619341934399
93,228,8170050196033988717435391772,60260685053054809282089041363131833215389517486053599994346568747864137074180
94,229,18002444977680283449536200240,16845699248185767187811304183543995955367526192574254496044295594591458280236
95,230,31880013865758038665303742118,313342039599018871809588323051128424806999356246547517478801328883934635080
96,231,42586313382591038761735573895,100296055404446216522492108680514940070283711306707648649932687418273268658882
97,232,145312050372784373078943307691,61053572043633529576772473396878470449695001193812813896653975054184526113950
93,228,8118969683176444768161045044,70754986569437615679627289299305422926567974128691484666584026300849969068189
94,229,15647932644543047108470970781,62599257372925396349519930677182356313417342448041404304864772746687293184908
95,230,39191910310127691834139131355,59060900392917738759377908335367930397617908879551659159112265473482240993408
96,231,46472718084770922217010599481,56911158305617965995745454220648533675132428798457860587850060505551929882468
97,232,124445533863650967038468085225,13764462687790720487975299744707461062536872039883480430787979924121883896231
93,228,8648901762365977954611123418,72579034214511461735555853410158969594639418802467051199649362557202804564601
94,229,13256036641271627540155107282,22390202562482308325870479560642100246452439784128461243473848395867535862713
95,230,23939197432817528335115451822,33458909624253782844785403785792524777028563665437045659471097659380865986736
96,231,78998763600100724890704421594,42804499027217097605651236822543150896887895996267098992870216955484421579686
97,232,86397745114017483058404243971,70751609309465153485013830542070887523977367648905434756520142402565490336304
93,228,7413167138266707581468873264,61171640456787904025169260063978291943489169279314173570519556087593630701380
94,229,18440385870539421700343746563,34610581111694113822184229879377856953722804686948478812041767267632348045041
95,230,35289107121896380994330229886,44358524912962613909854229711681517668413810079576307752947001344224023613061
96,231,62485974125685009642453242638,26391215514113283915556020175916077077213966709721641815292071769463746288454
97,232,138356531190648356118228433253,43570870361076628895128971003854482089426296174717380770427651490184777927763
93,228,9188465495344277808831401967,36415098423850547638363639238654156627738885776542390959262534429009384439481
94,229,15828694921505532856959875668,32419826324064576548831741424363291827201083609326310923132244163860454336979
95,230,39471049262731798747692015349,94458235251463514830833016959205920874061541639170449300343523310841020517248
96,231,59641937156846635505734892555,8414070267977854559918845656373707631056737814747826943086263044456197288455
97,232,149521560684321675031062781797,67744476001615934598626635682533516094808827299053556348227441992708525560248
93,228,5980451690939963811752701425,77433989942742699229505457446927910007390031611556547856044524369801514993358
94,229,18451582723356704203623222682,76984092589005861411536532409205942530470294608311662670160262193787689198512
95,230,37740155070349856102433362792,103208267725616222553280294775390165161881962357425660870208798029217290118174
96,231,50524535441531361830884431299,90413180840750550159831798599667963549141839455320331183638151707113315062436
97,232,130240573058521697186905984051,22879446369760797468284465340766818001634604347243043801164109936463895075123
93,228,8810673553347982222056724476,50434947019673439985900492160934047861649838747244002663586568786269320903193
94,229,19585863725856941306887296686,86437070766352833714019159202553798597536803905306579843775677826300556052762
95,230,27501570086368745944619482751,14527118783965455795753650627049493898343191408664057195974671803833004540967
96,231,46998919311078646916770172037,83606316854639357948742999353582991306048530664172573997090851464521813426059
97,232,85059358355408855254243241114,8225048333242215139158422349812150497745486181717033853322615411294523233259
93,228,7909454505366217863634090631,101220681387770794039485698469262715463533192989549752225296744094984327650378
94,229,14654540775943304311738636070,46788307753645649382426546460305417988486455095798524900660596987294512322868
95,230,23856689943573095542490840653,5568050540530590808345889063700576666973157925985146911106560513032776973605
96,231,71358382019917532609919005908,18755839743801176158519687275668125108504568216379580720963184066801482607145
97,232,123725191847311253057268325833,87795409651900676476771875024182629613276617354764778459013888424046626441826
93,228,8215178519181845986356120487,93184349245757150728505587634856095077997341023357702410400818697524276833824
94,229,12998876538341072896026982305,67548480791309721057486954117555868701804957632864998182027416751113841607997
95,230,39561644995812221999053458557,10314877567285876077399184834376851900609264785649336872910367515946504416768
96,231,55337245276673272238015904583,18717007144322934285579230754577872773392686095966538061120651422095747003719
97,232,127604975588899042104448326796,67570449637767333975744565478864817579444537707049985385590182809297453044998
93,228,7778981678235973983944872714,40887792918342038691475960153010489922916714676936304329275377685665742045240
94,229,12164132051062914114928549649,104362832766914061983278817713212744074229983153731759757849080944499562554296
95,230,19983199901394087362358636866,55990812264240016586274703590415733233794160117308903730571336835203038993464
96,231,69731274529192587918757172774,43139508241063786606230807816210757978056120494580406485866607652102454870475
97,232,104366440094957443759956499144,25874913116091710604824017985819436628545637563979133126161984141392180041751
93,228,5027031645404048867518816602,104114852125808498737228279394611175538524573031891290521256945521817180160181
94,229,16686114112480780902197373446,84332925643697416418758840654298359060771781890249493891130392577606469796882
95,230,32576823770534227543415605440,115085765658178787729025179620384742003313933461088359633250946476465904021579
96,231,47533453594233101676410006996,68690156873935652710417384189911345213986976476007456604606424062235160680713
97,232,133679006517836462522495920251,1590179994150357376315695826256707898936856581863024652906240764621254668376
93,228,9349000232316692279685754802,13602734713902893382914191390046189667821982056229292819712883010467589057446
94,229,14334509501902035041803201347,80583756782683417904513896659974516166799295253990608901144930183382683451040
95,230,27037162153415820827643277581,55323132405412276331710356188490976729457620432339010610687463184372475725959
96,231,76531103497385068738492367264,67235619006547466518464248335002994776426738302960118191780264598343359904089
97,232,120501828124705493147892935376,52438521312833712757462041528471709079112878315586354824731792115019476515749
93,228,6003048148711235604076843977,8702475614936912068156803353189624663379878054836435100535447701379810202298
94,229,12251524853151115670385594551,74187874529292309978993021697328290888560700568301821002605894772190363543553
95,230,22605931437758440636226611364,93167088639101435230104248667466212039088238344485128834921382592106747215814
96,231,41700008718382816904946995008,2060181096121562705961761270605215530537180454988357479517487865668050220976
97,232,130152035980411263014250682950,12124828398519960452863918376043495999789465937038367178489217814013586611439
93,228,5599205134120789882913374586,80047575004944859375065348109811462815101867408771850813125166029108439666482
94,229,15679902138235751790662350236,39992460521070932269372012583065944892545928600991414555066204601132277401394
95,230,33404042181885055163666958347,67146721209853678185217874753827840131072675143916697959673992478177609284044
96,231,40264477978282056052158127346,43649006915673627166543178559240953819039017367774010555691960832261341690420
97,232,92325758009341673543554230383,55773813030383016512708899802723206638422772763771481104273430506873099895582
93,228,7184917572279740284470532312,55420172368926641449336061618286676845374256732737313429046092543576392708992
94,229,10258832906934420845202578469,17372549127271664778286515400238805452410687800022948470106602174573649549154
95,230,23804775255914432902249932639,35693275491181209049826737357311604212818742801746394590248301534103686408843
96,231,78530870999692085286421848517,24115438825748013178140474170152263086966554510411491982916661184645739017864
97,232,97999128042371954019408270508,6296731037230804024427653130028907197903210517684400704721397992414115551648
93,228,7184603263592482123885499222,109962426253111681976279145254082140696828509890172459707685889943976869934021
94,229,17220017828383447203434416963,107081517867049920344842046533621509372586752491754205150618004018115096950540
95,230,38396248298339781361287095587,43031917270708536290016167337726134121498601254844813267263855956683776575936
96,231,60080055765753261230398383680,70155603236205920387625874189818348509125661419459957588936720568662904357144
97,232,117081301285749490414061447151,3125670134759891150627072411189914694683124719254827571424790533797295510596
93,228,7866746117561897328574532097,76705925567249338552750357810160946671104766997236615215449192933452120806119
94,229,12721776509744159751705947594,61709775339200371369457248703812952048749033540063016758885941361416368950834
95,230,22481065217521963971811032832,103536880289752793730881664079722631787306859151773172212861943183854129773475
96,231,76063079462089123591699115444,12560201939748301744612012631549791333204074838719740782366334343470950915580
97,232,101358486465985562643737209396,3026253607181386939694278652453459168334916521820363977069329597113809571350
93,228,9054684156783549399458808402,62242075755159988777650597331436625385292745015187035909559986866863779871339
94,229,15298026117357530339197315255,15409780250504063933852482262924589044337808809012837823999913522346049381315
95,230,38818877441777064057453420786,90797236953469784751610328348756977090852999329706888636518881143428435417210
96,231,65212744214209333894149886706,21296730245136589300714127707929535800111547507436411917016569169665191831786
97,232,121411809824314496444598100075,69303437643896957195419156106676291498670102983854694578813907714582324884719
93,228,7325149696710077150987467373,90873623284157283876795592359179151056880809865312550643388628034423647943614
94,229,13762091485795610244432482480,101928103224347236950286763220660405689417537552480543160250084014027525381521
95,230,25020385305526765675259560238,64649872684395143621227422065517285005750026067625199180270110007571119886596
96,231,40242183066990476131189214049,30663061557988307181273731764180027569724116872880937838792201784390758032322
97,232,152398157998618186805410706003,34201245909914452216054894648112574003703259517949062021849783173662988120134
93,228,6684686369796519188405393072,10273308602105845640267385258423134422085552145808036485544204063407687677832
94,229,17822136608111645757822384600,108492571154885979915117594603331730469725277807450704306471101199078206631422
95,230,38136715692257763491793047095,19686164061286531678253575156490240428062016204826370811483302794040079990621
96,231,55232074732541883505176510631,7916457343799110157963719096544767338556285885248561273690571299803477047144
97,232,89486597082159663644955429363,93673770363100796708576699582423050042552307668776432768041241274718501902585
93,228,7178726127923687597528591921,32832061754686971146495586712843597557631992315245429117460751736185267596985
94,229,15736673746048216532568228839,54280664390217948379946320076424972482608180534435010542848489680649227900168
95,230,37826489302162490763300268171,92919386307669592178843581748497953030948004427784321744659596494594613677396
96,231,64567450145116334464730855948,49284695400033338690572280403043434537373155046402750889301069053659967564741
97,232,89719083512814994818792370757,67834207851177255896145285728049318938918933750796515955546216213759226407071
93,228,7691124071107858099318743315,76848899444114371349336817985901329015650919453430676397309509488957063988450
94,229,13124394501518338161726777279,13573877943139091217675267238918943174396432564102092289846322999638571397415
95,230,21747435016248558794603258751,3371948506740302115985576468951413315226260535817306519520205671387091812675
96,231,64151637816757420488192638597,82808765557760168450644767090129148489219830393340121927325011411822895724942
97,232,115283923300398697004260490657,60828259286663592545691300857147390719044713446741578988104069624694803183901
93,228,8166961633177344242871792607,16473958494926659482072405768395919724990459009926664521909395353611951780243
94,229,17285607891654289880762482313,6741407192608179242061214465608846815115947652591814574541016620240411136272
95,230,38431841315580237977701707170,28324634106473936221802743183821335592191261217695769586626209844717328091606
96,231,76875475969551357231917764656,73320981385870739634329003352186622100401707829250705743427917289716557004817
97,232,90049109089218165021062981176,114704375104834727597187403499631409318135582920686075620629508085442791039869
93,228,6074803278034953920494191072,26652489916233012292555654609950751694205827450380358639862911379180933651358
94,229,13835646565493439700155619882,9068830772208675650754144297588813951426715768376586086591417725660971576425
95,230,36702765925901425225278184182,60841640620078278224963992896218715635149288924689836234791269206623107480984
96,231,63737110686394210048185535989,61152385537365916330763270736006977174183189996463698739874123246289960015174
97,232,144811221815212662650917970372,89034514804169127629535419898232924820390977900854455805836716072796693403577
93,228,9109862455448149851320919766,86334874155529279659555727170645012931170548523619692466275325699586096063451
94,229,15927788058932090656231845433,54273627940511449715595639862335975572367370506661816365056161407881927241521
95,230,39464059279565068809427756275,93062567736263242570469139295222602446640169989937577871418128092247391914594
96,231,50107100820205934429297616569,25865186451425204156017907234960846549218288101221593018721043913993839693473
97,232,125524464601196763426850514488,83058595430767250388285334400149551959878511536237489070749396800351999671621
93,228,4992970064826207038351147645,26199507439733089817555550784231713736952362393621196298755150190949802995783
94,229,14418597924990473458036391111,97769928903261037203881328364558130075022777738860212455215127065705319628640
95,230,24588394150875517540395141309,90611491466903775026812850630808435815547968043496134285927655181188928747019
96,231,51627999453906124462196984326,21782440194377569943423660334826935825775741253553718820398102413088066060229
97,232,80364634109721989106472373130,22683973591099569839426942894836245574249754780838231899104163447721545011165
93,228,9092799591810244902730127985,61862043642116839357106546326426161009941992570399598339748973597745342512272
94,229,12170753176671784741871032553,102977855820491809430487218840941044025320766393998411000201923074423214043219
95,230,36997431310668514039358877878,15662476708745292022128546604101866053661210281864007327138742600674425544719
96,231,65641163847251115939244562590,2231227367700631805141675003031972202931876941085004551299535152644744857013
97,232,146436587150678842877552629461,68560121412738852059148366084577304275920070462511542540384484320984929778165
93,228,8681365481399458992172635478,7807492137441334930698129170529090808729786503118758440838635994695911909189
94,229,11644732025182728762187757470,20635093697988432563185170516021865545561390047489206760402577022091255735364
95,230,19997097975170856233383081310,95290371088270167994675161998318466605682272513126015394699014502762230324478
96,231,65809726566746431906037607570,52386679708338528333276423498442451163902496802525112626959690801518231181032
97,232,156510855784423793184453227225,31509744004933379268441907338756310946285159445935127310418633527723889767239
93,228,5358550579242581593924876243,25688548243953683522835855829966176435521532808845759389787336802934817141082
94,229,19082533151393544905644745920,77365049859197765681541875972009068742614096200927768008998021837326083102704
95,230,32089638208897188342728510866,100347099559171312216326733574606401978602509592762418223312193900515400150069
96,231,63158025471916204352722433677,102332169004277380229983902298464226157702961269000341146404428190746297281574
97,232,94589304523344754556390254490,62548480462379443067404484399163359878216303419731301173383587366792766232330
93,228,5094159703903539718886737426,6704145410996462237541435963994632393597368994564140176934323456978331398994
94,229,19281564305324027201381706832,3376669354712864223346998247922570587142287861899175673057590219435415668129
95,230,34912390021316880187070805303,99740584933272343077328365423998381318367519326312074909309659718930863005655
96,231,48464296488625675301258240991,60736291139052151542479789412192868686231868855151072204520295324125395504861
97,232,81523416280802966593561047432,60362479871628132998517548274683574098665132197299490010649187674440372059842
93,228,5912305645929784563138245845,104105858229576002224041869164844400964145076325462324442497520686331614787931
94,229,13552139855125400743591783165,73374142911760558692597967972289232694714022903474456945570005707433101791214
95,230,23020660345922481101403712246,103917380080638988749642815229934498285513097326986445944293972328031502705917
96,231,42239034752375428684823130643,42465825925969417720954027531824783110201556482241739160593594430885672047280
97,232,102943793629995697165004227412,26453736355083760723888447943714326135150268701535087621612395009814271716099
93,228,5516902329685429430054631737,96061713662585061749774358478170665915553299866067789387904347673500964096214
94,229,10071808909367445461255546721,91479442373810127631441141770395631672978154651249922921085175374296195617784
95,230,25730888260068766665953928641,78698558240871702513825054697094990828229897278175459173974392148062892962462
96,231,63394879918201884663890466392,104909456050024058881025533031536350754787388702161677165910254655269054477053
97,232,145471531699412692004676008695,23413696133942551418397736356047332893689741956046282491928808627791948175978
93,228,7523970558278238136317850231,89296826973188442328330433095937045923296447711088411376473533816029640955335
94,229,16495290750196006560446517236,18643346906406259854245427923280467282867251898597759038420644122612776788529
95,230,26605121507524540529085373985,77154252275368671616664446499139113005249100869406412616993531917576735966654
96,231,66479407261897843965254809432,72380413033511818915440047088488488922121833472603501744722456942952191438387
97,232,125797260304417883964057422856,96646612750477008868857785410303007834538498029256193526136531146024480148958
93,228,5994005308471541708226572225,2199093230851176304632902391214257522119745058770148266852372691384396641075
94,229,10247046391957838354085176751,24777079036506612254837343076565409722662691752617015974216041710707426776131
95,230,31780756160885559052473457790,101783670790449181749694608519736097584769034135327325994666155177649805694180
96,231,55435566562805891951084564905,114509482751312316107788800045529278987830609955774710707776461904617809322153
97,232,140193581097366674872769289020,45771360893499263854370798768198987712421799219734176785838321603307822981241
93,228,9830545283220421898044656480,5055697333135478572681396778455669069817557473596204316965095840475045760412
94,229,16763751730202300268758912815,5095797404886406266649969324255183589403255995946948122695613389119791710564
95,230,27081485201586471980854184309,37458091796685333355657788827084872473854119244496385823889276331824704914196
96,231,46574171270151508170716530898,18770656431867834810897075880897931424074352615600639823203089641880086689298
97,232,104955435138010682114607433920,78474807892574439908857311892975792508388540646113675849802320034070491718124
93,228,5891326530925890517401170820,26989719611108039070348446548930084991826749814059084751765851007035068975695
94,229,19352557587988544082315428672,20293616904678310983875495185480871535720158468951404338699006879154764320469
95,230,33568276700878989399394201428,112582682789560463801966263539748255011260750310055687993820256405391794659550
96,231,47659895384654248322582440488,63322493259551207672955830897729316986314655748977462856846842355776303008854
97,232,104762254197597922441639123733,69462997257377650867841267175952099595660134265051673452557144930800309291760
93,228,5822830866577290370315944699,37396569444196018911696472491072866662647560918901600666845864129133313450146
94,229,17454450591861872813895489110,1171996133475229701461775857796889745586838197886022710544695383133941953653
95,230,23669129804425303404850150800,86214195283584730075757427481236851899178154962610665191688591344025228797760
96,231,74017536329251921831859860837,82169526465689273354046098365675347450422105965512207117495719203568931940768
97,232,84539060910194726695840852318,31573425228984204711355116902604575697588182342707249260588671924080783460186
93,228,8008614598227391040505522766,64937880681965690179127777950701805336887375876472487095598102691609354904771
94,229,17741122855255751913461908090,51073675757323599183172676774877620150352496900776038479919935122883965924848
95,230,23070081942470424397370489507,75453210184930180317352371490106144936743719084273093102547370218939355142231
96,231,39771090921470333334865570179,66482985696987960521283144584343368912517907587310761321625508346791186265914
97,232,83520500546732206095145431955,96435575694947751425797036435726039155931178527151433535007986579584104805531
93,228,5848914293896888913103520054,12839515723701370579115241348297931221716613940715233628741536230218852389741
94,229,11990177559330576247338801634,63858482815117281399165750797567279586013448741456749901403936013596370088004
95,230,37169378461889242629455742994,9151874097805631268735611810660582948705080553465256628012934489804308858124
96,231,65803139210957298791421860175,19164595266291630544995006785585145292825369613658809441462707176224601588851
97,232,105605962267964947731789540362,22039070090863070735020818656847314470697522473885340536671639111626236315552
93,228,9301012888197762952911954224,101657862978558631962986544127868282438913808469019580010309490794406536763216
94,229,13231223944242338947993897476,68779085985719341960872863603178443446597368613465877973687797086449739045756
95,230,35381317968064321670031904689,93376221325036113915358544742142741214414086366156384874404265862339406221336
96,231,49071838777336458975168376267,31997893132915903634936031000501561744998744107853072327463355114806592348744
97,232,93454661506394493841777455413,60316972992931398389396040845276588081923051690449048404302667404912562643151
93,228,8356366252444702602644099000,34154766778239097048482541124389637220880076640813106400231046715242548977633
94,229,15333416132843896814903839047,87122086503891599957223063703999169593936177548457092446698374818280193109339
95,230,33264552792857967628213589659,49709696563103433007259089094166571418103965506495431842533811791612554211558
96,231,53023586353216044462276423580,40915680528373105224143331606039416565587596585055286883337415635990998504666
97,232,89264428688483887142014020157,12856074471063142546527350162291047018153668370008660056341323754425896218699
93,228,8653999835104124095395547532,17327690816319074823101512740771905257073549083650508608460431887986426182038
94,229,18588210590220120126096222744,94223275026903728024219114253192314072663653429761729200142342893534996355708
95,230,36928015365925379144386064385,95349048292722102816398169103750731485411060497786645601139550142858399415610
96,231,64623776585397667947207791650,53912251715293497711952189012206435831241348592812056030006669580725962540104
97,232,115690593518216487945011238025,94536058901774225568361727716869015474832252416608373774404825476355556111625
93,228,6258341156862899120912298258,75412786462076268711159743484431581790468882456336592700266935648357266553711
94,229,15400056002248244354489174222,32498304998046157823059429525406601408130433587283284992377171265551199803020
95,230,29227123399040205413178817652,91125006576123883998815120361667853437912684628346133540065890281138648067488
96,231,40251882339158872841199492443,103325057974487007108408259663712020923542635813515481873846629483214623363950
97,232,124755679361972366162413840896,8519563525307708640729755431989669828238349509835484337569139963181748865239
93,228,9813685314178493620082127054,85574541743341096753069553478197539943437091535661796016403598137550083005992
94,229,13989624302235998151902842731,8459460041623643741278746017598692680553644004413302016561023209987534818739
95,230,26489921968558580574010963050,59126973849616395591236396855428642967918222807823734597132304594821626726031
96,231,63921772197105735623364863482,3744010836573859990296800300410538646858553591018254231458255474985570144732
97,232,92739652061058221040382357686,23975568974643073067988683936519572344205867012640200791992675473681950225641
93,228,9499704301189030932340498753,85324082606797272611228910659596577840408924743089283307157843084675879968855
94,229,16306308293572374677135935127,75938578085320492012234809697106277213430616889376666071097396771782930219097
95,230,24927264849816213243801103224,80938926805735456442818449364662517660105019089290563753910955766975663411939
96,231,77008166586156603930823222743,90482789595653999552477547413597165469196470869395079008277508430586275785502
97,232,83738283456640617601581020174,115114242424831505716154146604831203189597468431030920683833798248319194893710
93,228,7513933680475997708085843392,9265899827411608766340131337310154783424098760395197730439590896130163376390
94,229,13298850072577815271133499799,6577915809186440103571199350758513506786530532148334911096390988207098446487
95,230,20701720205449583448706422174,93540494942671915176633648253793073444349627067256915386136755153002686548348
96,231,54676486364099741016405630478,62418752480021067117190167788016197061555872105545228290609789242528488146086
97,232,124547693350464829325681740836,6147750146550774945598560303135140488165469218329120212278495231609568840402
93,228,7106144378570267426719849061,19340793537258725282749212511198576404014825929405596790549388768052375277304
94,229,14040354698038085838562537317,20807688075814368548004877704771903313367854943242629366651386395339999149881
95,230,36794123204700049806904568147,93641117075477063056351606005646672736788574333274631788437428278570826256530
96,231,41971706116224578117701734757,19023999258577760224845761279425830500094268192666537466645160286158140720460
97,232,145984168753672020599588603401,31958578277406204478197365448113112182786826015258960914089489809992180580966
93,228,6431996983215435702610704051,66927686478076457827840434457818133878335739065686917924701290253717598353864
94,229,14492521007822037511377357739,4931772771766526172240025378854443917422175668873670068107089603841851454807
95,230,36413319661778068843449373019,24866288166695248194805101750923184778387791786913292089407177218457115040727
96,231,78946110289173312418508383760,24238309025960861985496405649147425316998374654917902223463081429571340787108
97,232,84786137829042103259685502734,91139104471570631370518906668929905620621158593537182454281836472805725207177
93,228,8331387193365392312283464764,113326777013048626451892432395575740580752843300947456538494178901832669696728
94,229,16162028891207720734545904898,13055341041746648572012723800187307956627741609358054915081138589880145768432
95,230,37764318165106588757927862567,13602685558783265741058795712661555928096801616988374699324649618579135470313
96,231,66470890328801949790280449013,92509382756251245321274743726509822866526532041177871744430969068835592127906
97,232,85634403526835174374361554921,110528210004639380340292326436600665102116388043469019394173285282475927354013
93,228,9006124960910915355822318853,53923293326074778435325203683331195981137596199370750444108976703839390991224
94,229,11980305563056934973659672897,46868928166412576686874133480472518571022100272334166185274511591490223942728
95,230,20945176314043349625642219193,90041271561880724657438366864562438734613353710959357832797869050689330302601
96,231,47762468466690181355843281056,4241360623037112714680397868486180722518497052937785964718911045804092566703
97,232,121575821025726426996267280779,41891365494698764123565944905315053271997148547017664882806370746016282279210
93,228,8606573323106255179075456175,18833599140431969993289753631692599376499090998638210613576056636311648182247
94,229,16663766095463077059131606672,85336700356364983632659247760348634059766786640384425672451089006900122337660
95,230,37980687642189849335989244168,76430814229868798093056148403706941037835333646717039635373069929863925199691
96,231,44611450887958337629553392963,64251533194670697182142321056006295216176418643500059653381293651217183237961
97,232,90016812650553483334313021532,47392489050570679213097007808513625182608494331563034636682246028219859435126
93,228,5415941008288705297531621628,44710158149923315881615468884451160286011667895048399492662130299111311575721
94,229,13073000452360129278006234088,240654994653665601498595484625331367756295198414267166293716898749769825567
95,230,20901085398444943828314491485,47230763586314056299962325779478012427427413068366255643197613388366632288764
96,231,51330800074803912815058084929,70428261846510201441737885867951918974779377228892361171035679947767463925908
97,232,152435261929115833527164502977,31065002519625020553512969087385874407548472172541466714758730847580653022306
93,228,6556554012145106111186098669,5490737994738932848457417359972577376553628704622304075601788771134468011777
94,229,19733228409627862364063086816,27603272994274158581938726682239827914015514687214812909929207964917135555015
95,230,37712924788843533845611354601,12244424702167564130212401397984993240320307625730733373041268263523255154030
96,231,44776798680586891658315897587,108774762232804519800674083147775947870788824300010687425191975555702962100802
97,232,108506917660936129723754874291,50280059103916647988462453336931432061898537670892621239884562366193712944492
93,228,9869224486032232917207537325,52284251567070584323920572985637407346458217116627335071216009330237307016516
94,229,19203402111606448475969798348,16243058792735211558473999717115085950905963558957498199601915832350780415589
95,230,38490076953548616128844192081,107299782390850928559913038113780538912781607271115497839019368541115334387027
96,231,49390277418749427089186317197,20979542212802779027125823127273709111554180388538303129505707596071580448285
97,232,103464505826389658929851079835,58978063284016371995053210837136678962502626773980055406136001019808709471569
93,228,9627584258058314555770518681,61899299924153466583486876039468573995588830480796693821261364603161763690482
94,229,13984701010403140656431681562,67192467436175276002073928975570565641229611510093372173150074860996911718029
95,230,33012179065900536567293615600,107483878912193159616008033779326574137961528440857125144334028924784295044497
96,231,66417391874678338917325406178,369670039796907597021348245964100713461621110459014014424916031544418826300
97,232,92389388448957672305999172520,81318340426938992918911945976750338385766980539586558998722946826367543243866
93,228,7924800113435949038684455046,103583750454948307117555392482500968946844468923885058071843854547341735762837
94,229,19757694837886970660642420031,89510256918320152153206089215590933572666541802692935252520379084771178146426
95,230,23522360889709461675479692856,28998277643934588595817687503419079023249697733388967884150839943610243305712
96,231,43274239103710139985511392421,6390822919333826495363625850406797178750735391114767987870886636434541219366
97,232,140283077312660178052818282011,17117277209975658901106593185376684372954434385565914495997025683036520066585
93,228,4956342283990744541932465455,7399179380568046372962430200697860527043141895424942160578856860203753463257
94,229,10673473361621225483205943709,1098753598222185420981866098301781039628818034740418749079157487536428297235
95,230,23179361338746019297219052461,54426882597685386298852232647494086078926501170385528841694334819732165258570
96,231,72774671768024894927252292437,4780095286167111787352762563150414063249783588310466708569809558088345731201
97,232,152510577479144548169441766223,71153604960696776171306865284348247931224400805820357023628508856625760947362
93,228,5069181443067078165964290898,33215955446677981302740579293318096787234355219204297342493503245403449542720
94,229,18112746179175456516899285452,9314115247488349627277464871940977635045586020323607830884375546266067918048
95,230,32569165308370961521615912585,87367004157509195612255982480958366132918380625023623630839452971425055520492
96,231,64391865953525545043227491759,27104270278142156214978022685049106220471147855665210963784895859095635381465
97,232,87822385783920888165005977859,109403661900143478181261837981294262815119720803992382739523232515335612821959
93,228,8472662215085353111270933357,40227495905762970257064838650125497950482887685564084071533565439734853569907
94,229,14043537792976709212888114789,80467460019282970131419742729694103844278340911852015563003194563328756143074
95,230,33425271634780734597091998805,88834243204871718646343595825212443032080866031225686375166124396569671304284
96,231,63209863277397532542609761438,41011105753846698068411787518017660837663744973608823106457088544549591576768
97,232,96299037509763324501409501766,40340328564127790728383055356666877072219164341078428912749044500159148875290
93,228,7762194996183753832165253350,33687019169634136748950817949549163502603583243371463568144769007118836437783
94,229,10540151244402748913084250398,21408202195484139922257391927752864321811186672943963791131831759366754964139
95,230,27452174508020278379950494251,30024137020202934982860481839119384055106899996525927753944518242627761717343
96,231,54816761609880942970905596966,13129630396835585081358477863316765733988901247973644236834106697470973328278
97,232,155356699324220711099436911947,107397599505630102147551831567736872142460407513639323564855294805073546097933
93,228,8931412289288850868174488539,59939005473893600631475857497228811815537676504320352538492395646468006637351
94,229,12997870445155093565618559579,35624700222526062106070301668274804196293984079654695838523060858954973053416
95,230,35843062234475124723833121117,59387016048318879480723972925104296523373780298749584403879038993006258585173
96,231,67435636021889474540022997247,49225333556647403688015557881396641509463613234754024737736834590430767440614
97,232,140557585098618794066363947741,2610758862543220024208320955144925890366574193486530126259846765583712413853
93,228,9556679939481348278800584849,8325301331297838553800955619155427057147309187606421963504110658032813812029
94,229,11496351711057811993895016249,94738726942710027041473982024690605173489148424464056269992149740894123406383
95,230,37241753356577363683942643935,6623070336816293379053072477417162145361961724236140885416598572663345631400
96,231,63840951824564552558123096476,108891289074801258151881870036440785075239790619457689699763928338497768647368
97,232,134670155101712125195111017593,110074290225656366402022161455737565138907524842483976141509579705974589346537
93,228,8348395059424471845007664936,42129210405936796815611037924328526822106322560043717160636156537790062235768
94,229,17046460400951189049433445581,51695196111854402813388391858442828969246871511926749460694617500528594791202
95,230,22048034413359194892237490272,3543919229039759382324589488737593909941297714063304810642726130169914879853
96,231,39946477279105298159610004321,69436147514245379503493330148242151075876725871510534692672932616424599650422
97,232,82551971439944625292679826712,20254274579924405877412798561998646707594094628185361514098767697859334023409
93,228,6960975852026242951202195986,106115162120375140942594123860885295394838399221456984693982639906488891067486
94,229,11911495280397987750257777607,92824112243719321852064931562011326993867920424719957152968362337279864820539
95,230,37810451749231621350272541468,27193932342981883904270259246909667595692762717817103301588892471921980065122
96,231,71171187784319889793722254659,31381839616705326221745642490777155127314655290609314272218693836143647315485
97,232,119023190636585186667155056005,77935935222751730480722911559278385211367043947029655089730988669127806590114
93,228,8494852332518454973871628002,4538002090130485947644349545868103288097868959256259391770353008192640306534
94,229,14640196518804547672433864440,86861942776144022305675698137164886813137678324058626981308665533714181737153
95,230,36719558852998481217241770370,76507870938572310469261469809205507947454913163650620206090250741781336080139
96,231,59810090526484599957100172222,87507954383141321989704912613402121881121263853389409410716254454820488361326
97,232,138660558942766683170063763128,64424091903336329972378956197971322304674871894134233098725909804684870871780
93,228,7188195205128853286889467246,73254264907331233668492567931276532614937347347173895414575064775910108011323
94,229,17323981383175726423991557722,98726869657046593511694642212973460525999490065764509967018485720365958919015
95,230,39605315753181356290191992274,12742437112456392107139156511057623844908093711443112851453809576169132663839
96,231,53937723887486778259529020484,2796520085051756370818267782503426893517562150131499145356449745874771023186
97,232,86082469904235593868568932434,17266869389248726180159690473694875534847287613541187934286206328368338539885
93,228,9899028397097910901942071641,64047711640115994058906133839151886683507977139603329565345924774416544032244
94,229,11213907396625135572477714321,10565883987426051335959792905378357274045025724023569176140763196544994272689
95,230,22033268373379909550799151535,43939562650261580572500268605560359973627847184929171323966889947659998072512
96,231,71439255194994806681563724262,46196692237411603007055802772162738915987610247895721496339262774207489501332
97,232,115748355716283897071764286102,63116644834149523724457708420544413291841266470361616090629835558496955832468
93,228,8842569132638557139850601393,97835214923934370735079548304002661903663012005822957717067426028939009049658
94,229,17247386708143685759893725295,4581695772061545436018677994448360221365816944624419212598223506588667745639
95,230,20280063804259990296043197207,13312987075832780867978698384368670618178259229951638048845195985601735777827
96,231,74409203565654690189234196161,46313982801185899066850176667578933791129635634419574020720154572418290851762
97,232,123695404646091398494741365689,78152635421979995848357586425655233473007746945833068167753105860638747082038
93,228,7389244875366341261293724268,29711613131871793109722566108808947188003794641732027638040485919916730450195
94,229,19116569985552330945627877463,77992435596942407436976285031631674053119676868744250636441185703012195017582
95,230,24762924464657535129589383092,74417548487932580632985256862028095446728592917306055102222169092031128277899
96,231,54347533834392972932575986675,43603144680276478144693471699266742464487896064826586057582000110554453557410
97,232,95505986450617147175719966285,63688404172011651402873251161621957626850909068138867983131361194910241809409
93,228,5393155843182010875512837929,54761036550006743144962261269461991280140242953735081723085492492803318799730
94,229,15073793208383182174025083295,65302120058762974618549026368027125692434784947509456208220759047356654495705
95,230,32036525920659544894708963882,45352680338613911665673530759399702566917686839692351655935000845751038917037
96,231,64826261631582067319377978895,54610930824827803825626869563802170574384707640937006717578730589116446771356
97,232,152210016250336434491118286704,69061512028417233291574927695410445345248479422268578094457124277483598921946
93,228,5809602605791248113560704383,76244426187502699253421701990691737499643182676448304222316264569283041324089
94,229,19273411461214584075644219079,115354886217147654958266608927423350045452589155503114882633175918869956489615
95,230,30836763363326897206801619046,26828732422517301211840441129107470455372476761601869896661922512439534870802
96,231,76389407872269435617816041295,103345427636585039713725876258318375556334327506094551914945132274611975902740
97,232,153764176754238997400805151173,97651181655488213584941446586735145887643603757847238838435911076051085193927
93,228,6065114778794668947898791010,111050941567512075171997710090308913448698680929194170063091748874551683682111
94,229,13699655370705162665892006289,106528686147309313590188727052352841836072663472832872827165000702748822816740
95,230,38878737759386700197037129887,48661295714734517739333624939417811699305040376586704084416991898029504461688
96,231,49806461861167485402018304504,58412379253802550148192005563021743327749900142777823169938067614368848565130
97,232,104524293718374214943631911573,15954173013443816835894323385396084593631500207177049634331799596877325648338
93,228,8129785080605505458035956505,86288504387269231405541069525560332493870689500616878674699419507466485415915
94,229,17802713266352224184796571756,108891026274926275824199865862566673860711558315668413932752993904099716074077
95,230,34387975087880654359213550352,74916657195637784982937309924079210617661570908466901245064178782756011897139
96,231,71327679446568023900862919276,100766624336971816812231185579260268175765988663708081810575836095747114001268
97,232,143895900155787307917334686974,25695968360805626285049615632869236657948811690753905915672720739116365761439
93,228,6031211141396975267250855531,44504736739638770332172337329173801406361404040132034032666383318514006785974
94,229,11201568723344688328397443754,75102378361412977856744673236117224450211674603786248393037941648962461703271
95,230,26364137873802147288081522052,80066224908350779261534303214477105262285356937588441333662215508565788943026
96,231,55360170566632234735650240630,12946153218972942287023050098774065396887293033713547872579230153002983140113
97,232,112869736777138021516482350603,99305657496713467877326409591121731660697492597769313378623671977245265707582
93,228,6469693303704007693652323501,61050649027062356754575390240398434324674595429199750810871111756510868811019
94,229,19288059432128119337398508576,42326372031615035198921881344170131637418371994319644011741684323593436738529
95,230,24136086898697234269835924402,2573006049185921261973453464814263236888371575808810228800095597573716441352
96,231,78363925789798904672650527723,32527658446885931459524636165414648324745761298093903805088185937269928711507
97,232,104182910139448083230506047739,47073175004581206283672024014650196331713628686147446172746902243177740217881
93,228,5624047160180063956260449724,96491047642189065417285192022536358216683655252594706625280196222895330695310
94,229,12618981687880159664771422035,108623687987533972683506557745573083213536373182821165400029471395791700651968
95,230,29298040923641409803617776347,44687005466275401351019652641474808225360799430819037177848221246222302135914
96,231,64125356236871509475769774561,92021655401148486370395652628507152826668151113483700140623581541587277627334
97,232,157499651110178417464445630303,28670579231657315886934355059282754850161333167775730458322517233396810723103
93,228,5620130551863468066197580888,89750673394684995819402442139627120513436445422353543354092932253100695686058
94,229,10156823595695906029229608958,11468446166358863946609498026960244398469344138699503384192466981044074879540
95,230,34339694731366686770537709601,6407296543199313673716750878633856471927709888556136829266057324173577407812
96,231,73673602183253865466116260330,29051453109307288933655439301668712796006684976609430684732961360387172593460
97,232,152632067571531256996405662020,16428069764014622876374400449731999614246621030168584145526441683905515620860
93,228,9161439216022781316572452333,37647314672905511359944453256302687622877063454941598558676725817650270016563
94,229,11121623945332076731435066953,47559243594147588027949817649608110701996617826907230595756503108772511348794
95,230,19882041907346923279870289931,58119927170191045719243304729053367430277266361807306110055062313499650386400
96,231,54109195485526154207945390919,6486726598107900788763745478161910615035059496703550438904507416029859748806
97,232,129578880380258472034207599338,52696496510900939679041098203614377126522959851709217521604576918564759826963
93,228,8620587552169983349497124841,592609741133986208290778902533290046251936557907174809997913297094714041616
94,229,16130533875712001725101495661,109434083807899321009357786127722802192594372848506860357040249950952912291028
95,230,37952108822805328145938662086,68963183022185148890389273048093521533710562534350164576827106410641494430916
96,231,54566794776299482358706878718,18184184163095583144853222061966731186879960154521309860998780172513804486514
97,232,90877973389972909435981379637,10131302256529521685864737158833636100665075353752348301114489590634544144169
93,228,6502304207832393330465527579,43174901919626370929815925619675644533974784479647956860965103139893469016394
94,229,19294694540791826239524687234,61917458668925599074482056331753981833473559808736133618134188305660592105284
95,230,22346765613921358893534669913,36768460833823603925121431181201793866761976711005782427363588113690200002388
96,231,46813693596235160108707634013,10682186508149553339909064905320337110953948569800334684427326863977161598975
97,232,107059921042629177732610507705,112956011798624244480898056761338532510150277563344284114456122942526034325350
93,228,5800340728515824248239788961,53355881174823817090738178185636889960522142279603697788683649490763096483752
94,229,16836414660603600410344885509,48052045132580647709660477134476866832477806308010527307974595828836307836772
95,230,36692831184606791915358299051,107173965090783721808627994100960655202998059619930612816748612917043682271270
96,231,39728652291691321548023291889,38738158661874539090172744396626225948509142084370852403536088676456565425060
97,232,85151975981741525587863841402,104054694941307245684922025659111644216224658013261407382225106966189859394821
93,228,6660553048725220585986592133,24080471022119643548118079622477038265310878195841121087576021739988888479040
94,229,18668815038200677049127748082,16014793309155128783232439976488269750292754247653733742195089017196503860200
95,230,38588274002672277655601415483,37540777726050166603757640588628810299960486212963718597658804319421438521231
96,231,62631128455441707533720296468,38319077851330117597486774380951719876332106016622400474454457545658629594931
97,232,139619139925212014845200919592,75444855029115129347848383934256102070662166606460345298578175672359386682126
93,228,6500886340803675367472366137,74674544053321712866162939628502479686789983432771957276047850655122869862425
94,229,18306257246571025037676887715,42623092589743121480029002126668874834208593628181399341171617311554561226656
95,230,31239584281582315360863205838,1550031660900643226697796166017948059778744795553187659188526099203192909541
96,231,50571587629340981893508270851,25332540818584711832277736023306300900294686636106194153895800616408213827453
97,232,151367419306727604789194542152,64773358454257575178990669091848075287965365719423747581040481688171945570554
93,228,9561134752687779038970791893,33799380151225201200402771911770112631318228676920544415474508851113978809853
94,229,18020712780285466714973623747,37032187991963574966596560500175725377051688084459575311077363341904213235960
95,230,25785035799277665721543002025,20391803217926037408496850894924496528279404075390729813078461711807537090222
96,231,54768550086359027058383162372,50656498883780829935634280782148222230215154390141407456265276923632619790064
97,232,158288953287001413264012829417,3166118442960004930476904487341680909645969664131893523143462028894582891029
93,228,9011433777894293576312791836,20625176757384857853847393283286418227599898398235626302882517788531744824672
94,229,11760838525817368020274824567,102908617406044719938186461409186218253897881278516858245961952350164011073492
95,230,32398563671755018599287800720,7946941336795059454560267666461673426742861074311503151806802502437919817270
96,231,48955816216651226068126423320,21493078424430613137329788809569366301650714497556931739516645367443069848932
97,232,157306647602217151328083538689,42655601132123090354317405446167435670430921741609549941637348320488115549862
93,228,7303343011817835422030737286,24685207564614367815353421281393147862431292150611839005163177526544324996544
94,229,14817848277889619296471170632,101391120482469524109000774250163794280995061119171272101462435643044866254895
95,230,20875539273428104769019682128,56444089464587009513540090819121547119071519763962613429540473308612221435763
96,231,66544933620235827059187239480,25957923230995953822571016271553884587417862319063650470717824965125496450498
97,232,91974118329248718360570493842,33033868533126718100419132211324657718774154815365562910202118756949771194789
93,228,9148072206849303965228686359,111056243043047833431967157784350782395651877076798341738961143747857034011333
94,229,16098759788527628398305108147,44311173559352236045124961278906478915561481626123827430963959349678393179498
95,230,28630398180359651570032668713,76550253351009605521993953088825616067266255571236038649225553895103404613657
96,231,40399552718323403449941999147,14248161790079497799062178113592493839768367785067310919016458844864699883676
97,232,138750546482311581291907277901,27086089774937051529054717198718407361871732449849476785000221624234871378937
93,228,5380888217044136500685731424,108857948871922422726558741589573908557497522016060701528741147918162942562515
94,229,16651984836391577143705627407,26468425125787623745510944961179250445025763705824921934993104171976352640055
95,230,22129316827068718716024044991,20977737131968031646568079562497335270236174055219692977786136075316694105724
96,231,67591216277001717287056793175,42087833835473768974561357458995361731179904489402544338306408328207171553877
97,232,126581296026013992708135732738,97751367347835252335247790226111222475251697338429500125768590098730251691399
93,228,9333332734655841888723918666,72596831216247512869965194090068274946380604983437629508908025865264571926655
94,229,12443702027209817790937714473,23418799509051017440741042437274534681065494149712286002010883286750340675608
95,230,36852971811815205347023197470,8292685293067209878955479844403239597683537838731530065271411664853800060046
96,231,58755436135895968684529722683,90701325579765243290491283408349498484658450134238568062582973000730108788392
97,232,93110073686303777248003837204,35858699872843059317270485366720224191564496199968136658666595442150289222720
93,228,7464850781611281460440585154,59206906099144416417281137001684639017328245184329296600374945958530726454127
94,229,17360649913679710168995125166,60391051488853604720155465641818105685320205471769906828801941696531913031638
95,230,34049486573885344667833764910,24400711950030909156601277840036611817822489914359659951341821117112607789657
96,231,45502876443686623750200595360,78321813370772540794250254210795173740151415125147662247128664688650740863042
97,232,117058123177231829051658796368,60985760357218065514235493167260146077323058640243999863434580813062187034698
93,228,7275762542978850467063262515,7058852645768014026462789539463528975664267818757428500273472609373276895983
94,229,17098133714569819971898591438,84712513102494306530735045467880781171044376544983893036729512647325414525966
95,230,28376798583059256264359156779,29524926531461759929211719525675349122945458605294219786320939933968358342945
96,231,72253125141975170779534936246,84222168139096335210565773319759451920743536923397840449655962600875655534772
97,232,101971715103399525468241095373,41557253316460729819367233830893521564707061529740733852939358605586544319337
93,228,8916237667470171852906462712,104059294776062017426247305707350022880085636643744674202420396871650520557944
94,229,18688729013989068716699755591,110522017342901701638193838247342074596531381889250414737895013785802186686185
95,230,25566236937834892211671272707,35846425871800817180851593948081365718436298503003110855876803132798931654266
96,231,53104095609174018491103019235,47803632087011489367505940059744433119954386158495764154643706709166786253327
97,232,117362626369299254844268242675,3233409397579928471211573149428870291460295296704852871912538054808151889057
93,228,8403888769920921241203703798,82361304035030192033568703376309859715010678497795792088754965761173701058400
94,229,18025653587445339699821260527,94243572990751477921900167244951315606142671105996109217947407188424287986401
95,230,34588944177977197103376328789,99166352465937569266713916843712311701628950641217767518590296829516774611353
96,231,66285369223311917613536809161,32629528383575033420506948889461095653694144979089408254601257017510518801966
97,232,85577567772440434774051574432,21125667696601241728257427791722006160439289141311265257386020883260295250047
93,228,7688035200224187127084312241,78495195737210240155614766694346365225704911348444127640335504840721215489440
94,229,18240522414817321272988955735,51641074935184786385515085673206701020888848759990725169723299453798275716657
95,230,24951884020765764874304176895,88103987361791029452797098125344457058776924702263803988569525869893752878932
96,231,58161811582098347145390754166,72371382155801798273254329120140076683829794372094847813123849920607639371050
97,232,89538448787765136307933097031,8702239575355480786707233813629509803412709163724055931138137574731310991266
93,228,6921684180767804009034850722,23883793426515718767388744914139949351793396695830334559833785993835871710545
94,229,14544584136622823596999054205,13522589775662764212249933568371697105997274712489849459938846780587863055145
95,230,36125100112994228270488591908,47912423816253815792581881537829662324399014724292372076415257162551231870237
96,231,60980489449757439434990999202,32517893517137770767470072915515953055721199999130466427177930807313276001200
97,232,143683662920067320834780025444,48939009433149156894497450614613599897580213959356826119088079952325002211822
93,228,6297731965383464212989941383,41946472375884888072100768573440890771662021153250734297919699500044575516689
94,229,13419007663327192175989379142,102443134575794214515049978429920111800620812150903785139271035818408622545242
95,230,38454257151363186170566285303,12041767871129454443408453863946971580945254177326652463375495926501409074308
96,231,66143828030251025998511834724,64242069137050068168043666708742544170582098535612752931591926982258172628296
97,232,129962696603012766395100380699,3890841455307053216127432989911780595892284153271431916556494170567904792365
93,228,7703283713078338922500383309,36877840760733653464058707600507635648213033925607334749681262891648970857707
94,229,19302894559549911690004645851,89278369879425410954193207337345339675325137104081183357657587848220141243605
95,230,30636063014295094015379195899,16229614077774180284212257194050988773728443971185475811525513117268664500250
96,231,62677075570929146008619165913,13337743007096667696453740955761972505113914520697329703504516419806022933857
97,232,127397231090438181373510853671,20321171554349028141967152559532774886469370647176244632398656013199384520989
93,228,8529439184483478431148171622,101502725463536837571510182217901427715096101904652480855754371640208655758600
94,229,14393799511635813220298067440,39073512294438877842718199603009162725337492870371198764336757816377400763450
95,230,33908260593061291272022121195,7397408029682237187615385345235019628459655955645760084287796886957393108277
96,231,52834551754596993691417803252,41759943749727360825368279355323554301130259857811054728123021299328335387009
97,232,127155188158930663764024646271,6080952642636481658593483161344746493154173805523575744132119564779998400355
93,228,8302726077941795782229888429,110430166288899646001746622173316458806220667968623572029765314889058521459082
94,229,13966466587348790286645407537,12971128844037056206710786228012492405549943280195077341569020968150908032018
95,230,33540475922266234952440620880,10340418324866649538020681663426385034531801128079844099865827885178951962597
96,231,63371672800110597743240173541,49058962986235915837291210592783023864505876557422675286741116142764012964156
97,232,151745420016799397946027322451,94144593765531579747512452236145055521329758461540879822786901002163900059482
93,228,5893139923082557213969896175,69785024648114958309220295946882650321974302396495700340040761721857993103706
94,229,16810539960190735063429122620,95091437713211203061369546896292356026481705681492366972794625698081235367231
95,230,31864700069146765479613291018,91367656709185804237898453822867475646181651647936358345139147286535157406907
96,231,55446335751774625094055674830,23777498878983888753746157732414529995311046340900398133412676585351750196912
97,232,151094957922667611213158140311,14497210145414793160430618774572918891303710151754931828712146510155567196448
93,228,6279384250691339726580655423,227950878471559543768307638413678638139247308837060705867174518694209748796
94,229,10908304839545626489394409773,35689769522356937115720452073687060483417324532117670174891129934488152751354
95,230,30274928549686359539527244110,100606513190086739646077801772162519346602687543501710226171893472285896232251
96,231,63099200911267745906447602569,22375444891271875345497205015159682168422834985645294840664243923380051265734
97,232,148884983375888792114025607504,31184626747785670798913141973985270667322189982702605156284586547987940838110
93,228,8866410935986597277112585054,27428622423851610163842327961073904227500675553698700462804864197781905605514
94,229,11493290520997316419423000462,75904689847588214669542381058100775922315427019593851318509007702430206518524
95,230,30071387627365167745452913413,88345063756568632561042776859246846035962288886431357206675260575441133865034
96,231,66896623946499254612936969614,92688985683379384838409756961390069763029007983298564026377737696028411152757
97,232,92602707437306220527069489142,14559907386708373191645640991382293892572747390070453623356674674190481902631
93,228,9271006396622504621536191402,53405982541957052005823349126350849313449346239196990843071230634218446645958
94,229,17637705080006807594568891543,105282334045951663749392141081494736419625385662788263914408981591385308563077
95,230,39003025693982132073213544961,108468632647897336377501554341912167512331716240655068765442671221171488276357
96,231,59772938177119378346609039379,59693722303505569049503977472870008970755558590367389111181692601751575804179
97,232,134969533148246897938393927865,103407862164812660824042797991610796952027303620528881366404614846807043589353
93,228,9717382622054527631059256058,82777904485456987139222505089770298678693156564261676724970302382078662921223
94,229,12788826831314266749408680971,60604582121779910686690361359021238588754017662029474695256941432884613944586
95,230,34953191941461918829342793854,92632611407527414430785236988500345776069087283455332714552988974651226010624
96,231,48506826151872732590927077110,70712494871321413573831383770665076239948937834630313232202784076154863111290
97,232,84733737601576847755803681420,83617530725646736976405514316567818865937599930387565958848767922733040388986
93,228,9660032958506699685304168451,63096975097431034507601732252439321215877768677351491503478064552056524350068
94,229,19433234467038737225916659482,78926229236098064884121332367399709241044918537266035861641947716525505015211
95,230,32278047588796327687258633834,35013725786437882219324465512251012317945751073830474675616873938228020680309
96,231,54184909206138572381296390997,2208639713411840261977796790620406662954782472326569931413775222962123382084
97,232,128147616855390536208164830979,99846348240090585936790248504250053168786000726206337861458674913278896362231
93,228,8952653207612287354226859625,24100166640407451185075999007903157074312298766787598332215382288841406140060
94,229,13728268635254966114173296451,33252590393733599983744006545648477721546567230541695271531510048237750025940
95,230,29438705277401061312689060647,86490166172436441762069815957566555574474447265693275722424345919843611876718
96,231,44433601989478248494109423226,45660684917450875558053946906100928470884852861162657230184011107764507349162
97,232,105038443985481533944695806810,9241347265464606668757728764786076534032149581720031459429180323880822684829
93,228,6194906894628501662293261426,113565152304928573668638281655533287133333739702762508293359595995697670441447
94,229,10001441449543709944322148993,18180874517368793643508346643831037188245694852405136986033620523284403157115
95,230,21440895590606432949943316222,18111961992637218778783338926407152215555282477863342631849575457753902192329
96,231,72881127126049504442389176254,92688672238461945445370277038713563408916625244988469825070056180595478048088
97,232,108922373991517669097553842101,20868804408918617615075312675983357892550800249782176040757308929978953912082
93,228,9318897055724987442768490896,89664086175705820562015357135805180968841159804191036539801628383924124840333
94,229,14871828983379400405341102248,36816345170322599733735207214431077811726406601297340169598994749224958339959
95,230,35518895845345392168095479485,100522235162233343891052731836897179812568891929496591374080008562612454755588
96,231,43847527358038600016794987073,94870440041592211052410113691446407919881928112226824965476694892318401400359
97,232,144156500445064503123847150709,109581290742541718433828786328904378839064543164497889906571697998302043588436
93,228,8202058414727457541444865287,76499144388703404697850628944459714581337282314188517584481908828118357598010
94,229,13686319106459397150271804764,66643567760852225064858174170828890547462297110045087463349744806014970422060
95,230,21184870028670902244831237959,18068920515373375908212646347955520918037869096600083514271903051177311259617
96,231,68336028201830069936321560289,30763727298203616938401998782843342073584668078112949833513762065142792004477
97,232,130610343447561356165378110471,41979019307428887345821911281035165393150193986798270670371986218629756069374
93,228,6984030872940190679481952034,78365408836620443648949984852187195028461932280859563562228440528010948348850
94,229,12142922726199314010232084481,97841804650268862801560527573454852144102265237959900670832538204399206922149
95,230,28452241408464757992982525752,26508404311900183144813618284026470542107437404820432554202703257072370333959
96,231,77784802606551562705524296038,72361810604758888136342102723878265161974919202088898191166840881820167810978
97,232,153188567341110569100228117708,73508336252304383894002960980849242047240165335790123752659385297935564001563
93,228,9861229326383225090048178120,41923462484409575474688532789008989669130673440240368695907535100334240036680
94,229,16223783539780359484086293176,82687231817380711130872343225774971128406410371723104713520874202869990274658
95,230,32693307880982563977689085983,38272212021209808379306722668097581494152023764086665707747096037176039827275
96,231,50075406159066838265331495130,111443859860043317022894643358210813949965230812057316715169056144319383093983
97,232,144969664677452162772963816536,48126794322942088349563716861137952768651512302660280856964222859807173159614
93,228,6646988147120896151735477027,92779979159377120333861112289637768308338754614637455263045792290144087210231
94,229,10537906651593729214911291679,90681776395341977386854881896404907110392133119244822302977650994834732966548
95,230,31631008102970387818649375775,41818515943427834880966819356322879113840682667127720077155143134853425570823
96,231,40861812754889931169441425315,58802669198162818934360089837742724679409106125598575204276815559140745107263
97,232,120972418525948182923823704201,26284414679698477204840265983765574550432170744349573712859193744588034516373
93,228,6908031327154797826513301238,38430729683885908667178411437843705173387324641623982759412389502216478292835
94,229,10748962374225897629197059366,42564619058703039686480020471383820627141305353548527399733311703580219987908
95,230,22156880114128895877967056064,108984024974772022476238061375642416498888748248286585882061631158276798488710
96,231,50586430695776462099850383055,20664734506768933787089263064796947800420641309815082746442518320757263380546
97,232,114729615169668310606972632756,80540743340582855990376632175498169190648950936136941158866965031446340423602
93,228,8456267040500062478590191483,2677837082151141754388751080426108998611273909349057197852241041429404808105
94,229,18822211491121337059767986230,20952162841585166155370525787207706552075397657909351639268348226118824825045
95,230,38375138768919335680185891591,54540918416321612007256872909801048098497503109454998833029306693191049214315
96,231,73794292685778333835476791015,43569481827603146914796571530824159666338654503166177493301778131189975923813
97,232,101484466199072392815486203382,13777570133644966203535864518605004432781832035324347327818159514189493495186
93,228,4975293384956155204616896564,81140263848384378349472938218553268737692316713960332580650134456631946773724
94,229,12092959821447054360335872962,11421013831024439559286795664812773868297047042602629288841784753716354597570
95,230,32003486840161643724796078983,92059473638689097524563257999562043759568824429423432707736544726969258519530
96,231,48682520722851460871698082957,106825463079107309334987909943790730404691053878196273620499309848917984436129
97,232,120504176620156100758877829270,86789678760808209127175633304663692408526175271418176093380330698232149734664
93,228,9020432673711597960069984184,23520167572915290546029617301884328549378289980422813421915145346512409831235
94,229,12791213050940538526268046227,67187889467752257697363479080543775498811663456326153272343473165643127801197
95,230,32965637416484002368678714862,100092824833365785760900008334030952083452461298590257802565866176617589612741
96,231,51206872950970937252600123969,12053275635405066877952742049114072650677755422821549586802371987199915909595
97,232,135894219439147258989832435546,27408544882554707949906828081244248223786322046213988224094935336797133836539
93,228,8596953868030760330025558702,103451418782532936032111502119842318743251222130953868590920818810606121692016
94,229,15611136612235687475016521128,2064645468664020102836797193054829034063620801164295289378149784651541510190
95,230,27182049196120696297231988004,64897606828183598330541070503682182170152987852732518130440936691388798968033
96,231,55727461864424832265468976221,17613672388865582486922516996846019452310545109199554223940301914397023465070
97,232,133593903787498492968188220378,44140072286529146813044328516518270202631904467162469599760809039541272833411
93,228,6585540407731106672267536264,78755350438510982355361189137198072940593789926697113396782246482767369524522
94,229,13994943697845724496448599249,77163126176791823619813501663780238878861770231372096704731678110570787295191
95,230,19988725721227931839798455512,87307584374854494733609920394271181299890701250610596583265130969911030256795
96,231,48148669879735921217669150140,31890981011799679303181208704479744395522910093885971068184652360244942317050
97,232,139123536131861953784004338380,107406301341620878698110086244989462145684382944537078296405162297836129687317
93,228,7996087976803961919087640651,94124370811773232588795061190603568739964198500135220773646751628572008416923
94,229,15971436114338789671394797676,29643666919070923112491518029155034794004257669795268271746443915320719315059
95,230,32940052674024092791054282477,52220856017276453142918212398469913699046695014118128850220533079570390268787
96,231,60864893218289793919777250151,61984944329640133406586618266336958222933766257355027198228521337009268015113
97,232,91532349404599995698949741145,61920178939984540552080324295492630972921310834864675906868777303436769581141
93,228,8968430198023008791281813941,49702945970111296012402029657299386761783682117037594397723620915490103109903
94,229,15139639441872247896870809100,104238980630134885409782570662009954131310137038384557644825706739038465785214
95,230,22873746802523424464060242658,43472692511650358961373417086519291037637429152615199345620817159204830067390
96,231,71221275981192073051510663366,6343519692712460717990289214639596871190008658465785866899050659333189274174
97,232,141560700886562268870360599864,104815033412352730193505526138060133677951970049674419254666784878836249145300
93,228,9650511654671729908767486928,38277868806558692437711786726752417134613011733276090607897706188897004436348
94,229,14125281154124584462727815145,109578405647791373725055151944424487786654668784823915887174008038833792570738
95,230,37218034373225091841378812599,32040063414829612488709830574911265409650166702702040080613742129314229506935
96,231,61310157322418621203678546254,93096676322188616741179044700660107054274762856756861172876252639586260043934
97,232,133941174329566987069426634223,501032899804196601347025687021279746254903193519689293273762216184393194229
93,228,6153055973767579008118999074,115649017356133746660479193373181866111980273318862795154213141882161290529207
94,229,11152915849809508312440037811,57002884470266876524503594774344492381079638516361968365401070410708876833867
95,230,33470291620814018424980650673,21431383514253269644963753023674673091478486652280400491195704788590410389178
96,231,57954227466155230110844980398,107050576564151645060995095630004230223297392487481092578749211753990322931986
97,232,82309945398521261420237070093,42909310459416425006285657693214665196107033775375435382878937066635191045387
93,228,5996941376515563580120864098,114451758161226212967285968642484204122790856037513558258496447604323456170586
94,229,13302165806303226305260539234,75061056778062116124529885657866365549832917540546067095785195169665221331209
95,230,22936028365708544712532211369,22555449350083119945983520809346344483546727977137128227738053647396731369372
96,231,42909019509453335276322032362,100234002114771442020849215890621031882488298994442255029958049647747781226830
97,232,92041259558779735134112062654,57143701570453244101337826734955277905677842093107647577517352092071538800216
93,228,7380217814366013732831082349,34920735033479284889699939407934376623763202309048000714208099583139575822408
94,229,19190686490495121943298884437,78749130806064313150350630888766004022897840909270414166944216177660346538264
95,230,32410761345630671977929486842,11434454466002493351839714322399044562672113764248549002977120619489982931222
96,231,67645748869477851802597069005,3014454050510379087411646590827978323982592495120764354926454701599107739060
97,232,83295560842683756246197057424,109834772686021537215989624848996815967837761382042096774139269848238674465265
93,228,6344718366271195123942122961,8406764594559136423037062930839357685129400008407930602960271238990727152308
94,229,15052996844242888526091642724,82149067101825703997112666014125069714434438737003579036395645017881744217263
95,230,25570876538445312600977716770,69157587238898431479249415187651370865552031803462146710035682538326489479790
96,231,39931714312417747891427720387,113356442668554757026108323947563302536043962076687291450208783643213899127753
97,232,108927381606301107860226927122,78941548264391008480319017644616158395418629560624255758138617919316570152459
93,228,9042040666677821100276833964,60262925498112590512124560926308580250542181795171639643537767224873094894537
94,229,12747656346835086571186437357,81008391548681687337712379556147693219425866628584814199220089669150556842969
95,230,28794654832646906354488462524,113913961637281324933666975812470416497152548902809533875074167357695906989278
96,231,48477909917775747304662140662,41512032452508979852722565827729279828538306597948682728588553289087873993802
97,232,90966817900394735061776850769,102057768253975501140108945748405903179455513528837214488923767350489286234916
93,228,8440090149069340344240541858,47970944887257014087711223261552935362048022568760033009457950390588572948011
94,229,17388129060750837189018612191,11302374553558964456808467264300242675424239084652273513017478591199491266609
95,230,23069516579943292847324058093,33853564917615809150272280446611665797113975047379118014627448205382704891
96,231,65088643192282639887452487401,35972280850940715016995506061742034901229270215735713616037975754986296239398
97,232,100898534087189388410842341837,76750972251954708550155257952167439894523138439866291353271300845567698070013
93,228,9348823936949877251652893424,113589454274364658407413058257540077633339147500346275099269588687505892893887
94,229,10689472429974012814290150692,58677445729569674471807076437131500360001237571822427221694819432150886633146
95,230,25333474247535162895488673466,37305181938313445157897432236438844260730469197466530505014343005258427458949
96,231,69800645855322640128189388646,102491694074922643851853098010201626266457173383815799570277469223271986429656
97,232,128428031142127740658202406747,54673358995118091038263053027895568541230399377238884909840239951389464462366
93,228,5236597402943307290190512849,49522872133530420415906142672402243563374739323301000882555701036277539532859
94,229,17313605153327667923458504123,40796589730183805473104364044794923457288227697321879978001804057713318506964
95,230,20784956055765128829119729363,50040344312958840879392528891832775991389550216071835130971775646425627699446
96,231,49181746646974990412117858748,59804458590141817029694619488437626039955078232349882711700067250228158261954
97,232,100223905029411728442456632878,79954343992538296187776370282138784729115357710197737105191620527345835591594
93,228,9484235320941370170545969040,11309690860778145936437114966515153853241275018415559474982069885580018358012
94,229,17629511620655628710106300591,68522987137885685160792932736948033327671869995044335089144425670503447758114
95,230,21021300959371252311338785322,78900322269200286869840173697022607035489147519137109091534742966487453946119
96,231,49502550672221631062655232943,27719811714980513635031357345824026931433652968412799397668660582793974027955
97,232,93123614443783332079126421630,26699385454770256769173297458234888556745461568999871263500783614843962793437
93,228,7235318683182044668788723327,61691778361382673219034490967837761929378086009699574440918830964522933538244
94,229,16241063093876831501909123914,96483607502058882172824403209273745944870982450249256681736534560915111564809
95,230,38076048069468266434995791548,49143052145768848877906893216079058356105007126978453171459648700606443119524
96,231,71004608842569998276566114609,110918589640604838389726566310828996985615042035303488202552520386582213042155
97,232,142043409592292353019860526628,27517188151483286190107032688171459095702994740392886011684918780368814372195
93,228,8885215873568215902359534413,29643559604567531977659897144131908733798675058073221169132684468044209874105
94,229,12728901666831279854885539151,79914225981806137396048583758182515562475677609742891903960076204733458717996
95,230,32409982168586859451545987654,68424677043963903686197212258086765501699874268734789473829486787397865048619
96,231,69039984006038583419024026881,54001014502420894105350138259742277120076279156199215958066311507151209769736
97,232,81509806006074481987770474016,37545215499772680865673221582253748324100971240854379682380208296545025694862
93,228,8119153455220985789284257701,43129262259431001810465691561775926798378132689886503005489396279265892362811
94,229,15669304635051669615818359098,7445093851247146656859827316167725375239959191413901968688816710720879207271
95,230,31255558826590305655072154584,64095804892311481978953971955188314452127324357731387593384014150719523624514
96,231,77367934662610319811881327752,19074836518215809376749459593243430662435633448615417449614771057833531946930
97,232,134764136470559026509570706626,80078531132650443745669720974001698940086156813995358359650938898842964135874
93,228,9523361243622099179239097765,105322763488002130004787381215849017606451694692095044616543356677068782763505
94,229,17328458690574094283770309845,5118394955061012271173641177004012617675625704765446594051506270434823555604
95,230,38519782344091901465329556590,66981435315615418772791729000700379744265558797797771948415572569657722339481
96,231,59116346491761536325595258037,11555896951068906370447902484361631999759228358311893763170624751537493678682
97,232,119559952061704697742682861258,96463995811972971777861948463201366354410811198923812569898719052477516780756
93,228,6949222891688439935253012321,405642211418437557922983159171165319199255625607170370239853676525103342681
94,229,15761024129656058568633592202,62376019774616056949317895071671242512557672519200565680638625145145468465796
95,230,20499787225116089636805423198,96712390649242315850807480469579254304055022461851613694495286153128033307657
96,231,59680886732704267575567602772,58031247490911073064717668015544078069112470383380701367460844458033608562996
97,232,136451286550207864262816125335,81601786936483000096077495131469074174594055918164857907415696484042380807292
93,228,8747864542664925112448243412,3923915255235846933685245668877393690984845414206180563138358726541831618621
94,229,10777503618288304754311037177,106683233225028410719243815561095878420705419019439830897125610702836349382981
95,230,35630642658879394403530075643,88239963849092755670089072034279532067767988011042951629592380312388823388729
96,231,40344591935099015926562288427,31921295715097470846105433798740515388849614443149191114577739626997345892270
97,232,155716180457355970869723016033,91375351868653561744051098250294513129029011799691397378153586211309463505021
93,228,6238425939634723900790116667,94548459164826611184145794462439690835029902752318585411303794078451444741693
94,229,17786251477265523969645464910,31852579936409885559455104570955848710952622446328078693514704035345021189412
95,230,29524703583058344523790188878,109830561016145132930270826349873105215515593669762708313517124221057611678444
96,231,77095059034444453193211042165,110462951139160907267829482741823018858457894539342933890370216460334165651375
97,232,142971895905416154210243082399,34351505468760940676631926809049761550298351178761949026320489491205704907161
93,228,7853978143392672980935482436,95595921995133167462583582042363894479359511305695074293049309184559450635693
94,229,16732895816225299080635598009,83142755949055265638799643795826536636940949843912203787789479629557458719858
95,230,38443084343177393224877870514,53136303968790136419565370699369267754947427372534016136881088325442821685416
96,231,48528889790944003694284306386,30219154491368167373724665848107226276601541433775485854818551492221101961999
97,232,124166089569783891897209656781,26478527107731204643167526424353829480534835517748733213987939393831101947535
93,228,6073363960873548308142819460,107191749065432407866474309830626321486155966922462943567180983604252951253952
94,229,19418264118901870073185235562,91826658761243400595375406302998901516330167215418499786409586876024894089854
95,230,35119544509675172195265678434,62235852933141736463122037526323617951878037266600772184890710535236570722161
96,231,61498977442101856797514261693,12923912716309141056353465472247551221101341022998696300302356069681510669662
97,232,105251971916683078872322173052,64250991563508525554946163647682490627002603317871284212624028247193818054314
93,228,8764692010270241110552195337,91207458223626107563549157006313699241862240411807448311629698407933403521036
94,229,11118460088162658381972429427,26153281113295292216731589053892615009771042839482270962494069799097925618058
95,230,28224058380771086646198498486,26932457560407230793809895424881103777902456732276415074191003970454742686069
96,231,61009988708886414139028502262,89298913715201650257415549423193482462796556436278577171122450441095833036751
97,232,95951784595191012521557799220,81001645315663983720712209450559025686218652640033047929608571793114442388479
93,228,6926355559465110952620065454,108760637792454981048216260130215701726099751751648509586593418227814078930435
94,229,17232549693118657976036943757,71496094444959608178655481394476964535812902845247870966240001979752720251621
95,230,38245579985336894162189075051,66955882081737322594538188362578786760965678710359288427386628564177647788664
96,231,47426156695050557641000531504,9983859021452672605833760659427238121776008867439931174980956610712389295103
97,232,91967206974489254177369691435,29164854702654329826893773271452400472199932422826960586916368909922736150970
93,228,5319513628685144204167817828,51836921831046480908691389717983195806709425896158683892137330202469408525926
94,229,13270644127776164328407447203,100080541648497721285045134165058738532087290229720211292999127908267886343556
95,230,33077930606112064375902145152,108116480806932202070739664157474114382417722527007392520214285298997773589634
96,231,53724546219637588538512193886,79667974807888962076150060435625800886855473289409368425877281049496914233311
97,232,157136122828479122822074093401,77697977599893174061200066780070270882800686243209722459225978153210844323640
93,228,7133414077996629410980424710,7862606730610009481932081035213313712332501621740654736074583379826920058873
94,229,12687717563443277174957248160,37402358056792265444871510021580136746827368204520275355744821351656548651187
95,230,23505727738816830546785717357,29208292613139019192164103618645203002558100741786773597717432071400097610860
96,231,53202003523693397481242896426,71992647112846610405195726218705673082490705492881508960490559964971743981338
97,232,119495057997118414503543384170,76060380415210450825405166677997245330792362642735742355102717777231029244970
93,228,8618291340626072475920992377,103533710323921107199667818789373150265677235766012357016465834208145281639821
94,229,18457681562133030441272534881,12967354276137632792850348635676949106535325473714853592896844194293715174933
95,230,25830286113814392082873453324,113061040425053904995378646392745596365969458671914992580509000456612947073330
96,231,70468531617702283967263587132,31010153451106020482139606020467948579857966637093847963630391972655474944513
97,232,121851138001239983022590203917,23245133777107969326599827560247409429052020591330226630364533059244674998735
93,228,8442602307392294047152492300,90017667283012416406580434281413164565382218513462782397037846235874221626385
94,229,11161399086826730647982177104,33905783905699358853103980439405482543174200859475320856587741268331264318674
95,230,20026241422027313066988907384,5493440135390305916452000558530749630108393269202707277183599821595799385233
96,231,56186558081017580193038373455,7255846143808201519312150805896029249025843830205462350993152013429907455352
97,232,127763788420377988941898570863,108445694679324769734873560435900278432253272294944001594962542150087580811430
93,228,5074675486738711951064119058,74563367511900126768534676186562964946271047686999840075925065588641564436132
94,229,13694648021432411568246617419,9748837579884281970815990998545899846512098447404648270769462059560101644352
95,230,39252300074082702135009036125,10134878130161069468681200588993776164082933151371401142834108113808191407859
96,231,43841891551267967988979181752,110080322348396286094880470056048738651473149979415766066975715476702945889411
97,232,150544572257060449719439497510,84878992323902564725661070157082896868527591835631254176176465229727070789940
93,228,9256755926334061006157724198,81184798817076250476964362774950315928950365607327440079632101285708495015257
94,229,13613036452206782230040215833,83238604408189830163286212506733795188738477936946363214543122992877353244965
95,230,27295125274543901472335004908,68060683616836805371133743754959271961942179805280295251932411644805484374361
96,231,72516862177505140450817398282,26156304708735565298395452159612994820639186524473186467644533412918201051769
97,232,104004746914009390279095245040,38934021426136712827088177107931777393241365465205024012526947931974772692773
93,228,9168610872077533623930031562,35604893486071859645229899814748951412362548201860464206270093017062119896467
94,229,11493329041948386990063954468,55210999842730936831462961825279067190110210351533952130993707847078794197101
95,230,35651137013438000482563962287,74743356662204439928145980454200990748178054965389203101021337338296914743391
96,231,62386624744546931179502202313,51895437179176357405555287157951722006211842414656624718034783347912113876445
97,232,132357230984167434982028964972,15739993390037833282950336553171774980524440262059877159883610675002697591027
93,228,6063864161352743323849225129,66655036980503399702913036168197419350892167910025473055682234387460984541464
94,229,17707040762209520047774255820,29314611066073676260494904073440368431506374244565264644493787952529084973540
95,230,32347670600565047879854987257,105638055994378751593759961275393960630287313864417425157442122149210743301310
96,231,78491049675100152083928371261,42375487824395815139646057682775772582776765441523204563379707524168435897040
97,232,142833422506499526360475788997,43036165501112054537933981527259645529595074988891768296656519185548723385854
93,228,7808596607035891344246052849,65871701254008711500600184430265315371666083349355124477137429992539892535336
94,229,12909862982837308820351259730,1162434297772835770830294490674114948469500353693352963453675779451705626543
95,230,35615511280274566286479415834,79935377295526804416961856379249610296686085829150644727677198547425099106165
96,231,57875738598948308942883082184,48192830003114939627495336123683214561626852759336524632408937505589377240295
97,232,97954771297078396753567510781,29440782123433209887396218759373792897881581564847881530218174796049026476187
93,228,7429359603573963442903136147,109825268693803516313660864036586049044517897403801826235885451059777666317989
94,229,13075641988648189142461813765,15242244258738017124836198202463406946294703856830774463707469476150206902039
95,230,21065572705512600122637907612,61038982758782538217098641321582017444930788968123367504187746493545664345058
96,231,46747660706192478508541972327,38546531048880516060915714332383637291349747299917910780004820645305877443431
97,232,113360496363773487397939581699,42467995399301812339496320670792942087903526016847491774788803130815940288660
93,228,8866948611293908945902120647,101834956500740767249255998040347460205898705620212457310945294187073505073540
94,229,15318550903267844458474940251,73233441636747311240080854656578242866479682502903545311970588413949421928557
95,230,31821255979612111170294085460,25207727126191036072249575313599206220851798790145122536178346853390036970755
96,231,51454450619146670043915295697,37407061012425995481844358384973002115497978929709111819432215663484033350282
97,232,123336354961723105314765427835,95354554222122432068639971706613215598005387704962266502840297600303007921575
93,228,6326814503715849117316084588,76754635549046238812724567564778931561781722074471465244977104482435267914930
94,229,16292345770762914535187756496,71953468382630852944948593375500516878754928390371260972699192429083117979427
95,230,33279372445241985630847245690,58751407372766644631203430819930693857184736483744826799810422543445926061001
96,231,61595186578006068341813668820,46591385146123632043074625490572456478031858676377291053494645030858107739143
97,232,104361309807879825582836874343,22121049952819267223517352182829959653253804280112393028409718717891955282476
93,228,8691211804246856543954708759,6743522746627495112288406843680516688100557665470591571683097011094369122773
94,229,12629143176765059818272205882,34231117375676639866690358796884778104199544423565786474426437253923802740274
95,230,20038414638510392231134587427,58140641498751225529099248967645729469088608978395974180448970559547681821060
96,231,58853390001935681025021813182,1875391292192318938699373846715314975703922423264634446529231681765329589107
97,232,94554429663317633594243421884,35203167126362259126728303579485803883299686969034097503311050083042799325087
93,228,8901979829418857649751755197,96748427230362082779242904681645647960763129414217784055476439917718133707363
94,229,12522981627497448476531760342,44393032540946994638262038558812074348239840429868687456063930893819231157900
95,230,37248185574989571960972220256,21060517547796423184416679385213093950217020828811361379893897121885805185254
96,231,65673322863318406191732231607,106397685824109013317002331163232970136390457424158731289191755755976262767395
97,232,128461501814954076985129722950,28321576679151056226157177592718657186413489725209857215940559507955301608520
93,228,9122422098792055772299596654,93419158456403917960524722807081302122675560202763801611822935526135087829087
94,229,16443130286543207796640053284,56237138970211745047052122207358351259074367260558315724629584245637880247459
95,230,33759582854271823124118715795,16989352560252595800573284076920948552246775866628570391753050483089632704397
96,231,75647748563508937232324270257,52351421388327380074533375828228284667599541006575531539300513769363663308219
97,232,109579225555372342411506440142,38084464109630837089651275784112465386399005539763961626000023309340669303872
93,228,8806470229866494743314606556,64781903260323016304075087673659904639817838333577689755798868856287950346765
94,229,12149670936065847278768319324,95205840888642184185247420727737407787961139327153612386987989717296944775062
95,230,29390522711054801743840232848,91578069178179447116044140275652273506957695235474751932725781855050868446544
96,231,44233882727524633257698211752,69288810329594573246260892438582906424078737903160137306113386209673446378738
97,232,87019351668073351979617638219,8523998988985778294167346407302697432065767981045494932608784195785323076208
93,228,8689265964094979309633635862,80602949282359806795908070525209644112568908863491725114656076373238214295890
94,229,12991469556718248318252288231,37549249181623468529592281191423269188235328605799516114332350823416171326255
95,230,31830204638859719352900842467,87828753306391280919027769445007764675191089687797924433177836739624105139036
96,231,66564877939903571670742786600,83307392298047651329922294813154805260814716916483679819664160293427653100746
97,232,107274140128944972050759968220,77095290604610319089448713827198982282093988344963086459513062366777524072602
93,228,7335328925982087371944923680,98775590560791730853419898988627298229986885384104977516100785414036648460958
94,229,11773682696534696033427726999,94179752814686149769158940010409656993237950203104808978650143137169494434925
95,230,29826871503652224719097898208,26807941402386266040927067774704267828939079078400814155722261932542809077817
96,231,76535497878200194702781201081,75153949444074835371748948310123633186447284319468396122085336539234539958147
97,232,103564172313820794150274501086,60981899624619593476940055475035278973052328884601131627496688927548658151995
93,228,6560685033446655940261936807,3047037636596059497312192675738950927644225843733957789923317220915485819940
94,229,17486059636261703958095512695,30059306642270671823198826151233847241593610347937505328072564214692170271809
95,230,38351205997472172466854323295,94961647523580328772363407962548064864203676765011421202598943324752122299517
96,231,46508165017323314301170109666,41032032274008510644319730801707572821928628886801102892670909921581736579998
97,232,93079754872726553369601831872,114859897256467415330890913250601825199636630146735954094412659675732662041053
93,228,7369394005674631450594354570,64922585397074005333454067950057610170524776247007090402254285556738391679095
94,229,19774216806537102319304341577,38820304437571732508427333423343341646777051734817630524642666939740616336761
95,230,30738025658046532490294672589,95996730426061494183281674795495038737286676952206213245788766467773556107776
96,231,47542363003037920899485027076,110932483932775519221416572295831181417813677623845417095148487281902438479587
97,232,151261534629952235882717449666,77042642234133737654252518542286214222762266599975104484300318287015007839625
93,228,6062542314783134249491102983,109748029038497759350264755407426284743944556234058576913826604344885794880177
94,229,17406454682563667463569560923,23487336844407338881850906343187602698493581661883812497699939072968054828500
95,230,30291659332235326733376407759,53375083004211755827917792000619146312641409294252735017484384888603190762233
96,231,44657763284522174502004565323,47039083281248962416107306366328049383543528037214530601009058111856015364015
97,232,83659987144868797979587811173,81357790535193596811351360734153616608767913613107588136084595628780851555554
93,228,9227516560430184858026692809,109450966114884880873538368920508473926334125953908297640141241764839745711912
94,229,10082217135799990818573598706,62071370619769840712348583131900868745991593090469718118595804130109363192086
95,230,22193881036913960863080548463,16950634258767546665985249449652265334374097113717633168049027298299687825915
96,231,68807212112180310154596173732,83458218190563020087560242062760107863288853496072595231022712517716647855957
97,232,81168804124456261493665673610,78897997720117821665937487438745933851989043283484792974344962221324869891066
93,228,7778310657194957354637937825,14836287859954021342573011031471448131005649957336649835766511034220698737125
94,229,17825786611012437484675992528,97930189648821595921229719105756706664486694932360662411059961895154503015749
95,230,31230372814307833642656240720,77299730168107042886645948083664989239941871186721873042612063387833626731625
96,231,75751538181304310523594847271,71805483898317125166585895887353714105745176484763979623654141631790423124284
97,232,114660892141346124263660230149,84952715239869842937447265884947470393632344044941397896127281920414080923007
93,228,6550544832249736261137619121,58117035705375393168127751327906880578223075933114828085173619932588517565883
94,229,12807894293548641255830653955,8026360616280474771109289315615371700888398268079004112261307299425753329421
95,230,21959360300256028565354156315,65171991861036559164572820255205540808401167106731194311170422085112415958841
96,231,49172980028334596464861571537,86296404661665463891366498115431898222889364990462239274038307129624392620432
97,232,83491397386977520018054026048,79537410185987900035888089890816238218326200209698699444708605500178440237444
93,228,5545325177911327727019283004,42123631277600840173910295111111198863886490883941646748459899809509884592834
94,229,12912400542153102872473482522,29441337361209260733192156230850923567481828116483303903699276175456204298269
95,230,23370928786484940550357520695,72432380207857001401912690401605378960530577169231455808984510275739556397830
96,231,68929040965914880339059510799,100010464602775850313479452546026830675717658021239369469006262443949758352617
97,232,101256213127809619812375559462,30009424802113253970149174645254223868438375367473536568793367793570854506714
93,228,8459987064554675174445059972,80637574244214513892157726761485944601218628876233810418198989744501055276481
94,229,12748348966193074329502279461,98781163141537344939310027072366075712313832273112358192291371493010323437497
95,230,39491948652000181533765160868,114405459204513808137987231014998094955413848824882751817036841255643659002095
96,231,47499315910160463988182012546,85442952380829097113379842991531555420797378518713945680766871565713654416846
97,232,117594130417767014409755339338,22683478906485933624545917143315782472591952644159483938029511804493332954434
93,228,5715578916960592985803643994,96946771558979302187378783994099861726126322218785476946652231668205431228256
94,229,18219280131517841891059089573,88720290581812384875103429723028342402904001053246478488769037977117256122157
95,230,25977989785187892854381684376,46555481285350165252642967971476981446628144447511528666947816544713822804520
96,231,71543360102045300277429590680,35350149515070481718055946527441161627751937944851439857790796979843750848770
97,232,148595818642261406513450938227,15341771802293299559375646391838348018233345659356578324894206971342231335413
93,228,5054914774404177622497619619,112406196678383410943774924484417661822538470458780539428779905558989851039169
94,229,19422602018001504149335034597,109459875895433036202564770954092781589966477687779363030979010683347127157905
95,230,28262280926312031972442209655,79669232805360647278648243166561942732510827367241054335855020816043818089699
96,231,63460269432746363099364877373,5972016583324271268405996936201006248016721345858954756675790201959566828510
97,232,154322596657455802702963586173,31801466440617604309979404016151628691998458588059986057292756602321301902691
93,228,5473015307413977966222690817,23233570781342168239927177564955321279683077507630451557234646712800880497285
94,229,17861671516344000188620025892,16069426328514654002877589882554591350707384417121918295498400919323242724
95,230,27464874073326747085873180668,52217956682056741865785214424586180148395372635322409194088481058097078841577
96,231,71116296501938032984519134150,12660686611297998860932399515903638425730311300565997004176380672357128011566
97,232,134841193098656167908906373412,14298262667559491311071991296827360350452680704556582145581362047549011582213
93,228,6722552516950122552544214556,87285109624908863645388808066173799451749900737244596167404583263924031413009
94,229,19793887211536492211196606132,20353096707879921502708617472229845196449322261981143065526507408261986208261
95,230,31899267758649328541001363732,2392612978308704192529354941032767041737548454656164342774525694575576517660
96,231,71993106677845478251962629216,70818132281386299647517750726149856583081573822873572697968092902194426139646
97,232,117048098943262591431835781721,96224898918036343120149466686369627773745489780066819307132646445723284723958
93,228,7946586008881873778848744280,93626986957427259870494469533072516574382958384976791709447246526604584775649
94,229,11979692458359439749669155808,23395159194682766402913715178166283668133618850137697539193359433176833876427
95,230,32935436698830694584959255328,57828812069936775941191896816404673931623845474441387863973796146546824782348
96,231,64442065782365355102592336809,47677048063428065168476480358072134670869390291280079146683152069925204855659
97,232,82847111384277753470541582618,98309576202883030131755982433037533783220275619126695626945661884264202675354
93,228,8389103394886988603088837246,42487721247136011311852031806596537018088910459227522887959822740391838535876
94,229,13237450584704181060103738486,57091948079947588209159189727656285907143012454275394152932651000138326548286
95,230,20565993813970187737268445612,10445200279393441022051235927871760082097194221859542817668595461940077171307
96,231,49402372290241699534423753265,43276882501472496097407730932555703203483554543093148957062162424301219071929
97,232,94249341531014188094434952122,17687371850337009619958878631979096163771000436396825872069213859513027275901
93,228,6428996250922358883008161909,103781929946649648091798994102435291000059947699321549002151436872601002155474
94,229,16985703101528513040685259643,28543846214300708573129841115999178820282335868084243135089080244605363166376
95,230,22020668724938622373243919933,25535402630594179717937070212142601839312213585065782244197113229337943823886
96,231,59026934914238928462053678988,8682657690709492027331046402906570387150405170408558779162662837728065208275
97,232,114414084527421342356089260436,90426422961133887006877163917291866160220057014619001581660653494378496043162
93,228,9343315189362051503049567729,16245599584992637095972114788914805670963230678474863539659447035632651057608
94,229,15763732521812830900337794932,67759038195940797359471758508778244517711360426838521016977117827604308108174
95,230,26828612891336760563525513180,12612359382757884081874299483827039571185583323442802066418301969481357329583
96,231,64527155880886700986143971244,13143940607590307756902769709235719471840504789006735691406865633329408310216
97,232,82805395900271458304105323377,37376803928837079645345474873389546615312728536383505394608015956092504875821
93,228,7065108137828911224592713302,64000386256964913211114638715412833489658961617891856267508669008779688188896
94,229,16761888127724105453644041665,115328155203894584139370521092092298699632393718255858985916380354048348073468
95,230,36682523742062113386282401748,32472294048034089431235199631953378537665728383207161363343502810616874265400
96,231,62006357566500925835523754428,26638125934168981208861196581844709707261161894779043403973522482285580664260
97,232,158382478572998015423685737011,41853367215738225604238538676714197165334003884468582570939699614504176459789
93,228,7763341130116426423934963538,73661626471091688253811704574143786868202427520963597619857945175888822863965
94,229,11485861071512612134538192839,25126455562426520432242090199177212503406914388572282344671717994039643346039
95,230,26269957092891096069302002325,98741019261056791387549930233922115369764587555686634852819035109002514291051
96,231,51005979131784361832015636145,30361555109602429213371338947813645248269756220130885709788368584172680496046
97,232,93866675924628548872223109932,97206065137484879279113114637228261421064547416541402740742046399374498282817
93,228,9702513548350529014898326909,65793331898220216439606891405845780652499472488465251492564522170972468531865
94,229,15492248722094250278401160256,44146115433651245715747406063676459545144485325490428864255818767335868366291
95,230,27990772552319464517330876750,83550645710436324447096171365473394379922789948166875438927239308363227349181
96,231,70994712113940726181069280004,101499847658800702621896626391977551355087564544778769517448954527924018881751
97,232,105348731565502265455120609063,82495392452505438145070913137812761734488796313586028135977512446156348185243
93,228,8103742408305237001692075573,19013742238281932435243900937062285834209193882673756198227373842382931729511
94,229,15437378452176388511785798060,90514831361778051203159218565436924074917408646097672477540561985709398058894
95,230,33907026163386983390834659508,104384208102837348716878677351568566645122618182471827143369161276209271850033
96,231,76155632122932874369667832587,38788919951044305105304926800678864526454244085381097782091538088950211456718
97,232,85156335542693361797682919271,109562476124554973769359267633554002585690051998905076307646236224807964412228
93,228,7372230235520483010276359818,64369163815601021990191901657019914078173229176271416194451777706411098618135
94,229,16520348809779573634089109886,113815786648428979800749944843874021686083731095738710828387119752217546761250
95,230,25089670478173433563655333762,11860382683187092185078406502418009570481693974027876134735811602277441874239
96,231,41018433693355193526072868427,79209926227957937275499406655890329371782584428816280764347175698723635008315
97,232,104533685427033037195331439829,64662860900479671376141571737988967675977178205414621207959894854174615905560
93,228,7139552284815780838994594432,60927766593213605996392346253967717086509432038016404592608860503439003542459
94,229,18273183839183025037122569444,86241872595980705034968351439524958951270692217071275658650240282848412985921
95,230,25151365365628219786103551236,79339480188231804216321934802165596510376059843282896227631446231570510010920
96,231,57998426383592249402023483164,50262957019920635491608254512099121693513970297080287689321019458907009893037
97,232,111407685533781097180361626986,49519058390687164872330327501696054724842025104174577242179028608782608493661
93,228,5992174575358087323564243470,7033592312892859288871799971693030122514384089243158537125185543863800128854
94,229,16470059294620305384711621204,528724233402950935005076799178964406642916156040575024102219516218990890554
95,230,25823368912873063985615162003,76401552964772399677530833824704439650361782975902327923745038976392186313220
96,231,71567893068633122523418322827,99805285004616535772960060964334121900502964206464160064198384800584593741596
97,232,131036542257044064082468050454,75120610628152019830224655595809114910275648481768940927304295360060641859213
93,228,9509493086475678795246651209,114450757678811687142034307246575755153723960523866798038305491652498699549808
94,229,13809548285924767486666316942,91185588844062276321026214952668975647543276461325382787045101655540009642675
95,230,24891104976572653574452340421,69941132433222279178283474894224187758375642612948675534991708148768432733131
96,231,56870135440317355025810543126,10410437177036000825262376487584939390047212854388019624827792313160832667045
97,232,108115641489146824324786635038,5522573295330648165449119260013433588182184496997983433449793115717956287616
93,228,7443193166818343106664874740,9405845796014616498386168495556463919830702119462533299552136214758347429975
94,229,16521984488140414511282525289,63078844502918652440834562838807343123218145048903663063127434218602866381853
95,230,35765465593977873827866828105,8488831049349419425275343148148455956331438201862361273844782742039605669077
96,231,73900004724377411705283190445,1185948397121499180319725745149192986861435183596322816542782254536927510200
97,232,150514162433524785192457712623,78033741854588951184746422827513210174088983906828315721625079893979279499208
93,228,7945523722687685653371527835,64663085099678153176275157470098238009624727973587412935112067967152357804442
94,229,12998922259828875056658181275,29877513662096513449978075904496066556791526140280325215344656223556847162790
95,230,25723004744355349909252331334,107953500891708923140287340206448640842649246773175057531871791184717832768733
96,231,78789952760821493022332620922,98011749887260141042765512200106374630073735643454291464969934860697908210783
97,232,116026636389651633698649604295,44684678526361361017385352681270130024127727254373147071082596860066726918451
93,228,7811091334817083072833551020,91956119666829526116729816171412787548314402798530979531669196623239051885026
94,229,18400889115061109056353293644,22647638865489757798576912926964929598145614700953735625776073278586609001505
95,230,35856861342313529447043627897,91001579421190681401220371629972995082293223674555408924238468272974068275023
96,231,55809404084639564648227522138,71889398526163372369448769443947538960329505989418055334240263685264199160994
97,232,117675435194534972551602771975,78977925288116473164948171423301607668274945894044414035815467243869451100545
93,228,8020790313007899976557122287,11365370543660399911253655499925160198334110085068183561406829487568486363239
94,229,16457853581338906939030854970,15603174828401230390142382105731593874834849177429739576873559864007410986469
95,230,35157638073635434371499238614,19354219772656854624193167024475327543538107711494206129745736318719496797967
96,231,64003816464209973809396814153,78691334757079380456096098724172527785813317430192688797316792506020473918845
97,232,141563053508826854341857165819,107131262428725367762075623021533195908453809767951267375912485490158336121011
93,228,5872997522313304775794549389,9893634062047321901252816663270283560330367977777650047654720852303027574141
94,229,11242500503354824921845768736,15662707570064231178361939089111506620679636965679680724857973634014199116386
95,230,24871064226009956324070446190,27624540458275869336894745279123940464217794786663430832798610407680557654064
96,231,66923975209049437053269504807,43025691771328242857092365113591170338766607856500223862719830972599678424252
97,232,118241816327937463874168822365,39795037968287626171274807545854155515898044668887410094765735170951459350285
93,228,7522630311127685711530522988,83687183355525791607967320939883086905521911778458852377786271440944129083649
94,229,11877399893377232920555085991,91482684100002980380300825803023169808648155910263988523573902541515070560405
95,230,31738046062825399846087008664,28624061078642944062458138549070876559178592450735621471967576727449468240534
96,231,68808597160551250729509508047,90578732358350741320891859268682737782568939126276390674465361492990577164425
97,232,111659746585559649051540674781,56535299110883388178735328455098126003990520495296164840171415597369626854741
93,228,6996354197530629076168008544,100644926378707704343057582705991701813148559243039621418259706486221544474527
94,229,15165965337641587870173709427,33264104707091680710283504719282028442793841867672457852177282604824787392181
95,230,27154108819910557913822457657,105976774180205445087180537290585970074247905395121229446741618895613615597896
96,231,42023589528118031824231647906,81639071192784287400472486699939224125515036180997991675767364564580810965738
97,232,143541908888576570112709745047,35847475478580353886346824313089421443592355589679609041484804887245016560899
93,228,6246779170013352887947579993,32462048024038629100876256958688362335212432176950360588667798629975449634633
94,229,13379910001702100649542125651,5285118929312186028404015745022926037753649448592497647478679904767231850928
95,230,31225436237384280786330086959,67740862741229806248645998089953703739643430722081162484386434318445241130396
96,231,40486641937081404399714985376,8854645530853421149816016978824398401231125867171362856501593836828193266489
97,232,108843712939438422600662973677,3612615145877731152051743447934976615522233803586243763601482891450385434240
93,228,9053970820769287221582009097,58291962890118746040226440881095011610818173382378353889128950669275476968919
94,229,15970675319978297286612450349,12316612738269082465845678372667363231748064034637164404296097832573951862987
95,230,21211497668036768444491503867,28641005586550300883647903347389159138432301114065599655933367623065817696067
96,231,50381657105163880639619521570,34122408689761478323368570373225646080798265006365720902394158284414275647196
97,232,129840235279015731502816149635,12839059319647533828279730556355817061018412624909037940409328306910821482344
93,228,5418307462489821617259473055,45834279659623833139593662814292491271002114190713739997855975462494187357794
94,229,15437889024286221508923127536,7054843291631693669872781860795759245695045150020054359963025137180562246604
95,230,28321447550432674218369017321,73819483662718598095959033522305781357471933677390304460937791752320833312774
96,231,60675479360876861834718333298,60035743704369220804246119484936159423513684663845063219953929588037448695665
97,232,144863389249294563366736404856,32502074270598534372555767054529987648475929010697263457832670750179876771335
93,228,8058026884758233603396833361,113021611383976850709614923841227295687930315617300894060258004584378126820004
94,229,16509383309113556205123607941,67056500404669658901236411627134783985995163131344884874318923019209386575384
95,230,24917283524734792224539767211,15848988222821606485960318862553629913903053523886675856506663177495179291425
96,231,51504887757121666630329950617,56123345759653811211117331812114357060304205712622264587657664623846959434342
97,232,87893539677466838281179797268,16525770373256241920079520656220567806860684441173405564418003500598450566865
93,228,8399138056681659584081502402,88546058157354245249642220901370124331797449568509013803105738324420152964338
94,229,17614789500054441230261808342,27393274800486077646344900418885272278878723200976868864341207660036326514756
95,230,32657635017044126931766024146,98795225899767330747706992462487840948480862222580940390196383534218933760353
96,231,47187385485729376467664436573,61279689741005712915863343679304524147430199623983676637429370816085460190843
97,232,100757183647229189203426566709,65315877492870153736831755979125658926679760111552825685144177233000473829680
93,228,9213282525695303002788345609,81498533349334206355252010246602018093186070704404053076051569477541967888187
94,229,11234341696395584044020393287,59971688062787420301302176652075958864572627572328905602359695180834340389788
95,230,21933441109532724290549256737,20833760283127395142124647320791488220108805197009373644323325976794048814768
96,231,70539891054393137984859309293,51524251272199632776354095075732396229777112386724424137958662762476351517033
97,232,120349057752252575428793411128,81307911156372060417589933970236892578537310475089030289435946670227154740691
93,228,9506371379294427106183771676,33447827698223818329781272484076332761930932623521931513139782897072627150928
94,229,12785485090995726641572361596,87570045038419522040830226455602894378540551990045194424652611100469787562654
95,230,37906582361114019946582979362,57277379363456246176471896472258461143287500629415644914740807787923093311159
96,231,69305755431582408090147182374,12383433729887606846920355235931959925447171725333220571242637252214633286514
97,232,114177139823713928952352292721,18719502632287521784381781640008913099431034453559654930940640905268072651363
93,228,9884354547206809064061595874,58938461414172020082859225196064750956515520496072216901621638453203594433269
94,229,16720820458822423425600631649,33520348552510368527295398348719034759972375496373805792907282560080262687299
95,230,38379887135343575179913591362,43957285052799215367271015386700239224417407247769271232520248837896542690908
96,231,48644133407543212931206901278,35500785889225044770837487796293544903718784818605938148377622051143688974222
97,232,88163898452675173421724636385,1956385872579480567452788740982393306833295425559005689245945835145601613033
93,228,5512999079412375156121270301,25107617545519946471878557896811189724019724397078281467747490793692378383316
94,229,13384049796185417603639647560,82449472062925650591328035564613446321593147693353959669345503637794286875529
95,230,21351355804954774613025902887,69498703211268109692618381242689028972311331358674603515170860974620827784282
96,231,51391935927466854360036124719,99733646912801790489403227120457307024387712221492591437914257212436311401298
97,232,119226219517183800470338529786,31321689022895438120137214698012933561094831073182562930142583386949826288841
93,228,6998245379480521686033234932,91944419873240103719622307088348598061027675081694499705426162579185962327410
94,229,10797455816701221100193758041,80784327983692045002345435470443388217716877115396929069589712965509434584685
95,230,21644476043343166588862613704,88785135778724540711209384883771559420914235100291856835082481872048593314457
96,231,42490235693507177698739183419,109303234368628993627300736178575825424486567478322803696157488223602313470759
97,232,110491718217353112749706544201,4124331400585117938674898695603470387633943689902867717971646741654378630739
93,228,9643753211567089139599987196,113030052525131325026174029897395035662638807006232316105882336797420554037758
94,229,19136989165474558529783509724,96289872399203143582732637563379641952503593232997210815887401629530675204783
95,230,34006848300723582252875380714,7635338652300260330312194622048930117902398132053914005216940063624051643329
96,231,50578398658217338159904479948,76690905055029395096354690442316399478298375578962439862467070055273806108344
97,232,123014356555460558126682973154,15303825350458843264445844448183017088071349241171618888285088506201187996736
93,228,6498471328222061019173098672,13139767445731395936786380272440629436536103032347209264576671859253163296106
94,229,13777469547406436723130329822,24683092356316932661790123700815392198340708713581417132041303902292811894563
95,230,33565583999134723027735102240,17308588030658688819824800245751524447481504643844415019688882180867599308002
96,231,59660780599220711475959963772,111490580912793890151885185180967129588576709957376421239267959761335509320511
97,232,153931123588687271833037718388,75965112149953429003157703005920184725679380486891151824364781224805229779333
93,228,6113323832817120893623431103,9816616342916762732054104059578530179521000029848078575825774497642201243828
94,229,18102893169239748143277634576,6495816269034335200644037903593209691430793254424232385568700789714326280362
95,230,27848178666766113422321307705,61291829239072512779583338415584074994231515033285450685940370407279453557666
96,231,78230749653847952056422535331,10902410754269733824364299177820557047831756047055173014598872538842512545163
97,232,91572062507692400741146674067,68796358948524520937026344067619588166476325562391681822602443178437025801465
93,228,7426770481154575992831566418,54600822787157398999649357658628389712125325633718724216144632451022502648726
94,229,13198433513973301451507602412,32607943797955028495854031337668782918307888700084394736530857254867644456514
95,230,31971827219398371741340709086,102325488311310202075313280562192127253601147294007577586257390514571370878118
96,231,56364274282638910970435733510,24252301575915572260385243282694492261177547898310686123537383932523871613544
97,232,90381706499509205887989380906,8257123713136982281885731851277319400762064025960928921445552343462885849836
93,228,6533355944337808860100483468,56535202016483375818620241294988628458136700089145031050500736792239517812280
94,229,17977267578758985547927481500,37306972309282898294584286093686900673121240547420434153368787149479768830869
95,230,36972591160833228159437976206,664189714690363247655055841094412743551675017847620940146992175884812062768
96,231,47369478990993585810418978829,90819413057699650143870494481678709403794671129214626958641915312182898129336
97,232,156281425662234659690719567015,11662409893549610632255072883914649819090965858809074107585220274428992480782
93,228,8027002062992117474485385188,114931462602452137589384716448667688625907898984899003241171526055610871738541
94,229,17176809158050970543588429423,110478689332306486144494787005617687723706125297349373382720349242127775384134
95,230,19880197305235916356828516760,69970297356896154263646994575181340839259694647081225429480360182123913932234
96,231,72413676780955045884258380709,71728058931441040521465636689530735555893286820328938978445103923135346619027
97,232,113266651600678273685625008935,103512873920533287419411623260231126442947056705853015657242142716116414289322
93,228,6783145008090053806117422516,82502211900711226748119369871363647970681962835867610295473858361912011642830
94,229,14870326637319726624457219835,43372133999160955977698256974725065869266328941216241932696197515104412848117
95,230,33251586487628103786560137142,21944434809943641822861651840167724399671560712676813261928790934381263141501
96,231,75287424922714064068385498694,99946064927939723012427718640903252462065388475043415152609186437203952359075
97,232,129811040265016446145076215197,79198376905987649039797245645474701004156114430027574765510892752981387445170
93,228,4957048869329189766436114073,82114987637101594339843600114629991941883916453582656848329596307012574090374
94,229,19229658401340680049726001670,103142025020181994705250195296893752482591155366858417197322080082516540170670
95,230,28602304801465055324419479289,68968324638713080085318908786617455964619911676169363628755011515566433674641
96,231,46074022838422592189227962656,110897598399764373794572948725532805324629050793300699478034029838804569167729
97,232,133802322603728201945409970424,51896777581519014052506267401714593483527167815551191445951242686001270070402
93,228,7898795980518185888389544800,105605085120498827225811877965667975664778930425334010714012796221320504645597
94,229,14113286014255449479714573495,12633890390047011403000695917842230679426125114793185802640240122648924305604
95,230,25029897693054511289058906646,90296533885497255428347413985503805226681129022778521977235050332776666281076
96,231,58105028140743975530484115238,51631789491119669492723832084950924318952000772333402373746032150994796910173
97,232,95403667726167310409530909742,110992084464200746615720144511053480037219676989429257558250035958932948778780
93,228,8416920310411938693832710774,100494529160915610582802283821280733819076017569910963877940408658469295326884
94,229,15584702556878613523664849772,57894196209277526133287571361696769142773013613788886446842214578551162486444
95,230,22907138554572278562709155099,75274397652191201775256120715766506484940211155124156137303954996245629477566
96,231,61704226159185489007786311318,47436294969007019614937663519482718304739534094777773555898246486701853163217
97,232,155803839164270869312139064482,12976866944411731431689032850140465529176821115738781326396351374070530252399
93,228,7040735580443821265386277517,16421918555661655880875293432945027948586075075020623900378952279567888200722
94,229,18897193000235364376558038523,3673112598059214606456091080593638702716041355657971952264818444612681369960
95,230,32698353454967304436817281188,113958671632364890135809162205980064969385125030776256117084239827449772057187
96,231,57109396860206834444435190680,6286077344040525220258269169102426358346024002646502137452016571415795023476
97,232,137613813507091648118634550627,86525449826590098557538463785982581296241310611596905383221502464060886233550
93,228,8527380706633287578969433566,11661155427738729211606821626229650490991036060591771315194450380142463906839
94,229,11449547758352021938683746849,38359955214481616378057759223865454207120804362008981259204234082707686242617
95,230,38115072136142340412465650678,55218149370837629370812278105902404466853163457045389341270242765372299929589
96,231,60694056028290584608192794394,28486069167710165164699198109750702890017292603533014319416759982748205524129
97,232,109911535880929883934626406767,48277216618600609609507228014003312554444030575533411365139954235525442123758
93,228,8428500774958792014164879600,22530490264455414330122539921730506890728581671603088248908186875217378498765
94,229,10039841662355948450770292859,52061005046796782209681441992924884694409037432208277376514267944345423777444
95,230,31876779753620316512159624974,68151218928361837906232249423553226912702008072167249754711625493504541179345
96,231,47001904146227435979808558998,90281701854908058111068469349016217163537712766699328342219440154875777894265
97,232,112006165641147769191018967647,106748132227873108387890056734575085618592243481581797400768579097145025519252
93,228,9637888178315583882417218105,29807402137259605516718498324365782585394260202220997688859918236773711221778
94,229,15501439624413027103489484249,56240646508571661371675074516200125099605146679023986388844682567729148758061
95,230,22063622776929290500686235279,391784053016921639657728324710897275402688413246808658249950500563269474779
96,231,73141486816893461798894830356,72412731347286967201028667120547650892285317875569730827453622915073660474990
97,232,104350652525695449120023972963,58345158247884135631016354175768151153714225603265554438653126049247729299320
93,228,8345343399733669237079352395,49759113944984069417627838148984741589001282279237799191821989978611605255933
94,229,13186597620349789656315020876,100737304839803068754866907383611073387285485497007169589562429763444386401002
95,230,20314244309217772884027405132,103877889860301333849130948065904496187230407221155116636266654906862240486961
96,231,55717576625994014498161695221,73877791292174074393292032137328279770520072894374669923299745931493117885989
97,232,85557919332537631101516020340,34366723035691706017042976461194866470142186424091388736528860624561185893519
93,228,5476438039780255623086298813,26136006394522878887972959633091780519526201169838929406672090541131115552222
94,229,17340221987588851835142061929,37396645162119777532095845012803759962618902138525770642363830064704874855133
95,230,37531997580187230154371442031,49717624253173066554150596690528540043942327042060125582412457525308053795125
96,231,43755102447608906846201624014,63938262794760160092565894478787242908513080522034679387212219140800223381226
97,232,158000817319697666851046550700,38029730655686720268766481308842689762358110140401822456094199832233675138479
93,228,9385793887833069805608212904,71302164241721983090094951627683329626378960484193422396339837760177880987679
94,229,10697776912084881813406039006,32034591142657067281040038456391541498937144158334256203913157293399956422806
95,230,24010138008156269423882698669,58163089080487936489738649432356810028537191896082524008305456128924283512977
96,231,48371981757127207496081068109,64615244436511079364001577114704665816744582508322919921748805001749127650783
97,232,123603445992405432438057960881,76732778107996780179440380791541907136968432228196811201953011542088467140908
93,228,5272685805806417853700690707,36471926334903745271196084904939724930970913584134822858690107900382153167106
94,229,10494194630640673712888526291,40466435453570504171492553287882532088995784038436146068152291974467266076699
95,230,21351255379208834994435950769,33785363521603263075828518159764247626319688733440549049151685961317599877651
96,231,47937617409286839639572573527,75295832974718659067691914942174714798236987435572317176384542339727748254108
97,232,152964415891145541761648183489,41709729069429542374514583864801390035271201570456765571823555375279859485784
93,228,8219322915424801009167515337,39853391345597457412391250850939576349964961797913026573411300644924485146892
94,229,10315526505075338380470251869,23316316659840618292627358155874407588403528491713111004512517882401109825310
95,230,35445572976451294454134542565,13303390148155343446736025699681341857338372348564339333230367406268797314469
96,231,42123634419080146505322467427,100307695581689369662767439408214645630057357520570020209332947643072257635390
97,232,108961279565271677853065148963,5478821105512188711047308369857439151001804835821342041076222948216005785808
93,228,9396099587907221130944634196,92537463814960195021789518914082535982754098313857226159253460206263991885760
94,229,13230798497522059543036878780,90565827998974024595534543724229115703417682219845998310759731368776316992005
95,230,20293633993811843715657708414,20732408076696586055901866013464458952788382404608823153927988819952702472553
96,231,65997841075415502487923607329,107848628738079335750019914551670607260369237122390085858004418052733721101071
97,232,119699987672827578498881553304,62961460308520917127277375671276324616988546068155325220323294422280228390892
93,228,4965391733240044288550456972,110643994940989388175415419437186381322200785198518452969397144830004720298029
94,229,15344599315634252621273795612,41991614833976146634309493011974137826292342046743974555417910120855388544315
95,230,35630712750283667113515571262,68675023569047218737380640726580444008741806373781373683651785045032724548518
96,231,78541624127472233767887189162,95278420093723426622839039594814728694164040122183542821259282830536630857589
97,232,123905396315245015387189380642,83489144279831131375731133806766605980878510231113631639927426353264447035589
93,228,5848170260281489483684726136,29630788240045373922374773913435780130533761317411849884840562491637065244390
94,229,15851829971349429668622681904,89703279897864174748879039042081503223670513907072895418667135586013180499957
95,230,31777953478884248071213606510,14520115536667296993722883096396399674310963303179780735046937384092462096689
96,231,55699317430022911004707021491,17687349596336447976445432232876339821722826594940934789041459325580786986137
97,232,120300723227412172122613513453,37145947361637838309795621189767472042264015139560796597259838335834147378288
93,228,9564710153823890637238434665,80758690635791454297186205035134127078993462970700824129451693773714647239650
94,229,15892625592759318790751726456,22430741299268501852334165897530670788633778991374427260143963384946894344460
95,230,33566044710414395449282303188,42711014529341429777905476978090453936435519428939421908849544433713520374377
96,231,75740325807910228196392974831,97027272154651430312745276981189965777145659347669679862456179567542625633550
97,232,150485493961049536127100072416,61434896381133749438426213319433749705735545946435454832991387750401158005549
93,228,9213083476297950620713947907,30135360535504159917081866901383567270223905504016480126119839926613677873352
94,229,19727482665263002076526101488,33506045262206791885626554611938799733423318065558455954287233480107319197075
95,230,29633584902650109752193105216,68042923345069025415173261079681471038812939852057649190588122663033072338787
96,231,51347749960034305282637263828,32922454554676154222849134722269591438344479701771625943108055590652291182662
97,232,101264845784105827505657778628,40818126465004700737937120546438063605286801629506576595277768803053479344508
93,228,8982854732167168345747616666,17782303788417984641223258947039711102389882407906006405189467054639086318337
94,229,18080745866570634814775997163,112144443450743491109055592770791781395956075586597055494434573378459174119294
95,230,25418948512604707298649373910,91853979087860189768181517720031303652322230684324830948210946828790350544698
96,231,69856506827833038790016910945,45017008328165241514774763506058511596099236012918841022740726313163751740346
97,232,93079409681624344180762109549,104744443517497892466366589439667316795677036224994082541443809582978356269307
93,228,8214929614563843535425038886,34496940941154083086511822259456941070883911267113250993414548864942720063170
94,229,12687720636092188394915634353,4206051916164209848482735518850763619216420117688336049778440336047734732779
95,230,27220996616824288346676075626,402990194336274956323931675293505485776343250205579708079415369573051656001
96,231,60319039227639292984544664746,94349199010662543604670443533774733589700882971083648328182703160404783496575
97,232,133883401339599817998537083434,108608190072727308227669613455054792609615684825465511820028967314003874245258
93,228,5039794043753124985518828326,58352408748773245183306605422776388202382285118733228202534411684332440759490
94,229,12880060699351387437776149671,94670061456306996398542529006562711872264926558683665122722805178631246325916
95,230,35295082504506052552338515366,11551405246947621291440445262008239198822467270422605965183897442506316563542
96,231,58497982166638169451348606197,6374435968498853148664945047787781626349788615441988683794140495779774412568
97,232,89753643280940928121046124417,34505554265607022804148137577927493414977867608009250290116264682761608285044
93,228,9284537358641565493513003839,7713495030389473297048596389476726243742936713554949220720033545080438206605
94,229,12728156736579544419018767832,101388058757097961352913299406711358981262759275725039084567561238935953397465
95,230,26393317261426986740612514604,53806499790781591445160757790728782054483174502374902296369001415102300527278
96,231,68210772278700478769189394129,107860184018855018803303049939737511288265055478506190496425683140832989803249
97,232,125731248552774834812848710528,701180640071667478101114439043897987911278572057723803136369506958948752007
93,228,7204216552356826333756525104,80914253234229613212917523616196786118845593545752075067134305381684875684514
94,229,12819040591718681541428921685,53853351228031983843753937780759656118302794748283772353258301308808042175159
95,230,39579046457702725000599790294,85021098803179642966078646694958284198308357486538931975529972458512327988529
96,231,65883752790632210715903007253,58095826769474673800364167715045888865039009004090863982722454614177092179163
97,232,101152556464059879606709836081,38025507900294114273837893647950447489234623704572150214460057281522269573212
93,228,9571451233771842917751676170,28653814371258387747610865566163301997986660866692736413719654967491111433718
94,229,12015326482491316041732842747,60174516795520995961596585620937377177892150492072197186036626432413125858749
95,230,38971058448782505498431816285,69997799425920462920314577103621344604255217428411160458564912791990851756243
96,231,45841465701201699107970388270,46595477514343189757618041053168697836934386302258720111367727611748165237729
97,232,125933572180187780999766621106,20103780055221166165947138982765914240070511727270884715648826915818624148599
93,228,8968541012995228773129226477,19238469396234241166993410447412186469037276059607207213901315301472140134753
94,229,18296626711881079354788236105,93866069323387626825796386442394333726236984923989337715758992582892902875936
95,230,33915192012350212675856554149,48262335981502285673327573033363946879101695252665836225509422512719255163855
96,231,71865648467299891174397855344,36966323056013110842398837775894878188536672423724077824710498971169903856179
97,232,113422142966768494693835451556,72882700180973964513013031645939722394906520450641224759439429848199274816775
93,228,5466956199460546524351325634,48836074382370508804107203975542835125691930160654113521637800542340810898941
94,229,10767825123413843873226231537,8998844801983917068563773397840876605847887365243403982549142492402789210816
95,230,38491435538332953225294701787,37130768504753469701202665809893263605308586034186450330628417936893989768013
96,231,62784129753440122991386357330,71752648634467364207785376271132390187470063978183717596762350667536391806115
97,232,85780040800751334697996769144,75338899275925536116064067743861383960891139681663095082008619687853403475949
93,228,8242740346550894230847607923,28309412175564305894795503282885127210517783843653435996792154181808948719069
94,229,14595054826322719935130612199,53285591226978899070651719772475457104273897483355631403793820894436422045821
95,230,25504114208876263653185970960,56668609572679377267545536075415764494118987580440523571172195061257826002343
96,231,41109763665584832937171053776,51083055639914015894441776714404430525136120197165465020921632551627912703211
97,232,134592737832476886006881921881,60830369174754938243945694027969444627819094994873272009640349159144231673388
93,228,7995939952361167805027381728,19198407842109747836200409680413258089172363074851267322741564375622983904874
94,229,10179979291321675760343955032,18350044987368332523017044730176011899136334486898966446467343064747880671677
95,230,24699127655663726955562464151,82742566165232088419350940301376886289086720723251189345773866454109798792296
96,231,47028560977400725001211898383,53112374355281334754960742844240820096842560942868413311361134565095371093222
97,232,144795336916722934235452918253,52664070620795177456715501919775245558171312206720124737447839273885685690715
93,228,9809238201425073841274059247,73244655167316308025579652639223689149817646720075466777361675206691586225285
94,229,17268831557541706704480694839,21055976770748560608042609285052227743028085000670163905142743888003131541227
95,230,26151335683973357923428249520,15132817044390605856253340388341916896514714221420254167406440053918424684653
96,231,74383132234381246396606642244,80506354717662579193302682338511334576427358784296686872738587285773431118150
97,232,96092360506343557314977804851,112248715186284316489315761135586247116725791159588779032175619295685711348650
93,228,7274060480274482472798399982,32539932196002251252066180210311910898469728813261391463514590703536470510082
94,229,19464160158951116465884528862,91723458808237283881673269120683618520235767688670973597871863805176984483779
95,230,25770992648994936377266310293,20641970255050114152823897591887918379194573083789713011548015945017052781671
96,231,46824153307925504155137217892,12118302769559537610255334533016293285173531564084777433142215373074077174870
97,232,95965415601816503780427226576,114990236929682735621840530243347623789578060004467412639834909621789385493390
93,228,7810571027564493671575400544,58763751066305551423142258626931635894733186764551657112556054179242563844116
94,229,14521696444393669140472781514,81244949020728055154565590026441999174368809506477969737784387576638302229009
95,230,27145083875168798300585530127,33447504163946119019254142103275835076184974812751674691807043605964927624184
96,231,49341226975508210256031639354,59200807702116180840907585249918212732773379800220436953116506916271559204005
97,232,94548834199297096745601405857,69234537433288707956269101885132657659032640804906143427512330392659628890399
93,228,7461731019331572598433273811,23075837344118433594208489373413456354649405055843339731761346207184145846375
94,229,13045265771068769287979017226,86261968145350457904658731319127433957436576146388981196850533008820152828679
95,230,24492587901072070317684485317,49643183149869819099546368887873292704490980898376494560707994123017920722371
96,231,58680407231562604565079105363,106011992315510021974135670043626011117694024269777531804896345689502203995981
97,232,96401246788509691181238771088,22302499509507265903761336883937215601546181176411677955682539386979909432162
93,228,8364408521326223983434639319,13389920463843356919573331999440540238531819032081660595148111354612860793740
94,229,9955524313351288471250132598,29381460939034054528389264433912199041267730919590578918890507575945954379825
95,230,28705624206056262060219097219,79222188129078813131672401336685635002406112757831973363091911625607981109368
96,231,39926289598060184568562747022,105973400504243443272961452515559579220136627571381883814913280097212638289966
97,232,105592345966703029467794195514,80470023728247014413321780926576034043426367611220461092783357088879383520062
93,228,8432484937905772573807735357,81770617573499028286588792592934511672677723520019172210790286641046000880259
94,229,11241201618105780392082170925,55491510984262100002505760930660753897127647102586309409320445639412500190848
95,230,36536645956698262707629551919,98364168682168036667178354132819147368787066949929995952753107548858418614173
96,231,47599850889100919235407646014,26088699891439331797765940180386955324317403370971167962117870551687507587902
97,232,102549986192557556419339610508,97804832134009519005345571164815546345952067710207429600335567639529773121565
93,228,6215376572178528128670226752,37044920994865661226944243555668568382499416814693795918001940282200283313955
94,229,10241031062601457289128979364,77856833241226171050699661374140674596349025279293811571165479853529588981719
95,230,29085589716228598219523293829,4480561329262914112378949524847050445695305319964371830981102577875684682541
96,231,78754237333958542133273160682,67272409658777876307454407288768958224072870288323343707250100695950559963457
97,232,123643102547497476992442876305,68752301490464901192981189516614333843487430524568916483689796088275779440966
93,228,9526222742884084006192537523,30552816139227146611076218113982731595479253262899236206535920406247787906655
94,229,13052890208799430678466789352,98194397939787782837699443402709043505238417913741731039021174157503971086980
95,230,34124696173722322843354647060,96891686978090774618908265238173411258067233654135363758634764362880448448747
96,231,45259385121669164602184483407,101773997207190385944646963156626291927675269835023322670247071821458761341233
97,232,126055362845104876070547985338,89794893040278826727122963980596319357733446586986341810218382225272222674937
93,228,5432256176952403588272469924,18651010215162851324587813407576971636001732927613033596691737259566677715692
94,229,15032034299275138940089803594,8675169969395981618638384889895944350215034516554778884452751163426896051760
95,230,36961614224993073605384497277,17793896602066383569079016744492056081928464446699274927025685561875935560792
96,231,57997858394431230248967680591,2289223702045464988771637491678566030588692094289472411599094687840406494525
97,232,151375267990925527312127641901,25744043948538746707728980517385686118935729419716389705071009743176069470167
93,228,8654011525819483021189475732,102513533946972470614517211135595261737604334376497431997904882820699375368478
94,229,11484229454107391525871035037,99048653072762052422750156149365219280001674584193210230186259348662029467371
95,230,20477799140271102782462160860,80387950833585561512573937708337389372405600843508574507046601853638855974509
96,231,60133748450447376826786360793,48821764533672960729944339660795272799910582603155595455390299051421829045070
97,232,125718904070414600027952932390,87685600294712087675891758088952583494910515182764423140583437493700821997798
93,228,9608521145650151560566523434,5242649609732866930006257198355372416606617488603589471838227060333659965127
94,229,18442027120704857258954905317,85982579633277572146721022713192416934101536077214187813351354312607888420436
95,230,37641116134252817914352941741,100335274748093678042134607106456002594842862755138194317662052033186898488306
96,231,40552676444411505686517734424,75076428119493099309431170650274981960499366984477132515505206304648636142935
97,232,94496002524028012893807854128,48485338235235892067250923540334588664399826845566046772484780047704651514203
93,228,9238475825563398942595827797,58458428690672864307027896203510844738958915420355539910247948557463928720929
94,229,12438748221409274325722372607,29506844120009698121209106990669602187134060785769036779286736652324159607341
95,230,22028769331939036062182897087,64631261317293405945167024426967160214742738452875974633591666460217488710453
96,231,63975602606856401002215818511,47619930411416558140906456786786746077537846630851015649609684075485687674574
97,232,124607144891284085942747733204,42698799774768395328834960672535688622690302633313340040178275714959053786612
93,228,6577990236135360334916949372,73549587232492282297288703534044035734258620059833986453486813737783803092150
94,229,10711093696895897888405919010,55342619666650772426524418367676647629289103084815671741101456306817487240894
95,230,31985772482719805058942555821,106499363027944158257186026166189505735728219719274118868328925466880236831186
96,231,40895305261539780909565549334,114776546891363493509121864024450725924701470656181018310300784548919340520305
97,232,106673529154803342490423691343,29830528715254262495171264836068638665865181926804002946513302464888077289904
93,228,9239671622543370041747507414,67500188175111785651965508984453189854772642709816320487400294717910598252743
94,229,16373966572031179586351350452,85945498427708261166388309336571913886927998484917923638351887950857723981507
95,230,26239799413539193615966629129,114776311493383446819508458733110716541732137069581969550777305146929891451011
96,231,53022393085621677110582770115,49614138089154655069904533315340339320812637246508964430331034520809057957306
97,232,124155931106901967877116821506,99807840722318463960910141523935536893286612986487414782212718449832705241281
93,228,5043862684702141125203344182,72820375328109962912171426366327155945874387220839773614582771407291297358178
94,229,17003660896816114238593360332,57393746646196154644070027255563926925170602998005937470196886541078775406135
95,230,35936379986408498706706765872,12796653667758581584960429884808330400379630711282029443985800554428916909947
96,231,76402757984317912064931969741,97901213210262521568535925234690334228267252348374249332987517187914384917943
97,232,90155800082168410345678095764,39347120125256395720959641908884986296480773990189294757740044907576770551272
93,228,9454799066682451707958142177,7046142592405184925318535694539990858823855495358545247936411741642259405159
94,229,16243060368692454989534300660,108289048165792592944597291658367138513832128446746877168057106845113798266299
95,230,20851726855626093535850155659,67604086598505090930352942068974762327033056968812435797767310805813238502890
96,231,61775155119766073799306548828,105169464853864108127012499802094906972283545837298956908609169333541951395826
97,232,101655075913705993619156169357,9662971329846884330731375721018067507282411670010436713648718097746909114753
93,228,7442489221256223492475246552,9145237323864568714195565336687498473642378037661775489778718802537976762889
94,229,10018588292512338544716837175,23631685020065089695803943954856182997556782208805944723972658265100559408920
95,230,23913092133758847420692224533,94581814864354362228831088631856551342203117219100183859947119385517227151175
96,231,48133475953076663360930339751,92650779788499901165147645173032290063707391712979064979176731705541282012639
97,232,110787632979566605058213887283,38373166837548859609427043799798329029298398333704896110978378820273839389523
93,228,5781239663605703780029741810,13387873372970432087764386418565119747299853816676031867237786554338681010995
94,229,15513127441171933357987762071,11397837210028730430839140753659144070957285557472227001681455502940956614051
95,230,22197521091749107868230980037,30370825235764377181601416952041510826727084973025582967950323886848843404477
96,231,45322057316123872589349282577,93485348749824822508561368939361086224335102062901632769103567714725140287251
97,232,118171002997798783630543865617,26469973107280739881021952623295957458539560221477556532619604518446920243208
93,228,7053404805901892349209174388,43291634380942984562304138379914020759452566779115158095918192984518922250934
94,229,17416668846077041041602063855,59208259968312773822376719455683195119859760450580170366309548052841410788194
95,230,21968738610059405649212876309,49371088760231265525441741597595395084763547750582447683361467408722189009594
96,231,47530731875062076578883769146,10952576416725401817690151806366651062428521230708921901803743575059608399012
97,232,143431592500451695843121890258,76452070488964252842418885003984705481462923360633908402697384313341559432183
93,228,6361727725350624662906368903,36814369041722860387640447276466314962887652002041793490373136870892761645439
94,229,16174878145100174933660999328,81235411067883584173871318445871881820601860321991623588185492675598481484147
95,230,38547691687826174652869102290,115047136230170208636483962663345596521609583803303511595843748204998587973601
96,231,55921481886850381215388402022,71966647602440261878640040439481607236397543157926684129304578656850602597577
97,232,124463326341431402634970430173,104024640389776982959202072626945819680179599232266677298595639734962963220653
93,228,6501759435739982298018896289,110683476035986365205681865085848182321580609564164924403556900692655529027863
94,229,19780848105051266761341628517,90281028513517263640963120319542760661557968752369081857746369917267454425529
95,230,37758650512078799638572828448,71280578889812673283761177643877378183406384989536082287727226068395666004399
96,231,53311190563383482781550379772,7130601908988474480834199486410961439138284522068557005588004595045974460916
97,232,157010127282275107606142137312,65096123992070073677028667192367899694646461285042253188151871410770035559599
93,228,7371847117385984629782665734,6963288462565734424232574304543067292124805992352371499880842230262904669807
94,229,19754242226655043407507641606,54729438290069992441411854292135427813356955118043114535670336746754510099105
95,230,39596934039752320443348053595,8047532747319739109715550899206823821705703590905681409241555943900190753167
96,231,77629389002176799944279952519,67920051155700460327622439965593531813154451457796298904817457515199193250102
97,232,113036004052724513802572418765,54146609464347522260106074715618900627878769582534052244216456145575677539715
93,228,9623742722662118071758558054,100881953425241895707626525131316112633509994270921980728006433512526519240997
94,229,18684622474920841407724839695,25668685346740990567441001958308690160695118267487984459128538967791497996878
95,230,22098774538995234499105218022,35410144629770930926074036687455025011076447788317012255799407508306590796736
96,231,57939538694238536670376011298,85669540685999317977019568422857560798744770497267672263163913292873209661778
97,232,153987917888616577937690341566,68741338664547085127043839658278388331244460827508507021460971499716667480854
93,228,6088036862087406226750964801,66460814202371459063452848540977599389402978429448039549065353427647364289936
94,229,18012745756812632974448373069,18827058123187587361976875579894241389326205882503254761635165392035868822804
95,230,20827187813723612641619513957,43239535380086404259934545123273964010775881955395639907092655515901596987585
96,231,74417878747292739287094506833,80004681551479713672794115623437450143431434402322389809921457746508336168213
97,232,126134753884941825950878922938,47562574036517885234222123223402681657851326737893262293175122613339762527161
93,228,6552372828849731816447572496,10718514609785953289095943468018613351694242199464969167052100494249413817652
94,229,10297197065562339075559981828,57142067874268686169657215842979025642941506227910308138672037846560330873122
95,230,37088336982931065830922992934,9169512075096603324703596838958708982581089525376467294182934912695332683355
96,231,56186863849637142335765304265,25458045011183725882036077467477413225014999802134758566033650169611175580109
97,232,117482962377439458847213990047,67408128565211903202783762995111101914339812686276487291721873987115321956729
93,228,5359871745010477925233333751,72783416418373314541314340061805197464391211075847885205496399776674498572894
94,229,15591292288795734086281650904,109976795553815391927619761263739281750758972171695616370495359217833276714587
95,230,35761661168916327902831728940,93593271342253764120495850933964768428020592079976371666291379141044203632292
96,231,42005015555738458632973140690,109450712971715216492006536357869228180708447503417613763863597551797582435318
97,232,142762520074067207109596890085,88505566070390456187520437812112545175824934210511206064888389720531210252784
93,228,6681429239998063046764613676,72722126529522742358965200881785257822504632787087918867603814476087876773311
94,229,14613363903748311404344471783,28230091050256015550323589006415511586145086938276021932107955854038999187461
95,230,29199436567900558916728889666,53456102448130112358551021337145224229414031113687735743492404188211340109627
96,231,76696157186444614306409466651,52154977729583532176705680117592633351487555658104198900437003006057359309772
97,232,130564054204192701689806140096,30359432571210915877095277461061547105503053558033698277035846675173773878825
93,228,7453430577501033290762728897,28021993278214698504784571193687386441077442883585127502960287610051380918234
94,229,11733837880668640178675983598,103185520767609401154240434411063419019602249416462969964819188613658433400968
95,230,27068063748356279409809071275,928582973516632169142040219629561934254211870464048356454479252779878245551
96,231,41338384851219806825290359425,28407395380128497985339123700425132044284730513391226183839703387968879236327
97,232,153700618572929446261253000254,48546678492321419867156266897934886150472362538313252188636083197881132535418
93,228,7432030383345694370891502029,5709356590672768885486378716337509969743569218362385689100011859036492715782
94,229,12612444815577174039553644448,77744439844267780163961073181140278128619707222524399041889931407172151634155
95,230,19997245439267278346453977094,93383522952056652113245406269743885660693062920850331151780408167600314186421
96,231,56602029034882415153212467075,5649171313689989971581841257172834898286112841982716706650535807550925485527
97,232,146588344259641855519495975453,69989715145725579401277817308617982567631504668990322690440097556353641252228
93,228,8339409555756780702306122620,31765356767912964072255713403365609776325174623830395065873942903323762443397
94,229,16396195827022657740871902815,36396184952372354704102919304482456624234585334081275872553874436392301442845
95,230,26735728022158721868712080913,61839971351802950165972064545241212058019887496169915003640004214525342740569
96,231,45050852534650955241332416404,76613260505012090637162376680944677977159936461580545138221246852559859128048
97,232,152467244549202774820355388705,106112169162078893128596154764060524049511168754738764241358423869956094280644
93,228,6760024780066362754213908686,55780643283312489137919655094956152599402014025159462230596624760145141334777
94,229,17206702714433087978336247143,4201606077327305587231240249771703804911548912197151571443333735738077035773
95,230,30002932692216792436040443096,68310843679211144322519494499939566776020369800235935773804530085095210422659
96,231,39888766944597961008900846994,94985302157165090435729510090646311396003482623439557151203451357526307124557
97,232,151761502368509957034223206486,82677535010172956109523778122220078884219187269633057163672625591942969648426
93,228,9629790717438613109342723533,102607900565471937670755943109178821762449172587702969003905392383676829944842
94,229,18679174234363489021806971906,5090163169040636184083429538903187613013347860092461687041190977728772307652
95,230,29373852817770466073708210770,21502933546069369086680233355531943216736803291215181785894830635566022530976
96,231,43512046073366603845364474346,2556210165706840339155888778447470194979343780520227487858311757819016527875
97,232,86276455833795907451132784014,85236417948859072093404520060064372133643465926131758629882117299022093248424
93,228,8790502577992539668733013221,61451704853191242695849433062696925391220881244421219440074577667328865369555
94,229,17529026951597684198591892703,4234368878891612362982708957344334453170730962743974841298965591108297984776
95,230,38628485340290399666142222726,41108022872461914382331155573008597816972373822431784934473746094712622250264
96,231,76063025846166897184715749191,73949570391187505339481168365079939250720392114304661718744582833264671075069
97,232,97447965299458682628958748422,11228398829000248353689616944213877717454480199678227952362282424532675071618
93,228,9681600493496125831154593107,97139699853191861089102051817384242556042384624703053327606116370392588873729
94,229,17061627049122347596437720802,75187152550172223775492280934281510141238140515856015188703131099075557208893
95,230,20968856470296885039334935572,100295707681288344099609306072369013289412024254865396272687613459136922730559
96,231,51592131948246483853152411452,18398734635165761021800836483915717842052920330863463156144465841835483168351
97,232,144261733753477437654341607242,71216207385966080067685176298336874720692732973860633576212423461161006468456
93,228,8623205003874673719469203761,2146782352565924349325719477803067482168727617093734740343314266534728629879
94,229,18359154607376611258994022651,89064081505857006411501567749372089604619451138537285839582241924120080314785
95,230,39141593458789270749582401954,100418683971316827249532935087598193475231629987220865426862770879776910591392
96,231,43470873987205739984760480026,47464687137893856943486605255571344080335380028906272428012967568395151081841
97,232,142970437069780582380550058580,24357810136862350362987169082453728123822361558740584923829306510365087072981
93,228,9771906402047072542774299492,957718004249651808882520389775301952187386116107078751577259261463764494373
94,229,16418600550185249400724407296,1860939297767025786369029374786604975050539704626132329626921294659364041144
95,230,30162487313686667135642404741,19580107724206046446524567460761379305352189548914168074375375970330761040572
96,231,64951018875251032675263003125,16369085530232334969834843384104025738924834775285685841839609415704399483922
97,232,139276187240081161265001970484,92241317774615047229609567623058042547767321600373716270836654114789807155441
93,228,5912631158433826228221184741,113600603088575054030350836865795015965658434491396708426994160571767952857611
94,229,10934461931239439859285156400,68842399206825581493396899135969477624474058278080842635351534094097847913618
95,230,28491088184444247469698444589,80580254622304095886097079815812153723922742403770281729718802990261335408233
96,231,65777035051077861409236066826,38853830313224175184656070996525200123793510448602091375859659552970348408636
97,232,154531633026310223609943163166,22949820248937108901931132756801299068081855070885472209397004474282826499022
93,228,9281145420017617266539563266,84301046216178210995250389346178640409000269579658211405782296512177961016545
94,229,13932757665490627416385970284,102373534000058748992030448153676009473441539176576923138015296468640324020130
95,230,27383243360414193229026918298,29627667743453407659921090655847895159907041937044428627994134294602345722255
96,231,44766007845717418255349391167,39812559791078981099229526490799235488206710500568361276303703984027325362217
97,232,109443188750650551999248515318,58223521476706819981777403634239657008916474279844581580985042445706433336830
93,228,5495242514390014633971155302,102769503230947583677740073723525805946602055732282987352198624404380312409634
94,229,10031188132744745508481981545,32113140753476151958936397345833569517843136813104271619661873463485489479091
95,230,26357348514596718760943105602,5895212374007780277899715761584618764778950438334172836671480729841829040349
96,231,46557869934859343554111251348,35985973910768731947274296113417363780179616018416095665124050303261360796229
97,232,145378461381135234166707222781,101283734526370543690855246079284081909358909454088452435281248038445636739394
93,228,5318172824039305359722287607,74495105064526400570992011257424966506262487434012915213607855105652893676398
94,229,15242332892583352724802777077,32265729938739464161852649484987643090960720987600953629287586155963759451859
95,230,35348984911959500783150623522,39515363674150070138520844180440747230605333604249878905243589388854762177152
96,231,55660714701803192436314509459,8869603583142948143889519088591609847425962397149326003900680588011121233869
97,232,112334675329241340929176997386,81318731270970064900319862049130493514538061833455000508197806597931670034210
93,228,7889181574397681382319781388,65202889329334778191694428904952348118724005907637231091132005690723991602290
94,229,15789481852770234970637987446,24558286219931812603003971550484779908540274209946004762784080496132170476931
95,230,29673780077318329752647242268,108253281475365281160299145434487416453551237265133239508006864591431730021887
96,231,59614449488813407950216969064,41757389562412995624494971026292581172942239672615208377010483508808165698109
97,232,89807352429329930511069907594,21307346338415960707286325578579022839232789560925489370998526921469379447484
93,228,9878142638854679769732612055,77820180501749336046241214958630057089760951311239903560816618911166076965088
94,229,14195600983705637661071546461,20199048563760041740373100685779494791200930028423389277791266288871965921407
95,230,25043991442560786951570745741,93001860347011913768744606884808177459974859073730652235762538478203046366349
96,231,58185385146668583387177938405,6930049793358216748879419184682426389764704258753746479245302510140337775666
97,232,152123039461273421267254792447,73650970574398040086688568668895961925581848757113108759047645847176356056766
93,228,6198746327376814148375598395,59976856565971259328402186639505382236274988335137307691070597053084336324033
94,229,11320267704504191673435989472,62626469184950064980566865616558840310838368864091307826386649542669030697383
95,230,22840429262293975053183887640,25899162574298036546733693457206423775019361283748603803941131660255562025392
96,231,52710890998654260082711516524,79001697534596489367928722609944567551988233497525250650093979452869520998585
97,232,110977863174224658139824898181,27238172429537552944857047400166628935679825001054463508182580521355456383561
93,228,7493970979175525499099076300,105905357264916862668268450326584382379131411007299500074063350749880536970696
94,229,19747848629241620836709901348,83536576906585192477895550153163269420176632099593826362734050421449759924563
95,230,37323330330364350126363587390,54362730087414779567649835475755643826942309619567826410023896302016847491180
96,231,58719141557568762322072243667,49824797730438647173010738347637386897075516990582820330864181949253495718156
97,232,127633721423412303951181808827,19491370918937090606179479596787351936229945798440855669268393092332985507920
93,228,6315475926250136025779592309,9814558332309571052004938642244400135278365202354491264123071847742018244083
94,229,18172618323111033495308159724,41188694295233083889746292709079680813949857352348863420021290970557394018698
95,230,32528766265986752671682727421,10845659013501523490618904816692555387255746601206505837621116039644156299558
96,231,49811262123198865399700287536,31155557014708270781395854266547419680585257620868902032402348252766739576722
97,232,103233157228236488299797214759,111973130711536308536852962270085817818553149165496243912480425264014824494104
93,228,5275367343716578370675834772,30415550653763066307855369151428805802331520175886475662738860849741938486183
94,229,17868899175993790026134915053,39714738398257074561014414276118419694070036273038712052872528989951367202061
95,230,24985276405574870169321378973,82224018053499102290539634300798333173188389995090158620309125279945625990521
96,231,51999195207306938422128224355,94195369105339160420018370570604588867760526433249300827957350869247412021882
97,232,80440489929850687603591452903,63087656495318591607810611603776539151526672870473732310969320437794828299840
93,228,8085818239426858090602092428,8647708674436298109474855721208027219276115835108363165856983216518783742286
94,229,14625560125894602238114574643,35323963920452403453378527440857010114987951681603260334837390767883704468507
95,230,26442446621790897299070367045,95495328175865290215814121501913911364941149860678842347063342089368794254231
96,231,41726978308438934676553764479,32413683983385901690959398205638729008433485601791712559282523484485270593034
97,232,137369045321449192584835721873,22862237015394204848952930454927293852600571265051827800217652369200428174538
93,228,7631709169485583399411749474,21490937235858758464993571614566748526497040838958096123793145507701701637120
94,229,17909120386531930952912283677,95935106502018547797301146638843848801279318707953782198834840830157054562453
95,230,38877971937011028052456755435,67105799510996491192472702644403437322225399966943685039810992945773200388632
96,231,74242593399521854309631939334,34027459656001898201218729078043191922718846707622586657666929607717864498337
97,232,123346314753909797230379507463,37643819735761926523274208462974681927396707389834870153905085494232847836425
93,228,9195002132092921360066469822,30871195853896272985020097127012548490883969940076257232549556680915219222547
94,229,18631933133957901642397243835,47781465817111523033382169331509369005101618296041533629044841636603886997952
95,230,26210854817236642966412827851,100484575255880529496949880243983421955026088655241119134932802672152059056203
96,231,75765362100728143514605163708,91970820964141257156884895287499685797427031811953896126503436756724731920565
97,232,120862747898765195277597568151,55434624224711010683035097432000729991446634835218443400765000179449156601730
93,228,8874578802172612552640830645,95272912414184101301243790853032002539385766825968780544943977726874630430844
94,229,10530524554175357435932755596,2329841935299530080457527926715942024524200008981574646951193809437045263613
95,230,30273074164740496304619471061,28821122615379737599307416949857380756364243889664192836816346599480250141550
96,231,73566563719002861304778866679,97427240682484900753764311750395244809002766998530754744469235386583114388425
97,232,148133744276686070536518771780,84136938308331028590022422570264089025720608512751734339231406583747784936423
93,228,6419199117351250998181217216,109047946043165467657980367945414220809421934705572146549380029466377135032650
94,229,13436560195629164723312984561,18366754467968808583290918223692741794626235183733140902665840671302951693434
95,230,23296811959359124499725021199,31344289477517219426383317906440837170133629873542603322727223738357309734611
96,231,59801886801917322915438676358,50214414888465557112915549434137460976627005925760495548927292279435949959084
97,232,131676307099918254735164051826,71760242178366806131020278258440661360776089329975049103018826756029971799543
93,228,8413653741812590407716734024,58913905262010785635301861204059985498327226730271068938535013687106375057662
94,229,14200418777330480601899340504,77714459419160272141173105406077885449668599641577962117770956811869010700021
95,230,21885596959913536790493054199,61126559255286019386463008447374121398460726213350339139816421588603224942821
96,231,55631121953269829893034825402,44580309140919304952281219461452689710779225531289797466489104728533167334869
97,232,115832819076477568835930026149,96411836936793234940754009953653397368136447305607105488437627493099307601608
93,228,9396109572481552393255778969,51889277503713436284350659433907721403798900566145921049920702187975548387492
94,229,19412374951951184309159878610,101116425595190836512493186059403590807868632083787353482605052044379280173323
95,230,24467872600048633520370771955,35806215221632135527254884266675229602591676746446246238749271650306799512109
96,231,74015478222131237218339985911,99497493920995223572984119095786204656778830814070085585981437362981858245739
97,232,132632037582351534673280980715,69702794700010218401533183387603901153064406919782385546357745517982152464682
93,228,9765004732217675604200000392,62011012964223358675728977924672457500951225710251639278634590034801720762160
94,229,11752426867860072159056173124,84991278000221598816905608207651589579701888415970902257965252937654159290598
95,230,38900249635897705884643592476,51881719345180280406459088133612999292474045054610879820117207863429629665113
96,231,68216383381781517381381728296,10232106291491603884142599405435102706242915196203916882739286824508977781450
97,232,120944077548032628306855919842,2280358686279247337742450840753143082927941650673448567166221463745604217018
