bit_length,total_bits,random_multiplier,rhs_projection_ell
170,305,965210315406597404354521179209624363140725309098548,46063335602286174064107683184902170689587751250556003789031913243389015104871
170,305,1065304758965997756614873373757819948192010422578673,69054333060856747500744239913086292095145264493551219236000265480918485320894
170,305,1009732056926424299872978990349218387496500947162238,113654059956677889878205514160391145903519420450271775254522907625868905083169
170,305,1484435527737282311851418261877911551008233495022732,105563843109598705382701673836800619403612555807012426679816253753777281144934
170,305,1112600176478725833552717181468896096574162366220885,90996565648790055463932977078454117215799736165522922363802272017024414890426
170,305,779794692293895246572395504932525235810750046738239,86100031643950021457992067952245407890982827107542320066315521024288512346647
170,305,876976404490854114164378569224181275447734668575895,23472816582585635753862794975196283477538675142245634717034192738946594057508
170,305,812344417734367458909593940348099195155339332009343,75481036550706992189519700794837845718278014010068517350845224847812876209325
170,305,1469964776598045749581051492801366325070171404097552,28053286015917315012078082437621333248476908259902221344516433391707430784456
170,305,1379679291051735531475457593338989827578601612156231,105427051150225866726332024350299960258736101637064239675261792916610582864809
170,305,889034234886318459694994901351878765486594127136635,34783799928235254499758028694808797750609755890893939832649870733915733923353
170,305,1164006595051839440948970591700223389399954824080843,80060407000655564901660676207476305649527354578904248479186361485281949682080
170,305,1335740669165346532412467212451226703701025529715379,70890283449317940697813589113417412211118818108778058388687440812493973292338
170,305,1377585867100395246376124816322144084392590441298671,104777829370336036163640494479308777728270383062624675477291894153877875552588
170,305,1429410950222938092108599741171798455592894549751733,95617068886553045766838399095742203577957966067041671137924964509384225110776
170,305,1451881723684516087695129164897506723474393147553187,74797777793253220783316805502492219989328582623127992414229449319696811513791
170,305,1320072693043964721781717963140932111479551457842144,70110177663669763886646958736866528869212116669527572079309127608213252082749
170,305,1227976233929071562986618720663695924232765970983657,83916359917921524675129579168169140806767519622045427842283102135011145000137
170,305,1333092186159391253325542377957220973520106688120334,38169281895697648008139438426497055181633057952659755045254463051461991638173
170,305,1292709447334259983386029084003893970560238596749567,43857147845856558364698723740570309033083166722692302688468315037046891946657
170,305,1202738438431740446215852834862860755255526994795219,99918630635985832409002417546509574535166642683787231570921124624306673784175
170,305,1436607682397582636336983940540428890071967091689584,53189249043486789947274322706482069373748843388288037057246103764837430148854
170,305,1111494130416779134364722481761012441494794651572852,87394139388268162258930083068074426823446844757595090158526278667367977095709
170,305,858779771437830735094380279626969752710668509834839,6256036590340752619440264132117103960254322947356566060205910214323588276580
170,305,1049697245024398879981626353663691584612312398286527,21632515294077015253405266631608216077886076268977923015660948060788273234800
170,305,1186467626040706307877272005366262461753116816286944,29862385788448368037491445189145469332237907491484585737855433828925725346313
170,305,1304921274352304441127868194413849835538346695513972,31356683765928115631128175356721674902115633683432525364846259974051936492369
170,305,1473064278709178850692001255475062678963688319661667,114784159729000673032089653452626322647197091876727799533180536908662654254294
170,305,853448065903476109729453098407105567714034757929646,45400461017124254623052072817794660102103739662176827145705718365285403071955
170,305,827005987551510938539187861560455447067643506231597,113726994456848518600493680530490078668198938513485537451495234622259927696376
170,305,926015727447545285773403667277428420206297102290033,48978353241990858584234813645623440600296735968394879649615084196374598181417
170,305,1155640557609113691762968804290278314058569954187987,12139531615045089912413038713638499317521140379483244423899385063949317698550
170,305,1047820438420100941220272316757577236090761154868853,81118507137436325806539808127166045964972469792158510790759028762537207163110
170,305,968036868287673630613658136397972535300444826496386,110894818999653670851254062131701175992903385851676902755132238027841103168762
170,305,1275828757637308824124728713616762106807392269392065,36218724758841807940871547986761030381732080794407060948696750105487594414735
170,305,1437595611251070405821921790828003899628843146520345,57968260882100685652880682867104743302149445958860553807989243636088160726382
170,305,1379146116281273793226288227193734929563879844479889,47610123741847797332435806028586493513174767380794410751988207738972561537745
170,305,1467210521801926627915106813177053530918268106301828,79043505862325441156609966935165666051924076705914636674443646761433316144403
170,305,1063108301184340092099298274881108409951191846028399,57667356093520918167984198830939922275526228651869504856551919120360432229727
170,305,1453269434088563765383826760221825493745283679010606,99535135954490522915751261116757429778443774938725522808644728848749677569246
170,305,779914505979145334061825949433359954232956272681577,17093975518591270020552474367661180893982060929864498640317798752602600334092
170,305,965730237342304564502119846572489180074315578073795,23147801943097037374822941466706214091643019323303191469080915108583210182062
170,305,1309255719071508499611887417261479874341337247037051,13629443323297468798390287534817768322717493455032979174446193027452145934019
170,305,1355503571055657918101377919486187027185752131605462,45240147948316956757060319633734373376366902711714840173440208630771026833197
170,305,1055150264361776140079289590874124658401414594563007,107089476737921523363805740023033965203169465448168393984110337787083132192815
170,305,1230709905828604850461066643730641413742711620301035,65084106698690504599391190197007368087642695367601530155479694209297591519152
170,305,1172322311593948588057285594645001048321075264034241,50745552580028266967394407903136210405927150232137901197741877806862070571346
170,305,841976265302872062969201577264950685181557244779366,9348479319971714486507731053148009073202586439277495804644448379741671818716
170,305,829192401166838061478335372985082294874993050183693,70545106463323448165849971526429470751858312959293836658449200980375345070311
170,305,851421930082140881073251353644703730939149216587897,90365617391762734832145343976039692371262438293207790532229236687191779021951
170,305,923884509473967521138812112817567254741536928499990,113485331524178792692599864889528583650055740219348527168197458412198932561546
170,305,1449367910690611821483806463256863857024491403624184,18578918225739774025287582932709066533444099834694078933272608292023843648693
170,305,1161652220952198645148216757426717436550513732088676,112458930626773364997671426586407464493141254073946855320166416653050666893341
170,305,1114999126447343228055338123393454233677989465326283,53376043779209137964857553402417566997388741546097929668372961348306790474020
170,305,1224108606580900507842779516071994166103909445145430,53051483455859872535323430649713455925623658255287809034677586091271649951519
170,305,823936682058557527055829823730778433435998118537901,104778336511590504625502526457141036962392850402487660749166575172795185987573
170,305,1315868641055102987838820522727441703002457335202714,78087478643350051711256821915140160644696170129283468639819927986783081501094
170,305,1193657241824423261268125161891275562123089462334562,11597405116938027590166992410789854313745227971477574248510913096176480000108
170,305,972027266137250659424930432089200336178190723192769,94592545268797413342767697502050577555713097995901294432329602488694979257515
170,305,1177960461176085836076324605092437579842999921616291,70010998427437363499734484129383485244948970576091909693822810954523257377912
170,305,1126922267372733059017827690566468151310381477892522,113003478191515826656425927691382061762092983349477743236967498024071770425683
170,305,1376491925899552477278132109414790924851509216991081,43581667053166191618493472181163312029114245415307821886927682138725437149050
170,305,1115588256139305194074750404200167471823721032244506,10323778143940622159633358492071633941856711070951122066814050456742366509214
170,305,1057357660117864071895356158376049169212750811528716,2918547096983810482215962270973058087870746482819291400692771824028408000006
170,305,1324689751512583487249378689811798900652865596817146,62520500919925248955598062619003928040954312689764606564660390458892973799611
170,305,1303004055382585550971793623419312347794975638272112,21925230410286227934670416485723960366963326164052230207719547197746027477627
170,305,765935950901005031969338713626764995176401796774689,95580096950729550041358041806893458026991691964880686548198050479599245464329
170,305,1074975346530561814720826920314157105720781515726005,61677595808209284841092425272759124383339814941941404932240878831354138054092
170,305,1158127691467607657126266719027759593715787838155791,85660420238711623564643126207410263858010280869581252142625129010076403556960
170,305,1272813974500505054665188620117136877601035839355483,40434291389673709013341678748667403109674077619509463271025611094581428037547
170,305,1303253691676228659426918906109571233785045439777726,4669758562301476457895141340602322976675194182971173822499006291348794767702
170,305,1458126715070032449889154254868045823503751890853896,37715123018330757334970331039482300570869255830589570673533506625604606760419
170,305,845078569737074438195248464405942298962052796184407,92497806040218359493002160990548490346959147655554412466498750713409924131943
170,305,1038710118621996158868006877099940254085294728306804,20941421390731622234980522600356531450197803701311483286535686821222861614999
170,305,806479902243025090467422827696025438687246692524624,59280664981933966761380431741370567144617857507560500938952679992925293546977
170,305,1434913467487453092151461623112151916158792864454263,49664368479290863708257329205557840945722208708058338978893661096818700469674
170,305,1219595025505553230796796152840603038802358787379342,109195243504525329864944016884522227138301463430979255288306731675497912297558
170,305,812622296092504263498029471469575620915523240473567,23596843742643383967047217471825665173820148499419996311393752461242950263642
170,305,871346976798384543112400668109384646650128749329207,44950283436354840609359484553347965783770899340138151047942420864023190743401
170,305,954560535671196778049996489717340329110428910093540,21843330306080518613562161705454147810308864652193441987032183722387895956652
170,305,991524858465746330043705750628749478519113684678452,24722197227663005315331747014232552342468233986936558359631051188041953043735
170,305,1172248211754041071104055440785469263108283931322695,93468116029711291130856481887698969919266959540381747088010242210644434505331
170,305,1372846883527675677593639950162923568060019558588313,90728311324077332605100433425362432460949963898026839601565743769498898582176
170,305,1256804615865319974789338301364007684044989008416274,16994313725138774926998333743281093779122775319129024372403028799391769434705
170,305,1358798942066641929806809578617580919990850839527430,98645971186750835186779296795283266703996942185078896086858779253779033137923
170,305,1008660915605031807733249420730819101920921177867191,26293949413685692691817045970421331530912599206562161613371692027201803738429
170,305,1170171171943578868078865728406890728029063080408083,44351533432625927030192685968001061044095139534812310325997436393702300217830
170,305,1178430239624763819334139330389706884812447020835367,10213297974086458057044731619375948586480339859581979391648182987616780072337
170,305,768826236471106133419140051889906870134303843206092,24545483009977154827969659565003590438199032474886942042268842918675755595621
170,305,947155897441653761415525272255098901300359702402020,96043050010009000376553615709620910811538792783808411487185559423254737645444
170,305,1303906165798338821338237781755526975660517852042238,56329259019283604311189190119679427900374642331257962905188316138332885634938
170,305,1028365243992337486402625302457532094091228756789344,24901661605571659172324751744137621277664257792654178466894128331603406041745
170,305,1282827444503683516865917581529467789646537643855904,74753441159771505076409587694005856824134498103486711505649552487067567040454
170,305,1179137199270658915552934370916080269687664156351163,103120366776537617936446038032127630738104931700370741805829915261958742148944
170,305,1101896957692623274209162684298697702237281987801746,102778908754845277224900424235837067459106211764541480044451145285456569898718
170,305,1116457051486992730998059436681007429716725771157981,57211125532368481607292077668778179611211190295386747350203836281036079219142
170,305,926099046255562526261581542300684464469232501981237,2290814894121866617063206412390147004969687196447536285653466025923982356425
170,305,1074598869875084806033109927177332773646468624203869,6201570235909986887144772901573514050495461804582592199705449110401242906445
170,305,1461041692412527437460990985351237561391512278753739,6974497794761827514536798009968375317661205444767354377338549573677841078197
170,305,959247910750054021005908080102318932077802299628794,52679558181985059352911669293312513569480979902489409593271800561301878689424
170,305,1341296818829635085148499461775805847808558824621709,19541928224310151472152544265503285053962145818481980904793412841007417455375
170,305,1389432329664211414566519874940054871402909817037303,82120261685091057908551323908429282077910778715044853825103406365971530500520
170,305,1114460861315091871696449197102931485052717700138213,68932148053820899452622527890239538626717124963424968964460216166370818939992
170,305,1358283566413859234616497739003499463601988530545874,61512232585892330868910923959066413076067699575876778409195205398437734288832
170,305,815345273953974511006907707516202474516283686093136,17538691412453588977346913695041043604051647100861536867379512993666294668068
170,305,1139200835284513700346280739206797003880382666666171,12544182891658636784514659031162374673478549109923026338228180510135563815310
170,305,992690580609032023657080387326841605574462270624531,100185808817865166594624279379557072297735428004878089086010832785373862093339
170,305,1265065914520036706381543967218119615653715320574499,73968379434358990901455643351496734605640851561570792797910839836767073574108
170,305,1345198432133481378897731409002659121337632097833157,88366250068062860504108560818929798584812940232090045777713317727785401851785
170,305,1127487310020728754316315676942623512213901534582273,90337265429565190122221303551676660519739964578978241827771917766539932893420
170,305,1284090987773374459333117212217606199500526689760738,78414070064368664836423479666434020167909009306944340504107237801811443564779
170,305,767353893104657444076255583353148708733206995337486,82169139599450214587267969606880862460546042037206947731827194962350488323734
170,305,871579141238083826924085423148826822270589008336917,112129287582378704405213521431331627902305227564584453847323541765969988324659
170,305,834592475262934240464131324385494434229011149794858,91469043499439495482957054692433499651088950270294137890550734992401245198945
170,305,1333845409226981980518329618724112043249460927875435,15646001510671972797298394828787623230050291732820535533872885968341710405140
170,305,1245688356436931512430407694029234717852813817147932,112735063652515481627043056887464643340495938768609849220401156252514930700889
170,305,1378959401209469377723334359633193058445530293628290,92705112580277215928464471699342334779388830140137435548189871117054354237762
170,305,1096958825529791156080701728505275412836655276031850,110679956635974598474518806201595963515202196847003297930057144278938166493670
170,305,872345821636486303219597730043257257472027519325970,84635460410318166065752440497166221794944697867225393409786285615329664197381
170,305,1490186650921315607983731115797175535101062995365654,97639380820970952281897247461442791776724887444909568201254099507907533554557
170,305,972133494372796591159069748803942725045591209853203,70452658834773116745661643452910782655833133727654728463146667001655338991534
170,305,1158820364760609596438934596359366037038474517554575,110959645102555559551975273634520385487321354724258349264308005444998628114079
170,305,1487283134556006389307870066677071497602487035631644,86887538482163357733287044114956294972642558728383343458671824156245761432468
170,305,1250332907316139701409236104326495593587794071327334,57402563140599304255823223724779003147792020356632489144217077226032343731413
170,305,1230787146547898104351924406773596339353013296615370,14203212474949468772258315769198255473865408987393974153690654459476381953891
170,305,1168614878236011205463288086978938442951078528666677,106388252923760021645334964141393533139183475767176177343256663613219261871398
170,305,936411938953888250915198659150864416662430209552409,49038514345162686491702052869634598711566053832753256713869377526671239030897
170,305,852163578114066856464228789338668372294602103722860,7648227373281891679688349680427885330311396638795050941501018294758747734454
170,305,1422867344657796304257399878352256013726405781557003,46238660124116749513441771763601167052055658381919395349138688989004411223606
170,305,1323493727382430276590510417267103684553992107489502,50901130970869587027271156783669744233665460412729377088947060655638641979853
170,305,945604574958687261052419325916538230769094084606250,13464534833172472563226853705844651722535473764940754490536664064301021295701
170,305,875986254249070187296148132289763227164687323334691,107610751220327862445909243473708901837872034205210990114309446252231403366218
170,305,1433616212704763272189616642072213410356278497442477,112301563458943625516369180580975144636934902566191712385455610827954239718301
170,305,1402327106638307823189030159358010173248632701669803,28668061714114340580123832671040042790639293925584526212366010690588481011046
170,305,1271697679644574817812777027225141374020635984937105,84163516751109494201334371912481190222332435400065457506804417515331414291542
170,305,843117281284155617162715894809341872066706530435282,96144029077607582622336430074793208897480904112352803787075142423588197458818
170,305,841015248290358082486400458489558344929698933777304,94463208603809738478358285291485802579844158821889048496125476070211658820024
170,305,1405433163821727245639186427932033227747393050415552,77612623057176035719515728126600979082451927884800665085379473150947858654738
170,305,1205293173078163578756632028468842815944045058442835,75260017852386085060820571467586881810201150477268949272747469705749794147371
170,305,812379723695770228734939600331904181580537490516982,99479905786472687889568643060078850271952512638500982198538181237842881084823
170,305,1280795410809238106770862746496612692604727205827142,49851171252653514403368905299847931173003023568177774884028633426071562090172
170,305,898419313902693031154367141555189226200182488157014,89793076030797825611645943733526242260235659198853075266415744873905601942431
170,305,1277893337328512194409966047122241002970872709102093,80726169720094221497169765760809072763010937538899210124076637320034960754570
170,305,1430536479768271923944745999891586948765823856232832,86192093992409471198611722090943315650015610987808721681680462672380698566247
170,305,833948674265073341474964376875552318358635509639402,60698996727274224795742327707307129784468542803935247547250898585866910313276
170,305,1471657362051389086495962276761598364557447558001996,53482414814545039394505542785148048042822089868875660695814893956813373225250
170,305,1307381201411137810289415669751652073127851992883623,54719459630509839554287195985821781473698826312826389074521630096357988434546
170,305,1298289472708330261625555698078288518685480631173368,15022222471720843954955964682603770435871583380988147372885023311461686143106
170,305,813147574187312698546953701652951266287807118109027,12390259516164304976112005169134238234231038034136317519169085166536069750492
170,305,1267943883009192627974640572606018636004790440202047,95100329463682066808203704061598277422621330590093710492542157503788202716112
170,305,1167690820266243091916228094416338275531365705725864,24337722294653271910895765086610404382134139254880062987749331180723725621219
170,305,1317284153034498129763251250217675529789452410171700,21405971149492444235889169275650601580206249052520564400016088214780740127798
170,305,1208895611287246063373665256135388694214659474581372,98868960135887288702565761200732924899798599020595395486708763644538887788438
170,305,793168965915584210433415979708488786931021495156043,64093649254725841210044889647376002218333049161916476212780259853706963325005
170,305,1039226612200524932848873141792664731859830954227297,29254957979398717419439143594958955784428942392462066716812068919829439009442
170,305,1400852628438083169217648485456236103794927457171475,95732898487408569473771834222562081184415988231099836976186087859804558558888
170,305,1313438050044443454593881236465305561789085165687749,13780899123465996551353744222922252714700813416259012476617706532104730371224
170,305,1031885227531141965890733490185613823553895496340341,46370134727885087030033696462309822628249477340494115332946261364739323721662
170,305,1423963304241712317745171018700782183652013792426838,49926163849948753164114139380270320973226529031288028540108561828091567770855
170,305,1324467305682497651720966521668937538835093461824127,92536297117480907387174156047519115779146292222138320542627816782706675625379
170,305,816582983278779438437187855190799002632065606095316,115249420844896316160295282112417113173744893669481822246302828603396965834086
170,305,1253624147137073835769113375652510499331028451338378,81141766622596275231532623974017575656833608727786817600483555228767419040668
170,305,1212521919684244435388536346703256527565547660468863,107086385642322072829353204395033765981525769604548221344986868106758212052536
170,305,1341077584430660556755304231644596988491614888383284,39722217929238647969374751918859119068321584886362846858873531433330220799744
170,305,1108194930350811439528664052650203824106590499743382,98287739286640220041710502447266423828406983014887814273270612146582229408133
170,305,935546849075055949239117861050224798661858303622255,113288627953338314098326415923024140314286761081372401858119697808971386145281
170,305,1440965410002444847709477061952810412833657823062441,49132657092461920824870396669018133331827414042586045934054175253401609818039
170,305,1170630277883029491975748324571036341336088077254811,28945990987407487156509458124254868820613798427462131579935469453174077543600
170,305,1162965216858865808455084766397945523027045471560601,93833994329117296116940848885417022262096443673341868492406716952090060103677
170,305,1223357016113288828065199312713832376980422190181282,70997040581303444781895640141920284230542296052853091809853789370209120821214
170,305,1265493557746675040108589171829647482384770030138406,36426251005096777727870022967916815532019545419124203466240219096773896959697
170,305,1078598199102994816046445853868709335696000486810058,49499919804023283332008953989020512723551683920318848084834623194550582457542
170,305,937174742454775549473574184871048827749816818665022,15955983459415591025643359175433631931297897856465938156171052324749439465163
170,305,1371514234627714128377650124903741028218622435651167,79163114766512877479852784737857717837465307947200460142081947679694039610145
170,305,1165967114204230193794682443857419959788920205496625,82100194408559526406364520431684774913279041219689759403431100479474186261367
170,305,827783655323910365865509558928941084427645080255615,25625477368531253579305453366694021903551359444111228293983218006594234943162
170,305,961864009399638859545720548362941220550599450095035,3645649970426952683113916178195817048178664667601660361419830733383955631948
170,305,1374846420604251429470412057621671123414756574618372,20624476855921603723370892320954060938823451359741549718860292230411226679554
170,305,1378145618151159842474425624622572332872403105649079,90819854531121884271801801783112649117820158780784783089706971265492917668306
170,305,994609765193075333204609646111369283377677892824828,63645242351168401313378273725307405834266779808128175968836893712137916994867
170,305,1344988268830954362591998866844490539929857289585008,55661036777789950190202167112359185932465015327472093634420095944850740014614
170,305,1422308581239704897165552762357173698160890519641510,68047833024050747731751302250836537124794908020821223097951860147746809975172
170,305,1061053477980785330996975128962977823481876419928197,8679416123322899350755382442919043155320481155039661782149101268448262952730
170,305,1306906065968093101857755397999083769803734506543047,105268646566169051080893808702313597554375571739795040822801327682208775017956
170,305,1007182586235668554315209799410328094732243883195092,21396627365744915911001020997585252551856635237480828516013180325388074759619
170,305,1180961831046769503786186970725743428681899768841795,70640286710237973543595727137753798098526883507046057287463415166198698095676
170,305,1419214265343432339250072391683305212160181879546728,7259207038445144698179532865954362977426420968582138737333596724305533210638
170,305,1107753316248356541834144855988347177326786190930905,39199499831139611726650642353436444376408736147520257335021455157908772341617
170,305,1031067583233399238419512882832338449939163316946532,88521993709349314865828114404235418705259521716884134052447242501433140505884
170,305,1047115349493883040231912359093928530493595350564679,52226574508626465710176463147289960617397313228893866574135009308449480765520
170,305,1037168432731438099010553869326135643904242083223789,25034904765912634845404303038411772527390611766810034517070908984549953138140
170,305,1485547631346096388979875132612887443574349085913799,11338590099424710651838021211526136735274912416397142415943471813648321924906
170,305,1364914549375726149085005137795501354171692376773743,36548475259202992193030919427394044169930537562040270868025418268110171803139
170,305,1270046688190869980689973303983264719457872731409521,33023800283769531032853807257584982183743981782041882776250609742776023188619
170,305,1329171681125402886656665908787338391940367501257811,71741163376314975196115905008925751459505762581835202021340372636315421411934
170,305,1371552315800239824039428996894154604771013631955695,4296367204202730930215372663147526774117390943541537132108402353546516907198
170,305,851525105242707913017681373640369566320175460797550,81999576181214532713718445869406540903040275147416320380802495266951637471203
170,305,944156241870587892554529169208524348103578467920320,24390737096359553066048719547593796870382749410074675536211177808250266806348
170,305,1459716111351871265144901264228757810393372764664244,47173879611977728548747356382030220918480397222995298426692163777624416357039
170,305,793780598161592391328535694183706635814708821182986,57995307861845532500040067018342505856519315017166687513055967391332985698519
170,305,909283293963247487462376731649869742663654271320035,67389336183924164980172674918160671332383966981781299565361823473501345680221
170,305,1019287364130291124561140188517099413020206113076152,91613986722959594695208739166593025390303760463978313012936776986657043439975
170,305,1179926680134341498911931689362418203927462896402023,67425369523833409576819315840114399236763193221230795148349006409014109065704
170,305,1123152094907188395033379707908867094485784435871021,22001625636443449921435916130928201028247430527146662810506623459211207746438
170,305,796944911626141600030512653446113421386112130662640,89867798052921279379142370516580098745131066555285007980969443617251570634144
170,305,963696617807703466384760709772060630182624240950943,35751471015599546378241343164525354094567754447382575741255545379418277554715
170,305,780442478190067962099773598978994220036814744625658,88965860344991794513143957844041888362357741475375002715468411033649091463381
170,305,1249208952209484548575217523413991386168032062392624,64492763896009706831435885982742936966341173198934380971179873413170262929939
170,305,1136823274722907282257135129053363104767495293151852,115273166416006861554409359850284412398103840292539082713444221353963452522819
170,305,1025598595399491535729177334913179103379733378143994,11671658393223219523673650900498143660773886988584666645807540427745757322836
170,305,1404157676047972818135884790534369329848013526873336,56400268381389029598095634664896986841785067933707751604097204603385796507765
170,305,915381034259049824037145664900258530374916294784746,44084625682689002055183473103262299644793430513729181881620339446703371885967
170,305,841800518138803952527189025010986344204271234190860,110404886455011968533886026693355690238527427735160001067890889304032760178368
170,305,1023665281940056289998050144912241118233020696332358,53841031693491918715708042004943807861013222183734011140750416418935213129143
170,305,875236769764693150194426327304468950702100550264955,55145698578005989938090241369624178568577739561664940934329680539976553070403
170,305,1142210839136056626212627949419724240666553482742711,86197205921304520206638962699364164672536086769642759560999095750045688210463
170,305,1001469238133101991007899001359911988590560647493236,63209960447750445635477430096357851322431183028399513509383653737860679267459
170,305,984023789816964759914617402301467890944474633799622,86577800103998332797258215237165004118441185133021661859617502171860117938550
170,305,1081443426305900798174109954337033806084941369987159,91941165117366638026251192652716872855180767119610623457344112684546972721274
170,305,1345807568893945909822265317241566801446459687013602,66006216668693961092207614212862703366812016043765379778633771164831258295212
170,305,1395868132544048848720688508793124361090884125729483,78730157810226648112135611750833077924476468209185947452114462726968797218629
170,305,1085327894899088376624988585713476370291500502899921,71983862065144301678567892850602169919600890218258097490495610394253686861763
170,305,1395528748801379929245216994305898054189088439662341,51452208941240508822965505199911375457617076405050838115528008896060910140929
170,305,1132475372875239697722184371184021484345153450443566,104402297532686158550836724540997196707759611246955973063665413190874460351997
170,305,930204641796097504208813075255690410838559952295393,30396573094716942849272740184755403322592910386174886849063158418700511334901
170,305,1037931364964458965333784833601695846848506798763703,44670264441880428890182277958969359841685567303329288706340122468887404059031
170,305,1080999234697676626658675542424056705417487547667485,41472144740486769965057276942234102557125542631706862423222675477459260658991
170,305,834029520589751863230639433359932687650670232312900,43290913821144917822893482103610781670240234848732970420503093691841122079721
170,305,1347002852696555388855645411113729895879699415657617,77618451359021969614116642978344999785141938606118989091705649636888267465990
170,305,1282303046053788685946940416072603983538587935159502,82418480598634398402421913767636504216160812086536132173411287494404904818194
170,305,833435858570184075410525814405171175940895424211176,21527523084037793763070899273212926072546240708737874996088377179599799568216
170,305,1457975189043610945731485078911373338031629601121420,6993598599179347578516283044709459980593686443651266022536758671370819214030
170,305,1038421446384922277122814176045600408521417416931019,43017910750359088199675863442954273981104571633490172536194850009617170001047
170,305,1416141223161417762462510962933399312036624872417732,22339733733289010017293978201500478643878153175931645245915527634177820694349
170,305,955282535586455028628280919575014680105061301976420,45633009437864917536704768129729355660540916994238619508866799941498952250279
170,305,1249641783553065762904095094447318582646495275628579,9926903124040475780089041614029288105109491038433068193628391959946287589150
170,305,948578509316441302746223563846529271494302516335505,101380539601776125373315897925048602840770123126850468630064855881587962845440
170,305,1343522272266619652962372106156644571770602903791598,31947000341524270980658452377707289800007216585971467103848705080516729816245
170,305,1191128694503731863941368055915491470666163645840937,51711590581804338425475604156363699847115790341187799272146738646674690926471
170,305,804310933400001405788399385238148015547403667589391,110123809088634728599910537262648563652908344425348340960274985654590294028181
170,305,1189127245289221132043510095185993320184134132535064,63065194600400859548729891079532293316124460927518505890128957176764155285775
170,305,1292755216291880602086371276155947755121234568209359,18723483859983877482588989318749859582930718903660167517810493747503596947141
170,305,1018522179690672928879846403511919339714196176112470,103245923281414604054431711147152204735844505518115139132486675368118661659516
170,305,920789361794059461789243919554866046360692313019482,68787715049853076605519875718980267190418732132104562048837949472221132365616
170,305,1340445375469110157464782521089257931171556578845443,57325594072597979651021482321637348358518128300192372323418804249748363865644
170,305,1267285646863861254875860191572473914130114421653608,21735832787347760574697787758620339367141961351487817388420538649479540137485
170,305,1269429247871177992803082094409248218525260187994632,26577866168994276600638955397328052629385424092648084392230696042527565271607
170,305,1233990285348072631726430546482739118410611044892192,52921370707296324047214124394402318041105703175157796008194894418836343888652
170,305,1244328467271940061402056301617271406993479193175199,74887499302355564083628476131440025095259634272365310612901650431015719731342
170,305,1441742338982934589218174761477179188679482329406188,77958381823791157924084708317544992037642669463641139306890253375065482112808
170,305,1144357429760390992925557323427819045040112229308725,15820750074100594427375666829075978161354976193362611762945677908481102000700
170,305,812423916373823075296820347089451992919306852799988,39373070452583742436133899625161441290473941834474792663892936803919707528314
170,305,1228020149329792909304896910265059978614729541434447,70850604840293840854535853781948143793864915349114321630315744162390087308938
170,305,994417794334966430318346604758958233841954314456441,5689820433258010597747336934198194316374959535883696291118680935609921016984
170,305,1109519323162778933778957844089030115149437549097563,85375873261957268633004661166489474610675595107169951746799366382079555582556
170,305,1298531851407333895820458429918330303749614036678020,27512942870406791578999706229320464547704072565440058717661443216082745662241
170,305,1065828505893207927582611952543566041451016968041743,59795046868672265250987659241360492819967108246688398113012716115224299479052
170,305,935817072689027692011114359933570011882484598875627,55488275106810750383404567223941395324572379291399931488713621090839425469704
170,305,1369587304329074125215116214068376352368847864688731,63223701354187154291625132290482401070736123319139821185848198906602380078087
170,305,1036376422634886017556722489926586890109405285779085,14848650436391666573860546590669889730360185765547382076818639531218627152877
170,305,1013357746154647392647774109711506579187996818263434,77484174223064265723995422586346478768825739064585371324520714590040963454693
170,305,1357100555758493975696557480660118053899334006227263,36809551644901019791609433531457228120228533592576567757928881011041549477477
170,305,1399819909568443930495342269766192801346495168367920,69746296679232367917728867196415909964953188998367459539977874896060673714401
170,305,1185644823452114164140024059849308740642665225907127,28674049147938438024649763986109062881557779866781134978121605697628715329152
170,305,1115283676486042390748055610507928998980453998645245,31101624989271887884702222768150597176073510419052992507542366814357528417502
170,305,984517716757333152889616840909722046748740123597874,57990031860512238641407123710217711673818740132861253477555844225103140982798
170,305,1116149411853522622058226215229983954510003867911886,60702902817109739431443136579540523753777845601689940862148719274640574436394
170,305,784951858213062643466029104548742749557628811024225,93566220081131465377614475560949243574419510758140843364818361508365668241583
170,305,1416959202790754133259247010928676775030369617877517,105828260444266680618569391601461528394736480857400795419003002358643328108471
170,305,1310832808569983916846956247944053187728517764333210,113299305950626176660689173018312266104232750759369149367188384044094848412099
170,305,1072580715065268685784149907043554579476403370966852,107404343866424185141043770525565117758724225886676547161637752340105993408509
170,305,1064456691890052113158797188487015041427068714217500,88361595921959231330972400665480933358833679055926409722458673790049780469244
170,305,802726204183094712976847429228795627925836655451179,100294451184837255523749786135557851209122515176952566019162202429080783972894
170,305,1060395628466903124060503696758886097821588946570693,104735529738128369972216455963307252271471801161010106280564750290867968620082
170,305,1201621467168363436922319492985482690952134716938079,45353629837594662925216169723681140695626565717662137414591674836385739474813
170,305,878847278186489217428182070447577533206014453455170,60531183802351916391859881277111893952485518673168368707038366164341265886987
170,305,1214853875576407392120827439380341076476232924603729,115131114486827908874149706694053645772942381856644504478723773057296414592065
170,305,1250708301157780339046585342057594731941492646885292,63445080686421653664421638527598861475345018326678790503283740351665302699814
170,305,889314655091057369044251864917903885056473069255604,37498083961421775623187111810287293350835825844312393459479647794688343808545
170,305,1172725135754830879566097804607648465887376454171929,85814616425713948285468170302601002208509457621757935639807059593119941536972
170,305,1168080473790772869893285392561174374183906110845653,35844123210974712899760125954883637334189387184525208585246207512531676926681
170,305,1098535834617603289443643266774079888848614578005676,37849494829776040024069221151860615983050325269351180386879743938853363826450
170,305,1359803429845131870738126669799262913181518876928254,52715620210282202781011341507409690740832259654553009650459187921263165320393
170,305,1283832424764644085109391344509839115230303977065825,12639220400276151471821900594340728427562888140739829747689213287872566250904
170,305,1463715495792286141423237256905588022606218225018552,55347693147878512374341385403690789652305162212453275481920487309510550236007
170,305,976506959349002954584783045474785706331260778013355,28497100147428732445721898436380986196758213084568606710997946879818381710165
170,305,1419438976952699239736532829690322744886085614190870,86331287289812565690209914351851835489677371051529712342734588691211797381107
170,305,792782474421925879751387724488998926166700155471908,104525108439180897604434889030005320018158585067986749318388600903517385150050
170,305,878175574897986046033184905882117125499325406392671,17948681139753590265442363207887407135961285048571771717268922200909621705230
170,305,843035593202179680554711225345790598041790160449015,751160670785579198814171547849770637228639836498634726200055049012329414156
170,305,1277400900218791462925971946187983417539286719116145,78895197130908290716416859541591188598351198781739863316734052320802116044288
170,305,995397913144619662260157535417734584294508284592259,65982724200240257400037406331597835767258222324178307473364384616495661876560
170,305,988645878788210091588770506701157029326903602257292,69863755750624535831392708111455015183090758783502456431585165351533130642715
170,305,1164138670708692471784066945433766825841906450156414,21992543708483024548128456219486748518987963799855110627210389596067389801949
170,305,1221878428890969667423415109443986308212627629568381,3399172398673111992715199417144580319959412511032810425593284263604290498962
170,305,1437243673961458077504898794747935796844786795466321,32693177432240053428954471457562070162877272252481541330792815549880875811989
170,305,1273432476343663955472187609531931490661627795722546,105670646638099568077371128446413955832098850920612759934337812274073255142620
170,305,1232616139050857872165934012702724351467330537174419,3917226519585786507852990414420119749523465192207198955806863101365635969015
170,305,897346020653166300138208663783086118700782432597918,79369439943546400381153223848072465505014377291121657663769815283013343923601
170,305,1296556628801740972540823271740428981143072457412040,66399206571818656331977771891246205959947201334284095504838329007885552698767
170,305,1078729935913313643085954193629140417475973360146744,95373518901198213183764307719553921643779168771110995917811152154493388762825
170,305,1266937796917712748811352394277067499791402412748059,65796188961156466188262321069269807948860792198792248311604849008427532942676
170,305,1092085083918089391850056049432339286326903612481229,112825510815229603363792254618504197243871350925937332459711108107720459755165
170,305,854363949345591211951725067292661630159145100385186,68477464524608058481352664133454945445536452136820049115477469996684587666038
170,305,947429796854812115046529026862316529891535762858066,58849648676070285236585220125916046427596528436040020566358141237514444371974
170,305,1367545875987437229348995730282724939783561711865403,93845986601222886230072783239368573871469077973965234540619147008040979219808
170,305,1058683848332676037894778813941787358315507368757670,56311257810945797470336337891735296521575581122754247059411063869259078041408
170,305,794955175192852283536367785813338513575486388201586,2779919972090260415927340474660395796368395110881573211282900435567666634840
170,305,893563583691019990989210990027374378610535395069162,15655004950604854272647155772702981482232085092847921977225235365243706014106
170,305,1208578497836262287718303180537778314607496447513899,66798308666679122995533714505414636222206425974725837143752020678516386696830
170,305,962886025998394509912415458001127251916038415715330,28618560179585279539465723218650182665238309789054112179288376316042126146634
170,305,1416391466437184026600605795261791326651666985826646,49515660050298780113178067794174039454116944643370093000213511321009354567459
170,305,1018576106350262475230902275053663029069220583238914,15325009469529243926620858088469039208848331506837365728423356610240544376086
170,305,900919193574502806468651948456778209366385789839433,31715724000478107147630035149522224313054124497161939892531611603008098133008
170,305,1449382151916777983925739888486778460745116288810673,95845682281574491306066000666778167791764244854754533407112972452534709174598
170,305,965510213327638958061300330029550099298002949503872,85493265259930668647143671805333839520883982243294968063644391477785803860534
170,305,991470401461504875258019669519662917701453653665069,8801392954593505995736716120093865164270378677781423535281795279993588014409
170,305,1287119238314748543989221089614795268371136515646928,60088565377678547796460773744116771543605289019949701967233703349685526394995
170,305,1242088045376868044392869832784469682115040593147455,22788134752801381200586666712760385511787349660347764889255388134473516513388
170,305,1445407762181917756553252069355155511459619914849962,9859982210591817137038819001544658544476629048515916622506506110820807970903
170,305,978929875863983539712352489772792148818892138129055,28542935985161895721842285580902964650163403172962577058602573759171551083254
170,305,810425789283725217675881593383978980429725073809553,47292967229935982049459474689604246012791537339942204101766980258319088564009
170,305,1482371389323701337961916271137260707859521847517887,63334496097095372002435031460207145251546199513750863912535240018572219513628
170,305,820657932304117988243834686484618260169485293959488,28983702305648883221062075130661684793684469773615011426618748136107147427024
170,305,1115597388087249547908374529503740553622586445735856,25269055561725003525348807924141489330216002010515170369098100789110252328468
170,305,1097607608649519626141055287889106683737702470961806,12890194606799824713929097965548298270979431003873318171143606994048765064314
170,305,1300907193825995009213955348329152983196704980019547,42157937328357500318577768944660490113201654762393605962182596486225422957377
170,305,1265954307154862506858150036574430422602795139369030,36356734743803739646981211427101344454976697690049202427564913182172967943513
170,305,1341687416319015887659476105321674897171035822920156,5321511505444810309180070518992640650466694510479787296029550302735943997489
170,305,1035646126194024379217442089331573336350276294717031,17962351663274234874947180637331627492584247150181875291829030481262652605520
170,305,1323835929339365458408495247242206815831764455120271,81186035364662749853281070377813496798626061124674315101489560157583277629191
170,305,1068590623761756540384767680521300357838841573136604,30775640509938042207439705015976840331408153128024883567335861500530825848030
170,305,1401336003842111708475493087839711928676937920839313,35839307400543252512702684140045324812689267408283506151486237020430188311359
170,305,959183747941818330627972017262911788437624549265477,56936494380100445438170939690508863864257508581246607479214194766567551121438
170,305,903146947406892621574077466302165914937123431411559,92873616083527893794718896814301514789850435305307518686201200243248932033969
170,305,1044699797762163456261959178931127684441308486418747,30170229995647938559537386448130197249032746463142757787673087421984884409046
170,305,763997157634749751242158581520501222233170824863825,69866058845508112833867803506584393379332203771801084798120809593744859659951
170,305,1007709724509156358291726865313332189954962768238809,95354870586220504235551310203278240294916101769259462755981186814657029214901
170,305,1263006160723036393686725463315779023212394386399066,20875057453450276068289177717197358233152478308891343108618503469741869405776
170,305,754424265839293337750864325103907937588009256572002,93651686930489359873009305620413871460479231430307618383022605059313429022139
170,305,826554491659562851413255450225624979516508397977148,18579967447073528944444189495410315337296241557729189017487981533061122722908
170,305,932215897560432857011647298896753351665355567742099,5180488870321987067816584046237139765156398975020065632351654367000858140474
170,305,860601287610999217016406527379620176646555052463700,50923974504356674732629589727102107420066114617962725052686055824083237422621
170,305,1134054187064035983688501179283552725546286124614225,59109606914989073503052657173527151324748308177550357976010553694395832906422
170,305,1332611464327901982239673658968481692986282788535745,38059498524665671534631167058016361026086531368201125498854685337565775231464
170,305,754330665955391404772049843139785184947278134481264,21326979199930669201201660293894899362099866404183879453326236137437672768964
170,305,1447829676674767207283641703408081920367603747139770,6875630285448102743813002280260492087447256501500515695064359222289913926489
170,305,1148964785412078969657031672085515280888775016573748,32053055754095206635054535681821933314535101275695772974286142523340874546854
170,305,1025536555991320355268923240157339741240430985084515,100479311544736390901071617117325454002322186912810958892093406553395158745116
170,305,861189437220401558231686720899855387572879585486177,81087215484915072626154222827205689209695859344652791077568415958378318019748
170,305,1200876577581650608709757465906437906266608461153603,42263876880426590240900234114468328855179319898915845439475073113718194757339
170,305,992213210314426379528248066698049498546848455127340,115741213662125086260548151959333647591800365329220133133017846789332243421332
170,305,1199769800545153223563044192253772577328635575511306,46173434115270103566142644688096515384951981805755279156394287264911211363501
170,305,934619039134250881805272211905788317297820579565745,68582398948950803323622918284711855909822941745422420107262950050810807750002
170,305,1041245109183814515972937052394413850759204976828765,57739455294190255664538766105821621201922660250013074324944087518165907268556
170,305,1413109453220095941109632067239985902150016514216123,51702773451638069167055613825611300935880585694665431205648138884123568538463
170,305,951317788953777102499108670028307919994819963120263,108687864605491429580444360806372407116006761501777806262112048149673429818947
170,305,964497025571785493677775626367968460672450147843044,96651745207276020353972600625384268363704844854661785041854189831392010568756
170,305,982988074273898879006942175133472886054997789896431,72295686839850225359336188928481565476790124916090185910744336878007118213927
170,305,951326280494748849910862053358255409650271791400493,52978472843789604461628296553402869740391496249970045524325974509546840765397
170,305,794674988949791664756658623651439547775961385722919,58355813314196374778223725779260398738721061293652397982312612671040365468476
170,305,799353137565649694548425581186392521552118666624660,68986579823225208874357925973027232763477294313759143609931464578996017376173
170,305,1207863508820303974188218214460695558587394200883504,41223697908478704414681171783717615304600736567870128207048227729647953310049
170,305,1163097292175788769396254607101181202362754307538747,24431287203755259223260042688103410903709031049320285032817088861017874828732
170,305,773948268721369531909981915563606190455581150463510,103791054744387932333634747532766325375593688326421935106627573883995392669203
170,305,1032456492563863112630647354168984518873145835706325,62643289508104125059936881798641996591571024129416360923037724975896547719364
170,305,1264861647453933366170881319445340844210793048292868,19803156463526734465067386879605230940446422592267070188890595529778180389148
170,305,836849457158805113124096377972576670165561063150536,108428106547849497846722987787602128922947479814157134648561592977295704912494
170,305,1338581022530543522176128580893051442351529481461767,77919660420225941501332633766372556414971032213013898975545214559531187852248
170,305,1372970318135169363580297012347680980038040301245627,2033401316200934632246209672935550223532335271102358716033896869586835303725
170,305,1398629410177830429850628601915758144972519348797221,66656540509677684102470963764045785084641910501748806949485601643051120391995
170,305,1198261058160551832139155815959477821016034158137914,39822905005128606605150915109633763765730405963938769681725978374632773365657
170,305,750538685732810823313332544998534586342120545647907,789350738379142898635408367817857108985042537902235940035699264141714123439
170,305,1372400212549153694026957081548435325878900434508295,38866866846670084796373132980841285503278003537547744347325085396154346479169
170,305,1135096680282372504340405492801687080114104209299624,6310093968877104235009651934938203503931322000101375080072466560720372155563
170,305,1178346396052279798440729826822188371586043836178494,43812847499156612264839218879900781723744720730316903520694300736062444543400
170,305,1400319179475987016851381606694148191350461797518621,4623241550009703962225032544468767590006888592837107866272187763977598917707
170,305,826322629786807930126684054729887433988373851141055,52186815652985304174634190151874814076536931908216227571922683803289877269647
170,305,1492088320914857466737525141055718556799769292258436,16143866579841268202777627471040579979682536273872281799522473989579674887270
170,305,1493192553432259233975154666195055272968389695044917,94948468575394494533171643210894788570312692754526975810068743184559721003710
170,305,1279098400427450527769039844251982394374235451377915,39226067919832624556822891568036992821083576445053609759649375105562357127064
170,305,1070678625126631472995967710930811467959393789594391,103518897838375316489569171206896782127750165359402617439506892294431569899545
170,305,1237829515349270173808846855236058090140688141217650,84811168733055294122774011646964019109841011037947379355059478363105591719228
170,305,1496526936301731715354309013424032123935492445236231,43675027499675158481234035905169050865014879236013889192870918804011895235023
170,305,1168284510168115703223757774386009177072628283920740,28808843246859096805532688644243987056537192385300395671450640477911018980681
170,305,1229021611480429961849183718820970938021424421114906,34094452628011022027329215042490495523817817787765270275335360568583654854440
170,305,790276635840020205669673963855635304236204575082997,11690745693422351559894060597512082886615980725072911773671530082138117431819
170,305,949470749844507441261186759773481399970888514443163,108654508999189284883600083815171464395068182471928259837083050208928495373346
170,305,995074416690874328206530794569892336001217672797293,4474440181614261184420643489210954325860603809022689562059244849503884463205
170,305,1139946041208936931943877496519145334218354441876188,76912039778515040476535666582578806503752779794041786655708206813577053547573
170,305,1442904833456417554327177174195997081710907923777743,41099894578741602159452028362849181061065152939150936131608275217524286087120
170,305,804492043288386384318779686025128428089433409687535,12746081237222311763211605875619264777275609231590001349434200750720460281371
170,305,1154331217123698782574147087620790943381824045071333,71295104002078625804570688994681513661602774392432256964231971196575540593241
170,305,1379368619989060998122949566732567753546032459623555,31561115964986493540385287026691991628360784729678219377973201185436241188522
170,305,1127473688168308947731870684812553151599475475064195,40229153656688981995481593758895643438837040857618133362697520578141477680109
170,305,1278583674444747575548902109798067569911836191413379,55136346038363775226588971513876928383042481663953220848311437383947834217571
170,305,1108231663936142769874137942911487676080391579121926,2129644641583797172249749805914647794697250779276785408225067614014524555830
170,305,1337138970334551999220270319062914045366612061860172,99309703965601258182814652832809970228047803504844477095333944377932117028086
170,305,786667086070984803152438826803081729656786088421987,110105813144352370711759356493461405236579524058085661814454810513231176199674
170,305,1441627263239486945087819797053056734800464356543580,44923690676349713482636189243129750832198569448202023740313329196188366055204
170,305,1448673416339651448753962815583308772631463733655860,62993928108703480062581140427564769297612199157627223278662243238556345761061
170,305,867523690075949888092291154465207802688816525870597,33422987939733172378774156433064984588977980834333511857246615597356319020097
170,305,1004423604549604405788423193945454229786638503370546,26479663621113041488264724617833403607271291137683732418240996691170329449001
170,305,1353574227872333801052929694935265390371815553584072,87268882997955365983715428985580758518918212198766114398062370946936328899978
170,305,1431120387968942199773528771597021357337604268583106,85296266525873217729565999924105366743143246601701131483447272558014056940115
170,305,1219963827461120767011439802525360021231002581470942,68889788200598060209174472455783578200231041707704953893855498512970406320785
170,305,1267121084285092312652017650236680296387247492962636,17177186206494437835748299942115623310397574125001239285814232409199647763822
170,305,1014435368364500804915067914105551814319924079923462,109558514864093414506112242339374372068856654241091734041813618621039189328557
170,305,1055964886735773771089291157929078661640901265662777,71838597893376926372151406458580044834641577581036839455017975030361747271010
170,305,1250480785995242576745093860175177076701300859411383,59163175939599133081775515736676859696573129644682091034409397484333065336574
170,305,934039961712718325171125781785231679080017304971471,53582172651271658313037735133870729402600077589250589487280996712372469188699
170,305,874731110004525211523339014114529063371253828209820,72599710276015823058273357831360700386538773897320402940900644059675154935067
170,305,1383207906414564598134937324351226707746887606117780,29362878580979701899027303089895967699494061155416243466115299609534512491611
170,305,1297253573660307579411194791684851112973828179825154,48055370474785446243112832335521149875507857469512394987606694519950394748113
170,305,838946833244691981903103699878947547766531516045244,100867637214248994596564212825040550971385319142438370412935749117688163429156
170,305,828114330085831537136310372134566111824840392829510,12493236207567621131800115450440074434587283043634639608801082290939653335947
170,305,1486120721697000522573864497323499687387102726363199,99733521857373806048194921422120855600091650180453438689403272578866866112935
170,305,1466534956309278047255533255386046719410123105755509,41426487592313144164716702893958678996754241557951884604654455699125757465033
170,305,1234675230279040220354116932065263880202933100343180,76983840255936857182969078420903852705255697025700146566187571079182491624215
170,305,1050106505554398769916565265239152611610071023058797,60773532035784376318008144095571544256891606055788171936816208734615569657258
170,305,1318464131868983015328519313580227497535941252355544,56448663855091860252811640815886587406279008790562042257226643956818692394380
170,305,805049925296646300949594810674454043771416186517914,24470563461082698442840256974098287833150005610105312115338265910300475929410
170,305,1234396810168230245263130385262652864924983903977145,24046710545296796518376185693007177747338930996791947254399688158290729331384
170,305,930078557185093673721562593706971389900869728978896,107516984698468668252463030054356759787876478627177746960584617291458374762742
170,305,1197099689769107649011812251647950971886439800804483,36654616319630520264303144914997198600094596285939485688493674226551864002710
170,305,1083425033059354236787404735909942056931875834416012,99266555189919337165158735056479045691852598427755349788991353640352812733605
170,305,1042025462808959499425995495246236836951598267638281,59388849535786947078591235495555978574007945458827071383591096102451991495767
170,305,1281781752218422812224831886383639996733694804807269,112597074091926640507166066889930280222705651941514567948392074481254924142410
170,305,856933318134295810157300944009291556382952542989934,16961290961622881238828479904453392677760608378479147116547119374263032348560
170,305,838991602590682652635403061866498860731809484660873,92468223355735730818781885988906134298115703792690174853941031823043407446428
170,305,840758963460860700399455151148006208302464367675177,80073456740722019937655511690080141622845603625158375189541322504387642448966
170,305,1292589913820950807621541484542616842847440541992641,5060382523115697473554380232711711818328324693559612471420102397430395376420
170,305,856535574632617369605061538390412063208625079507385,84313038252970126385971189462175464957919089606653534090778371403360425972622
170,305,1069158195268346509828023619408699095040406784995073,64009276390519411661889541280005930810950733773787592812929068420282802733187
170,305,907777178190172811548704723433421509674799064806395,39980690510626631929618354941322571245610199623597660716419397996389437554933
170,305,1483124553354530425553697078924597514036872554815648,107491937930639754855565320277724722555552114509776823796043497484717301435472
170,305,1277603934437017733508698718407800474503466732655263,48421032252700908085976034082219686097668491975158180355762690989434495682786
170,305,992811753944058424191582671547611745683494416315730,83661558722475415453334240457566026358357443114798269102062906305466605031766
170,305,950146624368297036297187431819516121141363854087581,92639468671886327065741354624387818963568959023853818143433726829327566050843
170,305,1268202078869360067952512557689594713539774619206531,8203020971967336626305974903129533304645631229922112736898706389257279318893
170,305,1255550306685158354670038376004237017603728601132464,15412494919832948820229083048174527194373667931509378159895381105044001805745
170,305,791884014339586523957066606753628156768241919373649,71157901386201858535418092796569353296457179189199107422281287669134294961919
170,305,1112627510729429879093012174053687883996795540314635,104137755646856057938627365193017886537158648351230076294278026382649783764987
170,305,1462276021081814154009663481706745979065440898817338,20486784180736067270062893513594813476070765435809269630165167908861791582738
170,305,1407996905462911952679268597834793119715676517311992,79876183802233196582176252192808828127097474359468077758834536035769200480380
170,305,1112475065980203893672082816815912524619222245777763,674631260515194798600727356141885752333660568478779046760779907640017419329
170,305,1375083416286752081605969828352225541346750228362320,20352345046269320289115085408425664608173543614731942041524576915030688603566
170,305,969783629043169731647732067433224254507545259852869,110185932412073131683283993044905618183037610979648511534441777045941498721635
170,305,893933914797853439268881653120475261138575191613704,111202824781721204452579230944901416493282407373086803678479770940212197539151
170,305,1234571187553576048778658324324073138842033312368800,26423955992163541218158908907051777950077396392572687770137964878976194866677
170,305,774691849530612365195010767817371216818805093149834,47888737216472676984633848387505312664063625289307901106087354506298337334156
170,305,998701326223086390285867518803832449092509246313075,81209159450275071562173017771752915755886542045181546176821334823868881875378
170,305,970267126885932600397164360119694594665428333485132,53942406559523161444470611014148003584077948950466528229396471297244446771786
170,305,1439816390263268314271542880727002545046604288803846,22388970462748320338430302112266938460179311744256366002845251607161729543585
170,305,1416094638902637790526794543508282650425154872243751,108333082003017628788246850921167793879579671843300779315305820100301540787696
170,305,956405090382648824442645162640110622375607161681776,48035866233940151026734139495316450815400076233728615450044956201795849668179
170,305,1360749820328339169661421691140071836680113683860759,111554212938848447047563802820185543733848644874696138036623228018560543262326
170,305,1175944330543821177677730258359916539579354225947377,50926486518070768060318646247570180845782555644096686642820711066447821119418
170,305,1258318354885946623336950100496574740052548671764595,102822042816541220634022885448130712894269905883606596807020421554787661184783
170,305,924043609150254526204759570315162081621076499486505,94909576565164505494832069360367251938511869513614753835885941133540465699400
170,305,1170396822038054378056831840803721570063506274989171,32222254543786634395853393632094431104193861122102035226651305448919683542746
170,305,934787679773228001114923036080011264430568630511664,100262431548666942581026138153116807500213201527557997135953968268611969896051
170,305,822855555893081472147223295806108206294335146053532,17214922935519372328345369837728840319176349801593464338263476255805542749646
170,305,887692068131265044046278544386451559788844129078014,95953786236041481366104753852028159233300962360122188233428271255619095410350
170,305,1213074869477302322209976828600476717029921990592977,99874124934157251933571670972991206800052297732106850588469156653670894578617
170,305,1067793525440809784584255419967672764345461455096079,5681005364654072191951869834264692574371052417368231174743844330402514614676
170,305,1170529518755979179748828681492337118109192001472201,28146129323576448277681847397586470006860655969403600336846024555288497365106
170,305,899385399970023377388161014194735597948172680129746,16220560492944584657926008915090897953354697157192272357982404818085524510809
170,305,1334399260883199486290142194029884763851270377179739,30343042770682942658508522597572252428910442873083705063498481730321632762360
170,305,1133728262685393339769486102644377023550720032430192,103155142137285511179085757600473787340833036070097974641983716052029600394487
170,305,788999534034150565923004630175289033556726183968098,40352504575666901782606171039996333559911227255669221525806755297707760897894
170,305,1031413467764560285771283454304895024942684246750324,54046059161451070807568619920058800664887009930622117388005189264340224180334
170,305,1404402346716902008058868917560688718722504082152900,49059926832750494735618155327500643745339361944378649603398285764484204583920
170,305,1019765806626627601399977280968972904901736119052295,50961926009745076073462171253864818658077412414218747798142565480347752020111
170,305,1098708529776532753908963847401202775110783460775102,6389295035081060035099848299209560647550510462609381736624357266324351691290
170,305,842551032857161974543964198454266108326505205432862,65420887308341464846450336187110998537562583534447881703480285464747140182784
170,305,961797666246461251953125459902215145947052046066390,3596891758828337059076294844292608462982303532007429723078969878892265934564
170,305,1462977610047988160997062326486799460053505310751756,75901348488981038100973070716829752488584662447849376968948427607394467549968
170,305,827227035789479292372117953986211309330309509599940,44818411874362654992688285733717441294151882624051838505253036301807745616908
170,305,1093181865249613138334287802167788717256213741563443,94691818174418581325890594430447963051273901074362010821723613443749211045374
170,305,1098437138353215020567289149145616365075530264557123,18256821825706801066947870802261102582516261155350904600089439656361245588376
170,305,890933667913185181298141659744400083241318071776176,81296237523638744119424382943959498483531240357263148485030919127527486615177
170,305,1198684793389055517028766912542777296450365786032489,50772554083254956400845587861496702666210725587858905994748634426815326114394
170,305,997608433504019127609438096478027277234308488074863,16514082931476642833562231934623736083964131237037719201096823610859585509072
170,305,1000664400665189699007169316682077254485653169019393,103937072799975784042086318694310282228858321071342507192636561058786782787975
170,305,792235986751987448451493920184723219593692118308246,4271529465495193488452917687986142236209679014849771448321277149571043626654
170,305,1370085095511010743324708563628825739904117204244735,62627155767447611452882365322985820502007412902727036555456077990433499462801
170,305,1067757549830810942312378889850168012870303630685765,47913187327476564334428776011291288142484661711192885347832215958332017203395
170,305,1114612147379569299698541207347299915490046951195346,21064036717154178771208196146499304995302910409087371808942973338961627423598
170,305,810353056426572648188384358247337062511376483469611,26133110656465434583900511020408862051829440739578906019785762642713058304804
170,305,1021340620586161794343454098298090026124115782256849,56531151569139479434750460167520530475227933939438923719854054237845114198749
170,305,1283107437518698134788295540856490006709750650045430,76373609728602808588798166712341232886686764912514159552168411463128541491885
170,305,842088880437240171321644911900978214974866594090412,111069556714650669120807424517295225684874955926268973497378114091942183899446
170,305,808198478598921815367239265458719419567644486443062,43794652592750555691350703795970708131645331321105596499948437345476296331728
170,305,1327393389656012608947694162705775169796598587727856,45787345232261761307806442366647676223734032510387415028677998097127342972350
170,305,1090277222437723216203689225718053916373344318252555,74594649639067362734876186719345956385153172907394168917167446344893074981122
170,305,1462095824782064723394590526839867180632625851170809,27885138731841225122335643592414010242985062698469579410268893356914788856625
170,305,1402468771560011641457313272543065890576230558298113,57174610280107209358415410183884946612426807155590960205769047560152018561569
170,305,796003921773925426341425331637858827259188255142507,36412132763165989217496181013762397025787168032429564732782858048841330353987
170,305,1413029061569065969353948024265562252761593398565097,93577778459474399902628294598528085400579913866493756344311797418205693107469
170,305,1038376790719476195999178674072909426572981767318578,98235460393647980510069623849435574580064269436111315709206400201660804002117
170,305,1009488258081941183164103971231070536638583609743862,15149226122211449055756736975086811847762378185281566338145687189158419179909
170,305,1143594763735236283285908241711576127772962751559448,15863788218718923219034327263418942720435798444915669864964599606976504717185
170,305,1089895044943528945037274260462761538071335742387300,76724030082734342115641074312549435448353103396880404601120290901266598091212
170,305,1100411630211758118396097452905515969917671606869187,28235251174579117720719630391157455996403890548878497935781689349429820830786
170,305,1239919122701126585198084315151284107575775630343183,65598196043175874203242644841654939387506289784363297563905213518712348616555
170,305,833565067928878250264035941101160593628400101466601,34657263076614741658340240568643533832323537466165748347515462612131931354434
170,305,1168158241638273629584281485236125516343743150280241,24429408034513386797116370211014583801270242020742449753469506486086553333026
170,305,1333616497658826342169229263423028724414225732563559,96127086641823524086042429777208129098682730222447643281214186946482889104457
170,305,937607876616142599955789854086572001891015480479722,83095326847767015035814528564383706989128219420211503821127716424584785422114
170,305,1445593335208922046523017789182730702326284898534154,39597866259456500640655795872776246482263557027336210573089230945395190921643
170,305,818022399203268338201613146493822418398078841791783,15169232212702135768462797560945318802435281681704354736733810102611809081884
170,305,1054409051265888223796354844926149390474273696366822,93566531039175477209995265070767914106826712202453116485340468494088399944481
170,305,1005753789589945893740219021669093924232811589804212,42185087974185821855106239736188058087366083114469386536505946367458690019026
170,305,1124552054833252320437797890195593633432765420493923,18419224961281509216330321031181421693353122443533252329620509105419011355950
170,305,1371800338144717783085011293626523257933229326910301,8372897346220147213536719034317288495917692958466920947306522972772067269161
170,305,1089464980138608004261739264993912930266215342861091,109502949449000520207133579127523682555481711516462819793997829967181318036726
170,305,774520612849916354175451755762499913038833868761437,38453961806356588785495234431710899668982581103258021921971530078309314382879
170,305,953475719218654726652999662144151588850153512937168,7718090679926861888081491795709746219762497937332185922283137801013412631440
170,305,980508816826548860396540601776344522645424811195465,13001303368082503426514815109676274165504284207192902032878807135660521673460
170,305,969549247599762414655971103665526466487055162577877,90704999887354485960402711833182721838616731303279100256497032967797697141808
170,305,1243825927204732141475085426513839240391703264660319,72466433308655618611354532920404548691688353320800581275478084228379563269160
170,305,1125388341589264086231830095563339196484314673069140,23260647739082878010745788388036536813374203074450155673646892058335667362494
170,305,809403120079822882518865352032387821237437753554232,7361975801472383477844352101188199019219892110107796275161123096498141065834
170,305,1465246358808907527819066700833012860270922584586198,13521862505242592508984222001226781205594214159874962001845751890054638805577
170,305,910405094470002166238000228865111694297201945272127,87899785823678758958432725551978079524732246685617094834635228816393433682753
170,305,1259715643767982469325841954874799137307529245253606,108627032904607512237814775093567963535333656308025531774801559739729832830564
170,305,934908248788956626364968928616540281954221976620061,24006714360570676744240538061750399520423111392208323711192503323362700040171
170,305,847562483752756841744606166634072712863501350439050,71058742706399555612930298301115579090900427061502739590695991401659961846003
170,305,1227578970606967046954781192131678599416338630618060,108277722442548990640109058482135335780479219987818699617153562039286707466219
170,305,1117726887442821163245702718071852980867018095660031,35813079537818696176679447541150655663178282483501085601138526980944344906148
170,305,1021522205835472679471586775250551961996120733570746,21623289506054635150803045030156292993093568287790934699762570520864701648796
170,305,1475983080091691972656396531841943558806370454697264,67698600136925280189567865701747316715211133385967371835641714786185753360237
170,305,792674319634311156112965212880458351048006170666728,2849724190279697423000554890609307846247219493675813409679317087080409997896
170,305,1255483673143802285719657733005729569894738851999211,33395704668860380019221140787766644340733258996707924319547322007917177258895
170,305,907262458134752143266827031761172148372342907916278,47460240866045268375419919308073620757284550210684601532157192535932147068401
170,305,1343705891776288987333896098297034265900654857140202,18595275025408342953303134200210775052058107524431461012498450075199671353304
170,305,822095200613534894889298187459575661293036146166900,27286558191181779554168780281054485191726142298303397271381541732916537233208
170,305,1242271494014847908522121537987069302457943867554827,69175585986764347827321776713214271073998689457762230441361570796295925950457
170,305,957608657221019496715327794935157769191563496925551,51545002855683335336879736355908482894114003156487549494444359894893641861369
170,305,857325291616241826509416143286105892757623702283232,13312191836311415654494837211791414564614899676855270504672351801846963649614
170,305,1098842521529826858534799557548607793039844336441006,69230989704424140834046781142068765139736575189523353543826787396174341817405
170,305,1163438230470427740092749072089656907757961497220492,103862169786166606665705357022325005866631322482468134565793733807355443672550
170,305,996786197448405004052516886185936960285639199962511,28013528252272839494015150634891955305418087961983562160697753601460458309154
170,305,842241884935371994027183175330880820339030934099624,31328804485248675581899754729056781307771416296672588115497374906897955177415
170,305,783904509683227783647336687014752147012626529025902,98620321102424522572882641574535081373387145621471847608992983107780248572392
170,305,1291326652566377499896152697074119904817050830230546,46624001126205959116268299353216865223046062235350890666768160661038068207108
170,305,1246338151197478078595065882995493250243089803421804,100766114124132093005981841483267897978763484652070039156802836838357275329359
170,305,1322401712529936745274491157858164421038919367340333,68322137195828998162643915041640381391874546564503037833400429092719501693432
170,305,1065791436701475823305242240655434091969244134204830,71437113571466684465059860774523887423143904030244900234184709083454284765989
170,305,922361486994952438062089869259900871306629356968965,104944196865942845158673890570199482223250346245226668430790490414801857142735
170,305,781076916248721629094235878448102028706627675866959,61424946073908360834445317208294685235151979768171683085802365021914684819766
170,305,824166418270588787426390438823039034038919756933012,48000450307262221019771628966657297568640130217492361138606276130481255005957
170,305,1110207887314642779082695762799964453366149548755034,2212029385592672321416794776931606117825791141771995096861054219225835038196
170,305,1435515824199860327911398716598893744987835026838547,6314403368003591341820629593086136679104095988510391023084368996999775731517
170,305,1213378229100334022011081265439007347944720715829454,68108396569496579996102706679738328178968734986394978234555105436525584781469
170,305,802090374500594494378918745279047849342325378684695,42547999377201603826107635120412183558726623657840153526030691871208829114532
170,305,1277140513253935732115221956758113795805756277081336,49538598954506988347822864193384690055236816174878534819168543883292826717906
170,305,755988590672387528945559447086748134064808811329610,64829237044727392439346943811829046911009581343081198942909222018261152830405
170,305,1126011179880733000232674844934030233760764912127237,14933264911153877180371996919613773807859823703977901557239276961569821403596
170,305,1087522327470416964204584311673392191943404516790680,39049773639364572533565417972288771911372580162921662269443107049580767195244
170,305,1047061114715404844308173301275093673844703579963367,47913095023535791209769677370457043200446610516257094488387825027181456860164
170,305,1043190280712151924598505899878347093504600179139600,13046070822726466315884798638134609105273867747891372788629105469014590196060
170,305,1232864215032328018100750030577615683009163232676609,43261887813729838509876962922364799592286619906552231477035242284370559898807
170,305,1304578791486482032422599046138467795138467512330149,85427437294678627591283613456685090855001878010330153187404102746236869980436
170,305,893591042490869805998883246636000590039507313970797,44715167247864907507562230368296217401671042773967887426639520543547004971855
170,305,752891431030024957697069998387469926073158542618144,2608393532961947631266429623842010084931676072558142464177643795380483762769
170,305,1137566815704704740622741398343411662255597810713388,13379291529251461456334748741431141475231593088117046895705920722972843991007
170,305,1145158075190281326045947205048160464275277367024097,77463869541344339548421091906089297439500307396368878215820482107663265270465
170,305,937021834165439571217396159613406387974443407541389,67678981683561076617276026764390293869000567015529478300096404356231165896026
170,305,972709636774088540956935721280225608490579228614370,17643091911488502613382662629161746942853224396078593740848061307035655244429
170,305,998687549180372455332072367022573179144973026896567,32841423109276437279024376841787486584084181967739831035251960547584644494690
170,305,1335660707200783533107546508694777213392596800264517,66978737486610564567039970068855244974206465650950116398850268474262627542435
170,305,790934334028314751818601261521996357809195643126593,110546421270757564232347907475587753569971891090302818929279732808511085407403
170,305,973565132617506814696944456984458678842221792215912,3388464406533694002920137830651473029226837356011051589942931193473891373122
170,305,991994794484682273489869841487373914205856868824730,13121462575315182550598675681863182012584352675179373846867980012759182386937
170,305,945211530921005561728841506113664785497071539941311,18266349985247045996108549994859798579730087031004666792942849121338700204945
170,305,1225015840885799721462353977415034740614984912068875,108496959221954191367746882729658255015709847827749813993705967911014951815288
170,305,852737537935793405108553235036576686734098487568736,60754266497153276842515135304021038742983484902577250397235022425975118315984
170,305,897135550880973618525319048988590900769850743217664,23120314212218463542901400643751681960418025411367767158067871875823684361054
170,305,1168909473410579344931996990004977521817810687772536,30159370005020027752803907963795474455986400842894226564671386433881840210319
170,305,1303190836952869592588935371109227988977022683178501,60421689179316522300797049808376901955069870038080344071773702003204779284083
170,305,1155767176206721340981749634201151302847002028488250,57160852820898694577475457821001907304163171396204476896508249785269410885187
170,305,1451288454736682488262941508466987358751562517177931,95154736669852377672507951326635578251784890277795760240640769423966853870538
170,305,1237689020816820072014049144540273030740212263629113,43847571257918791256101661682577452478606763871405102382351984320114664497236
170,305,890128504493204462355921092669577546224722355215727,49721965566255508573208087079758844222391424147577863978655357201282397897249
170,305,1457912709906587898983080582762810291233574565985498,59282167291799293333742448062019285909843324404614933058979247903758503853510
170,305,1222076654171806233798673148059084326314437721573609,95968854949888154381258550272967040433041149598153749618997687882156155465011
170,305,763305062344038615415519832141932379025541796008784,19970333570049619796020782071750296042316145842975932392530887732057409273188
170,305,874867665304856585806951657731189568160948871532255,97917434222528526613525712695657387590710562692685421917985148042957854220114
170,305,1249299863605385077235731241195110460838048018055902,89441559252427354935986135102709358286348751623676936405727735252502404215091
170,305,1255170967068619643183655226964714083065953320462667,70647373168295274267219706635219424323589720275563135519851867507846090193793
170,305,902551752570772676617065399666805605057881937910042,52257569609071330326653875286564372510530000387457410192256067625413463432894
170,305,1122198265055283753103304761829210062635215359780372,90541538284944010739167680939454381995437251793279864657457919265602343520845
170,305,1363320791649692823782053996359819838376151941641512,36957504010281410818802666362884146695939907379624545566760585193708493272048
170,305,1449788154374085089274074312748241584138795542483116,94339534002475399240030901748593145734298161687138188460448777271039975250531
170,305,885270355484065387937404754110750420394504102757496,53221046194693745316294498970885418981571868761435409279914213304294008355520
170,305,1213879190426131871470347194205569865749499430162610,40421977606715263342230874257433892601016234749252305265571894258824017875855
170,305,1104776381330088418767904172084449051401079290889926,65007143392865141117288839151994572174548957628888543818740643409841021016352
170,305,1130403023226625828680468450440820222206921388042525,6949111601100372911470764993872448063589739151858097308661188481786673064569
170,305,931181833471973795026460304728834397857577401541751,86690932215924910033836304730768398703173662495874759320227584276245151862467
170,305,1016499739877230582483328732270068518874960648841145,50747677807930223299205914509932476741984473391832134170584105232191331724968
170,305,819887026235780081787068174181114171588949900920153,61236949421929843178958162374689142819426927623989822581112455495924715318182
170,305,797348599363917454652090029294807550830280514607896,83774779721760986847351673770293293543498205717560822430466183281231627426623
170,305,1143357816637031377129890074203177415101257876382124,13202353174932348741768253102205334454800172314140917592811130468154551082114
170,305,961256045611963644879441813901800659830810437742119,43338222175142105252838599011856744310948469800143597094839649537330981874239
170,305,796591844362447296221972534328183992237504137093394,97740975761058291820017935801442756993521892903768713358386780385906549491659
170,305,1298932106275970282077797241657451067289461021330388,99822710968827219957247445264316975476953201172235069586384803786984473284076
170,305,1052939806361582678895099608358823544809128247501796,52253063023680634177961320723954573764541791384709191572771331032733431897269
170,305,855782272567266496781733824028915090304501987563301,38271340349107183845908143154665428436117359785775830022255285887089069483022
170,305,1452515880778061296575315542295032453513475598479193,34366946320905342417183793019829075852416116471270748001935547339476073946989
170,305,1196407323456900362285896536033734194384618008059598,86504019899395295508665231770178118932616116347710682415163264207772245398545
170,305,928793023102685484882750111667773846162897261282700,93619582121368046089391061078752880396436467344230321007017212629260431137360
170,305,1233430764687769519937230062307778847722852741783578,109527419608523852230725064161890783986104595930130666152876130526360235883472
170,305,1459594181747584953181546689156724162941404210736966,29562926746457864430807968245144465982379531332820172695797766020121824245720
170,305,1068959528511248081638693937119269202965531509883898,47672529342632902207090495514746172199700934790761463589604634957079772810856
170,305,830256203520080739064785383388424453251222503470370,63722526704511546887510090284879540239467400980996152820698918274101975147430
170,305,884591887533112378681900708352213315020583350763988,105643895728883189466962331559384772872432597774230487031621624569615371809113
170,305,1423098560334170642764187512181486351825956994858035,59633405547757150355734547252772574521469851197100114222636813860230676726343
170,305,1273105156586478437729035803135198260571309349090828,85903443564095018302572855959808540751189541976626228125795861497730028936760
170,305,1140556681723670327822570973346503907064506451280910,39933629242015405706861076568750966061838606118362337750427470544573981354372
170,305,819743272088355365861249855077289528267724256298505,93953332370601600055723432357441532990097775457162167481419274631905260058932
170,305,1141865696667085849792562980370042098488547282756217,67682392432568324695634061810202281265181459801988831969625990252354349632256
170,305,1033577077395814657474286610858674362010170406548579,8996749093012396179270620347836552323833673930501594256314080039992606094276
170,305,796714801508656889498904071570128788855179337003522,19930798869484527260151798225473067301794923426982729753517409269173651715240
170,305,884650033348657950026344316020925568007562858814757,17786574317128911933924861079879306833098088639680959046292861483899136243826
170,305,1336637858481352043025998641790692748091103190650409,68477091152368307502762608304750900367295937261550760716602967019498357094821
170,305,1335476860546719925933761839342725903071529201521849,19770791098219856099625235676592301149894815005925231495560811680537293470795
170,305,1303695300226599053895475404299515720322082427298490,17978282078290724986510746728026653042363210949266800527183770407995751681347
170,305,1278754590143897757230291405347382434695117215281267,87543146324274202371987445824898772265458860500322773832799174142410619230089
170,305,1446642240855668186051768043564661558133763522677405,108916237958232494478597201600033973682417789701063791895874742781101450344600
170,305,843399202712331943925776286940215089986740836323500,105385646152731485263479830686232542422570865290956234910683927139014396715112
170,305,1420783228681871095539843009199946064858245221683316,93328690154276693168520710801114772313286056404080106950526161826914193016191
170,305,1181423332656585412652174939188298503770920229701419,4059646082568524776135744168347616642602625685634769641695244365139547559580
170,305,940806717395236505928156435752377325696307907739016,63759306379342122974128556522300597972166124522690236154575637273620690514193
170,305,865172715814030053954949082931592792357838819527413,73713179045691838835932939335519612341103396106284533327732085989595086344658
170,305,823110740120864528207618434477375165019676288054119,26060277850660801291129065780866908646713249826050267685239345707403408639230
170,305,1021938614996099164656262925301955821315812886351888,94681956593617411429390065419070926012076265461643282814598684305861067506369
170,305,858250289918795435984974490766764076756180510780614,48890216643596987284434366312687043749166377775723942153829403824080182016507
170,305,1325646009561685408872763238030037839732561911565133,18353372275531562066075372980010295531142243214339853140013607703313406338137
170,305,1203376807137938776950201201207235965667017325537730,101934793227492582896332840242223504014675231365699972523580654560461378440152
170,305,778770913339945807754715106767122223131783329100129,92672793199648477864836007503962394129135602667961217426413949410597405332108
170,305,1174317400189418346780743614544425277129200771285428,30930992516861866606006246329395177913203607776442588812933594804843928578946
170,305,1417174421222978269045184132560581605317967012109484,70749354009211777396346963364275694930220863716072520538426412433476347106078
170,305,822192176835396538995959547810654839104757350478523,54309286705627807088414929238528607975091521371551755902785424407507626464037
170,305,1144173665403319948452206798260509589765367961650416,16237394982677126934507831772590315386941882895078543788385832453305115263401
170,305,1096262918583751526996101625766955644065502365169942,65059285026177048282650613669032808408759067994717757230650683796425833719078
170,305,950305159329855501176325268045082865036898407521769,49559766637011317386832742031658651036512589114445703325902170234730486602233
170,305,1148250259369951379183955339272313511139230983539184,57951901721633571080378950937130323080511850375682932784038125179986780968703
170,305,1144910198842466622232352929751775279649954168711077,6083234180049332235756362159840272130338517023269850534540153114196190148460
170,305,1274762414263376208999968929394261712799659734481058,48884412692598832221256144907469281960415841263807520420866415183013712204577
170,305,1152687422972670290512702883759603861071096263161511,51370538563480355071825338087323435621171364861900404890941450004829051390656
170,305,1073462561953917916585514328248663458850786626391116,6387493392723819411286023953022455402013378680238463031987716840240312215606
170,305,762846636346668983295391097385003472053469956247151,5927200982291718081428823015075798586666035354617209791733751893156978945836
170,305,1230451257987584448799452556392200187073939727738878,26365505192138332568731592624304123666567553134940552005173128149921935568366
170,305,1239643939122066350632020480095260422494956056489490,109894297916815873335386993285371930823675942728190547245995904017034345739860
170,305,1184998173391175131839819917650748204437539275812578,20162865376203152861015199614253137429939064664918817034254827010105391796178
170,305,821769954543726777948730775857281082215310058462512,12971507090849516538252411784926542641178720342404350302500757456836202370074
170,305,1202788972452173635230410197769177997886201532432942,90099786358415421079409573203888039702265259490856364743985664943153535130047
170,305,1288583710476911202397471470983417056355616385603024,31868000377118894000694366592270452574086887668163249896952215421524042329768
170,305,786701773023520632396133102093415290368001947468572,23481812695368043667689538866544327998706509166759705871355099216850705848218
170,305,966299464448034348391354156833328352875098873801688,75980106175255758903321705512789679210601481243766214168937092360706848768962
170,305,1424943176079005124174044133515049186648697409198486,51440835787095173165119388866949906352244771317283251704183455906696619513215
170,305,1325508777429272994416821974102047168211394277864745,74054508264758869996529596110082103088078602989547413668614046727540284950094
170,305,1467984458107887168369086808077948377583474551356114,78033067587245956740994911888674553593995382021787247995314010971669240664756
170,305,1301126522095593635062493250172754855510997835206801,71745912541676855889927140812125898714527614374713601688380205819399568445032
170,305,1148402435316118611140647763687116457940242314913594,14232018257493414075415307331953994886403283973450535452153255885088182030839
170,305,861449095190241100984570958049258734447120383549905,23055446654788965598479229295788520246079908078083278444489024255980408014688
170,305,925418830091413082867341289561831695146923852594184,34753581387968429129837472103293887778860381351342533775931905932148154143068
170,305,801370264437087183812314148043609700187618088134765,59853883873878006110246420098806438334199452947541963754345785564444993907863
170,305,750805486147320872254359034398468477998490319831691,64724679337566878152814644553973089030375588469431580221023082765815578934374
170,305,1339914665641633478189597077527093315786217308327336,61657647604070599348126374520133590307991759104573280425478746445851016699800
170,305,891047246899314394517856314273745990148347589583402,50308993119797081106700800990172918982397655686956883736640799469507689421870
170,305,816946467610951231859118438592459735207117532724512,114497648407407720736004669991982723866703693902377824170375430905697026756798
170,305,1243426060156443836921606686748210143227596492511046,13763482695876862116898111745925340200364914863816913838069051581443538523601
170,305,1299980152694305332412092538823837418368327628996537,45610194928964001211094530688121593417750645134846877691366215302036084041064
170,305,958137244041407398690525156505772302425287972656611,31983826049337524531929016673968199511679066586341112708124806837942164718403
170,305,1426918231211588772816306038142190500467127104859841,1025363946686870939743207134683806937528991224235907255619153873124038228345
170,305,934879248271625925203121913805837410119280923035305,79482937523783065743839199362824998599478831951004779036490609555087853886806
170,305,1246629683249663992542452089998650362164326048100940,80096745906787675792620496465512316811261539103457725763698895749962268093934
170,305,1447101326317265106251946795846897381017497823714174,94930746006171753004833261520436456849691866048900215365800210387711257797844
170,305,1200712339158943338829569155714911816777150231413753,75953571241874936029277084001206250306334626741740962636563581132409717439048
170,305,1478344686856736971911703708655239373277228375029855,39988979966294162567702880823309311443789245546055519079387872165860228075047
170,305,1210796308275593299488282473308420723463663754057201,90041752778711066567130459493724638651674831315973055680910464366076642426576
170,305,948060458501454030430103885869393167043422534008351,8340987679888279626293985382854245855124347692070596400931904251386056438378
170,305,1197327095456595282249755643313170575063383420305135,39319711076829102535162047891457899458221892426751223961067611774089358039184
170,305,764319760991145469333930741086126194791412554249073,30557653065010173657629430394627172655983689018553827620069547118815978942484
170,305,966851705251590890132372728791249051794865165914671,37585019094958967277330429469989092282631147580390240639915323053299775810984
170,305,1157988681763916452323966533694484857859747519378381,49136758499114289540133187333398255029529554820247831039336412845605537373757
170,305,868575329798290414827445497821369630314263905030982,102567228997985463078957920305887249315816413549142823505601003775244293025458
170,305,1141561722238812832289236618179333107451438382752283,22585928362454328526150116354020193001954012803403968166789557084630701560769
170,305,885389872700508865104343651398311347807813575210471,58222093636118265218464994440941981234890766987789524276818938785981357582704
170,305,1315828967045992543131617549275524380952980134214792,67745318868980799770148510122910001253258739547625284257897424988921744887784
170,305,779375341926759807333678836332199518050863410196274,18437528528282235343148953587654439496231021935953317595007156407531701870711
170,305,1157277772773056547937696792416240648894323130360026,105350789404040968595658359481870692539071351872995888163204728339779050254916
170,305,1404253823689683322798491948079054828887202205412582,4954214611840631441744154436788449653851503822267516074303998513754304347219
170,305,1269197277199888097726486101472826807988896224347293,109031427628010798000417525505077740563365594532479688953945707387257800877665
170,305,1207884680011886520508952695605646868498355895732743,58647146297614556441921936109625161434021923688994255890045629564890042276617
170,305,1175758982874820760970624809440928905422145141332196,111419901834878710115919655350165363663228731073126056768128103252335763336779
170,305,1085675500822394013617034283158513015996793413775937,26631160686891646349622133943815263246086519993884402281944883437915446375459
170,305,1136576852687771501794731712303134450794303354547281,95993321163020692971508797446493874428317847665125727423640373076548315396999
170,305,1042753117148688038430641622313197722694858228284651,14218436002835659273409113694215893537442091083573687960413934062098999641366
170,305,788952532348503900425413775562113520196202201018662,98635437855057709519218433556217917095685239974454442828017204717053784476367
170,305,1258765079332752803500191617998968322946373064555851,13768247201205981670076160221606115174011364999464496021453968332524231260529
170,305,993805979818277105083789817671348842935316763723499,115646898183294563765070858511894817469579465015443978959308616260775775912354
170,305,847273368537956897847295611738545881020057616733946,53926075901950707720540440606390846328317435951526269020563114585688732872076
170,305,1471520710294596099285265220452080595459435298583414,73732782533297146955379211657802597922336486067109064666222287282312598385758
170,305,1100980771368948529316686660848460422024270503694040,91436402620415513709769797414318350833375353823850061993591249927143324212040
170,305,1355542088415652208627271300983567952128028161475187,25172907307723138677488723520164806379169549406013568152960673071767730755834
170,305,975909475232968535919271192428305201206247963690343,17135046703122997988888650971263232730536272971569168752400211627554373140031
170,305,828615888638983710731498475899061512349748523122868,27150557319636210915171264972872918661377483015592654633255062767871956742345
170,305,1490349967645810469308627230951457824654966754814624,19318382838969706995187598331814888628361391624598758135886805413242554793651
170,305,1364819232050488399558141961871877486809409431594660,38836568922863795464361482295719612710824539838200172603497373115139827337367
170,305,1456905261687590155324615204442411394107204953911408,32542479700612615225975292553345767205646873765334085938821635360442444238902
170,305,1400948191997423972574379557518121881698247680228919,70847734804842711049789420117754684157530699472310849415333169393616156213037
170,305,859969544904093152745332840062054809497566854036715,47684314326164893961355759499335484439602661093890978007419287220690392719768
170,305,1332349669705277499473569735281657567982712895211000,2947490067077854534172316643536903505984619735501608290651062872787569524772
170,305,1400673211973913848988614838769804624907292792105968,17434086192744978452966968606632865656304780246915240607974778153370100832029
170,305,1435497887741245631899435125936737998891817324983973,1763096112906004703896369899160648295798981544228560048586520444441414471195
170,305,1408161127781164422038344000199193830896291468805068,91496338957883841801649955541922262994032771038473581572906049056034443217660
170,305,1057576462796864747693607115466302597438639721160890,112355093840568423118939603534719610336139202530314176073665289560086640346186
170,305,1478326123524600785397455090536582408966995664420763,12347925130114954791208728853295026440193964821308400912824597517690494278554
170,305,1423766275264176837584708870162642586269297086231931,69947455213186882138554304423434903415458147213227421618513877286968098986582
170,305,1289151310825468072298053914674075521083153056381578,59591495178539819440125387128016734087879856889500714224585494654584799590605
170,305,862406321025200925507422799758720088020458697427811,88288093086220248385573711770001877242934691970570573954567241566957140790706
170,305,1000788256277176511280164000476458115083619948938542,103423408891317030628136804389285425241203711804279873456450646304743022173944
170,305,1001458153400933359821755055194054851561337815018752,22562067569487958600420737721688401196220701301134595319748726285398386047090
170,305,1427325216768469714021994169086204519520609215774969,35079893986421582379739754768424859710527140072449030625692577376016278399444
170,305,1449126772277099410786433974259621878315098916737343,83094642334173571869641496536249356181604770268163471072234628066752015082291
170,305,1213098517633204084207248445379755980418662036297787,22369432904347357568804927873518485441025115617357935178509195728236272701572
170,305,1037144978087210051567912368746306393620312334142943,31373196801224339329054305819571629096348235088120480985878451398031510443847
170,305,1232462187717734559985747431053045489084147907106260,17030011129602770660466582452844861333118090128458105731766660488897697688451
170,305,1431940441455784396355771236250670847757901990865720,104127437495990666518457386436921222687312858272412267726116175966044780726628
170,305,1393505666906676865567764071087748649810070516064464,93311028015973046693535504153572788958697014485625919287518087221488648726111
170,305,1287076410414177278685467886243172345183378752229017,47639054839462672298560171213785635120215991958208704074285453913943981343659
170,305,1359079915040273745555345368346638562637693880877040,91836440357226902330265944802269676135148638394070939478109690619840148850236
170,305,996589489042127104941563266488529554214474869607957,30268226707965458638088781460865269900877011718671655522414870070656062898854
170,305,1086973352087576560534228709680186860116974995796782,66991706863560951907893751536540183866055343072669174437133722726770222083386
170,305,818387257345995417713273338978234618083400042256078,39686782417587668283852191539191357291236580383538887647290359247687928318009
170,305,1373910148145767408299509168178821252611949800975679,115164374732611191248328578996291519964233319742954795024913542179276023993064
170,305,1461261625422409223418388506045274910169328819279929,106891212722838847615823661533653423748971825860775391425325974319279171672987
170,305,877000438413832686947310386184558869340117842850857,84752122400408260080705592106376582825150138285039555977197452072664371547827
170,305,1254355378021074810833254763153999391337405489818811,96289636365342608690892343927136782884977904029792286832394194136519881412972
170,305,1211648734686800840169576943321919387624939856459744,17860799797314695894800457395934027390554695762266176833843929143372425097114
170,305,980061119983257767605973731613554306000203687507249,78481453352587090304867301277214894923409402715428348355599430551021475981370
170,305,1357181175142862749038699304269185930337856315268494,1111916044563011917889742771609257193176547438119815747535710850915258976686
170,305,1063448363683890436413425157581775813989588405198746,10155077646470244362228808334611537657945560960109322635273480500745376012636
170,305,1031301092567916292807109448453924849325817730929438,89188983501387431178497441826945119647934333834425983536127053070309958689907
170,305,945263278126574413640030208441614431568450566848083,115236464510069767513273339475663736742331444994482280793746959287732680796744
170,305,982994055924209581649775287450445801701225689276351,113923875807470271551493633622249476822231600704429334170445786341884730257693
170,305,987601962369419751439197597374871985174239336457632,38049818890911499213271312390998312997311456173184792229738945569839457842764
170,305,1078652147876883387648799728956799381609217765743933,78694720614727492416092232767888949589933221441598464113978113774257001454920
170,305,1295513397220595388024664699218232697229957433033340,26058758408396823042551686886216946309265279637200412602541014273710013133835
170,305,1235383197035556531843578851297627264925329289552719,39931446409179771971418728749720710105768075808432129240407387346948314845232
170,305,1290934457974498716923924271436209252558706023414140,44714845581286996299603930218533212242859998831803782576624597798269309725189
170,305,1184997935324995709170165167778794451368867279809065,22240982465573992880035943669355566978825741870054633500890796029974098461971
170,305,1471945255542518998016767364583673408423195050788360,102206886745466013385800744907147181558362158170894720344988059823764248124450
170,305,804729741206951027288510458969653517109296625581454,8867460302065289752559098667272697862584084325485981142343294819058540398315
170,305,845345907177916897693653031220672376238315711763996,75071117019637331795153976779056254238463968892927633999379250296820325120684
170,305,893726555286382263964694411885625639239028979681084,95067710176798564162879397070423735027360162352654285782738600422612989475215
170,305,1011372604786095182636496571114803712000668048204342,50570494624448154313824355269999792627932871232129563763800464312406751542093
170,305,948350713005778665954482113342873736476744174102775,43357677161594909321397423804660596508377445705294078423959164260148714012842
170,305,749168759509491200578974951391263535543485001534994,110025891699246389287263351733974648589000863958794741781006222973220134815939
170,305,1387274148887619845251163327232613851485492456729269,21761593238112972530115942285871609586112152507340674450933460539758998284530
170,305,886829551703470753101855676798703570768622869717422,15491360618878660109198847949022492798838007826264368669004121599648446026031
170,305,1292430441445432293628862584878824755061392525162787,81563139176303516869971842689517376557390045396566440955615336004829501457578
170,305,786915835766571888294225572332260620282938770875280,17979850647652765347325093659056590447566987204837652960426539499248010874371
170,305,804287289206426101952743100304845972218720832324401,22476943377860026337874882399256294162355498761733843321442777710113639072404
170,305,765749961225304567016825778403125047618003803443604,35058067936281090634569902623408952662822505962112491037131977056400990155995
170,305,771694435433126092809636593290450773286466131662263,7525373528947676827812565096281463895369239163302027254024326406229634244355
170,305,1327694083188024008872853729617057195175283972647229,95735395954770831405135659153104867597382860928943475007188300795243431790647
170,305,944248774457055762304249679076060583188859822395289,106036217349174307827464688532379524783863681034094959386344875182845984007036
170,305,1139276330917055653406927979262550259919436304528845,71673577545380080381614619812318817752847563063917043590430840422389666936181
170,305,970445655750580269454499384237534292183575667730849,8975106086966773904106057754622216789184850273808315538143509409063114645775
170,305,1189069223392977835759987492218288385284032956159319,49986518474993041506888316224805948284918742089623756469497378924793901474014
170,305,1237745138259273184359171280819909490674666337393858,33235989627143983082241756641031199676700560003482043406586230770033934565955
170,305,1074796474452113784772196220429943732741185247453205,95745729933960464095150906314745473413616229687237169147962701983087901214394
170,305,1019433055675058444397991076343567254848760863304730,86669953631844232309104964805594926345854084302208940957628242712244753292976
170,305,1224380342446875513343484053089126404759452342811233,74733987619425458438676052943916288710834482476332037727406573565467467663352
170,305,1192959738672500757132506639675188866062827565522876,72888525043057577832186468657453134783088795093464725930450375966576563676035
170,305,1224606562978820875768518137557732188934264065368588,101996687765906280025997483365928570716242716557574424809221252335483164163970
170,305,910911987258880354203949326615988429585459262915932,79360266427017651288088026243812981101997719300451538461441663138761845705524
170,305,1446508855121887886719114314780813278077215881892109,17753327791506561357958838160923530926552264074870042030190763322656788553359
170,305,1494040327667420812934888690439240720600389250483047,89736731276834529205046518691599335213358781737388551290489380645507668744814
170,305,898964367314163499598676387354364105755723025195550,85199279601649469860839655969745156145388958645348055830383035726836991714654
170,305,826501376789572976423650339575210367033972225192062,71447040327881919178204187865854644178296142202011932704821527666691534029269
170,305,964106403703500097269284440143077545607229116242967,101196885029671686102946961232067740333676703804878271272046214028436808018507
170,305,1069867987001306353066913899691074131672097814229815,69258958455494908120527248121223831002076569064044605031110343746568854204275
170,305,1016149829149651598787098106392546243768273622527440,73786650276293985416777986326836663702740799089124836398472283977723851394335
170,305,1405773693221696383283759984227416991505598457497352,58524329836177102858626373925893991786030208546319800390755123077990663576375
170,305,875439815991180291778335294741745638117990312913861,95254335298897754020261170129902580601410608626034173725040179067025324784473
170,305,1410983797844275043823772258387352057329026609758269,76256850635458905697980663038318502040830276189063516272366374950737523301333
170,305,1281882405530969828628171955577628967389041045372081,35974356285121805268797861561992400163546942019874756305185851617396996526874
170,305,1113614279468562852130110620418911333060211595131425,74427433055639948669702506277011142037197074128966565372172397230335772807977
170,305,1222864240136615821698086105277149077548915242115695,56476844210286544672516797731709791720120020996547507755740903453764878401250
170,305,1164847173412484276253265443014988103292867784870770,49333206191821391922937698585700742418741653677124664091600339253509016353938
170,305,924891421554436735940206408490105943763713454869899,69553287282915590657617714033433331492692939686195465482436898767027997582100
170,305,1207414326859759859944627993416430706583531959208504,20966215665794925454194498068264216830293902852647208964900502834448453550402
170,305,1467460148997347506089870586515684173568792547514215,45352520983569006651632256113718222892142064293242271777614481880620379124300
170,305,1000847992742619432626819656199504110938391028136595,73515675424801164310764631962133776494051378846056456648581038611028680996853
170,305,1252186019053484375255167746061522940275853651602394,61759745120054781455439830180564538390276904648104702118358964303342701771047
170,305,1135559976928130009632052459948059630037242545352179,24554656327644002419507596366576034061155624012922551712146443891222251173613
170,305,1138746023620073081852778830258918013777184161145873,17426027160180841133071118925923775178317196600045226967680354494834338114212
170,305,1293022799026153261164553131489230231059803373309044,53282271966725795874641795617649225151381609627686434000563825721066042755130
170,305,869515350954672604195841714834769491476283212759925,25957358299602016216909921570362903710827960282618928713103470670001131113558
170,305,849715517347262628640336016688352264358512870012359,11997526368742204221182429495752340445303306698413323490185759202777202275085
170,305,1012484146638917423474151455066883895206575354900231,80641420088039420492440052311790343443505771787614086108685007680626653567592
170,305,1017510567674246682183664448133150453690129900460529,4298924121764805096905624027857634856386980066164716352681216368376037003443
170,305,920290905815078393618040552905783654923922062121462,79657654982742814935009186959658989884222797598701998680416361716929602675770
170,305,1476789660447222939258948837061451627856005492647230,62106173787230144512280380108592901097436908862092885069244765838461576392337
170,305,911564016936827915452511552867726051174108434681983,41324133446289654071657014785326052054160961280506787446287389422822372049545
170,305,1460354125442252414719249737825216006418497146896871,52128896277815271575106342699286951738717444124185806719270876991862080674710
170,305,786898252480696371143025214085883390428519357473256,21504962058560184148687204798159868746203599426491504161176365857328381866209
170,305,934074888273972975018835868578325922139323333677485,70657331338985189602221252567367067227243668842315731998379878073443760031254
170,305,1439343106385588469364068886061735906228327012127027,66188540568598655008205621969882423200555747087163914907251348745951148331278
170,305,1402612785225786187667073580216242758141812075330614,52212529450028823648879052229599646219508418061170674553671226728207164879377
170,305,1210452393591160558354204160442299264536459511023494,91991973151103183981070697922084205342773368458738357643748400524584169411590
170,305,1243850850563533002944563453302782099677020746626009,39172601259344759772000675089019797039147004924966260225793132220016908662362
170,305,1199313874907492306752745957844968483257658914321980,61676485757942325746326362599594131228117194412213399635631982303611003468089
170,305,1068956754304833869465566746318411362377976072832074,53780543353078697811531845549084751125898477513617319818213462920557305856027
170,305,969778076768162610838293998966419569652975918710039,103198720559943575646318655961103527759038461358959376830830655474938756288923
170,305,1198090142737186070437771792606312154410389740499659,107701117586126161456991086502011042424050482473010710658886870801023469831591
170,305,1444333341272215298689073802287716669129587790159473,85628492358153069038150926392338022642698414463544648421750720216326579918331
170,305,829584028476777293583359849370840239356001853098453,34846089462411672852245038481857280798887619791168085905933091629781924517276
170,305,815890403564016398775430072897951408206448581885312,38940102824685292222275120338054370455993780508691620248389561969871843386359
170,305,930407287487095771821828974125451117515816082084476,100767760163944476638957595971043372811452867094966456791678620799107048141750
170,305,894050041920683784538607131690335713071972556502144,93607391613524954469134412837660872927448497078383286216440757323230898613963
170,305,793655889645761628717717905668837132158490511250758,39847602737769468730806388340388433664642929954973452485006687278446827960170
170,305,805592993300218857918887675805643712562638128481291,101862041896311048251864103434754020624770426714062316607126326439108580851941
170,305,784609113772303275665867331897336407486980752747079,76982925117280634597151888266245223931629410494507860722858466919488862391192
170,305,1382993487452084809699094580364485498643925647896795,1701927104194312108396204018589576699218965394690610587287376879816664307425
170,305,1195279079175487200039189292339820966639043276779815,88934253346622749203196226085552690007591483416885746140264592241231482247174
170,305,1398259231930132736076013472919481999457258376252550,37422823598856127559961265296711327956292855296542185027003337248889118638469
170,305,1307077118122743532449158332232138155117251322993044,50834859514729446031882006758326456914026270560676042261313033473486564257929
170,305,1443745081588378368490909519875477669032687324341733,92710166102765753230694446065448916477964466870736697432011880624449283166957
170,305,881572208985542286548542669149715726094714527045642,8164528338480302467293776416934871758112881853351803984994904024197032765157
170,305,1262810459722642967564173873562542882208304912386973,53848291542324777884241412700796477906250592303058823189205609592951196234735
170,305,1392697556204079627036801812450040644629595183876979,19982053185020955819946028326444881229853171221224810354683974726300840492730
170,305,1422025555612603920193495595221557280700962665495718,55423313741137100351168090066356968581587602203529967685708663730811937852014
170,305,797822916565992898896531659365664615855637662197940,100664236885730760606997609171020799901134181128058216585533077283517146001858
170,305,1348896885900242990117320540130354907798705339239830,9901138638917443872615166665046274307084949534120779638567232082235291615825
170,305,1278534764079329790893300823810150023314740278792137,99323449847787403825826425724213268484051797395912079105908236430183653847129
170,305,961204359500927851223332448088169434117279845643084,68338165092156892702199924116593660173641944489676305903152212510655232127963
170,305,1311343680249787549023296243700027744915412069884123,75000205257037379304698799973472209682023736065581278213378854205322233789580
170,305,1038335228955951202740784946152658470970176181764930,55620241299144758737655815873135469068165999013353306482096807934618943856088
170,305,1299110161309360958935756202462978925091855241751271,99723334987165904534967615318922030893401639592926439192199505545744672195051
170,305,1000822574624914281683501469754444015230225717935914,89381556823138280111720369811528560770204447194930568375351227285667622216078
170,305,1243381967317125396549194539302809197779438530660114,53637581966361781440694158671491734905829821764591415942038389416414536745126
170,305,1460125019512970390934147136091686303167603831984498,27028052300149567944636895782468364503778126658274343512843975500087096420440
170,305,1235806317392930960952340464955230706527576903655208,45866829958291365128762188951918133012606898720369896814395708944426534376751
170,305,1235862034374321577963081147653337449819392672243000,67010611270023074031584721315770723506596252157030610109722175415231521184319
170,305,870375777712323312047053937056465796282858417445933,37551750817402614055651973920643982779915928694028301868550864677400535342356
170,305,1149389699016610087149127880051199023715245787144851,11444378786395614730205019891824975550013514953512198463340716574238908619633
170,305,1292857799803688683930319836795787234457640391380976,84477751037464385645118154537262713373018651569321755282118866202022148527166
170,305,1258038518675438032802245538317090494495361429925709,88576821178586570779203922377804954903437136009524410778549119042247672443614
170,305,912025153364235234361045600280958443950380323680896,94703349417817660632933309945322062060317329372888918143672967625557840007560
170,305,1224087432752294262203786996363788445676507390311436,5207829777506641112520576424880913233960467814392098494547322344977595632262
170,305,1410768798862447831558711266383956915604490421924609,54561734564845662202457347202350087145900226592307858106809892994673670867608
170,305,1392899799284957881746578833691982007508840066901191,113504931252678057378039476612299859197718346890732481240312033449232615053333
170,305,754697869255876286208679393779042236956025841031173,72569184102873642246298636991949782792632620121140406379982641711867376435779
170,305,1162774841122221577785644050664559318910263508397279,102507640490602941360520315434653945227651812355006347538670361572702653990548
170,305,1453779002048010681007350755290740883172846717351886,97522497182823301485940887529039008158522334874818036958802553224461510954775
170,305,782590903447120241024037049927306700554273162402183,36011939726707828308086765114012310148981927512722823308709122591255162600195
170,305,1053930966847535203255932729501491066242088872627073,85910904699860419852693661642480017115804138230602789433121312053326418427024
170,305,1298096387787834042468437099142212879119926910724722,17804992055653003601659832151473301829224102628861756640390549485508692785960
170,305,1060479754608238437964528110772414519640453738915610,59612453951887669912629870042894564113310752797240271665280226021743289850636
170,305,961217795531687241972407772258482145131539803747813,30865826555222680740313356419184518393650777589701243112544732265401916047522
170,305,1375861298458483075269631868603258416967847273996922,58300294824800633670719051297380338360200214090835556617683236846899107762510
170,305,1219266689963946309092258496133032573459415875403196,20097650890210909252303589670965325549595351864983585108226477032758188185885
170,305,1359206656907794062556579246822176708626289839550815,86503391693480427868203362964380731304584115300920571381030637291754424140718
170,305,1138402610926371096454164756561808918491928952115098,49481201175048219637903558787510148571441602039673578144554458444121009634683
170,305,1449882131859524562736839281960815263268530817552907,79327434150849862867631461833179102567545158985306521873042206907075491158678
170,305,947977108863732762148428479332471766254414265037363,54184216843618793536871204744893671605577725208109399348914820100594240799249
170,305,1253124751197451873178446939468638945180348856247600,47070285888070662345493537396889121945673837385935610816719143082123485440815
170,305,1403535676967114754669210717260613676366500531621436,1644120941472066064132956166481596103961636722798456771406241854025864497143
170,305,1386788447010551381298898365645896970960019127370392,25309373707069550429471008600966920072468716987108988055621643602444796149530
170,305,859834622265825729354760419929802224219449947781994,66099049811052316715590686101989252782087029697263585998061531101413180736199
170,305,901343236915794868848068060435348073379256414989684,54211456067088596673063805679675465085997601103010514294475698748425350383785
170,305,1351579921109489409780530640848663665843509902453105,82696710594547467153247899036273805798854887784269383898385527107851470229742
170,305,871949021824095842164309817257316512618722616583817,11603957822344962336262869362480029037663437578274179772577056015790189531726
170,305,1484022937967690842812700698246270111883294061713291,68478057068087139067866695588687641085948028772347827155001642364141990837640
170,305,1335173596439104931239581939750686728854374477356615,91857866363356526422144684712626716223344596375814723716811359129274563682791
170,305,1084690168255950256811510286424836878659351986191179,5518759660767836422445568031496032285220784516586369079569749327931009846682
170,305,1240734463944120658875157783664003421411431716547229,58832302727288704251500203278690041029262012904976138080687340360350202803200
170,305,1461350699075322418727109941695662047331249134055449,45829255930230257421409021040952126108643123990428406128018562181911987846161
170,305,1448677290252596246749793213886128986983479633717530,7801485811253909779153726389652376649415600378080457314123410185525051992600
170,305,901884340392384238078332889025942596152880549192798,9527864503355816865648020801539040889639066605227446639782903305424355533604
170,305,1211767080093285049841215720705543887881007930908857,83147298271849063874684307563289569589798697719511163449271497517442818887450
170,305,955600483462656915662269854843063692947688439248918,73416250219257093596106358770641948283005516367012750246683998154176714994788
170,305,1367607641515238184628017781347128059421488606224379,59050059665532748094956703067593578079746581833997863092224484860760945193289
170,305,942865669492463492339030350252574529838938948380262,95232759001627971951541048755328884430024614937853122675373449124293692127174
170,305,1242437828960830051219084471950864912118620993840627,350216471192095612155770882456455228872918754251606507662491367153063878536
170,305,1198478468199154205254243866686104698205748523685611,17854173475468087655805593195317879570915403655714723737978926892056864015583
170,305,1490991289844597092002088557214771296624598525098155,90372285368739192584089818313235279514265404491311773858518252907357816651724
170,305,1490256269128019723664423998840744703081348936362684,28937720972109836062364091906244371830922468689878354627617319896713291792968
170,305,1024596019056248953372839449202944318109732131978465,103924446615695507066158633106693369547952449239064817656085265730039774486704
170,305,878819752356701093599287987776338766289160824040732,6252414934078864735442920498632189834763198791002596228001224481627687220843
170,305,842290931297369643029768212480035674577775478503754,44124810796061297725074836752448263818604011356544389060774057206242772034728
170,305,794656229531789145506733489912670325075960687354840,76830167433937042233640182969537458436447358898678964413711020320773403081633
170,305,1121746471564171838882533538536257784869276093199082,21300909137126831427734502647501418853453272872396840405948006322612320718417
170,305,1422781070564610192967935744311305422448003841930394,21612218412067133873789448474845655272198445261512122500969736662363620990960
170,305,1043601029290345217204643385733233169049612195900670,115748057844766736099458133994233893984513887567176333140289846921522015650297
170,305,998033410280524751468991781694014543154884574811477,23147733739259113691387063087629275957004251325635046888110119927027849562950
170,305,1471777235741416641994603280191166145659808275328179,109232469749518727307007243217708802140288045115604780266837517734721967764896
170,305,882373755873345266631096453092346590971792913149507,41395717011903318681854412283123926532560699369515880494416479030280354403999
170,305,1149509358830501396495006912609504272366705877804935,93652424923342775439612650985826301070902284018647857875089567982846429302797
170,305,1027812718472208362352677171064349131498041520480912,21456782920158362820487720233647137488211054575416800466539901455108123003337
170,305,761061213079598306100796656070561562538053974518196,16851353479197213679485904784880618772331016340761567575289868069512878824827
170,305,1447165120700092519096618154357847002355478519291520,54224040533455640347111014987650592780656852997701956504115190113467712200725
170,305,1200997383818286588717553864863904470879021697749911,22628733090156147781810848551001154343166832651943473929330404949186968328944
170,305,766721180015714965832003291975907952028691995281955,104153102977824389810967355623465477220536602897797802167569413991820798989760
170,305,906363009908681785682487822521893331229180879006376,93065849208402217474253967447967303840246439568205094807173933415212820182147
170,305,1337455573029655037971769214294964639927374555629463,56868795517606464094991177030770804870811048199871645051726919839267239754903
170,305,1194259689578786146081238774816775626351544594053980,2910305327500627300840167334169674039826432975553906288952596022294104055204
170,305,853636538747371357480414888249431079907904063086195,93107762265046244405808671907407564361086807018644850872069106804373155297235
170,305,1090099195387233544108935791269966683731777602069047,55534407528570236711978647003989239161164185381053582965186731862880543475639
170,305,1051937876764960953265789001649513571909677490646677,23058441601635888782123259659010312142243785417779680688711647410582084420269
170,305,1330545872648502710606395852345521383424050992008451,40616919052393686390740185630484576535081430058831750392085062958911729406658
170,305,1068755409021655590972245247874431160837936412301075,107975711121589269738107072640298771634758131681424877862511174983604208059680
170,305,1281798536735429740881547568382509826217048275350116,48462448901228205262620164819694594736060063889467377017944430368878654908484
170,305,1199776742108583209639297236473459855926203171856188,26730926023306141906699772262439974244552097387983969168940552259184165639638
170,305,1371936296931571337599599514268500637900742390905680,67080824655853025958003918306932264893192575671738334768856392986158580861376
170,305,1389383845931920382307628975719618200428408668842133,29497576549825090515958662758468897537013433278279264900657703556450334543937
170,305,1197544106062726505485414385340661982972049373350990,19440255129370977789977558018594010347893319330132858773520279812456050242750
170,305,819860461975911717258395907114560002185956369956729,67363741605155937408560774571607695689209902730403000241967699030971480248458
170,305,1496374964926746708479169390173521668678259615880380,75134627158443496678963894182348099189632198676560657873518460699890809515816
170,305,1209485316783090969427954205403308353646734283618498,44942233979653481174778251204526881189959488580968257321619070184592831351289
170,305,1455634717729963033054617806517180597863864656045713,20066352677983685602554812151043223038582088102945682624805688299723805021914
170,305,1417856698006338766286001560526831831209191434227289,35648248806291864069209959324698822597071625275940365714145063979580439414029
170,305,1016770951350097146015851498886067748092375250099555,67056632838232759957148545526878852219086802890597311488972100790204454338232
170,305,867235724205064759291324560791750592074972565997706,8988780186926297357179941857729916630805141487422204280470957626017166992673
170,305,1041337534950397483905335086415674499815233493055359,27389936138505216903073253320473781247818899400579213580105271373334746204465
170,305,814284751192883366408171729647338949432290030324555,12805219681754695700352979201973582244422456041323054358755886260831359743097
170,305,1080410227353449792206823691790577064507348368953094,20062923537624625755233649522632270588502554928882655047194083820221554727550
170,305,956534945104703261462606736272102272616767156492601,62426901669619766355102897649162432962017444627831992064982174401356897254140
170,305,1132617293002147453353485013619353605493266795932549,20361645813214818926364196201483867831692652615445771431634119123245728194944
170,305,852666297688087697304325381990728820041094204295202,65963903209284933814734931921717460092450878419904502026449370232000801752790
170,305,1116668862240427433689941380368743333618696183770779,113785558591667252103208525527374816563657318254658836412533800196876960014950
170,305,794572554138722693813748610156308554026658262070249,115404528847302658955477324110389383713613297306313436333363718105227680721148
170,305,755445306899687450779708350422210758901098280815499,75956055916367893274407687038971517380204383003860032299158166239242634332226
170,305,787018958704900650661394495853291110580597805907718,97465849251050160416105028562223833695578943026483280667908787967930312937634
170,305,823699932728746357588321839466188917787360359955406,59636844416355906431136678995655857711415332817465488489406349360398970851104
170,305,791851493068111438970975664346810755328038053335217,75392991777543919917266839178376126631986432375617840536912636715988773396783
170,305,1119083805758511281483388287327663539034271911585272,55306805170397140556481125740399908678897378535650326278085880160218859055891
170,305,1396012882967247141399502128026324287475245452744842,60272251460274864719182819892112456174892904537855532724598150071257624898829
170,305,885703239810363883499641870052185000156069188190270,41872406776531398985023137237798189037297101197047526593745827676109242740547
170,305,1487770349035195218334311223436520269482515681063849,10537003379940428451082595850891695609695217193432343225924519081809229705962
170,305,1049529383356734897835840042978959285433885932113950,87427624196735714301815533341521929690922237556913824039810868073633463714993
170,305,878659163241836313305930160745829009983478121990092,29486689085968490792488277505421395234505581365919694510570705830747894402454
170,305,1260442238746077890652676420568850828242357126522421,58534826376315723098175526628300792206023778401187318289683745166493811951814
170,305,1035064606032404018627583116550546510691534386066536,5461601094403228222820367143112852110557815778801215175278923872899257403706
170,305,821589754153309372205196097432577263190144349372009,22106285092072300632898800173999394205430534699562727762563697458676846376519
170,305,1139434323663496144946725448199797378700188908278805,49214268015299641623035856537727862948935179288982451266963190456506581131593
170,305,1454864940179572116443224254322726863297882846008419,101074350693936636843979560796686511868933691155613321174884208765053020524328
170,305,1295129174359411999457330645765894352230948810081084,68718576900698612663542712503869788963768028664940784137414357527910277584624
170,305,982082112394929077335342672889628792064045179191592,86130130499054824586581748323943547012598701337208608495919212398855753040847
170,305,1207822879307418291794130636210137629602028206104348,79501380836670416888843956204929857208955264703928257736693150266791425312578
170,305,1016024930937171449378245770587160031006160601541560,49480215353196851780698200425685626744362686104559262327165700899438827623990
170,305,1082019948581859116844857176267570946358662918372979,20336226861602211464643644421849253396641368589306103450644230728490615383971
170,305,1317391269404992767770738854143616488809484677474207,77555754256522699185327233960125953133702176744509409151217463040991621891155
170,305,932006483846812800994462667320603319464706039551745,2759065499819665325452169490216655155331631196134849952528964053292638840650
170,305,1248810718324686658524699037484663779026086962544014,43449271074674824040285441419450185124152614323754585831134889224313983932891
170,305,1283359241907588635369999457596845099680960757245263,82457722560626979334193975537203513710547778003721289181515748082252025272624
170,305,1219662089858733689030117940370475506915611941612710,49266626287534562346970505998366977519928352915059113301947894466620073692142
170,305,1372503651829886411515123647989095202230458314318493,61748232771815646652165406690975977280562177138925326197797642816716336766254
170,305,987820761483505317419816339783071631374742706224691,108471199642296205579194322902253891558349881253339800073200003089482951586015
170,305,1325340672434265407181499469976039546432792358026556,19917050436338699485010352613872510156259798187264681654062265137596904064607
170,305,1049082402070552187634794989355123706346527656670812,70927612890938985021140376374121805431221523018183527827621122000584726033397
170,305,1306924078918381754671280451590995703839060076342271,1901798432029925614806919758277668167231084469804163849995372818920147014279
170,305,1274483639347377344810338582156065354765759960872998,99905401617679673914429235088813226757874725348946586429212931291822894478465
170,305,871114792716321602301627825615624842636213673346738,9080322814719087220360234092401772831627691423171141652565306282661011453926
170,305,1015983572620779389975103261344785896783929860708997,12487652612495129397405962149182810333196825654257464544172458061858451179512
170,305,981341944307859269781894927104778344922697512907959,74075859471403006347771052837208698554800768567879382160510671232237864091252
170,305,877344053085454997349259500073408829384075929451084,85410187129580817924523199730800276475795817755402860377184079328855779084139
170,305,1172441860189404661345077406942161047705276849849162,97774131427798783384209311481841022881503451107423972947722594007700808684740
170,305,1341403594467423247387879993676691382834103276297686,95659315484425759730894886639415921820855648501767254940828178961681387043122
170,305,922264223369011844101556089848651274498685881419755,41727530421387818840885684053952586546658756779668243711189195240760459618780
170,305,1289214770041692321879746552955683234670667576969228,81296202086679695317015617025335809643298388853397048566454600926015656182236
170,305,1117821079714602307709750623581739655426039802665941,66833866713324088323721698677031435875428071300956795348078314997449083765700
170,305,788287897885911790593997369860731083049269355607922,71500309099058754055958573546707270919724322530559132938038139369155301415738
170,305,925052979892520999589702952203555781498698949754387,104284370218277081400044114390802317195416773808393460964816702845988550537432
170,305,833219659518579494454110383424129579656871523497195,14797090380926468296196347339594603654630353606998781514955746343341059575639
170,305,916979337060517549952107038094879751367409687253528,62685093232495400446212580629778895560991573670055556852291303774171527540986
170,305,1282646459606606351967103503539611925653692982636208,11311948833575699663956825494497702758616872705939934968363368100484421246320
170,305,1476262264638845442313505164959758667567388840320368,35236678544318055114699230473480485889656081579213149795868344051604972388427
170,305,904197421561373509315711086668983049509540083955623,82418952918279436589312486100874311701172746556199767743154941391271634738256
170,305,1391893597536460784068757629721716219101807344434904,58151744629288506268973516490857474315072782436271653615613371949438538327841
170,305,1235078526854180082629996285825537934267913798559065,79093339809802063696505993398519530591576055821338664874701853667125511016006
170,305,827575073906379845819773012498395074473663248150271,84401281725205127808048527023646638008539923922582863889037165712683388928008
170,305,964847979582521530168355440723012816298057896333159,59018147574198220474694412822870899266888529281631065358852986218653007028234
170,305,1172714323497109622129471442419372749914844518349328,106396961114349929221113900350525932986750291201409998194181076894730361687738
170,305,1073568195579242774341666994211294933623806352259120,77621633701958135601150910273715580235553760810554470467279772173581527107668
170,305,1006849389899511558284858312750215494889542510518990,1423869454854814949239093287314207416279654976574216480266999744751481815107
170,305,916326470240332618749172144730797399932237029610613,108808222172271681812810971518457356480227660722629442887359422427420485619100
170,305,878700389980689836594201319079083379138791695518562,37140902276312431575257083207613866148010234642573135543947608642214128491405
170,305,1240179638107759865767920163945735970987261092935741,39311431200522183283681351084967130534751621428081437568091622997698637601851
170,305,1464994128714959363096941247483510295077827178887201,23665695894671570427822014906733403433129364013225371738081765053688110580981
170,305,1278920487056716325391543327790259812550004107555872,56127345061256811858562578717299038703818875669053046014728819749477485787970
170,305,896044384882219266582337569301801824763113773634660,37805419054042210825120707867441163989325081603571178015253729662386247859125
170,305,774448228713938878037025506337227365186333945911901,96253957640899848689364633110796422606663366315230772736149228912831645933737
170,305,807442472865345609873791946831553781308299409408398,65083080302723223648359891797795665722161001278305677021976286607295226189443
170,305,766020495796292937808443143095672265612993331673856,78318831167294579462129318702766414250976316376368545490353289913657043694432
170,305,1159781555063634061862309529583154825659157750756864,74857964862986328909152709756578976231921305882890412459185952568597934423070
170,305,1387070438692913299064709222960023615654045347286689,85862246494547217159975225562250900234236691758814759896863655901487129234012
170,305,1040447926884019255930560510867948910563722036512214,107289625016146911386349807194164942243773867915523470737458484678490552915019
170,305,786788374246411503076463405491274924545553771535261,102417619505412533939250124643765699341003158664811097528640979468329095583360
170,305,855436251541933251997290495009141384252407816278686,78771189198388455854567930050569507586054518915255205372304942048040542259035
170,305,1192051343744465889455756108454131743873730934762689,49050533585987417582161367003072338927881065409281222999623033762871970680952
170,305,1247617697004119529879334519585687465545087486775734,70195879436054832524876076093981202076060329458587744120496657366512435257211
170,305,1380458930227154843396730060453885374215573853140888,110689991645202820419320168343424219404982593592981936162317262652808700116381
170,305,900484241650020413677417259068364935263301107493402,17981702259343426515870813357796254468894649093531876479088508912508414358219
170,305,1488074582926965992511214617757239427537650416806969,94037214291332290135183563050103917992628736459830721482571876554579480747936
170,305,1438986038946705666208734467983678585394862901900600,111396201735455099583793227980667422517266097082193790793317963548740525702201
170,305,997536611790025328440328708356797539976763032091471,81148093064518463822041165612373066966590374196036009832234805995518779874296
170,305,1127492723716932538293193151805204779335898367703441,106856567179989207696281655054836027352524050156346796365526022577369510365891
170,305,835369155596523123529548646690140060334648424040115,83746854868096111923029767244687017406776273588096987928370523733807008029741
170,305,816606465466281208162897515678433462996492444718052,14585430974143673336620314547527219857275309521954672578864384499380324178952
170,305,855827628606348875599426168014699109093009707507673,30535675629950062549866924609181366264815937156222369368624582114351107335720
170,305,1021740926393314159584056616657933351462004526921852,15266179170728292596395470534037958693353143663980152338053121259887300400765
170,305,1389353597984670884096096627729863852915079491153739,19242545333700387718397788947238846633507328939905903864116845807585178024771
170,305,1028961834735059929746746597402775536545624214426663,16348530997367035562733925280989023489785780507280800237166920109937264795066
170,305,1217770892413676746508931567836573544117418107770734,75697331617586337404738099182422478547764543105804308332695846329999285584220
170,305,1244280278932463435358631915051033578786858608255375,103927702372144492734757405422439275002323837086330497995398976556901309966891
170,305,966308365225566543249937062534757136491397661157373,73751888684081524063521362348218579934123408688215569965154372877127547537018
170,305,1425235623589784154365801582179592518769830228441394,97946607489101335887253513464376310899300565291722260257055956318455110078157
170,305,810429865204523530665274065168425707510277423248833,80603764605921245550317809654473460998139437775031032099157054695274970328263
170,305,1192575414658607057829111194920122905303419987320527,898759325587297229765232080545231578070472249631954544410224853036030849100
170,305,973982807694215117497512323917701533050138960678726,114676136484838624766598892457925096508056965500969393377822905407986935074639
170,305,1257565446319458748504295251821943052693837282468158,99049016070348241510461636893970543297793606361739044085842461335481432362312
170,305,912015160861768149886031831056272493237708105978537,59808362246062241912717237979486187214589601453643531605913833708423474476079
170,305,1464008281038873148896905603219618193693002680379987,28282976353967463875687916171086855010896872580522173518651109452121547236194
170,305,1214261748898321343223057833779260021377168047329511,34142533344941283478224596631462422386397209900278089964830638849519338941388
170,305,1213540059903526149674290261750400655439274480910735,41505920731446755076359042885927496247859298379215633329942816723118749640694
170,305,1316515719130562208584790847202161282257327443691773,66512940604989474425416852512306339100440346336837079470726793265134051646508
170,305,1274190388287978909641625035192984069769781378671948,35738980712832613080874851916827669649150669679436454946857978745280722219780
170,305,1011592752337549020819586671387812920827449415589932,57802268706768231352181662089208909171439803847918223204198979655557062827556
170,305,1093731551666120842477324133345170510530622775386682,4298751249432768365450232506182812957458227804811793760701558176040829743727
170,305,1035435222301246769594199386093829034177622504526238,36043815728796262681504013289687984462827612433684622336223963353433934671355
170,305,1135168092820688929396904387183091856748638532871783,12855679570905372572615287591214879287196107318051662288980729099430097963749
170,305,1330046089482276714470867594016458977390887460770856,19223198776783858492874968093562300259559053426832605224859962681593031412742
170,305,1123920598829866153236332050857541422997265988373108,61922421020744887974408785857594479716528305581692471728105446712106544961293
170,305,863172009355441737125915607520948406384302266629429,56859000658703404409458942918121266271566020189439806498084892530659600783723
170,305,1343942163550378757250422454235545304897718331473856,1303238781880311458889147773474779351364259552965354207138014559619957279194
170,305,974595226463320071620476184060285115185112964364786,115576405195893951423404367689477478534876929411966299787140695431020044335111
170,305,1121732172954564858223472715069094929575741421442829,78371193285525130436802716655737688622904991240690682883070064747262408077198
170,305,978774518887983441794597106401462815917944687025290,654903114629677511199975754229557206462501829698022267723526654941013144257
170,305,1401690352406014945774432717413710851837021950888369,29688349654170412068606105178953471647238560549259168666714355223054163925372
170,305,787391661933066564104737379938031990650199214349428,103911297848805611260770606814579448495553801264497505189662716377803546829267
170,305,1477994799619351850580188445072954947688284734854954,92112385742722377650998617119039046616441325094017409814442464570664507390384
170,305,1008840711679384855399738185164926007571247148343337,64843389803039970144858999813679710714688735204870394300631995592002473216384
170,305,1015864918788008915378859579953292832224554519547087,110717595809581702134264011634377718870034097526881640547888789943685472616490
170,305,915015836545009634747223494240724773607583238036259,112479268741760569964956656643650383343162638607807023070855399741358902167435
170,305,1376761576848204363848361837451770735727345806871242,37651760721299426274213204376178363963785329893978142381622421777133149074119
170,305,1087058559652478165077323187060832829046560710108036,99008112073293362592869070611202350917911485396804824617398848827159041305408
170,305,749878312708436169118644295093405357461684793706224,57727738438528486504456012572316201829753771161986136925395417856618440523295
170,305,1336904750875890837901907945770161082492080257344892,1969101241348143956700473722916017625815159254718620439192635834193240938658
170,305,1484197754968814173089250297754137192569788843687519,60251889522171111252180150939333964083714778588280349255879938273676509550916
170,305,1190987884264852401131339604335586109004839829673956,109519005468110993954963210335519914268472115945196007222529908646049858075227
170,305,1181378421161040845821670716936203422340212124595323,85183388600053621113348141866792344069172945440026577869036098788540910248320
170,305,818391730590040690810667182961328665326273173399616,77230063316742978075314565209101916449840091174337203113227096337303807443917
170,305,1364266177828319761451265525523629630916909569408663,6704434986212601438043107929451118639237216175863382206852557828354229615904
170,305,776514771115245529023671253667996843726783549113355,93668573788833845317391136296930589001144996720098888719027339669004965770003
170,305,1082592298788446624006653532981128072765275000446905,49376784523470123127171888306561480054788112404211505178858329199561817504158
170,305,1142934026382702185505708852988615264786105074670966,48406381394388858224497451073450635163587284670272108462221674590677109796829
170,305,1420438378942312519197124048278986520769435490961771,22674247350078685001464287457877910333610656554723005913921634968946167845194
170,305,839540244170316676204370097024772161253197859521733,93216042478389062004801950165701435533347197294038043448395192678330210744029
170,305,1223903083849263721096908972585281549010382406910971,32513487469501597967630390430598748605259291673539309810724072562829131706800
170,305,1062081449770220712058869741061649426194827013002683,67062315630057800429163979806990481200268979883703469694082031339836791658279
170,305,1019150921370656850389911204351427708983348407344999,80622523108907744532868493606907764024559167457640303142523073297137144681856
170,305,896682404798291380663664303163188679539011486084251,107692470296631408932480511415770947177429622427424678129669042276508775321250
170,305,936373130315809731938587957294422111480945911120514,115628769181946830574507481955395926654329232865838598483829705668203770102767
170,305,1224719884171226912238014871031262217292229063784022,91916715418492243029724108207944058505936606910689569351614907829314549203485
170,305,1486435625894655690395869947355549509170854578952623,43390606436653289749997211446647254961881581232948621823807511570552642450715
170,305,1238444815726047891504741818469887610356893714854314,56681113191955201916466056274082425556075983325069586299500255045810545998788
170,305,814838218045778673706006462407657367362390969784075,58346881179479447809468132762208306787489931145407261785578745497358457933745
170,305,1104826305321957793810554418344355891167846298748699,6050623845396329565363080532959222627704481705319952851114419853610277919187
170,305,1358677148793928314503011628574171956869443191304813,20276393524106929498042677816787325655466874374089256710535250029854701423030
170,305,952588818502361890690321978126330181889541280704348,108553528516892429509215017981708614529747107191631158052279992903054548969879
170,305,1429490748280209559512286604128927574131639316785502,20525682982123201017256176690298654205829364799058733198613083846888105246856
170,305,801355987954007575347199267466875350698336354938044,70084141582094973982347132062760034920894800347187741162657549520754062803851
170,305,1135924666619897920688393119300949282652174106336527,46877160163949802107412273298280133597731333850314429626525541952675053220661
170,305,827150131065350464996699664034349952374905356240775,82480185302332665276910480522028721820486979800874129850427251214638804348398
170,305,910186531343779537043165751109239703470597541645868,97755858868283524613645313302659200853932627935076036397893186148144605042496
170,305,1213722576425548637712348748623642980433073588759020,89044496898592199287533285774080127279693145329046707405844751126109037149073
170,305,956814923596576659883961160253839662039947781710317,19542736721812852887342837676547886405549653267292730148031273314129272805891
170,305,1220991907972503484673625497248773537180153678026272,44561447928756254301772474972398223346743560768934072533761778459218237723874
170,305,876417479619513240610888561510449186064349212981855,111981611035944414176681825828576237518611764868376963874066993927225665065617
170,305,919080821647389717395356250669627298274670504552563,96313062565737942155878555708496377266696841390322468643237525916471539670480
170,305,1303097391882903071947196366506797380649847271233336,5092497592809429239173323869766872477175402897376128145857636287190359720948
170,305,1309702537362050323599825318141750716017272081875710,38854892277690835436910401863013095141812617887808285489505684913625385675168
170,305,870892093788153468222215013364719193287810336823987,87273043185084150334600487859745366172612060815290340831902230417358079448871
170,305,861716463004816407402431339368101268018195707908497,67024290965404483163111862382965084106544326063962443931549237833083245997598
170,305,1350503268130760632512638939770820652245562112362383,28968993571704449743488947748154466248171195808915760061147063025774036533091
170,305,910153456938035184542161879629033475740710513476473,110785328747991732267807901897506880910066622209296786712600237543076641555866
170,305,1007386202702595623219704194045135023725748376721968,59448789076731304274056600377547332764940717605863479921113088648406317934825
170,305,780255906059950565218420755042468923962396302196804,54803299519434204552147008504899226421826725567495415200603810264510590460762
170,305,1294868327855127514225825507590384155848879412048129,89474097878684575794413819041097598144832671959948112013932635088356159379810
170,305,966842128719522192166869888562437220961259927652719,54734410527530344448524616564350271373920404229271003522053513232061194836611
170,305,1160032975891943300573595988184291653248858927852962,68564762160885500174900067686658488428140049075036594862418971646281189686445
170,305,874007570183998439634617622145142354173872094239261,77420061265028708642736880034905657087015884102859696755474195131824601885066
170,305,1288080209271136072646408771659015826542686046279309,95551952236093941735785545272394309362439720424249132574458583516718464674340
170,305,1024599701174228649636849440914102175089953948492750,7710221128739044895941367425883029199341364614070725152713009617801350485856
170,305,1213114834028962515632570501452869569227490843117726,105592891380477020209324327979597467312271745379459468078297793777932890193949
170,305,1136184016959962896251974441028334599091336551760149,53912375339785866015501258955530196825796180029772058035010856625686197467212
170,305,794830646105433399576522814566137725879989412557947,49038871461861295377556640717213828859530066303828551904863932178803999892765
170,305,992120474295977695168005087960843580579525793664483,45326500267569792693201563552128654431342639375231841221192942795820067583997
170,305,924843834342628724809272202303836751012963685436946,64782763898126374430620443371838109645697312130184794091171429531025492546099
170,305,788763355903049585704934152897351076806635584118510,35751367659960825691896591710853666864941745536640965712910259689927277467793
170,305,815743224343732306932526684573569206305275997258482,103318855237065008922588762949884077949055564331015182644396051227789206301445
170,305,1191516051352538099786323344259763689363405949066638,105522136628218735706174607702070259055817900044847022000786737503457002525810
170,305,871759127862328275274693783222399250937227100252810,10403999875711153536242347173033927910110676264095510412457754642271829422503
170,305,1304846290698229478952535829023473722232384968643586,77125404645898059289490031753189076823658584710214767799709938990304659541240
170,305,1297354723519902542284476457354291329784054644970950,109566957474974583232011964792338876073051737020937355989611042694358444422740
170,305,812086490049224094897695018552731716243275217250749,48389606700593005163004824026925545875591587593670441130270207233513658171495
170,305,1451678276422129719284920501957190499811010947290919,1938353816396106166300389067248677542907965805838641386245895319040781982563
170,305,1199810055085038564139298647755942535980002034458223,94122277035412268984151736430756730578148466019221315553628924375006572337660
170,305,893696080255418598761679789333712575513270606238767,62409984704672541185833231913845414685865910942528534289072621223206367933301
170,305,1126385377588351661955599727574220956799853680374966,15133823609317382144177561121501266017234548455455912729672508075129429727093
170,305,912404458756832719633123767061152804977116774985075,37997435059497591074303274133208174002498642360224950729062022145194225154945
170,305,1035216361871910371408077303251728317990023931198580,76909416357090880863067666551872693723209975689639756329923385150117645012275
170,305,1312117280653304741426234031759904276735005663295214,80164871526428361683883700744583343012308768017821976976343191413758320270377
170,305,1441650607131283703894200118665129020472270710836502,98936337315310220582009935404281697082188745241364163260560702499015598847175
170,305,1190618406808259369203697521329895125676323098206009,3825609309892535376759936466355138215703061661860056990034955116445254820910
170,305,750432000015607984336717187908323667667749342379092,33351899417201334513837023557116821695521264692720846188507938848801491247836
170,305,810100977295509718259640640464205615311684385718222,70645746661762347862848770121361408477351066340182842907612601247668391363050
170,305,854217025968134673910764649729041500615357898046303,66717700637030931214367142922292077027734375277166421605585199062048678823203
170,305,1426955594068105119410854508033461235094057401940050,38961058451753222592454364147551918122044182761185421292681461373056518688886
170,305,1046133954464513789013352918017423282459299700402733,11479706780534359003933162609026986973249633214304182577643760271148821453024
170,305,847544841822382121132155449541613274946406203970452,56860011907847585791567921201758554960908861687446370853907838911726817976793
170,305,1310977500695204729747333703533078838165427222484200,5513176604020186095185768908496042877694456480021185326996621724277266814336
170,305,1054895174665216635542922306930057202251344749401817,7725434890860840719610072802048623817300115421244939982342119240804619593902
170,305,934102142714986493970364241232730084788473799760210,89894759265877624519629821238848995014983625458460148850270225682486455236970
170,305,936811580611452482372341085642187959968908768408423,92569115024218075720482172238771847950048642660911778485990243415908851725260
170,305,950704249739346089308219342719015460409122718155017,50458814002457686007842016914466290420335213301025056696701589700431538795604
170,305,1099455060411137740762348841847740095827391055471993,34695431220498310426654792018288312549036067887806930004394387538200298155826
170,305,784759132990820117480742002447345992197784845823461,4484645267028959807325252127089322109282337991357003976293250036658612453006
170,305,923193519991078095761128481946043048468056391584808,363448099206546648895003023319359126488659149716093679922978195627065668906
170,305,972337367226437825269112981660310263648199618227529,18938722688538024801150781538056681561649935478430161188032000278950682826912
170,305,797883887898612425074486970399275655566103784099820,12925822967708488417964023290441201019458183254368769976960529615449153576159
170,305,984736518021065393478155268691096193467012435465218,113494298050589417032007806439337168918587859306665649899216766294901294342659
170,305,1050896798009336951268355800489787440225218868398214,23594306077689691098075712643965377612239758156431931215630938862948476007561
170,305,1089306354760724294731164702310039909511312752044463,30451883511088209183447680503077704167599546586222610940394022308092631059243
170,305,1468929957231286615914123744899716544144469889854047,112948623543471164797240449176526575740600523297644079263968921700502486108158
170,305,970243171342208257793349290409930915650786507340439,68979440534202715186411191311763589009317015626700220971800374029984051169201
170,305,778151197757515973183978800646620667871552873188846,114135457801447944962928175480216065696463566346626733871403366776216082237248
170,305,1435799522514129110968768362367763180329610293770325,39331301305321603614015008797535024124514159680538272369049193833763743704053
170,305,1310892357606231601652396861265492532730219205227367,25464211417152325184693886790667152287928777996602758082200513551488456126184
170,305,1141855856977936163578718308436028955221137966185959,11494417869975343286336466648822878160101602915329705595420594811454982703273
170,305,1143093493682182524788129229732009392248327248416748,90522863373382153394252299284397532890717336572792730294029829137070129057156
170,305,983513518683310153542261205919098257890959793860971,102955299346373401471089465422003006383976095683122412025074173008372164314063
170,305,1213362605168300964330434781360866462247281189419501,43952414918508582804966617008099249422618018368595251402234469986855926527716
170,305,1474687756789079591324725378300883730634866923177555,37972411680037204460579588650560451171941836463643139409562780196576695217600
170,305,1116908434134069451382352151055420010855933254886122,111211835490157200187857429775319549333684818816472655503661890657766463457288
170,305,817704586707110624292789373699565765344095060243324,33840545012916559338492214194534144097131331984679371241265679127463194757226
170,305,1064508296320496426581563037076722411642205400715260,29429778662341494261111251125612219483310815853088501105649596002550426257886
170,305,1019666619309684088800148167411518053687791975969677,54463506103698085065775852766933497203358840568442441661637986763668777362679
170,305,1280622554003542427347144130172977468711803131077639,5600286183100146487802038410219216765839605030946713181665370741626489982260
170,305,951557541659369592324242170198470351519887726222312,40339462090529300339044996685354376490845730345267288995395017499689381344605
170,305,857813467134756482255122614568710809296153249246643,3898538800354204511821101249921240360923569583549592083688835496264481414995
170,305,863931812228987986359204122013818402967620716935740,105502746111043862032311524999001241098861444746782602153501102079624789515809
170,305,1474144321446345113985787565583718434261579053622705,52667075072562402688152629413983003552639438829983190410205417521194368643046
170,305,1469193848253977889094498613938316480457692504380745,46007284409999670954499038075994078313151737052363325059166000529041955655354
170,305,1490726183789389050449349714377955361853295727964254,104289871592329011076174201482993244161002449769158862287825037081422081329300
170,305,821680149708023366605458265983932398431759302860662,39361786295407516084894542887182139075267393690732875811053326131776990996459
170,305,1425695850892501398409957238960659396722008884214649,86558104624364929510593899566096122189400451842935666234963508546951050347591
170,305,1462174091984834872379487278777919106556880129809086,39230268882490943734834454903666123596865064538832837000155626388666580511495
170,305,993342739486913253788753793633317214181682744729477,76718297846894366143328839094762728681383574695106007281095473104110896543080
170,305,1281363794508212607798028669960993264971621809567021,109496833092449342192995268381206158369440015060852635823585246242086792373090
170,305,1464852658064324127825324233320527306474661625601485,113392722608387358675358814365883521396145848501546246395444307671802353998061
170,305,1346022257470438039835906377534842492545465341789708,92983896264163047583990322921317366463692631373325450918425482283510414485904
170,305,1324014878757090782297124390277908207493782907818004,54135057788596659676630805267883961562602284806857842302264511245479216610514
170,305,1445029365303602043065111358123595700345603804732482,58113111344477761748538865034206859020472693889754134614640834558416174313577
170,305,1428684742047170577499285621418027202522072300879108,13166520597211915647378990367337229605093102157141928984639776318423073927901
170,305,1016145422541686196187786043231581951269458674635441,8080247853065278771453620718213765690874759374653957465627640206570642881363
170,305,1283785936734852856580705893953661299307056714786857,43325651283069071009526914421345401126956105886186402537301260691024421968018
170,305,1112106663743897654452829166538445150345350509513808,84292338504280883453913513953734547039453180341596217869280151475799319058747
170,305,1400298577891094982658568201261918201880585044967360,63863057568718191957874064615932447015829793867230609149617893521369859868259
170,305,1314167617173996753942689646098293467235048912081046,114784421497995679630807164176697377964104481837484475944467526249097163197363
170,305,1037005376828941416122136415437543115625289622263821,24248897478017179665619401927961148566013389217558810155303876970947116311691
170,305,964834748112614822324205988941081548105979228734070,37673501102528855705985804740631589650710403476811446194024452352072611377568
170,305,1371804266617316372205860372369370192920380730407139,86481175616597763868348743813628037477847740868128575818252132142019421313828
170,305,810514947692099229485442634789371981441743326375544,52963035205084674918422327666093266269534682804372862916343629718429527220138
170,305,988408662701656975018304609697302006829654044960926,58767206128602750782901710810904397446644454060074557662462526414757260731160
170,305,807733055336406813418509630901672836279914030101920,74611462202661800820972709004976570746871073116824267325860222875668872521352
170,305,931056364450594759875019524062424028580954596449756,3029774459865055365106915281446863144862564355788677873609585582802113451058
170,305,1382325110792645818348201289193088871729879468482552,22989300783171930697239355612138902867040278543861115922858190143170428517208
170,305,1370712102531996340059836638072868562160604053636297,109796749147530868162680744669752939647747359594979222358388156130559636961869
170,305,1164641602280418630024963113300909409472336985623073,109819513870634904787320438632971130826575429348109523615655800164947538177714
170,305,780340286814037358797006489596810110375636038396542,26416817227241273192270030589404964449002629576321315599638580572482303499146
170,305,845449280223375383339183941307425033013135156601862,35791117941187669453608290518827842821448120274338689690989933605657135821596
170,305,939140907176397563931054994757653859425800236496964,98339052049776372059698920396793209645746855380973325652683912799417247697840
170,305,1182056377170066624567642813233350220623762398418788,109037639868698217344927411467191883813820529137899789076743686412746935497928
170,305,1177345728513124872149671643773303859290780487854476,9787881535448409178631101932772738820423266146005806640690524456137240798402
170,305,767068661542119469350065887042198633408512627211108,111547983370758507606414915670781119867626468682320796385223323918973634783941
170,305,817245499658430198724275215568781327363739558204351,75988981640814546164450394354476230357798946818811504870581171146604994876807
170,305,1105364882118989489229652210382983651830612964861808,30784354173079632786694363866857644826044287602123313921352206851183522083614
170,305,1155197060173318908205171529169452861954571731046940,22240271994041961734463085095652321816847355810080649904082264786113868486736
170,305,1289816014164419585421275334437209146507887941538593,51325552707538882555117652578582168276438649979596715268861989899568962485108
170,305,974040545454600729353031803063904309450750217879519,90462739877381722939591789394973609582379604339812618771104610428793571667686
170,305,1422123538276847735650581120162234814567458764945631,198707612577614182486628834088057117550515837165753067136663397651825370857
170,305,1284496032550760581923590229512335824227434099651141,111707537585336900155291715954025834465268930623653167738332257532263436732068
170,305,856138415979192059920505407007102341298548913041082,66033401671474864415178167872240702877523041206217862935081885107831352479314
170,305,1404978547085470655116472790907856081277129850517499,58420629312921573329221581230457457494626470196744682129083680148071682474329
170,305,1459725718375890724555947375206964229154825121442856,80442511613455612805937371566594826412115904164936055595365308310281979235134
170,305,809421097204723995570775016761932000296435170063265,37949354248537831103724688940723574668932320234786882953540984248525138059915
170,305,1312441437798445258880491503227374313806942277636055,17654697083111968732567152767198827202927612915001185479935532144811367832734
170,305,1097491960000914279156233128100404627133367691385403,69800834282852105845675824072844221040201897263374400443577189018930746693267
170,305,1114221063803813644505606401809366764310323382659643,20456785774816321627362826364180676475945239145718343679030750124473424589571
170,305,1174178563744586352057840147308282137457672359071181,78097905871672329355605771357852425417178572377000174954711545856795843835978
170,305,846113816395359667116159572696757146977450650724052,15961260484891173319659527688165044707720453721048477282021922232121534641124
170,305,905954215248609295218439126950269006590797543582035,33507630570926691201153934529386864711177131826332348960828199301416454659998
170,305,1370397083550534840821818483064276462329474481969682,18131182161338504209638512806383283640152605702800323037817708957583814557633
170,305,1398514344172537547369405254635304031225215725043444,53520475028031336864407269864527184477730074378220029442134391443080175822063
170,305,755009255134759985857978253353598031976627264728421,5933659843322264173071485118276905043461954636742895748499975041881608660593
170,305,1426863889312031967711364826174976182094366240776282,54902814859405155689625043668279516500835373144525832100357106450549863277930
170,305,1159443314297968352031964617222080811496767746348391,5036666952374638676751311268545619597098833261418809696733789109765629689139
170,305,802994081308553893106201399873418703889471105696309,71421782594728407865345248122013497248937185890832988272246483395437221172606
170,305,1442536172756822144896435266479019918365410819992518,106556499862158159765105679494505268960812337353545089555876187984097752751489
170,305,1166022197876982003911035382511242943201208176587320,40900041219365749869302584228745135617737295040986877912299741081056448870431
170,305,1236077073917853857624926066052936698601832477898264,100092490658620356305765211299058251600070299691594766576374196456563585187268
170,305,890833713757580699180275951738539740395341981573555,86031628190329315343338138207926114441578599162746044968684769142819330302701
170,305,1381318085479679220758346601226287582224264811576150,81894263978576478403747921784704193662158134558455866881041382672271255229355
170,305,787639540036342964837593453046343543527050345231990,17005734699302950904321954902757854222606830522386764094569700032349221850532
170,305,881964755271187241461192090836742192467328160907006,94976431425332878152341706716059963681002911975537122197993598039338253382075
170,305,1138145713833058944384556948992807358322848191655996,101864298044865872487652396064801786429092664508900021336547552929605434557291
170,305,1260197188509357957371014154022856853734264252140555,69280273754075812779038466403077526227004781417062388252984231732204400570683
170,305,823019043986863001409511368435776600708590939172786,35236856126015821348670875184596971349612708070831112205267675400569983983301
170,305,761782871250691709494032191743010929616153895309324,2207440924811013524090788829234315571722132599654302251312957114953352178954
170,305,811088237173595898755818560807367628210781768635209,2146795866467019603001236157984342429642299447758873132184094690394083332837
170,305,1252769319202370872359766170427360332962085248694564,73173635158255014679288116898241895900970439941706023957699869754364196829927
170,305,1227455340695862260297458723646733546678326061082042,702611053919825129936499159274368588502749801513217368806873536368079227275
170,305,1353717432629221424724721833048071119790831140755563,51134688330476904784477977979301128034890749479282633709006921946534932934070
170,305,1340846717623978144938506802903171633832526007124628,97880166691881101637392305876869797416619645886264699213166803861415702494029
170,305,1488864101428157265428426538386914720009311825247054,42173423582849321793611896995675782400638129067952515409066044317952362439859
170,305,1173781189408374307244391106170630118537291497263855,53143326393519323527753665894649447158274075167849997743703561331095608416091
170,305,1464126278107409905590798850161531827042736140929586,27316746348942100430246771418097336100804001660254404191354928062407599473700
170,305,1053191968178962672195174021548863135337984828765399,88983942283392926425211580268052996703076144883369277183336603106211621756149
170,305,1376176193405088211931937161677238031381275886015239,4135709813160204549343484342604302181679842471938797818332471428023011591512
170,305,1157926715823685110411173510566966343139993764622777,26169313961656057357718222108670208877907953702512764948303590186754428737993
170,305,994700095393669845164099979441474978563568339623872,18079136339459749341325303264168829237253374928344030719046176972933724402438
170,305,1194437379029860901566558183271254281975032586379903,77243136225987913244263390914864491129226256564259185681848561312313573421410
170,305,952170325035002334405904535809922363454168901763366,2820641475402996103624565824650992393491247066282424317932978727579456938292
170,305,882614330538608249274785226057114416863468843892379,378809855407086862713802678095336588827086369237983248351331265209068568951
170,305,1434199323326709263054459887881513766669287500678957,27329445253544574122805322651449697192719231811933617568621248368663055425207
170,305,1123316818450101294613786784420612828692134517600843,47399416853784621364560422811612286781200637309658138233506420894609566947889
170,305,1227652651827311474902832469275539526238814837218808,90841928315559767337650176653002876601621903423186044100761662833124471176999
170,305,927640144630206060404065577466557308160173941065487,78605627829351052002558526461842137300923211331684105336287219804885181333648
170,305,1385312299822135051796191858856907432765753430447383,58245334226280555710656441315607087702399849807051036569107072350120841012103
170,305,1096257567466010485930965196046906442287964517697724,30126781472756360440896901718503372488259643925229366378083748009975733560713
170,305,845382935451547346435409936132971567204089959988817,87839772066604535787052287790959406686229605002936285129460587211542867669888
170,305,1164352079165894607096783567793200607647029528858991,20555023057072458938892221637553766131649621933283467283738972644040861684640
170,305,1154378739783064261963164829475549230272772293810646,95558570127503589550845858100525493253058479384379465872112692447207835159939
170,305,845750306057713585817958995257260915535974519863551,55579131495221120783915558249350347098339129368519869234642095355650849799772
170,305,1113865987750385814443316272614827158139459113676013,65237141028787644548145472637618611890563651371763788561249478225582387316884
170,305,1058543071110707369642791007518690343553794812734063,104831328481575967208458019556163741648851583469960304674868494910635356202853
170,305,1168077229686663777442551577899727344030184497209366,28643492454713566743531755529694142098478587245074367405236025088360996371721
170,305,1187105018487236931830786750647155866328844001780580,40940259870256656922396101348036450083022487164366757281710769257404761908424
170,305,1258448171335461647456218092255035238138380990415448,5354247800664001243829959256022079440086476667715548956224636095544534376737
170,305,777206014178028972422899688238087335388070038638425,36563472746154827545669509488820072971299798379667942618315542189667543368746
170,305,1415081204954576468307053443201167349956333818752926,12064337403785201986539190285428117170928571383625448349680305517599725031978
170,305,1266587090104166280427272262610191498312572025216878,64648921912591561986096357319066971962075256245602923543309314469906417563632
170,305,1210274942014695979325973677502960023876130192707633,12629043791573048476643941845641441227849979200979172918544719437482692443417
170,305,1024822891818979611730791400894306527393980934451157,47351571102077938944406006489422425836989311463412541113660598598245172266718
170,305,851595220800196114096747702429513975136942378107596,107769360792331076483441702674582492597832154861740624348543076175287972684726
170,305,916814040643626389222061311843602132767674344992790,73653319348300706271530509956569466149106147106849053779960441339628897487359
170,305,1417390232345452207580926321696955439463422097723492,61929102034358366974227124712104265039301724956074265885664623689737042358994
170,305,1036095573606628675061066691708038028174488267261091,1767738233202725489507068503563773018842743750532537223087412057048160692379
170,305,1043908223227847566408716086298588455408757030237142,5473284684649713559096956262946258266510836319543955589714517020212517260992
170,305,919894020984194733063958567445275229863540679820893,11630707723717695764877689916580796354695691410312519120119361904923825304771
170,305,1418223770644776454299385729715742685897658897076140,79008269008728817677499233201364474197469376439769065352746535904807498136603
170,305,1179018616603318363379544088939227009336904578932498,73434053459272372886336188779616053568064984756224296877098317740752130228350
170,305,987949828518636832634064879797594589582127160551483,92766541679425223612701704066715701791091291284849282626179627771177338753541
170,305,1263052087842144971224949631035556807870932563855641,84888561445553724600096556890636614410216256296080324323603926227720091174531
170,305,895171347386501618771774000412656313438729940075070,49876506949562625211253495045742873450667440508037874923791129504354853031304
170,305,756522873669586520108683916683692265223009762422012,49718463805729406228334718020833024765634421457364572123811835476865621760974
170,305,1211595453566239835918955839989800116782159524745645,75555130037162947838595907581558644204872535619974180953606415535934382687010
170,305,1208476337004624987139758080416853785728499506484297,37944273873425814159188722438551705346372162440345927784885978966953704091301
170,305,1359659972013590103880932125369343110356343904572825,107804495806677007018437296212271875320211010709135601635942280899795037139161
170,305,1416185537946860442365656166400237334492354269096193,81389379786021931421553608145207341129672214392614098293093714564142426749717
170,305,867528096838874298307919597525522443511465414826694,105881153045687470110438943845563679209514037868919384821411561690869467215626
170,305,767034102186429037564777540966655407891687587714350,35893425459642459898944367344111218269105122157707813911240179276508080156426
170,305,1049773715794031359171920397392519870597705627313010,66306293079959525284824237671873301408340255686600570104270388443545478989176
170,305,1082570161765516075864055491978908985159889228577767,111479142669709152688110528577395071194576433533378172624418798895116303940991
170,305,1306003683711571809037377205530618210944601008588554,5187167691435221083759802260633471121508888440852250277584425672714083303704
170,305,1375752236653058211009004359875086180079171126953969,85610385136207556492056120129063340140250557395092480127595098455879498535407
170,305,1404626091611284394510350069767899717496083605406300,103225244973678680890247777963954379199554683233463734638239377093981954126141
170,305,1035354860731064782682598445707380577827961937380465,30867734713405023732870173513062758961847658062371480440799573177500885153473
170,305,1419417810832181640942887018380386579449164467881916,42371026935658779381447067642798217888591100187198549525667498948799439780691
170,305,1365599955465631520932437179698869568698073812499215,10951151959095017016069952098672433978106262718573694388783728882223458846647
170,305,1327597766715152620629838611996523388444457445851743,47470765059764856131590029761497747361117563024827926259109715915927994084773
170,305,1281665705157713328569943681921783574535320454883971,41415659975212836255861103324302950399946867572481555600661282525683507974353
170,305,1379934489543666717866860935109171338332666411297043,22854549346020464874271486075586230360916552218944098537374804692875489395805
170,305,994560427584866805169044809163588025165690572882450,84707171358937379460605270046570214200471227895735217864719317326267860891731
170,305,800812903454021604755104352806831593519573712240242,79613956458799129710498235650561443993366346676948305966590416438037960417249
170,305,1337636299284217163811017056598347091886779734748863,25457889319670078059165616155514715272020359577759942654729523787925155737208
170,305,1160124220280888568772626082867319004462152106152684,50601805537155295030916275391503820591052004101292187758718189653540701557516
170,305,1259376417721112348722695251720175848092292740953398,8019845809565067240366806819960955827013438488791850199208094459989651053747
170,305,1233185925165463603403334743109069688159781530982329,47190901654219447025603845380954764811315405205844025393896274655989259616614
170,305,927548317172619594113523844217721269808318373553369,3051274958647763734352441124908608845986195769475354174107667297240550854071
170,305,969557317571862508866985925102068192782460467525289,34523577884883521074367146950860650454849720542657437654282318255322773291975
170,305,1306596128945860440822951514390491069078651105257870,60098236591285362263798758910988212136026037163620719544385115364757163290369
170,305,1022602106863889257072068597224738214829450421075833,14854399671872428723745423887784023606529395064682977535259115211479276466206
170,305,1411724122916434139115057008960159012833727490295068,4270817746673768023718071605477051927387311647362764937233657277011193101996
170,305,1375294342980098840804626499567863760755623582209595,103908608953412992938911111068569765333889287357931206993882288258510813455133
170,305,1025701595764615405714806860677669292716411027825132,42253949081367354827216370955009276522493632155090419379032075115176641674029
170,305,831907727938355600828053065809735146487135305525097,7300855514026931642192798847634686943584095493243393468585997240023568626627
170,305,963925142759805602281315035969811421596975537743817,50770148828116028223426361959505987903663969424790572336266186561428908967937
170,305,1072763732072386888603367282091878795619063898791207,86712782125526168540192581444001813135562688621971003163374176448640028410389
170,305,1419989069894025116080114256745477317079397733363129,88801388979818729273607142098325879513270405597615544558921083845372301849663
170,305,829964941281900946857005409735132974241991862004796,9248993705108036392147297653785167859600620412588936184403667074983351251715
170,305,1305099748339002131348429530103787842430683311764361,13413181970566509060220565305739070988531290025743113326153695360070866762471
170,305,869122089164168977752961120719851836985222715714963,46626003234841963207038549394783236571202724886935354458953088061629108515761
170,305,1409318001524138811784001176765138190637441495529644,49636695333929424894715085141223303867853198806960324313577516864285665492643
170,305,1298457903828734658449946837825186422099786857634413,101053747773541999348723253472922588494892158194055056971265010186148777786524
170,305,1419021918087681251882621635447171274825668431090273,64869954103092672455591339004118220304138879319546184074975224606758969345181
170,305,1312010510961241844482199342616683152408041995223722,101327041822442478457009893225625045090724090486736135290027703005922911304477
170,305,1221660923809163468257245405265687446570402922751928,86444928177343134008328585011950436521305225827368680057136389427290155197277
170,305,1032325752517550598880332066923120907339374755787056,83034766715165345618503744108830016555218831878148767757678667619819020011200
170,305,976829953482126539634005883644726425985428859687064,75899211189766524951951842334814763239620021668976359882902782138003608053667
170,305,846868209857484575304438637220307316290120145454483,65213534278181448590667122796953596105790359679185220330845654941735965976180
170,305,1389973063694804565538994055783690262139975667049739,48262835686798934997555816203001486148272079569688709857728237321931264904898
170,305,1325556951140156792636187747136443032830770782940100,15338662675034259192976554216301249702370551993749291543088306786929082790686
170,305,902331222921111239582653009129638176042204719911463,109519707915285973191084258805849991711674942888380385052396215309382738140954
170,305,942202376339278571617166599335135330133892957593548,20644259447012111982857851410257005737716941381503550424393364096018490863350
170,305,1321386457369945927459744924329696281772769362239842,63775626911538343528431583185118008539673502394799122788777297440326391209136
170,305,1291232205957265524007083013845899040124299390830591,60875379747183367667872235456182616602376839953839331705864870515980912101489
170,305,1380598166536198710461378034796053078291956827338596,63768723425919972094308180142570650541061763386116315662486844360731397221483
170,305,1478129189585806824968545698105770586818902865518032,28229823722310736778109530737944889934249977023368120765153228748481916906628
170,305,1225040685624285562734450751220875324991023457354588,26724535579935822436112545832343966559537832461770207794455434403727939253055
170,305,1448337973306957985579812982667847363222500858093366,44189549167462453073360417299846416404440392521559453748915402620895457836657
170,305,1140378751412671094967143724047791217801515956528402,92643414818270864833453570979281568878523868354744099902711349498520243267734
170,305,894542902284235532259105163540020441160521138633472,85646060676909460437560967708324211331672687566954309352074480326152819499896
170,305,1070807262074449956734558657480736336071799965924660,54773177073678707775497203631557518607722779422290343502956551973547272653911
170,305,1189121281559350690593003714778552384414838927741501,93352610408682178932207258254281804531286146120218763068229941497088948050333
170,305,1474382696075628365856864596680857959214255414061746,6716933913962940811831478574995453651079487001897605254377934842567953854391
170,305,1203832351848472678973397180382338554848054284714060,69294404543413770341016266095007348004459659224319693863706852377984725976560
170,305,827827629767811622965871482720772266132054277758639,100175421145712717662319236704490865872291622469233218565789626348593059547058
170,305,767457547772792550133472198842804422502850602755145,57093050617819583756218299327319425083763791277713372432966765680415361919679
170,305,760639128308971488315376785512584744313300939657288,42858935260104311289128860591836881245571566133836185118338808525495919504596
170,305,1230061326128479905965347065883518110230538602989382,76356571060364210176019239145124389243620248377609430634123915257669452739455
170,305,1224476703070184430188011228617877033737722272545655,57358751114959828792691689749416343741453470250270208141937766095965172234097
170,305,900770522225672800569090405451338075870618133300240,13551032404553072205329725810908926511484884510686757018685061374263515998086
170,305,1097565545894225447811735125097105378417585628611282,4221842404082700295882798076826881555929607208195412141685888895255420546157
170,305,1316061328355904940896849997029471483143014613383933,72410371255836587652645123659464271585366263140275721663216116143679653393654
170,305,1358534573661987993502677539598891418035868526260351,45735640157886125075127654321285171366794784664540792882962025835392634207245
170,305,880472324071536982204469712165011974995646388046864,110532481339046994237122826413544275070352899602564153343441222614995167544658
170,305,780563399322100935457673421278002686837262149646530,64085718202044481010256272606203909487470430579145103797478883763368846876834
170,305,1105392422667300243585527722808460371970836524425518,52033164039454956428591785664256864464533134051307572178466047280097791573121
170,305,1213406712657103351112197981909678381267382936618864,108847015340525219256444704374838684237839675831144130535381969136892583660152
170,305,1146857639196297785010213634212934527178022107416840,92727060443646913089213298536976338016299514096525211354949857291032208319802
170,305,1167316577935849533397229084892769336858575358856734,78856507949471953658501660785221175362761538930606815587111048612969111540341
170,305,823545763373994921849753460973552761852327597610845,104583062564330390584223522271559582937909195865507964717677076249579252732935
170,305,1267291831891778100716892530963133110380915957598594,69602032250287107118411161455249487385639002678048449096158870555069803465788
170,305,1033713750471000383691971178347145176396846564204987,50060609389194633081318070841110530273403892425934557969979689821100475050587
170,305,1331518005172844939882335545417241998784887958123069,6135007972445566416910810086392590012432325701819806686609950018631206837248
170,305,1073522593693902588716588104724002150493539769367606,45450000969559376096405158489313812373480553158544197131981855046393976188324
170,305,1441003035520371431911995429772499077038802402821346,31715637967315109871839702687086452192718897444947259511207986067881979099089
170,305,1214879668765336239340187162507260796804020286785251,2555941479932957267994988262372632509229465704951489540351329813740720376289
170,305,1475117580769956328739394199007088230255236953626170,57202606159700777378039076848660429064231118423090431675765669902792189576091
170,305,1196092166559786421043082736514542932441256171914405,5314293784619735481187720784532497812136707557321103532472657765125111434379
170,305,774802723508025595055478671571913088987609314813670,51901682712788512218018386363108723949461206225583526993648715270430142599085
170,305,1176972192644905788487239765758333741718525046229300,109935389699157291825963653851796255521895120933442170337838976914755195590618
170,305,1352625123911897881458684242949490978890676001783044,69714845026128025600137137629936594804975909368396240329424653375149563519887
170,305,1152008226039347854289639039884427855521199204543036,56392058769026893659796860732678637081127506423639253466782907138950892701735
170,305,1477949257441287967007093231621721821729055579757226,69618675470561603705542424605040780365794769262836725755968766755508855199560
170,305,1259828668534863873391201937712307654612511476615993,67985131122437048031211228166716912037141971369642066512133588211678393475873
170,305,1221282058787191335356984615074785172854826415687489,109252963677277641208052645958628914498715349088991669528174769805963028729645
170,305,1186182859499472506681512571776634777154899500112413,5880257707495350469806238596296613075823774331701099308557657823890974766752
170,305,1155323246170643523312696141041633674133085613274653,69882042928051823404292240025638483392557655846566752583143419656024126690228
170,305,1007711782390980304137927501856177260036787411399210,28875506065230294067578222637183285499388067157266424955407201607117037087539
170,305,787751134955338698827975901539992282821671626770620,74343471030178632156735512501925100986854235386093951880320482224671480092122
170,305,1164678611143233347153431065275861610431284085061115,8523220324257508418528030683108481874620795726021382083625659580699692437198
170,305,1099883905265469666918798372961332702128859767273582,106532465873834764745312187249327966982117092531964737162688560417645915717777
170,305,1185395608657800477754582433189956386925406280227890,4831706646640162173635754389916750292239707430000196075995451006271653195492
170,305,1341074265299424856853539841099512888142457968121292,79062933306376741859533753954306020616690458092629933065679268778442437823376
170,305,1061362295948748356806371165147473411724480996160609,99316531332919552055185292813016405624542647707032413543040758623722996189855
170,305,1484081732279060573788027116942071194585989920894444,110858215672918672663201000506998536296241688000404030229674950466415049625448
170,305,1411179721402742339432397833676648265328184921503998,74008200321875692503041217247426111774855009380137052061579703382050345156262
170,305,1209624827880973596423800482571503444450168247368112,69288282194888359642943653652812395177866674989446129205033009741196749571363
170,305,1173065911060372597077506009184605269902859165882007,39372011520919628104622710097155995917406438711354688612426340594433944322169
170,305,1297029162867799013763343870736458551595281100890583,18343681090893318765764833002734831560570777055325484107756842597481597096799
170,305,1079338812213559088677149793291045247818267972869934,8207253047848439554678120316974784178634321580627640836476666076210411210949
170,305,923518908823487235053235052049750581363472551820783,96858653075490238060900104098134631963977296906858784694367440776156366294080
170,305,1075363555528060910321172892296118454404193613013207,94034127069326029809354315168167796418971762451408856110719320624340955186618
170,305,1251162008625856535494378886380974004197633607659548,28602329918959339536215436446693422430887676390873331173416323004297579746670
170,305,1407181646641205619515735561693268242893556361664373,114510350975816099085884984551623262231297240917252532021478297110639651965111
170,305,1243227915360466471679149923441709095099549028551285,51962643460455529286103280868243195324158713184410513671024627604821632052847
170,305,1071700296625463961585009639554539387454556721282980,61151069957080938734281848072295721473375808117230092035902999127867383795987
170,305,1379296800422582898118948341914951874210968908803961,51721342473952720894751260344158502823570390681758291288793713903791197527657
170,305,803205407605968771869684211322331827439463238167119,44027797159231610641767057308299420951015857263526829330900113389372029976269
170,305,784765459327806451672062274349760746069448640311113,54228511653152487518868766397345848904661472607062650282662692186291488519094
170,305,1408612109451481675980111368840987837552542632498344,92326305854098387926304724836790793222045054884299683387604431649773045403924
170,305,887840889815490922913538930406883264376971498555091,1995440513599290534612578482829479126175499468809260137669001395057850826596
170,305,1031242801061627884287442764811272819698559958634333,31209402095452924278110716655571243645673770246375382930495385023976000187880
170,305,1009901138268829455504916151080891592803765010290728,75124185168571211042915928561664298922285376248904684246424745320505433484800
170,305,1368431765967880242074724456120607496585170014920243,41473934950367439557595501912234187392327400901249970209174095348715377633005
170,305,902806600469717487627274920712317422039110569392796,31817186970147292338721755521144772806993465851224346189280156489191481165415
170,305,1072443014935928237264854690125571363277302227117475,14699861592902956117000905483699631976625546029108263688925978680991949609314
170,305,1269043862346346576463229188364572329837440038328700,86862342546641268589260954385036551861192522615471582162322835190891796652561
170,305,1286923604003682663510238668781732913693355246790596,101805795170813300279569083012946026520980228825681692867829557637554782309927
170,305,1063564925518739193734160587934519223328203186740163,60689641856120098774694307686387416733907460352134175534650145185934616693170
170,305,1210935330308628963106201226682658341219662039728355,85062710001426482392591371343291892850171738575963048959671279762439496357324
170,305,962495272100901995167120358347698867077282731500017,103944771322121827681999180831297315182301254865207900932783774997036637773406
170,305,809754332642366248199674627311206524112013395901172,58712329124117291347503948580616662118184323593316501755986211866861993514733
170,305,789444038130494123912925887606487612095909627692790,77963744710467321922722239206305348649609408904800100079203952782814166940245
170,305,982901256972687187190947338537983812186728201529926,73007442018899835303869103018649321597374858560215126977822579937562365791049
170,305,1491001957644591077212667319954057514118893168414251,56312508141757679950040647440266798807671968625329315351953465967357498154811
170,305,1304694986018893502836165952012867512969477202057016,70422039332624808395197026340492032631838270057207861233388000056275536155362
170,305,1438549268988340570722906520388996900229051391540701,7917642617860302574433509332218206051844573168082875794869790065872289966515
170,305,1329721432472360653998233670545598163188070969764774,112667278302217907160047675581575217779534999173904838728010946225719066782457
170,305,1165321593516428057158179118869327396507044636889196,5047800636980791538711831721836552444167594500958244634856585906524598646957
170,305,1464239812112408172662079846194737951658551835403566,75421814044984108488355413493962012069199401925424174946803844581988198136881
170,305,1413297087265136841450167565692585432575580178574633,52206566890998469011157424913838470317563157007147518981739655740015328420773
170,305,1016126319862499777983848704664324767562838455661931,75951738283025313652022127552621825312329906930566212964700178319873248396521
170,305,1283520288642155437343902848199459359943696451459957,111965299064963653239991539638934456846066778460530777185750699472053576879203
170,305,1197337671795137311509820289844226570248761947787962,80154290858527628274905781434326104683210038052793846227109103548245520296863
170,305,1373389508289434523483291161477331099210290133684575,74243448678518544251865618832543411250738771687753759651789822939014301319815
170,305,1045982463239297203274093012525476534125635627962006,73235254596909292898601940371069662433301873530787280546459283384277662095874
170,305,1279241944742891270730962372111037086550737075704676,105094775398026536851316842965851486172204170257475501992034873419525353609006
170,305,1179937381226265458712233420965480140599236296829427,6912255901942453846442340645359545491340559974565580709265814763079723876157
170,305,888811811241415124710739234909891782755551442538914,50872656047767478532202767044794488698891359034630089393462978726873240504608
170,305,1232307560001055307422501139074476114806020203757309,59936990477601522157706263429106428721010848948561434112918689740732285353751
170,305,1287570722851746453082212229004005521970887250871047,96839014387182435552375248440759217381210332818115265324686132236737315164979
170,305,989784147916292158299364795161377141640440044135107,5398513987293111952879291730655746725322676104778563700596240454250268092526
170,305,1116553510274839392793882261246503765720098048753776,110964924930322963165288908089307931252424198646474029018751331396053424908066
170,305,1423568572412459702440753635123075325681834709423266,46349066047555423371133968293838617873748107767133176275171225311480452973866
170,305,1417977439171622170971906499111667383158821230421170,100651069850571314425348529989467429665809489575413289982680681968403753522120
170,305,945682724342772514743059157847804266833435947958288,86789294002628296344407473297074063888318673182446793453363671151436643399311
170,305,978313041295695888353643543293233839273848867032777,115411035652169374126163162690218703506544879132769833615690186009026519289679
170,305,774900710196390870550910313240697097331277142287454,6345440015816678670130918238264378625585715448763015369223801049672472699818
170,305,806608255785816174965852357743327940972150599740440,103503285748166472783450973448097891322218995388625995181035244179462833070131
170,305,934402001782558173038762139638618424829221758844217,754376251168470436430841941813739487180095363281891446591850537150023450646
170,305,1288065648089548317722685374332452181173669503710644,21233771732660503538132965365085700173018503691204744287549241029665586959931
170,305,917018469803932507941742470867685645463127016022181,54226777547881766615433205098675872570815365647867575406157658273394408318039
170,305,1440513430018974960445667979448397526753874089285138,78173795082431322778570210785066880057344886692332549680244008652186998807786
170,305,1233080301423928799538218856680639801287573935341765,62048430288632238607091495653350995319767226134695724251024797807421418120079
170,305,803814260391395284055135443901059542294460073660817,27409307351927482854784991538623641695328009918923181768175928998073854054551
170,305,1369081815996277949919819268880763484817712253942150,50052257779498978245093877228876509842219850909938255759229418086895842612837
170,305,1421271399538607745760932440290495313303209265151411,44167507351663753281379996900948151978740712617541589692870120135604355449088
170,305,1111501947610744663418563117070241290838441433329586,74018109239206083839733193607551330411455860423976746486064860579253921306491
170,305,944252913674764447159592758082707494066970587854337,29833098084277117062970918400394793917960615434033232550341202269231944620689
170,305,900445256356248400966852725175188909412440485297837,101681739322644388788986869560923197864082114425413838798104469182629258647588
170,305,1483845594277533656856645554523365220841890623064332,2856552237782282943285309009566844383922874547340670138097204604844445281970
170,305,753162128956227690285385866878529815744431026355773,75181756167329220053640540999447326426287836558539317811758753938800866414833
170,305,920350802030020771482864564640697533904380076394892,89942680022140600727283013071868277312560345070555507969468333951598037265472
170,305,1489120908572837639303150957013346081261736192178764,74445238982494864047433585209480704232721542869100571760360995968261681324508
170,305,818131246643900313572157951926385680432255501803091,71690649640883336672409619635085672724231948123015557604127694245647954631045
170,305,808715207648740692870878821768840912303811192829039,32875606615918656187312205628084238336283343856047701057979507043060418673536
170,305,1216263056852707367402059086185335286511956477139637,107353761829046643822852037344132601750670074867540208971104792704206381476970
170,305,1441779263964834632098506144814578908324033652685703,27374039637135333180496629622424264309513832374225589588473407139726885525001
170,305,765435359812218796219278043311976700983440164619796,53416608233317808753835313823153100415649665535128828822715979914339590308224
170,305,1369095151121499088163347392575696664673168072440054,32948623789234738512785259104448828973167173907279221949099500759631699097235
170,305,1090093328334999415874930248641565679362316376355101,105134458463071166464173928784832970061595106438175675458771420052959104843612
170,305,1359840389900322334182353880543458758594834877496081,56655399594376497225135344743825912405842357548385111379842734264002031737839
170,305,1485553411734317317849326575799690549170853242116272,683172974230541270539301027096260947521069255701794675501697160931295740299
170,305,1086389393921802757552765300557668094123992000941005,104244446536830643341831507006543729955753094383319787533800217479753723771897
170,305,846187827081125601670584461641781356997763124824105,96430048350108553524440931032517922489022293407624138538032615890391656881461
170,305,873104918612757745626487081949825053912054409916411,82999040640392195111981155089356774542837921018314598139895812886304169514845
170,305,1186055687358275796393477613111275461782378035427891,6865269617208276788343727765526365323376375487802791036352067916090571664099
170,305,1158474905984109010793194617808033736177712036713088,4071264042375430054676374491488516818913624427526350154692968128195237146112
170,305,1263495100226008900323136571563275392071384414490348,91691265632713866342151205767675945517477916359436713852116283783015570007560
170,305,1486999738951533655507827833020696685951611378597466,12477500144509529203498163933752809678406536950949662715614617358581853067783
170,305,1216574558622517351663334466864288598649577047314043,110855349374608390836148131258194759398375032573326123421755113604234855573845
170,305,890299801009444936730539356330345885479977031853586,45094201291129931410992553638902968861017261138030309555071061433387926709812
170,305,1148797422780541455416973754140336665520933844647674,95765523496177195548112667459198685664518222128496091867981194263239085276857
170,305,1425141076776766976196607693979920249320073710532057,36420308526854484603691733078839528284242926011284255293034336009579598309071
170,305,1360030706095738759898049092517201508545953190530495,78092393754871348188635398071578818996847128761309642299811953726684551979957
170,305,1385125752576666950841894611379771846636491463975772,81696388558805315138590883765258073321132967274520327208499105426555001400651
170,305,1016644710694679908801256225998616818670567481771236,54985257089143281220112479044178123069609916130017256629696363438340783626399
170,305,1486194093888810779650940412041989262531944452846564,98277333313255930746644590663379858469429893338631358018787395606691879419406
170,305,1453783693882117856722776316785988360804867179247234,14078812752731061406298081657050801602396845428336596189693896642845076383741
170,305,1165585711569165479373082187052499196893101308563974,91711740337835829394131754349828478987177404208432794407290950181269727641660
170,305,1301453305315672155009222390999644845392317044775352,63359769461586575899234863447404355357772549552705266996024442478564709469405
170,305,984504890944359385888942340244865861651313036852922,16881912194694804861248761053265957348030652745172623768421088347104357173612
170,305,903762271477835977321482692099073370916987699651494,98233576923063606087318311007276988164795349782123849044743543588534062374012
170,305,1436832477293526447646846583679364053104632264972501,4128494435315299847999158200631999684943210787398913830482997646707658133565
170,305,1278677154474189686654472089383242281165854750145036,113977475371890625439977393185319767279701922519857174834849573165270686392558
170,305,918977164520728843210026827975729961110165951916619,13547560739677229407717768127886516952935940523901858206030024051582613676397
170,305,1421612396610555473052185585951359053902412301753686,62821609318428562203288892978854224636767504306122624668357031019109804490993
170,305,1131767774487584605180939120887465761734943902722752,45964707689946091613683948648078265735647526282532685610446665328702238306246
170,305,984049466900440931257438683614707744870244082883468,12758441021151088202536752664278651826580134833989275441026264166463982696161
170,305,1065093563987186656803088816545315716535835513547606,18857253119976796229185679813097311257813869317959354318893876298796240043852
170,305,1384148019200735693061412761984971434279371605757808,25933949255421956199025082915365165883783776490932332807363847609420696865482
170,305,1495955883027795231705964104275023076877460093201326,35033323170154208203142681937613555822565155561679211933244882784934867925261
170,305,1403479516191285877407447037479047590523722246457662,115420987903637419206953313468966841671307811775870915186924739794340865935604
170,305,975383521749231338739586899070174693640201580127282,45172530765039966458805227980101856255077771317750359986244109497664940739786
170,305,1444939110863893493681869990318898393361632802833902,90757420521170889488302351253697930698020174801926754948234523984863207835214
170,305,965871176827225963137991791477051099322106197618140,42710420510346747451035850041843841022048311178363237598519871835328615655193
170,305,1302812685915453802720706843134031197887703653243993,81093648271145962315722940522644640890450522194344919477236795069148480614502
170,305,1175647344334295878437725303781947683683997008383831,43802899736564697649400454297816792910608334042751820461379826698848471507969
170,305,885296476494756568933723745451956379307789749192934,11902180117137831455420592471343030376817502293052691024548586337718598045337
170,305,1385042006481351310580159239910833698079671171522460,90528648039918332699882503510749212384716999388649688470540952606424765979353
170,305,1145960032383742328120538413139546981781827978325320,78412361855869027081746260602995281556366922796748798306819604021905459240707
170,305,1025440856649923585866977603928001441188927954386266,75766689793857103171810805369264418530781064985168913299206672518687472184927
170,305,1086949286452151596603965473224262787691946241927989,83000528111157891432468396565892388656633160663770850538234707938869252955093
170,305,1278885702871944681034582972464836665350449738193628,56986246887404683902311471079253798285698376025697396855155251923244901368832
170,305,1196654823751096916824394326493875595950946934151893,18375696032514301063895773232496528977849546898672270596363901599196587966797
170,305,1469799326598173799528793992921173094689963624146526,112739970197537741603138015125340535737399864977608111023250907159121838288967
170,305,1144535485576261685540320382038428466313645647005853,35210784804617519798465393993059257436342255629019872331638985930392294613593
170,305,1275749651138289768522936306809503187224825486106760,72960421265853998185448338739712692241488629562740773950816715611320391197163
170,305,767930004971133152877716578883534470437825466450982,41772130510267480122068511152732112053545681844364792484881562838435039960940
170,305,1139864883813168961516155353082715966453483415010982,13889790727295917050060724721820740067759597234250818768804641567731724017913
170,305,1275718659990018085978591492586636710231753413540041,66294636431167380460164494664241202724462898094525258289857124014599561198766
170,305,1170898179030239724912572583489614640637634366937202,54038631100249552247347340023998620284621527805569687788350637653496114218374
170,305,993591794113890743925706074981799250672935906955865,108404147576275666524145468505940882492616494251701754201848222384044247461496
170,305,895256575959260825821131117625304834870827773362646,3721346075850301329404616330626853422022505757443623785912643261075663210478
170,305,1170730616487033711120919961851233400174981361940189,20800536081854188827068201234994593169048701533434738751144203475334521388461
170,305,1297691684313899659465294120665354869684183636886692,95511273783118764626624758881615226251965371874658128960226728163752043189417
170,305,908372753712266961432362897523293434785164857162488,93542009469838247850234658162426810671214582615865364537877365459889609995591
170,305,1379827035984102758244996522798911777293836426532489,32894879584669601662631614151409673197365583228169788987599936712057294869706
170,305,852265975880065909761667681873206133784305174909870,35429884881136349211546642172957079418640148942193565626230665496709766728238
170,305,1189623055809701865003731951912003828556906408478805,103056109824989626052300161776292113424606279167890210741816270484030427204293
170,305,1257380395918684333162515633288886216480518222786566,61021213164191084101908785379099058605379216009508769123001703070092456522708
170,305,917422873303119035359999322788262675970759404085516,98201902251371316315717093795183112446499561680414453378129789852283201086128
170,305,1073116906854077942350553533262042951754925702796564,8349833980470763922877324354419859923600459051417238052110708579699461230500
170,305,1472730819800283635323172050570676613697832474747358,61808169064018300850912635010626430554203738132659852917465151400066432722453
170,305,1177811436276073284928246743954884424710737220961316,79740308985814963605761704912007197213220788291090581291574580086246436366819
170,305,772982618372860538680053573683638624043095837547024,53667301421418031113487672539417561190428178733647191664165720643897352871557
170,305,905988683308167909556777937610465316523636713977236,52497243679541880743859963809019020524620219045529483076660160681135145563844
170,305,768924619220045024536097392217631881628749067428340,48341562655212640809177021736720966281271950940550406204248592105079018892296
170,305,1178570637825421344292987317726643931089552101936355,1580241260383903405108898116165848743028533638565937355996312384259670427072
170,305,1405048115766412299458531306413296648768730607758437,70510435309339320388589998041246664273295826109849248117934997962495954895324
170,305,1420167985064091385396797570209898669242255905068930,18516935174323995778440946409706206243511040738566862154493128346084783776482
170,305,1288604436251084853915653770736110081346171012088246,2557736436783202459261606985847769518933215128779330011352387041156134950161
170,305,1293833645633423115592178070502391115197916355598761,34938928589824612525508153624573334681058951258490934037074426783832299187317
170,305,802745305604804541207223506859235487603202341542214,65069750080594439044389003079695481779152509251914447108138796411962778648197
170,305,1404772932744844809451561539167801243849087143498237,82925652370281912802202259986305124942178860157151198366645309827370986312635
170,305,776238172887234157815137535094635275863043448781860,93978062660397038034663824611176431522334279105747451661175168995175294278848
170,305,781958249337604799600302562846684700178186030329387,63699405551652430212490132996215888741010393651087794976223505726308695580028
170,305,1339450751291601018418884214382988122505629789009432,60193785261673384931023022212531448696038533569138779319373455771149810089263
170,305,885116313170558287690697705352506522312572184943620,10487513407686765354120791995896461060698371778562133490206805963237342727363
170,305,978222070785199002509226660073035691616941243929982,20619589314749218988977924473352194700778187907537721510774315358702826436546
170,305,1164262435679311782451931782447986107381863216450026,25233879545990893618076390838327511728445388804555903793827964540893080957499
170,305,955338390382765715694861930688756582911238327743039,53140829163569438649970198672457133197656454153098926680583655799178847888936
170,305,1256159635857539817151658956800321649625153464482257,24534603661902507531990517559883988088516196128492989325066570340247458383051
170,305,1207563636224428361586123809070769833734868857254043,455145401775880676609057277787427424117825630357768365992814334629272217213
170,305,1177721785538812993881595517889711920536774579524165,84794177362187974197974338030074810699805028210440975322032184270741501449002
170,305,1422727894495814204969579779254306958831273811570740,5693060282180862079030253545810008247162553478558242498644686117355504488079
170,305,1438169262433023628851111617786623435454330467402546,14040774905092610487810062663164929829768916104867533279125546241902681120884
170,305,1345184883643506969125578601085424076143264878216375,47776186197045371763341806601818707583923934461806058759361473581841777742390
170,305,830995327602366197967452606982763160156877687396074,13152005713397745938151073357384123460833743553452585121989900324453579254130
170,305,915813586885573866043245171051255387428093252522602,77135540486204218570376911928784372655947313684884239180803412506441406881460
170,305,787643122872383896438514297460362874874496508799595,76148969860940437493593611472671706720259350977952965897471419918824734749475
170,305,1481820282969734362584292054757024070179404793891929,59396945322622235215396661592872787099574877987820419698788311396029803121661
170,305,822501373286786172512084219345078124007230586983093,39575557620092529870912265627977455713332866732031255320081370868550314793542
170,305,950720009325371867492483146820815193637220968973383,53772094358767865805494884702500174213026689012580177522012965677417155404154
170,305,1113035072301497313192674764823889693298889195359838,36775297283851736464864329576307394436928580181695203451846409411654761374032
170,305,912400684839799029388168586666719591562997119734527,5749534563990740059701440435819763998515370442649268333488648245432246582139
170,305,1230612558667534392072300947974828682279117991924376,35903991576076179758800146990657731441705662018169558661457526181829115037694
170,305,1303949860856930239814701696686335007066824665347351,80635745312473601079992231099404037553616353673738733432467787229881318873006
170,305,990351006875970223580510201631467355028495205895382,25314519004034410011237046204944768622239243480820715554089866408584395976536
170,305,887439171477644222760964458283769443922324084661697,43569800746398285506067571352075797428514096740011874293309152851003970772057
170,305,1116486910241635302792956952128978052775745716653703,38149767168290601396850687987700093708752632405176847390800871659159653689979
170,305,904543158695577259571085112917497982023037855840674,89637194759875038268900214233992332103416321434716161805763848071924313937272
170,305,1012588013248514998938980625973766491766112899090947,72609921214631648322199558861937789661961128473252717841345860593821876843239
170,305,1137877646249451445333197267543623350069911907492907,20043420689915575985482007895824742215193568722808220351101001257553924920581
170,305,1231422482046553895444482335433742899410879608497235,34185709562320812308499304526968207310485497435360219451638512843070564158164
170,305,1426773512271590948941925951526367237528044980003260,45445242458565539411447279953438558651493919647462030593366059767574057122586
170,305,1414088142151369513367003806009455228542442841399090,6735937897241162608432273032572441296431666407315517328046235957153933046637
170,305,1193311990531995296132860058924540514383110648004733,50040895254838036217098268324033219964412517712656503327374586307337905989767
170,305,823628603927194408216053592346346735985009347601426,106351913664115618809149218404102320542574063931406650463699431504854779669590
170,305,748799733021341246256768233638050160520971361052432,31261393847077554220427084668853331926130141416877541632537218868086285734650
170,305,1142092008895394362109133077614681879448082465981134,58132531947852306333412641328302899703014720644702782670917463342376909837031
170,305,1173410496216180731857428623656536987137092689234598,33586952386241380759959502143441930940278575295240987144541752737901053181854
170,305,1070211518899322882521387339438178713885507722492775,92867505129423366896727759117485932564229518779584966567538863573466113353457
170,305,1145957280106730877694270328884517004023642572046068,46748366103336658081004587711721405581290358031572791074954501805127683175387
170,305,1345719921839956010897032774760766290899365502488182,102677428102459050256944064584796465814037726392477438288984972893687725838793
170,305,1303942912595955198543873024413317466521834855068319,34491613473951180973747266889256491654649645467042432545836634652523885156501
170,305,1121318514891236398595138166408177471596526700850585,68108051842003604286626744931209005439050988063135496941093547179255751179996
170,305,1320709558778718612570510176619280694363555267206715,89661949716663203695430336486524058386913231313785620798087297638420630567898
170,305,851420461593548860052032657874559461655622872185021,45219191458711211525185351919562143361817321721688768103416421667622614016396
170,305,1099166163818649031938258583322808199481613031117341,15720550426998675445230915653220305153518253856345455299420723499486877945617
170,305,960153446888627658884221016571108538379381492637874,60762135650158066978503165968670406490298322782546455580362975908891134105951
170,305,768679560193649751721364721962917618895749290963145,33067032604606489087827304726022170503847216243596438683080831328733354192707
170,305,1444137663410284279153501975945302761403514788954988,88615903595242474959489863250857537883229850518340276081598955352022934652972
170,305,1361797489812431601126588358276299446725054273075028,57070298665001294104628041352388467523776568930300461651365685859424932593936
170,305,927709850986652119698958828827729044420001397624055,75256350047136931867887514703358723769246210208151227699932435297394886607145
170,305,777754381668619805551963942095474769476311738443023,63230517727269713690904858492098210989247041223906784739290980803921838202528
170,305,1190974247934386067196128673242899331233876531387714,90749965924818355006619993683380908837298006075803671610557284058900738333750
170,305,1079691208938408023451455537068003817850168475844893,38115368741448164905730434490618421795300894651664136645635170775486350707117
170,305,1240031730747540324780843110232585267302986334242167,32472778439283929780894889394301625073158226801098021596826419850976001828438
170,305,1332280245086021890844605971874458144257369195348823,44668736493490470188943975170036412835631770843610664686664111440451249918671
170,305,1144684177480963557840162753383164672702411848356024,97491363290207008314109830808668773679827626417439926808263361818687018271847
170,305,1181555540792434882635954051598078516013286239859054,61057933641678304346987451150888530287595909075936176683635747418587054955143
170,305,1101688189800741900623698219278792331523797457861081,62877278899138296920345626473008241024462713674114573736314405233432630874106
170,305,857064412836052573832137501046812089587624191555241,107945174564549686651018698007733777415362354439598142238207435912475729523291
170,305,1249618469220942077275110556059915284391110592593974,45498524390439005201580428637421186006190937704312995077790713420782212321386
170,305,1015462828434497864913389339818591527767963643383458,94924276284314859004279183732802717005415216650681871382367710375764351691001
170,305,839338886578722862672615511520924409084937181887176,86714056094531263333218752177868653138854723137411698382703191647529708131992
170,305,1413609920168304204117246862590772136184093461625735,38152555027310073992770321539374749883240615734537010293636100729386057323965
170,305,1272432239450107232140888810144110088350115723558662,13819944478908401568964581469148977959866738597621963224581784946903866590734
170,305,827244370312636545478380227642980867181016313600262,89399184010331294248784854157705266363063000479611845540924519729567252107354
170,305,1066642325545876424301793561369317063873080276703141,92124666318938749822099318972201155340706396626050691967536840482891148129565
170,305,935535762998346566415307747824893462121098875187983,56453903228720516437511723668307287061398150099758467005359835497379211768187
170,305,896915571469686220508321194268476571442869883809648,89940543653060896489717765075832364852161979746537206138340970936306603958768
170,305,876985544351305464516630939377142327986756335074647,39985549059159172693503224385018069850261555957927855858340681661720756321057
170,305,1392803781322896783988626191875836293511948438423620,76141020688972807733369023172350931940572580507219408092112151324356406917634
170,305,1012707049560930567525099583097314423013002708506302,28374367685673202242446151471417453596387488606348164256785565294711610677542
170,305,1001243859202891548719130719160491109595852086115161,78665868873203098384474549433600159204232188860335009153824297055603497294633
170,305,864216560896599394128166777038152508690468396641618,67504046950498200688435563975913438427558791497137679949692501727900743947890
170,305,1447969027288295364566479040977758961855911969510894,22461332093567018054137622287471109906288876015030111952369191249950278879791
170,305,939167822844329105888404175842045599342031510418072,54127530897072118911902996342041157472890228995787949651855956299104575490370
170,305,753436805458413768477467967139535447121064495552394,92255649616201364886544880325260263677905395805821055304624608193852106874991
170,305,1138086031254115715726051026235003771545254255988445,29686781274529307283836354824383563926901713397932089743614138030437639969687
170,305,1286059730763587445833289813202458166859984752688473,62203047003895753912995129356307930910250666907721660651019792700747097953810
170,305,1193967360744263308465164688363038870854246032071141,83355238190000100169884771014580231782403295540806151024924884861945034172941
170,305,984672171949109179227159941488482374888323667136550,64222054085738913108290530860522622379772713271461944253095566040443400283712
170,305,784064449281364997159306822222585250797212200725729,79045406256602934555906749270749349860966519688955737159622147020825517783932
170,305,1487369145616330648205901519016669236530780843927517,50263385190916627673558505177756370006603976225302257248071157894992164938847
170,305,1485228507905194397051894296390518062841865278554542,76485051420448963955944536064140252494774772665064261088674902945529592515630
170,305,1088095685689601320828438476709841927688947619606064,94795207591733500238689228975204603767617672462323731556948199788185794026620
170,305,985634844755769370585830425625315661315596166612346,22113056806449700047194353452010423467403998337684044253818382907020925717635
170,305,1463653395630172436288978820757535099130303123510343,87124297218289948964854808955782494753128886027438879336722037456489802811961
170,305,926289964851828560496504817726651972927078948482136,114675111031337382880822594350321421087995682483457592548576511954401985166766
170,305,1256580562706783734502135724129896157766168136465970,31985229638956330855749318056508673978569839482152672394995082643689359484091
170,305,1386419457950068803211411704152707376962320013623036,55198135084095365086879392749337656026453959626046342399722139692889223526200
170,305,802736602549379039065052510082102098424032127800000,96295333017453317267596119917925716652579296120518667791153284532204649457105
170,305,749079393062685577648350323264261565774852082004433,43258358589969821644904061241078618500310220854087851271403669115410466229138
170,305,1452731644453750496214203003017063291113647846994896,43741725112288998772026923585814439895740671032128718968617155007518517319116
170,305,981345801851334033294983614904565810457483779986707,15586421725695259582154348431663580978769898902462246798670730472091907011837
170,305,1002878159579134747870200359646307221275995050517969,17815715634552658888362695920951418174992166863542455598713718598533452555192
170,305,1482925086559114901211911498362667732899416296899680,60511447814361699353920892219617688424847096794085481793028270822299180328406
170,305,1179721535920550907210893779282840303707057419752848,79331805124198178942020852368371255208621567634744169213446511108484227556293
170,305,753231402745991624724906531996206886112860085239124,42753467957552296156531981801872692104883105229123125208102014129963252357762
170,305,1474091944815862341967766706139481873489689676754737,93315606844392349818945802700709117785669150127322772775276020298346384871613
170,305,1315913615744741682319443958947421443072479544975678,88344685954357112982665895175351663029593698616613061981014895399661834691178
170,305,1239454578787097078954506046090031974216978141044752,27111852849136672659353796183507637353704836563900471193131357269984708142404
170,305,1370273149023842119838168418843696250519098398962675,81860474066476304817725271723238181529903715644440975477734620318691128445982
170,305,955809316758284047132307377575820992239107611183377,633893270801904790341305643698463751718576786351067088161884421433239307541
170,305,806190969949366468950466245344037277460663965676269,51864596402193164464274650553008211614436272017400794462403244553610225078210
170,305,1317958228211907078526098301119219670635057063619516,92525718119188686958543102802909706945723890512564142814024036324058153817228
170,305,1406368800640557883441890406189175492637524338581527,6782733198504235042615948996945515331613108128307808674862702400941709191996
170,305,759933404894376590747538564795163708868109342800450,11075380431056920696242671740053277899275739747463274216876471836031956485790
170,305,840235662736195909941061977418240799700326222403821,13584683565197183968090991182228679522537388137028507544567406143683950863708
170,305,1229560030793576453289169731709279533679104256484146,101723592589158687588523299045583428956929430233422917897218616282077331282107
170,305,1267247170868078852599946464388842521756354081167583,27882795756322782130890726511079609679853033094682817824017661540962313591451
170,305,1216178769730632457316254169549875892773276320109675,62507698558850239907275438270919742076907514463619143546687550962464128108006
170,305,837148005466982072424117817797647930661361053289581,71319164124390594139865602972186547282527400586041923253202727619769804232991
170,305,1294894834227714684178121158686235780675093740865823,86971393385282484743795761979653727307457933891701564786302109983163240876990
170,305,750949002004364378621925328380694465477643001620863,71241401189591917342103104621796036924762909785455014664358353225312057577738
170,305,1238324739653080974491096154888982695615262547146089,72240438880018621224757189467100629600512472986650842626070236803406401556481
170,305,1283102020416124061850249493696713430764985611369476,39862996937054320948200275472714673801764553286350729561202744507132779021001
170,305,1244569197143455882674608787557204071114872143116257,75761357573087057979320793681994789753773721165757807362254775840488728099309
170,305,824271034565434130964059440328862284477194454817217,16187453559609429855678507830269278807266391815851924676189181572060545681752
170,305,826325766237062206912138616527154228119021213108948,89170390868157840172834418785405240806444749255114220060555959606261501489203
170,305,1354647474162876530472965598577970752277551509622764,105082924800868408491203963125477619029884435989839317150057289625423004952675
170,305,1287964960790188991618675658387388501659963301734080,100953785547774534735307725716931319253068441662755720772717703943743942209571
170,305,1287883884783003070622501021561399645148433104324919,79685523428680484115188927564239115309295890568042555607726264848059573472303
170,305,1266146056358946384657248156957877312927803577531000,18832680126326349829715377212217597619505997515951178810078490050281180455924
170,305,1121080255694659413033077779819559860511041720983262,25588452433242459122828295927064411413211983624385797266147432784275560340890
170,305,1132160336201514617418742626369988379814685519930059,62797338822740834699794387322750612664509735192773641113374501271151190992621
170,305,1175087624790122886621273213732023901901150814093529,113328803670345627478554405951956060638269294896132029646432941863093011555779
170,305,1229074102416297565599897431148874726652979968804560,102997912181264982093467265445209787675788773124089196620243755227292306092797
170,305,1453260059680629602832069365762723989795199209172341,6072530271042193500078791673518755534022260147514618477326518225537099202914
170,305,1047777766303825963783109753524975511647586412268155,95208444561933573740052780742976371399640455491024757598942215596410107413502
170,305,778955917146609322943743444547146180007820918482453,97164492161069314535161687327711670262810653597965414196729932861888089746474
170,305,1283859292359065569000995776674096907126930080900959,105623174833686433636824945067625307316637849391962064957867321181271563567827
170,305,1277292798991964266489472214783212467111809295835342,27602580063929014947833266232875768133438320016953082419338950211603930585069
170,305,757208822788926390771719453275217497925971873640023,47549602732174790816360660994305271184982145518126701276478530753415083250469
170,305,1010991803006898778198006183141322967161969046081313,107679066848979564850927407277458901867904588691584080674347402284401134125937
170,305,1292762162640906904125970761833708273023813746652221,109980605451976002563701285573513426932286246034100279050814593209972671630351
170,305,1061779771466070001185097963798464731733031758259715,90121434124203708828898161459939356614191566454058953559897109829293158834682
170,305,879480507124337298505488184830140344459723596948005,17781110527321439638956388427840616718897588357753315818265658999411411601770
170,305,1349777148518473739002427415955238614690534852350550,51538841705945860382134744832203341059907273135234624717999994326941842619441
170,305,1092600820175345849592720879938068346480607646868775,13125623117314954609497501247297392295084080210285900155745627946248066340140
170,305,755685846688506982999093110420003854328249210856055,62987776276784038917963612838830311741593492447361387155011490015448433893744
170,305,760440626880608745398064001803201853653726763425185,28003797470379147394122881680880423410773502619835142481983228137183014309148
170,305,1022670463356039466469804457198520973549922278248750,40241594694760367830474218207410531733310889734996753070931236278386430047354
170,305,752461208457573999213107300632287646414305639829084,20267206038603382881214858958291448578997472444951787380252194787581760968930
170,305,1028107895580884755581979476485165378225734133551195,19266424490060337173477739791464448757327235097894482602636916001662964178369
170,305,970935698356434017871704143529020498210267383471909,29851524013826519200254153418455568491633267701925905142626464205549977134013
170,305,921535402864236570303092188249181413829691327529867,46362145568417552157526894479276153847065082944875508451574501012735552011261
170,305,1363529714731844627155240369055269262556356235924313,44547662681898498279276865585378758607588846642346236036360277310477351931673
170,305,813789213988218647890405578544435413533517232201903,14429081843425728090956299198726412980643603768912435213962221070365783515643
170,305,878438636857391123325554576490257053281563430076916,14770190665170812696016386157145602547434159716134365812127266400068633249758
170,305,1434265393733052769837403844489084038094927185223453,25386734748807558620374107608103160888233718659073983202644307797641327678660
170,305,1057222932849818768489539795189706052224155865053195,4999305709107213948014573471347428741399837874222347072764352520018742742468
170,305,1001786586248331746671873966088562281370192726376376,104700380198626243370590788371297332129084509373282439432576756412408174731402
170,305,849400086335980920365116142271241323676599588625376,33239235057736028515773592706535653344664241775707232016630632323307896973551
170,305,1155923867900947530893429506827584732272749586678570,17317519988794931946332252697107659784473617722952697946012388008104779841979
170,305,1357087764651317030979030483947877347865259915717536,39201736388085121538808145620026021571219489149046971876787911850846371027747
170,305,1424786954739223411862900922097762994875703445751768,106643595977263720614811495438052125920653880384289719762099102037383281985390
170,305,1046801255832384207082615371407524672029226811741291,17578770524945948879584841348943359399882307760480676383656789543327166729827
170,305,1156614021055363483195132349536485258347014458817160,6177925462638462086747635703796405692407979101288749970819462967540506015034
170,305,1149959679264935749436980206665683404556399580465176,24926963184266046646966339580226555599687942548945130133759932084992232258800
170,305,1234655256393128390056142531994119847346764898465557,9901955313098034168783480554865488395880835279890302276703037910810105143271
170,305,769039110979599819551856339689898786367990582013961,86156327169294946641789343837130279785049067609718724956632541671101899878212
170,305,761873716516263468539655670831070548059767443904532,65144450129552998786870757778291199347520154486050457546923325200264258193523
170,305,961283713968870790398898711873876515330933314142998,88885543813333728395521609060603448172251279198450024808810935851336537552895
170,305,792120478773187005756033617312380467527458346411791,95713453930358521197858079299218587685428243205503622588120109502515641842657
170,305,765036239713990410409496842749893142517501620152027,106558773581961804234304712595502201054327401997665027166937730492802265565334
170,305,1425575895308507001699807491453663655391182035506317,49714792498866832405377478962846180105853973299323598526109182515553110178650
170,305,1367675363118842404962981141576393065433515334804795,51652107122809591274095826296567727402946931089429988654183322129557089897302
170,305,1326198310106239496810806709060893009373299565609826,26077524777698042750574010980369444302692362459207920514870464005998889735305
170,305,1180925010350867151928584946869820503335070716665959,82117346258134715091434195205542287095955662279376596717818470073937261999898
170,305,1417689988032109679438605559342333456858450495999988,97817729180081709943558734248748432328447812005095256927881690378196517778071
170,305,1192925855540535467531890466749464458715154403258456,23679299877919746532619067656141633786264423815542281117462674356108833836541
170,305,1164174054938628122372082517988753233702710190200980,41548043167437486958905789950878552128942677776343007685579672010946034751806
170,305,1163490949402510372297323503612680063094993385527383,112912584276594665811660880638254696442227703167773013934319939148286374495163
170,305,1330355295517612342361240312806914558206750982262553,31217084696323674929165246921068895894888625907400146668854686091042181081001
170,305,907171564066675157594361822193351276908210945781644,115134481124165468941555799571901005576022112246095973272660855288946027078392
170,305,1279069591549268127294980027161237340814692472894748,39572882403928848170354603145386918499972844193906447462925842326239221047885
170,305,1231069704613489938533965471424531314069904614724435,79115923080775849235050675602503807127540317162091598522276293276089394414697
170,305,762082010823523871245460942597558362356484054131178,29239364912630964184459155531894719062661059794933139404833753557347120139913
170,305,950111161544443557255084113635080849927825018994069,53611710497386956131718689312830243066361720289178091610067273849764364255634
170,305,1459480833056743590969267977779627411007714741129886,89986148986569466891046732060198652477566675087019778042050015988947418510091
170,305,961252743672996163468542268611719913139484791866771,113970683178004053751929021473029471701788853458726529388344153187633091325336
170,305,1221647780756966218590192636346420968285000641301274,103489663645922337279082504018408631314996299688635988809853467903323029514106
170,305,957725456528895126467134997057444141980022040023760,115539922640402343422079829278968129164499158096801428457331373987615816675617
170,305,956850117784720203869966365550448366458747198927081,67700040732178077422313074691388309701740673407510085708834463968429320817543
170,305,942631598976984399441878826675698803980113197933859,24766966932015403390212140475578400592688511171359029320070906515826245572400
170,305,976114850011834354649705638807811221271367797746435,57694568707728890639900704543565092610382332884942735611804501047269737061191
170,305,1137175088274882129339339627430953190953576827053450,64492182893354008642038587120556484389923082393508069783149386045655490052486
170,305,1007418019725327025341455982355335963369761314567636,69341533080613717031609644300814773748789984682428535712983494815576977406414
170,305,861501759448050583789762940304276801301227935689440,21101418676218180928903529200627559341171849015645944456165586068351413006247
170,305,1024363677679068861991612054421661048807299135657944,62623501495256339567983692943572557024605526697890482813217143528922048261346
170,305,1078909123243957815298703526091979070055450748953647,49708711349968828502795383289136481171703486059753183565533134627907954108923
170,305,1234528213652139633787672883404650319021589658724785,84317581952377039483099962497614747864893444237561092673784165996889200840149
170,305,762605894624346333524433280076197779078222234081530,23437230326455194751040747633906633064773297673873932257802743775782999413906
170,305,1410873183613469130487745323051280065272301606564500,2361088019222230014461033607633089009563823861797165823171209366354908927326
170,305,1339785902465620560369451816286537083949660677390054,32192340440618189974447333990877183467393124688900334106565739847774473748735
170,305,847518204591792084864753559920918166879983188492975,70458835623225820231909383504067899856633396246459372791468541935519328817610
170,305,804977138721997194855926697883549590468886447180969,73016008568560507795721207506768965844722261513369408049231669685052282702867
170,305,1319330537288765619041313535728292750082553482921919,40118689226975236164642808230989897412733030031460481545614446294987043286270
170,305,1068643946661243612599657562236734412903498261356088,66731331308093964931062116694713060335327478566647197988210286962760725321919
170,305,1431691784831004745212453554127984840168821629883830,2062041554219458787229235184514687357415870559909906049190805835543899355833
170,305,1388730009869293587480207482798144757983047019823679,93846180695653283741567416814770545639208247964631724542491398960158943537399
170,305,778637657540058495058969231709643085571018723266845,54857877580383495251402382736911053745172896009513812729915206581354426799249
170,305,834225938305778316698433766618597174117799725336943,91281829670288855204717343243398123429908102551919312806659750907425845983114
170,305,918694350249534213352873479385600923464495256940897,92163899277893151002759201716448374696623041224148330952015860091747259102595
170,305,886400825791231740292627809541612796272459686150054,16331665802801215867462332740574103348789290027990536046438455679300333332325
170,305,1120033897926746526839725102334628646805643912392225,23362226085146388782615493663484620440548640239624910146471261274590496240617
170,305,1274310464237563733979780547682068967390082154039435,44017253611011606890809820934310449008622310982390210793048144147733758663106
170,305,1099345331697558975131284557677520087677311745225122,72217791192508142493555185897594537996074253755819114128778955291130229244801
170,305,959051808888420497986301371083303687133259450189388,63235676779815487701656309153823519672015437417795504602766767331928266900392
170,305,962224174022889400409856653272718828456546440039641,63243460759626384899254637434940634697254063733475133104705119312437663930547
170,305,779463906518981417666201943967282724969744551864366,97256802538691930772747239451929860719200278276586303090843168143096639018360
170,305,808098115436137316407728040126232903142077304467898,35126844214141472792422061917685716643668822434586011826415745566729813038858
170,305,799394936326215719881424471761609119996036842278894,44589841379587327223947117997401987313156078807569528647766441053272825797254
170,305,1221030590196642192544446554192798317774171867849161,87299906871460507938504762829941224079478944124284644474614302154140315271883
170,305,890266025690565973519301994552390265078608100577336,106228193243845680987687808723778032114941324995914732949817741512219600526618
170,305,1006033371816099784102362643766780250544440964605252,3367392417705397024559527538293214939957586482120266663612535715335721508045
170,305,1412799696664354174372024988539818734118160985824436,18386233585355587788253022172265337673013313387674225609920450500776589914756
170,305,1207120479033687760809171326155716930968677863143632,55315046055963332285268275176541553929776581621547345458849931222333793658759
170,305,981917467028824103884471630308496992618224209611086,19755573766502622621325481275572562527689528575957116626987794188722021257153
170,305,1421301354352018095730887057915107718154856111687453,115078787638888376781183815125272077767245081607040980328418229911654271075273
170,305,1300434495482968580728773099651090146338017834040902,75217943517522012221058487141781280050912381788976126842023271221384254989736
170,305,1175480247860350137689823389297005367571566387848027,98164683134738982686851069853654447400793629877028265275372767093629562502202
170,305,1163496331267051220507089239473018734990110567165076,6606999948225678920456534878720365229639939657139562084978252207696940395003
170,305,945965301328465262475299860462783620108618515634482,54104166164350149076573286762357495703330312777591836918110200001606019216233
170,305,847856339990370510244629999593112010525626467546290,3172866658044832038777544387834960978896016673413289718747074610248749255698
170,305,1339113691660223161538732002881158769716918934756641,15125701642337492706596656955310856680109857712286254855370624037907731561129
170,305,760026013360373981640592465971267402082673790751306,13368809840433852790894402965353149947290873670380514215328658725201133426074
170,305,1345193849953579948215202869593211653462758913378945,60862809464039410643497040552609900749191255916286570173940462268638211348223
170,305,1376453784859465191819342642276330020034149117216507,17141420994472689696480804070084210702476897377897305446270866223315677857521
170,305,809378364127158540697486583748360915894985655774090,79845613786027352880708901096880251041966196516297002353236537592265366899626
170,305,769049813023206206573436011061232724071257052310894,17667085459189249015033773049034383052434650082646718334145251728664530805731
170,305,848763722291525196918053014845386041811602963794650,3678810529960983610725860090602324962108794443658242902954842221707063032298
170,305,1492425976776138004775336266591914179418102361379262,8287135931489093496896978582990910203134591340607056352360851020265645008256
170,305,861271570768389487355177443660854515153140732880127,72018833526935196030063561078542554511778591554811916546074878749312085154455
170,305,1265487472108806000406452339645260949764562313492434,114664382394615632229629540498011043485311023584762840396024851291271491060587
170,305,970937388021441080577441933658907937426488805784535,110704379387296141527196498778420668725937955922538204137172910674743341765013
170,305,786187916434701372344823473183984707337562618596921,98016869485250016361593989788587679956528581043036850714031638256356668430663
170,305,1165605551331449881404448768436587979045242387140507,68108136878160216193625795729596356386327712327238607754833999537225336690859
170,305,1472100917258159674691168427115533181364808655745056,80823339258958367822129152210193710663934087666079468452313476090872953641313
170,305,871891142831597391344293528310322017475829494625680,21396297831286181561248845130208224956247446184531598921009008500330323977299
170,305,1260181094270646558807702680909272467080394190063116,25880160043981370931595149607652718018885732468442002002941628832439608910844
170,305,1275585601596018698531269686759341998451598056511536,87788439114696797041447248715733838809363266679732079625871211419962499534494
170,305,813452785959467802887095823361423377433471236404792,71706529828560395516330892737873681506254501555344458777472134841590321641813
170,305,918202952567727618326120906332698735793776022642377,87609587708042808250787982372807879828004758666920172739515594113791053738571
170,305,1396448544603975513480155895433277980519595845233401,106898586994528729954367325197814402999909446008848314461326824018367335460203
170,305,1195077786325755824772257218927085265156926118873295,13723842307138936366174444637381048051395529374424341381565992869564502638153
170,305,1024792777564183093142074738549510585655647773980050,44006540041862203784887926827541720313103206024293929459862850796648230318242
170,305,928872196111907126759775008223493874383022142207518,63408221866922502810617505438584976806714769417616384358650026787284864888011
170,305,1069457197238200772379044631478220618073317843057724,112059185348993835935968354465613339578222708484525162658499108224743760545086
170,305,1473921158003467276700873045115039898842486303850865,10174520828468992373031412700667884656342176091592798393183278561172677481198
170,305,1394259742307050905384051513179409882268296716063867,108745053767217538905404236211485603169142781189253989059038754464729657368206
170,305,1062295742484809857822954162827562064926029511216710,111268550818520423384719827577671008381652118234718440583275283377366330750292
170,305,1232619036966117086269077984093259947992172131566611,54591976905305736223670755529213471626193139581122488835165065958494466716258
170,305,1121758825751661261252395044044073781199130967826878,100748769253583399132229364849184428453654711845173213257944466977917820795892
170,305,783512930258063600571485996882262585782869764783486,42180629823656097063926075799302262055395851288888140299332211507675257123753
170,305,1319282737017833251556565908026652204725745524010076,3845000691313723857109451585179437008436582444937582101522807190976301641951
170,305,1088550953936367753999807773621601528584837256387381,55337436852512280419118812955778739462135582338036272160971845334018795881887
170,305,1220913573487708764238637819853611934792052939244381,42595142149720784312446547542839379719959659810036035485115019657442216729895
170,305,870580745886416383741081692364835296684817777434028,67980002314136622170146399064609490312982340892015079236917596907395030171845
170,305,1292504527377479974668680269668487474585585423251519,90851312494335703988427555186155463429138260749289091552696473800493364096669
170,305,981421823151708312127529728450868353145118115386490,5382044869780619475174499737599696578399209623433007661633183397928683320590
170,305,1139901661870525205090379572059076073934669684271515,45675878823475110479892470556019559031171335562373627705557549524361664599435
170,305,1015524785865151852362239500131146858929261319184657,91228961624280377824948302529814954285086288187892673573025174902089953546000
170,305,1244943003341901265842130521277204055326371363176748,13993637670450589429297710929316283310892291070283752314401578131531916087797
170,305,1313221019586320846172091579876843668021578697307049,83053713048984306294021229872854674591180882585592632712800999182504227438384
170,305,1319984099077590446555677273398072951041854468389922,71316108433254208746554258570393168865783243429468396156533460952254757005527
170,305,1376482619627678413254822063699782223330350254568487,929442153821632561512410279623041421538585406648924937572055899399154311845
170,305,1152158610177028791057413253650053915730735202988929,47708370673726073372185236886481054958411703500332548272641490753030191829466
170,305,1093838808524677799074149723310415720158309701709465,90663389152427667240938840236407824665969998806448849924136048885262805021554
170,305,1050449269329151305459179447262222531419019673289091,56857766764356143083767056377620689912567460201410636752333102420029788037441
170,305,1197050055302825010105082899112643667612965896223012,8174145054210005404511762463006381528483412180915404170024710334112104446316
170,305,1217076873499219610041195277845629855069441228993256,102011803996246307447406319099188863147794927615977956550546446697242415412345
170,305,1131511066582308831911483792985339276016572848193881,57573472071800350067591400764655800404730131593225798027906923650143506205868
170,305,1478423959750321375407069727280044182274257830156886,36559331959611842467941143682244050432222759093409967114219263155073166138083
170,305,1006456375889373173811262136119002279604929038396554,88938941251205469239304984677827594930994936292120381255468326729687998928704
170,305,1214814824300996819631541956003375998201059636864009,26734690373014214901958641008417485258270947816215077862551325414721179741989
170,305,1176324347238613953179795575488635563634141274393057,87994236982520429157384565601911939601403764751399182145607290855939810984719
170,305,804789755485687346384922788469292576188321048605296,94561724182786739865309199259218799838388145031429340406369081939790063516860
170,305,937700660143923855860887173472916079712620483460824,26285761929478494378346428409129393330759018085459317671083312810768316748067
170,305,796841717831735349276716718413271001947822724519728,35090231375003434186311152061369282176319401500293026897197229123815360486667
170,305,1365090500883796643979590278691554705009040561062081,97833238814826637014111753144055428916288548743178839109997756510371403780748
170,305,1416809475170867244359615466215386131906556897078981,99791712778739689545632553516199503683979386289173747999972013402719850495006
170,305,922942189038349022405499856412207661131401700460676,74367019438408855357031078849912066352999608213051399528826388445671745753161
170,305,939273943828183490950066228518301038556594389248371,13578349526195105433239297012606345369243892591155531584489929420643393906827
170,305,1118364065509119329675245170594093066083331912365849,76418055655399959867375869388550203576335795732808800594554303209986550917940
170,305,1003208687921812248731344052119246672736499644003677,102047944169567762814412567265933936897897511328484731018230363502968395219293
170,305,1218824191604901551364668446247266282295844098293123,12913969150195258857236014577317044550732825218681646313716391647544443589295
170,305,1136099836076422532240430099593654761528230999791552,36301330250482615616902936455608133216068010802092440592211149093299572322598
170,305,1250695668081648363409352600093528645393472861079859,21215737931167663172048735411045920820876138297809326888039175864996261821264
170,305,1192854258271755113693050020058921761066674687552470,54727999659291354858996082683193012392520684218718577623623173573779317954831
170,305,942804556879996047743759820239017841013433460531902,91192991454441164631203662684792233516350725466343345168269673448137427101504
170,305,1245366743072156014491059477976027326181206947292226,41138572219691756902508224935933273448607465224164249743987469226902030891452
170,305,1198264408724129881806504046669924557447125695693513,99936611400143231730979441716732171767900200955478153286456841924372806455132
170,305,909130086937863824096293299307154747687723581540581,105464823905172211652125712520561569286974834557267849352422386392247660605471
170,305,1354285771083494717503308258263696587029288631671658,43449521941928214716561482072785132739107184876377976170952044944151347923222
170,305,1389625481797048677509850974169211083063091653649501,89682638802796959943051399009210563146801415724446761067893660435327123150808
170,305,1178598484523911542652245681036162333363785673287262,56983589689513513906543645686106982797374851336582927399950449062672887506393
170,305,946958299956179976679420374253736263186112435662406,66543087250159692664795197732328966921813551424838801365699896095912892992092
170,305,1125682128785160142222515981205103811313574067359376,14558582875373452167915161490521073278000427132596082434501090335555303541081
170,305,1109879337075324375324809928282982743313066179035698,6045068032277067822287301977454237921627180254117827672120277065705763758224
170,305,899464147576924296473719895295049134650174012364648,25510410810846935503622579954073682013078558318507994857145568980246572650862
170,305,1119236418157097637564176011940554032835883378233666,67668169454314856096085321682888979343718169778179021264063030196068010799475
170,305,1241782671176271690738986985410908096006784842751947,49465279308468970513853050163754345585197113143898487624888976632834378552620
170,305,848517182497592711839147195200490009383208169557159,30783526969046672075532116328976003999552873669280419084675023139042181533638
170,305,1487917215048633809732403618697868181016893748581290,101823120946707650974458933674197401125604337165391937953639981988230357533578
170,305,773958207253202536914444000360258226902679256177652,31393372670814143631425397580324964405269118163143415003760670048434744194755
170,305,1347015664149432398444655941385497026611135194716366,61278713583385474686055826191885401330141545198572878044505562851454587930168
170,305,1347195985875128353793790607699668284934383170721578,95249007602516793827769503814493725628138269596914704152215371034792313634001
170,305,884700876461743683005261620194344069942040636076512,82249220738113655498908863909257051942269928750478270882028079828099058840657
170,305,913409747481472359149467183404799815600595470659086,89882206513401531849577395185250578348000660389337553370659064596641560009811
170,305,1281153596717761765738706238486776010655075851360333,78177365628283278813204147167309931728468578888573485517604837511394004265997
170,305,973137123923410164401421497414492165958229358690644,19273668026233465866954027995261421646007143333495661202021823591978856170909
170,305,785025669864136020996471838661144623083113267810727,24299313893611002509236346227175231537214403221759241765482289997811877383578
170,305,1228004738739775910094378050264708867975822531409021,20484954188499258900618399408659864359287178866478396310021502451735875047235
170,305,1236762945586898287239154597960989052854911575628289,94789055037257483803709153107236862404222962691880702799523497161802450272500
170,305,842544074943659615190760405721376434875963068638998,71377756647795957494775838790387968921142584846622323043381547423089217205154
170,305,1396626252399746197194729471944425152379593249289791,89623731036356651337465358290734093381837296687423239215900946718369069369033
170,305,1380200566175516907974154613217469719861767393289162,6770493573992441568466537417009294649030830511461524057997573325458123816870
170,305,917975106456825304251977192670843797237419266619677,40676719092126328588100275595228924430918412509701869767700635525361182512998
170,305,970919505213995722088418354851849596285893697069478,104750489836592382488852216149267304823449956174557415843891877820983321919674
170,305,838373679909808626494270504948590059401431502473642,105641210724712697386229383591278208265915038515209344179145412384917523837814
170,305,1109207272806471448096163297542871815184175126319640,4085798007631053389113323513110679993103790290802354119747946341878061272860
170,305,1141120952219516276778641086484209266389708076917148,5630976379329310944699074084470469986162878149438767336085776799684038111861
170,305,1068444333415758998180910123790584503039034721711474,58006678006041949338125478949752759934678110904070603483880186424401246771068
170,305,844811378157100768485429524239723593097541180377507,18867731385438046616259138601043493179659947876696303412767672529389925126536
170,305,1148192282731037388285320763807304948169505395679609,27629976444089293125317619917178272264903712052253676590171397245310975821138
170,305,941241204104299070906713772187270781427514229993983,110937874815568575390481573600470568702334503097639614900548899941066470869510
170,305,1119565920677448905350709771258463203669191165664456,80127521539774353695623235055417059685942283563787817888936468001850241717406
170,305,813498458623885007323511897520717055270461284869385,63191874359812115655340072275219091264510630284809515568941242058449233367520
170,305,940600869959414876468424832723163088993327805890039,99015902294080382666780727210076597089791247769003714458367375106584078287589
170,305,1342206593606162219470713955676421465727581337886389,110274538770311096317176897544941356550329360190490971925994752776570017384277
170,305,822868822545402362336072067827111306468239575621931,99943472542114004359021419839972301443736494558840495916779959809783518865411
170,305,850060546870096487660475667998141025789737362339112,39014861184291720418517915451862298133356741140638390027868844847028008001273
170,305,950130722247209845919134547321528676534696659210003,54535391937399701112002704163462770390918659467921781794270966941417760417909
170,305,1083414010754143265978752199744944015822875343432895,71980196110440775841151357777619274166714039721010161793072761103500862248993
170,305,778463602506408766076489989320000756954853456473399,11224200313727136441382446750382265867396035659463318483818583674236645430329
170,305,1227183895394421286601009266323964861226291990451837,83975256252675925797488389587167719536141764901863082018260801042148578068386
170,305,771362100926755857635165667625675049547458463399888,74606053198689533056481793284019757971413566287547774703408779145219660154771
170,305,1111583747779857692843228486244915384327892790313559,110343681822050880159205813843485906560802475798283967547025996745165397259854
170,305,1351704070813023941819180865273696757082533485153133,104755642093116253248739923656520535830419881795087069736010013765571743138230
170,305,1356880594053087299902684230589584995553466037179854,111677458564304462885671638961938075304753876563341150365419791144381450415109
170,305,1301414133084595937570439570543920032336032561653286,110214778904115073095416668521093163814766251446393662839923230999954096996036
170,305,1358830775795092614420900551950494471113616914026706,74846054000744933005103555769902059410272238122308162351334080819261426576486
170,305,1249188394774290950195961666553107995655687900318249,80857992898372990187736856589083847910824465089670488087790666649889962855104
170,305,916463926210576644801927365451465592502621347587580,30016323872690963997707213754050596490326888563124122834314862165815523007377
170,305,1056625445988197128087282329727485477949498247095316,8258989566160856862146440922358611396877248526859510757357811043244223863555
170,305,1290863150859237680270720363215725962605252955819386,100787879481587948265100277729522937192650002514547746438715503233753366305811
170,305,1243601863572152648845421102440610104525647916797881,5539853646542491352814164412554127174936253328259084519616396939330283712405
170,305,1442012427209282029923585252320097003412754268668312,101374983775242334422414703244841459446254526962367035137158896474775306527808
170,305,1150790598207250676629429614098242350867281639757072,106761842169581307537382473922290137651571654727343746357989141523887570665526
170,305,985128389251036351176062999208877005736110813943062,45165352485315338812079961403425241052147058275138428796745594037954250148414
170,305,1135798948116511551463636938060121547142861329847587,102283709788710878235036802068832108581434492487701236149078417616569168904525
170,305,1338657470986115059579388156975499092783434202369492,19855675781102012487891010405712102004110231580939288660319897123661081920414
170,305,1318247104284946522694763324354436974251897104074618,70896205818191898774847504562908120987370153847406725056601737553625004703371
170,305,1223293835089677846387442699144123082260320079002105,70550011281268080708665381408875068187854241028713476739839261231057158338217
170,305,1411869589144509082959123439466967284798699419373682,27148500238469357007830737057945734355062647176250635765674577717259190167620
170,305,1018530978840458053980343528400871910438642336324503,3718610438890741060468193517471483564869225077857737797717396183556666742445
170,305,1471446682484081427489784219161367457743980355057107,82284858974481400162428113340668465843208948936711447222437131716158847867574
170,305,898823518608179437319516493930488001555641059684743,109110348196742701955020789391868285273377547325570587483150554942864718575568
170,305,780620728663912750440949276444072787503769556443200,58073208640862143544436987457494788178003201977854381076306311283086576478780
170,305,943663023726946936577584172960773828814171473857360,48496500736382052076624621348191863752291446762574990534951980130770231015694
170,305,771859170160600354202322904241070067638200052645526,26671342281472181507289277211682366627280312806025574154774300936855130308302
170,305,1072822400024947629118595999557173133306461417550001,16239759132529110560372741008558466333059916144399023677226958205324104644157
170,305,1039162960521653833871946386405159857422287881653325,52111435196803937184014563008119101523508331326827378831349791956645927141246
170,305,1044531776496762655645829415678856787327290544292931,40389310129702877584557913260907466637024998848803428769567594043496770610815
170,305,995549790720694160073291908541049540211790236662111,92207501174629119659866186944977496037192669264755921472661617453025383734686
170,305,789163288905719026697991927242511530101469818719865,32568446225856027489105044676753773639840009840416976630975525887521442547093
170,305,1060826391838622736548477814752769087206288468754736,2517786101784606611573489932637705349813255208240299401618409341637838909724
170,305,805864657317140340903976879518947429284433271621900,40502959986800818586187931467249727181011627686345394499178363214400006811647
170,305,879662731075369605528597346299413300095379816794310,57374602992621107737274206822399343457453727550372777975179981937885037282632
170,305,1258240773130651474535780431939720470746075109175225,34520433756679101517339991330466985549598914630935316579414668773544574460854
170,305,1469631635811358321006179624685502305593617958127159,21937039275015680908433228865892808066169083334409218877929265679341656679167
170,305,1331578033503317948969655267572295888336471899866883,29776738320519129538932070451460794217409442386832161514339544110370227283241
170,305,1109332141306409066460155332410475664005231130428973,101194120682513668744971051252759511065453688277646165280669137511743640929634
170,305,1101347365280840732111412250324496361228188581276353,18773800018286750236819371416583069626551460671943062605493830582775457437289
170,305,1001607712621737831275021397360600389829110102716107,90551614217028241568711703244498438941209571875870736520631998554672823124843
170,305,1363074129902719186702954650720649095701156117765260,38862937642274108963204975512197320090743148258672316400337045352566990491171
170,305,1122938871283902647714139199590853796641186798824855,33826539392625341064874212635142609090480804465470961828117040840878453788505
170,305,1444038239354903327741004687761630025287643035288503,26869034271318615031431189347403860945288896724983089460786134036991719746673
170,305,867092088563918088503925122165081527539988819168969,47440793221972802230587363237281764692122628822689768191507686127630018118573
170,305,1459186575800311671367090545270071027190849739157009,29914943067754248865014147975768033061710753499048919100713149832554462917092
170,305,1411616568132079623473979355159411002332451474852203,80334781297120282606591174931329173263005436289743874944775520420581366834295
170,305,914023980993157978467462071806246323908582936775414,28675087813967593346791423864649572944821901720149169605090522881432250700031
170,305,887057780333912653334360320875834300014444272876022,68214384563152794679594467531972234527029775167694608816043670650956187862933
170,305,1339698020877599541187303275177457445743479236386914,105768078427240813479106402392614375739750190979698921351554553052878051082906
170,305,1131580911289467440924056911417155892494473047323457,42882178648875578287027783757020264802796797767492154745247524949242383393302
170,305,1124717521325125630977682337869935324172786465792949,42978203527817173085695096462878391081953838989818340158806482265029370462861
170,305,1156695400539164657064910514176532480661029218248854,91855225350631651845136557275456900594666518306176487951606870509094319555761
170,305,1476319230114257176245698916515309933543521984356110,75851071887676047488490770365168715008772444216929591580631531545229270483048
170,305,1029963823073443447948525415577086717555209702781721,52657194571485708685118994761277271031744579370481903994491726003058436757671
170,305,1357101786389176706917953905827349473602691135464027,94838057498391147100714104962686218954397533094049263220451194411146151301191
170,305,1039724623531731470651936958826435548921042020969942,90296691032613367960547749789628288579632995648305348892454172821111737131692
170,305,1190439273872694985915311651496890932071127246828774,54370914665508746785505984851073850984823112082234526459760701549655615970779
170,305,1440654678735134469213478626976429951017839792683458,51175255189912856665072328136239126522723983537620201300491321811107429897466
170,305,1187682393947733085534963191715666218395579046079800,42576391241493836923669929050336415925488732286280943880910023803873128164012
170,305,1401882080827420401250538973606507876833748202780022,49292218349883650596773105277825992200582902677692587658920172869993898468116
170,305,1437998274090272107957303648669185084751581326870573,102979250795466368403246696663256278463874461552939310064218674400784546842790
170,305,1399294555273901422469945397056260183716823433048412,10269086382882469827841932482807668111102819655831301333732430953723994417838
170,305,990618336196772144776145296432475745035377934491322,97827351608427173245218951614148150905604780675297873255368467193369569413737
170,305,862110291718545975818648703482860777107655895900804,94674288644656046376282312046184945097041438495301590823279247644603326288971
170,305,1472834280242937842647225371339522137410242623145813,34873686931705816741009735174009407733682112562866389958934678909477115308445
170,305,1148954549971278880805787104403271806418214290087329,59394197909714290708063264082954646018605557074251222433532021538858339595704
170,305,1418948085704747097010064012035382504921685626762862,94057465847263320736293713361860475464817475912415583279582701450443199682088
170,305,1231604696649295192265051639152059051281236478115448,61003591741695715166571709410621264367880861247755978845778420331780308566349
170,305,805668240530853904168392409481237777669800780118968,60901675570095984885945889175824643365592093929605903787475055559599031301356
170,305,815976748853937645479173101601231740122878701689038,86224534163454216895952884563987607820447194921478191545332208194926168931654
170,305,771998585190264493378902858388970765435948331588517,87543021272090831239488847185161932030931117112082054398921152134700943246900
170,305,896717408797338164298415589977234262183322257035831,59602875758118822600222130173954336815013449265376116587145891406473201336006
170,305,1207321746757227474273793468064665841307598831868700,6617491060763983586426043384485709548977782290197487942661578691626726821481
170,305,998311987960259815824652360827760735981394485986420,93904029577048426222524298867160616293058993843216569513046717296203956066214
170,305,806105506968670660749934462520509706008320504368940,36131543441375889463329066363970608978353521111042448546114844695418409656313
170,305,1049047254281651909424483468263301915214095221794420,111295747483869377559068032598880226863254982008727792597038156103188680284832
170,305,856718185757526510825702876667611460927584213049050,14562439562490219817694642457186725913189527705827962090112418220650532282016
170,305,901415612272490382553196931921145832992212111084306,26434417080832974914402385788112796409879084536336405246378145994405518844480
170,305,1106179479188773146216199834865670929119575184098589,27455434298127763428455094227650464462824706696181443351785213960324146359864
170,305,1482048155207615189518147573727379558517578282313333,106848071422455127018017205151802826036223970357885540404031362657005547799985
170,305,1203867587304419706501136852261913934041662437548875,39217201530767661300393193258273841471162699205145705870484735772042252852243
170,305,1037086351506408336241301764810929373202346330159754,38565744924612527320410844841328232312770753176685232240554481958566481709685
170,305,782781789142567995338712448243094459150303244304818,32515868071124952964326465857819010807640701707090231714684709782529358637458
170,305,1035957256750748383410028857470493701632715443230800,73080086887890992389968652523891876806378386243836094035212388254813687253640
170,305,1189491571861480224987623754663066848197519900902390,65249176336166387091350634078076306724710110349478716573052190063806161742468
170,305,1432214831753877471778197825138827174157163875511324,81507799557890604434533865266646881770170914830465617690378463244355797242442
170,305,1239388995582574261864391425759471703459004820225612,18189384747588720822341232636067069556307366660223802239423381109579825939191
170,305,1240158062393761289271935221452357230324625592516115,24717773243942544309529876682423926324344827240205296890350837907757139604996
170,305,1229878855642649655986450768907838974500858124009318,9738490017979605081068171590110804494981892047303729012547503984498975320847
170,305,1388906823044926099080055714733969070795273968781516,59452877814988462611924486279260855334809228754085608611291347154667733280653
170,305,1164319394576972585585229706419599730098979011369631,87432392962572411031407830238920011798941442278689564669726937336948755028322
170,305,855117903038021099544299428901653065439333061208883,11812998709252716986488550196071908638619060249158593229499141090839622003179
170,305,1086644638765516716672582429716374369717612153635533,48499238473732517582766913232782505590180388538451836764591594081244035779781
170,305,1429663699300809165625945370157806170785943738172657,74367282543479801579784738145607019705421230673750187846835166087331610062987
170,305,1142169992108908316509069627933210936794747607729420,63548229496997384479925770276377007571276101621921725319468187680071960286647
170,305,1225791966205265501480677868142143238202666446924391,52987396079098902525707739360013478206952415138216463557297144290294744096233
170,305,1396324810122423147860178146591356772056064447406670,22805150028745283532820833556918799060108850461155292810235498632051173689812
170,305,900339547087046107036158555334273511009418865971660,23204560415211989742396448671308628321113727844149343560873644138255361158730
170,305,1366456211384737320181308957105549194553340583877924,62467319348006521925663574348180340047211588835760446111212318922341033511752
170,305,1285681210059251283201737191900238412190979158157439,22751867933216691202436559841254559311087559793109797749486635459203786710605
170,305,799035950244485358171398118720346658699185718405793,25716433297002576543611200204339799891445364224230764703693422779539657287818
170,305,920512378707345690066333433027702495454137979285685,19004109587982405300527925229100428911117772988588834971442877544774178528963
170,305,1320891631660908859706817388490613662907075798107206,6933633592955699028492083267178490388687166304281530222121455971109456751135
170,305,1073377432222115310314072356056822456977359759902826,55307387869139118039764727727366575845488557697917563704663015059533356878210
170,305,1013060573163711634048498264889378876825884134316865,90463452872662652014537293822271436568064773204298554653433363395754091361140
170,305,1027178679657288062002869245694014006272484225892121,61084113797730180834522733536834820120604869612287001770059031070932441451327
170,305,1337771599458731515179134340679349684834618632418951,81081229309859802574934176282258527009578832021261482727861154473080039338913
170,305,1059170418382313681290861760397888415476994461318542,26064439714617557520623267930847758292360981961294303383300356350780049698577
170,305,1465253787189390714272692302399432240458365378513914,11337973917519900743827468219533265367196000144904353880014731196059428462352
170,305,1083294581229237571859912040018590747503128958722988,114355817876104598641960913995212257941449069430750123062280892000174554732006
170,305,1106031174069372770310498295534789064745646584762553,9278006895527821843155744203276668415373228075355121329663427091350286896291
170,305,1121417554853773775641245419672295104186344500765308,56991293832469055749576497905510031908229999932052353104089416866990246178750
170,305,1329620246084959979463724056447941893108451804392240,48671408118557560173223712288910667376613307264416050258107408666576952551528
170,305,1122549929562175959454304231534870040427612324126753,84822619954650980575155002927601213458118147734010074177956039636729921120753
170,305,1320332910063929495125452967332169737124991877950228,76287888774042047459766702022553638365951540968409225038322607590459971166209
170,305,854243808041312421108913320128407498554607033825008,38178802757224563379863660784353596847167903376998714532009319185429661244924
170,305,1085513795299518112523200169227562054845728995069328,71309674565156985073878283622983408836450531440227031872984345556036931417705
170,305,915311569329433310138064915443143849221303580138033,48673439642444475506406677721038506754900418360953113231950936211730441647634
170,305,1097509824459655208694934175076441370673303129936190,44023364304911242330491733019751300736518319709256659066348433452103794095047
170,305,1278555310802071426928428027319990105214796926270768,8296065414778439424385268791452703047967651317597224973021463198247630125135
170,305,981734812465088089614044609848367431221215333084224,30122126472052280345329152814017274154117333669252882148779692298571802775897
170,305,1245929073868693578975768628983295668797104524503565,13074062891160667662291531100269869819541220127085777602845530877908514074946
170,305,1265634382345685281959667823391384566809907568776568,48754305824733534640136076033201207743781763164380506790917700833597650182925
170,305,1114179926006034864128820139773569333331253793076207,113562439115102056039477748268477588678933989869749176170164820541268989601353
170,305,1321907778130075508768341954789671977043324350941236,22445108152589936160186299052216179462992824535318744646969875980014596698686
170,305,1101462322676495864161323540007964128767581998164117,38157259110386312923075094342876458018326407961021042492483863923875441753853
170,305,1061090121622643904104665054056336288877065373310750,44803597241335896217561281546481277734472808354874047554959419219490232890207
170,305,1495327017910866665912975884260053678464392445441992,91306284062954900492367823099655081248824910933040569788878316918894842386605
170,305,1113331998751844947362024468151132661206273631941032,34975330093280659420894360694487979138772838076921149701762530445467527285685
170,305,933432398464411122304827736317373321230957386848399,42636441102628655869559371985075268878701513314290862867070366716745404792945
170,305,970601804851897349456476260630754119970623153715914,29804140836355934383479434485429014412211136208354875451030303811699353299401
170,305,963949023099416852081694694088316963002736677834740,97381940532271990218826869449169000251363088443398770996015066570567935720975
170,305,1206793253282444568656936584733666848070221485486484,67397747334321274476329753368664517514088529445044660402899469823096754659921
170,305,853876063949590906509619539726950577444700903614488,91347379385259031946564974581814534676708809549432223766436397751247957223913
170,305,1483533569453507386395837548770301736641559233696896,19780812880325516201611372248946626067901200749678098786214615990976053974184
170,305,842100820652150937262957627205756319235551843620969,24328053936742302382434795606077048916808008668939807054505925848505247311314
170,305,1485063889499035995899171495079597916460286698506213,51053234582214388894677798511822407685480319905931930531859699486467146122024
170,305,876034704131715303977412620143672935142481036224839,1347631043138542074667013190043443127051851352378106612023985170565445515475
170,305,749546877510884070553618147220328218469938101540627,4735211915174623176957982733545391637070267590235413989350990961839929376769
170,305,1282379010328246323784640771593224367286165940092899,91828956779980416648379054850610901485020872176578031214358814567409688127155
170,305,869076153570010054091294367372080010278184210247738,91067284679956387579547114554253635934854929877786735031140017579396639876051
170,305,1081356236011513371928101047214012437140401956285468,100438071095091788869281091831407251052785404129960647945871074610546180219782
170,305,1383631576443838546115358934057200367068635115976120,42013995384056803863098711520053987490058959352811006194693748437353750399048
170,305,1279316583280886550749808264057517187520105168711507,9622041355340163643641395949995996450162346467325320540503494740729162813053
170,305,1454000727122894784902920488683818993410253881289865,97010503083954063052677196982831494356687896823605406209526210878339627826618
170,305,995477682345551350135408530051771373522596844309106,26753888853407936184528850958527874941045104579912603693977700952532341508497
170,305,1220410688492496949886459900428939267976567093766781,95129143907205277937174556263972617307975028745199494707977131302321471549510
170,305,828745569595747462097055263471686351411921196876343,19832111708956416382710751259750797003295153945753549963680530988780446554426
170,305,1388676514660388643223147742495501685539716232903217,101390021096923551635621438812420786482032106316904313789011389710130230767550
170,305,1139897654999879149728202234904004848340154497124344,68757253275248532709057655651970658336344258866860805947520329230239114742940
170,305,1163557471865142448932974511190022814275035530394807,38209329279436317441947404138464697249284206680979259143782558966265213935845
170,305,1477276388479726940403502003951522579400220313615781,102385348587207348695717404072807976768960112948525349842901624510970521197839
170,305,1058638497154904469295805440087425813646089458151818,107531597556567382990546135785454265050966384417958459257110125755152572885419
170,305,1290135258416852327521358795340698485586266070163228,104324074341764366446739354666895374954176059309154862691133604125112843638667
170,305,805552889119189508332603445751905753746959362254288,2282787834227283982006746412604354667609234429029147787361685591321201622365
170,305,1127011612048336780913275961617311638686578811529178,162618416892765771376823381061143252016724679197691918437409791048985646543
170,305,1477047805300590766612608203677828130344485539067197,35176542963167253488590904176781252094778543419892947288400761859299004631685
170,305,1219760077476923859027493934853650297315528062733697,60825082865436233525317526753828063141900095564337089976980801074457046671473
170,305,1370823580514338472305942093810676404210058210680971,49522801583640430928066211442801648889662129351077882932231452149949912783860
170,305,823214947919267373829668267124750204531217924959846,34287126731829293372756892047007148620547646243505110216893113890345384257153
170,305,1398735607226432493639972947340817300128619938067294,7631898417421371862217748318657972249973010925541587125961362067388598089150
170,305,1193688473960470922408373932040575742693681924902436,56635389771608613082537478515323174816605795019126674492021479669661422797407
170,305,1478690885427787245027010613376584869504366162414205,82958474811509131535288271338788537226031026745426473093247013760881159184483
170,305,1442729094591917271710221909412873069105135480787509,69198637530460956135243646122708941687643361599694154308123031091749605566085
170,305,1439801668524195919608445763205860231740049112917693,18170160177747696635090175620800978836020705271793397610893320958387420910325
170,305,927583223150470943810422823672529361289997403701622,72980150892433602887145156959426088527767561892809424943072200155975755827468
170,305,1413649658464743147035968497951861333677676844434182,35663193684863171646159719404128903859850114403186773675412039177870945174016
170,305,1405170202625503903524885627230971594058356922973716,101502994448283740494476310237635660772965196367136937649111196442007676441447
170,305,1347243501224589759144097675092478602963951636664979,64363729715766675352431413252541603309582271773902523961421987338687186112781
170,305,1222715137796340736307479864958040301300659647345741,103113058471586295785948760141074579025458061547813816224631195944763835691095
170,305,874835011667229488399819832570333406719025858375949,26922387345934180034277737398254338887040286219983218293831501322062632463214
170,305,850006630919183748704216287273122792507190668308395,5952861435583979019956463700518065098411775829025610440050717701669217768274
170,305,908380348121031344557606906330627941014237514303949,40576730194566194315765199477848426379591496675762158281239107488075543710030
170,305,1171359009501797500124960131127483290442733008096272,70261360939278512631058056960865111214023667463415729958901346224400953555902
170,305,1002659249328082690375047612383513097578906504472723,84452056042425407130925711499966539439192057334761660402458646545982227239649
170,305,751974102578715133727098262768349930461533859528790,39761644815946737059179456775907179543613787416997972609072573674711242538122
170,305,967618127671653664445914311127455307506552744291266,70801131013684796446731641575525723679443048700943740418372905802795650103367
170,305,1333003012357609979762880938604842856726163878135428,109283549489754649435198605397157064526436975762513987508813111969848616154704
170,305,1135103201836484660070781266709623459484242697130503,28685590081794562566158335904211356287580390588878594014255676572217190464714
170,305,881086756527861254585772484567737838877060068800331,20799706310355053544039336148559760774287226677088220641593886093682935638063
170,305,1128535493101094539823235801404665202105921203757051,41592449552287000465610420480377618399330091272446907592682121423424148388766
170,305,1408497428255760627543361029658801290136440623808224,106034708805908040964032097201049748422542212266849018022798432357070360248673
170,305,1153614544073097240556721463200347736877671148425392,7176374652067905877921829342234764686428806189273051830246281540439919251660
170,305,1177196544203430768681510924692470057779657263307672,17690313038146154615312222986232288186575987147550882177286957415582307249793
170,305,1247110649439482686546973203488631708026133315030947,32599992855293397964677211702720822004738773279137256726507977892671773876705
170,305,797715390770812380468042112292007970960969871249750,78806410824155678266748807351471902041202160741835276614483761494179676360739
170,305,1030169310826700129238669922185613834423750856616814,63553958825962442310430140515006732923883734774221941452179074436403816937007
170,305,1254248816580002119120377786528809392206057359808791,36684434535671136269873937910085946601206879660864116162966133528669976295317
170,305,857031602106795555066830363221916780309890249729230,70887553369396211389036144005643303124953940548277595762957577859715448964417
170,305,1012783234011534189826914828897345291309538534072234,58678753212604259165430485867787751637838990100344083443110801828141274719364
170,305,943442595942155466467779548952737772864099654113517,88419867124158362530854372580260328352667247736378966131160823725088761513421
170,305,1111598830044709762541461121190988793863762624238212,44254136943362607075169384606207807417403407258523626009302556309924508338728
170,305,1438475650777520844902795656841629570641570561092895,49259420738496273064455150699396162741291817837042503553471534270811520318427
170,305,1263998990638909862485345856551664115161748180604046,46121580020528029389310227092697414667954140979672449924339825546095190286494
170,305,1149148007969347731360248661112952815553601255008931,8756606948353862389763816040553130744123275727010575425222679822721196090525
170,305,981553239405076318337952716677775970397041843597877,70211324653833366543877367918951314291969818080734532258778801009214827229460
170,305,814749414153076193717002806822584387165062089051386,57510514369853224503744191642585684456729749375413196699759010461099212818442
170,305,862575511787428365497615124650377052087617706877389,99155557273804095095131234932553205092124891021057098653804612755838896771009
170,305,1485859971032268370137164417612043588771506389108264,65006244595297345910589902298985962029010344970021214314226005023868029248935
170,305,1131088516085683045215482466071297106650571720704666,97729205272696527882212119214596842529823113141149959995348489809822290548326
170,305,1449334970288704248110331429664129603276762552853021,82326995183354105319623560518269089300135336219829684606497093264494065160140
170,305,840089268917623341278091085475383243009098820318558,53178574746131928813488333998018442000969345810022119805082241005784535891944
170,305,951714766093648014294847779586984272995502651797946,28617776898571272471232220074359200951151960297668306047736933333120676545542
170,305,893015974126129611219082925938687588989259436893224,113757531716338301549705120534721851623165206770750233677082577281151751127977
170,305,1213159849691837441444662773980724877171888059598440,97110099311390222950317381770604924634069124967065581586949960766784789670665
170,305,1351903192698309525880263745670272573602228262011180,8217096269597465875487296383361545904546066463100273365905558054231110714174
170,305,1478116248640661056628892897934744715460683037390414,81416825239333104662123572800639935607595897957705377561023694348945215349414
170,305,1232925694925006153887303339081354846293194686023235,40123039250569527985915883064726222706402320063656944708795753460441347529645
170,305,1039663426708159955607862665969377870434720312295255,103040530642240990382117494966578130282167074376937455080440776233527156167272
170,305,1113898101145501022237244058581739008568296206638682,2773287824708265722699578130441185285376045030562172302492727778133639301161
170,305,1254180912580194831839396714261162951210359181911105,15080687454622092606465402598241704559432626139057640394624490091412946045793
170,305,1220940536286895554400441594986188582694480637943240,22662556776280333915995381691984868022107637862788850130334764657645827454466
170,305,1191044389221361806179833429386308205094367108831647,95760558971009082795088489420205311201261733698213670372586211113712048131376
170,305,804865349212353403859150036305129457366789191627332,106928147836169149187412437725833559439311301797651976223143306537086087539779
170,305,1336554923697885248130050419602573415718662432455949,108194761786078033350493206224465385844312794871675540702312105778431135565416
170,305,918900374748829300581434365634617841483633368875763,97486373948176592044524444637737064711953192457537323769394404185886750209663
170,305,752215422940291494150242043846898552289074863076309,62831125181640619674001779897329124560664456900036432246284924481724381349232
170,305,883032295117935562701256153276465447017433175418258,91353367167037802964017586063407131059139464921882878392895874585651848202599
170,305,859321121059513651461127186591254961169283131202242,43582618202065700413260006141417087206294357556573915773153296594103638747650
170,305,939607006584668642723570776836221417948491214748159,47368054654858385263765005020561482692883616905835370761016607602972538159924
170,305,917595866079375773105884310310190045838759965551817,49614056721878088365441774384204828130016245435221165052314522130062715966927
170,305,922889402513714565722390889515979083907711639994378,13494384692261806890498182150655250521444047236826123258271377243678536102966
170,305,1379878458809501839716729265671321853199773346703256,56407748319125938538314900326483520052059669280613184889922004165914580249935
170,305,1253908859673452413745051276922622562936270414283147,93318617042824157637990147703560669605692954544437862880881211004716591124915
170,305,1406265795254698550498769364834254729920971357502281,77547918507706036816101693547120431705463183362100383809614422744876205207656
170,305,876001983277710882266487362458368456143559492823684,26705064281320109900494213433194928841309604225489126743162690011373306140519
170,305,1125961903342619495925814662458196595444590512503469,69676730669084426570493754995374271637472287705882439446185266511038221511733
170,305,1116151231973164465713411985807632810186502641976950,71785627392909673530859353810201135635528427609552467262409632428533563519447
170,305,969770833632876385660376238208494347741676252662234,114110715041593897850935215381186220377035274891263898512002244193213358144216
170,305,1473224088087747989598704894923503769034986805635251,27764262200807774069306643484419162500575669969997117191839572832044807935603
170,305,1068970683545552424196628421455680453030334249292455,96904286009126184891801489082918408900416907163326617804620573338673359301241
170,305,1316999918587844895271233083164988942789362506395014,16877979984788422658524087827631486770909528383497354654623179998116711632531
170,305,1336839448677066728727680841102755122378757138249830,24368241319160726179303645787778031244289905428959788255234220047686137278249
170,305,1034205492564776937808932240492421694442241674525997,70944934874125602709920856894658295084031764131232599742640988377543511506342
170,305,1426174438573320854046594768591428781655592922845456,30971876741855147743151218680530788882638101463994621970278888696584964424932
170,305,1201913883832473465190986667667489832400421281262575,22293111005818599537754552704679723266964582558999966854567785731918019813891
170,305,1062743492060827738014820657015680711372879708561940,2314030651733491185297322231397853567558636878652576638967119717518986430202
170,305,1455322719154998144595986529695801729196762263105593,102597220796688454767649850300536065844336570249891874731841288356630168004446
170,305,1092752742978729589759492903244984109839883595618003,41541100321035177611027493215610081998643866794975077133624750878451231566970
170,305,1459925762532311898846147517821195007079477987708275,45223274081194353763250491257579190848522478042232434116668600321161908470348
170,305,1291949546425151929867291273781484243008756838620230,24505110010007293674264404693373575045146348006434409768976884102488783781441
170,305,1432120278858600441712291659920111264343608306379968,91854074680404748062536078321906147432765840826424083889334099418389794107334
170,305,1307111752202575397783199955079229345828540536724433,112017729560903187122310435667355582270316391675358999650361562996854085253351
170,305,945879235941682827015113787258239521373430612134029,56831135699347671634761312081966009473282731665570715857641328890211929511233
170,305,999717591246897513920296867192149365266687021814781,36305614983051391939443424963814456146358328146798827899996334708929672395136
170,305,998237825004071537891945569139399780497917976037522,31999108218286834001933905703374312000745027339150072260510228825537485542493
170,305,1014433970549814414879465052692790336262709470519714,845765772429405406969762065698199195886604650349712419916402394114975932776
170,305,1486989610660533637137762163851319386245739626652741,63426796143579176140619170526973615685381536341756228474280063336218250556346
170,305,1017801745309405024413963026089873758382323986942466,94949939424930488893741218307193748477779481014488379836806149021780171571125
170,305,882163636502252032548846859485929331758644726904639,97458336964756896470545673297665882573520226044060254257180348895731947680607
170,305,1136575846146654624582714508959416143136925728219337,47174871815555327387592342458265986684986317271484242688779045577129076431937
170,305,1028506450430799161142813811720122033888951584659099,9862285465541366653436818218615314522115693017801330614208110813796038510592
170,305,1188093947090990440203277087168892402215793826519641,66749140296783845444607245111608743843687360165075496982992752951332201971361
170,305,1157990178346379748755036709165713992757517625859669,60134011257236491547146245122152904416794177518606231553325376226882174129867
170,305,1437698779607934943765802319286362560849821566505736,86346847204959618993751708594157869836903351001474966521512534980190606815237
170,305,1183496479323150051842044083520953180198155425678676,115094803687279142058245903680010549388639100387446357730718421737506722679216
170,305,1205328459880782519471785802842017988728885732610867,57960244329518072909877807396695522664558849910656932663656734702119566010740
170,305,1046955503004976005748726738730931324758031764511487,1540043999932335240203006248722690823667944549880357871921233006693871866416
170,305,1042127139539560783277102380420810270060043591890855,82035634317406956921306835491333802764036991052044875213074162093481220628908
170,305,1334266401521848350433656999339988867602505594733272,12147118364764479480878650604616115555887856050954259758438613998396192576793
170,305,1115407398886644311603993668997992932713221007758022,1188025253163138007199455099274957977166237595860255204935647643091406657195
170,305,1228291912921788571787843047112535094720726385736510,61003955033001020593050379865814712421816761728602396473390981115710487007969
170,305,751354129313405407256731063126185155398680559399712,8691404012054972090503276524109008369118025588127703785455392220195072898072
170,305,1425670293448319530591425147583125112123492439863029,39677471433772088125027582371415471322533334353095613866869740640863049302847
170,305,1053851335538576725809571656660995960305360046660362,63159388758804050483926473645322467536793754060727635706673592528218636742096
170,305,1355764814725114281141974481773404505043949973750213,3912998972094170690955284419902325481061063301457835109837993692697062611068
170,305,789068436877327597579060889236986473850312312197406,51427410730819190001805771413135416684911242010209780173803599534435343546761
170,305,1441069086028215930022499948890757404014695576482868,114043345571546531565430076198202942156567232668987080616193985042231160366030
170,305,1176200656854568386728544467028344289659668121039902,10918887815204153082484192641800469151036494521536961631750745269630679225866
170,305,1054951554676363403880053860028874734503082840575021,37941382677485897183641411520793586433856534632669965877427437818745006001872
170,305,856239432998065328732698626159625477074117305393623,111862513067292731730517738606482363585075601871543438443596044343072587482069
170,305,1046291837574233850678317758679496064007436112062687,29746891239230720223189487575312372775544406639543536494925709660368105644928
170,305,1155823847515424111644689148243891020669152525555375,50625691236438513908791174008752230158651105790783914294185404111102099987486
170,305,1303378961083433928543864962861705439560335425713330,53521841202898796983050211612422329604408733525353626009874926396657728565304
170,305,1351192453570945125685787563098562101070849554867716,23871657240858966675648225991962904838514455925650093337882957186209558064019
170,305,962902614606768685465208590187731528058989072853018,79354604278313837193303230924331056743402431388511070084018867016895874727030
170,305,1439894060925637131104577954708684677252588785138823,113672368575823018923495882492439678121355669488749166700221046883835575205184
170,305,850721284913285287354935449781817321385359027965314,95171061073715573417344832153145621454219839582112164043902293023223047133009
170,305,763533747196956386346727226648417942243240680235325,93237006669365834061420481372458172442774681122507600897567673405297286468410
170,305,1046843587522449807378762986373394142371014694718155,95621943587736156947907470612619111575180189998676065022401363757284313049120
170,305,1283813640598453359006430490233216957362806348957121,91081388513765027604666065660204512269813168756841684372530438537243475330215
170,305,1374794338664021064282832250607615335014902312756472,84197503588075672261297467344393625959953893477177053171653519213433740163643
170,305,1467770266939748703494083773831244444532963903274131,65486624954837242497888350153631678457170468979765528104026332870124484506524
170,305,970321793475803716328829203148304004979086748168800,61584815717588573706649289837919043934568457520510685369872423684036419319617
170,305,803781911072477276391389381532440405057530011561136,100025909431869224103567185183192613382929554403298983845835398955118319288849
170,305,1417325068356561643616854713610364213256211470797020,35145920222361441806557507400256496997851543719787550933147313926213544533705
170,305,1013860077758713361485371165968544225105570226927786,100556373466468892431895009614692304678783747314795306412928715306693115588745
170,305,754121987206939428494613230225126424657445188684661,68383368495869864414084980070237479478369717096801384269994019685812704867243
170,305,1334056160232494205784065674431168393871810851806452,47288457975937381360785116724623225636270170373483026097855133378839008262325
170,305,767193033920659124578884026027722466115559625375459,15710020024712392917316341148059651162189890089402934254031880956938655397662
170,305,876721870072096466968310061523558666306448113943511,49708795514807838925589617964325260599150911209909979353586776690676218059155
170,305,1111750085841646111690998762295641646457000042151308,73466252300577083793227020077361443892865995828950281064269613220704849684556
170,305,794951043226336783239993861558316459423859221200069,105775780699410443940495848655569074732630213967622724573075586523909228798715
170,305,1283423879043421617878765935030400277500654644087557,59800670358681471166948003421697041016332816143632056555394251597789183362198
170,305,1121373474799113615758007109962502807815868475615950,75637796350007937659789839322432015038497033317940534994095376603743626167955
170,305,835899934128487965681657514408134288626208632214037,40034363796006711772932232662073707750620707014802434402668731613889329138371
170,305,916036665320976858823568790931158714024457323278218,104933796969558624210514926088872608811217417046320345884719212365800873851221
170,305,1148567105513973577651956969004698908289942593818592,64686839090843224951769329836323642300980663600181703145201352257904871618783
170,305,1037272015909131730024639852842825560849492964330825,89298790603910100088550693912653318075501848466577057203960487986294796851049
170,305,865872722379863992318494536166471231152339314384204,29325871219643153523529649202886045675801801357545064559203116089208819303443
170,305,1198852431821130370108534517331666525851703242406464,53370242590661157098440860937183752809391865077253755192431383913088103230704
170,305,1491124340742766222297334701624623420164466599896684,78554231875192004666830560017945011136737647570874076918020202831751172718067
170,305,1003084677582438758572910506219069347373408086621533,35675575685539533685065507657499310954592528447920124023088106936933931441875
170,305,1327885656141230039293911108350230763182269077486182,74743978308368501313181606280803707188806745778073080970287423851504529133802
170,305,1300763466240221413866103021117420388700356306116269,47764140756554696734248713791757751757680396990231286794522248979692864813804
170,305,1202797394434045952803461226738841484893850199723965,58313417412517708531523396298736980489240052594241455445010321287534412182687
170,305,1344915879195319532155248620515041800805112219830902,61913552535032630125604949777168722837480233575325533957751273678074567241662
170,305,1342750705373823320273157512337328412307412776907751,79021163484187327662195442268757926296323926448472202901674133152705895706461
170,305,819699197979980501690286255245244579735916624235431,64107293098572272580795405907579213708786835511290251096412288062440153230891
170,305,1197024414277687622570696625725607377090189757960968,17673050064231927581010162675939746372335105521087226985996346535606130152879
170,305,1481566768943435285688908442389700369563804668513312,110820022704343321205462682202413486720870052122222037425855231531604911167691
170,305,1123785664960784870204074102246510802061870936818795,120553935288589076058708761768840026031353977812649781667906599822078528805
170,305,1191162091137149361312756469887837059176449134660382,52034738172990900477460029992636736502248053441216500099987706510492599883903
170,305,1019606863814815461267411988347449411929688630168540,15098826627139881608760618711283377279381295912790130053872792866706258045321
170,305,1094309658781196384287755901775675287949673497677835,56357835119143685731617928928403242130907883423926937749541820737040975602889
170,305,868560236478842767935530992594766529783469199980932,97368730629103267448596112133093711099560760858447961447918046655878185037825
170,305,1423959270968201795092171701436089787099241674461306,55899248181809755195166537455813393987503565722169071064224919429782746138116
170,305,1134607468968573880011099347086693449358821875407793,90507075484647475321827207537952581880684825670402518494258942061616952326890
170,305,953074796114853425054979449603631167288690042265544,108817379325147840814456836605587488687134675317081330042818944755680658457020
170,305,900756990850670143029241484733892861302353796246862,20055950521732124430687825990449411856954135367166313921127988409191562244725
170,305,981913142772968247055642756556888688672037168716340,53192183558929187278226897410379488867526120423569764946841429983547979222870
170,305,1050668250245109125388320614246446983955893281973009,38526985023213719261833857865879290443313981964382226792597188001656832397145
170,305,1334637074774854446765811190806753753608948872470073,1396545438205234888948540037208617474002256635739711853279952156730364396678
170,305,1427995186488188865409854358149622198714593377729963,37109591193830527426962235732704024979106469813349009323248056283135552036392
170,305,1141231243527730378043166212060263737198518914715843,46035521782601418169841586722312967393528931563704672315408447819602983523199
170,305,918436188643671573507661270700083022655272337920493,71392816132682895201780876426929023162400077610435902109493548586779031648623
170,305,1172624400633136390271412012430972704732524912362900,55218356531061621415071598916829742412845463461220928593934270156296811920038
170,305,1290190430854585277266725695058779863594642471112491,92296332610965313872125350081131530262479372529265483165193360476232142952176
170,305,1344455243231673438883651870534721795049200508556391,8560434243343087945685119094115125758011892854179957543509352527435380369939
170,305,1330286990301276133327527781268423491341041711175395,962931712290664579684315061138072992600908287379888526404240704078068414003
170,305,980111649858027994800608968595627125530887817008502,69327558885881226798204681487764046978552259655060758390341903398404305062678
170,305,838643270369465833334794925924385417640142478954571,55413674620308064185210262899469700438482890021361092090760587954974222418293
170,305,934517393851058891085154111176827397337045858875821,4574723445694828855941623055659602868881283782427927222515605961697097315951
170,305,1154295429573083855214319776113097240580865890005803,43935110646601850301411794293689386519542157332419718768649757533868252162503
170,305,1204900794502406726196850443337374894893982821167289,6941895847964448875927349650821187715464117835909996573318867808606316815766
170,305,1451535619771974826683343226391677466378585812321253,44595991767464120592497469854142901971533235239357752758889826292339368480932
170,305,1033471410933795361339280136434782252709866028741531,104859920464024999773043889817659165492104041412066949538054070383374830622381
170,305,756890832181428747547872161819932375016728920004857,8561889935732362951718978294655451819764197549695474520166596290841129565510
170,305,1136161659438501655703908569007980071273986046862685,49334051282958225602940043852873209917925788377866661020506304282309492278005
170,305,799094107364042484066022661204490963042794094297108,34602120542801996893500534216449961159798286739018960832185679511708810345088
170,305,1225395328995840270122898584083351134817558972536787,80452491938287054611110227789415646592583265850901715063654852490780784383004
170,305,856162705055433439338730367576129128857168071948061,91423300529920017362132838277214132097242326476346258215706024320582883642070
170,305,1028963610749865051974180667255362284623996420650340,71598327900688079124824801196914818393984924669216787878384424378728926163306
170,305,1421577517645990512254997161842552516093371755095895,13477776912922314132149079318096042054815418338802910887920638819820333459437
170,305,1423407189769601146056304327289276925005752513792949,65286273810840628916377901201020053999823730933202401847758974973160340334839
170,305,1113307103967188427921844452455875479724809555013245,61895752799920108013645699246475183915330812517867286911962558288463116325377
170,305,1049313852078399227574338201362757269896268768754296,26067531145275703998630440310597131702830155233180821481423701850969886390355
170,305,1113712811421132292123966687035900409734530328161663,81570364116297834791472917710533890821108256226746615482668546681975269932621
170,305,1095358459504213549190924931020815154560964099956045,1419262579997756860090076080242167643405590098790567030631048192754943899715
170,305,1457058024579692454511502702547837187687303955460188,6198575032033380275653546201556322464454503131616274092399609115273002349347
170,305,770750452239973223248918460703694897719447934687851,15198935491186667765011157243688595539787754964877034861557616578486375997390
170,305,920971435944533074759235643083149746559535016469977,22867695723479448698364287434935798588172878953411188939257434634440551655253
170,305,1416799292080137935811885750190430508535689052743737,11810411761318334777675232445500287515949180884579460802503817485230267150353
170,305,1143017761771887924904801525863693461159328408932182,77475443569075093900159078887235721898684509864725140459639454173880273755794
170,305,766016650472820109293952615663644618375929240801658,87659291370290048984747442259338417615253607750421933418768452428889140760943
170,305,844151571459834765463400154169513836132267897789393,7307526447693960344290724319412152767431945951629718839643485158093925371942
170,305,1108087156431331645547746757910586793110637198207643,21154287473075609997341395500523939971467448346790734282409628663203248402113
170,305,875058744278497237728036220243493046945113136588476,24098319394355743143803502317819772124653699556288378633372289819365690735782
170,305,1016589618567601301045747755451872647032995783733704,63414897955556811638123011993445070017501781611666943672220365578243986143872
170,305,1000622906754038976340171893082177743100387156471705,99347853169066433921435472168952183824412923351070542016090196524712727198874
170,305,1011955159569495285347073938777011242358867985228659,101392475872009888610759802783874490079160054463350165091459308070588069710411
170,305,1056172224324440364538305914149955872624427946660491,61461954502408099899212018786570157703746383769413011790528513365334790171649
170,305,1160763710671566935756750864397083668460950249198544,33246055235150698339381524733068480666299028434294671057809840820214166317911
170,305,1340754373579299171829960806932629753952553870990826,100961709023113916292012077501977939634573039474612561155743112298652393398616
170,305,1339817401648831702685878757848513190582486030785656,36405538711625500315648025830381006500292429408695719861205686088784285293537
170,305,1481774973962111277783260357025207927169118516487941,16890230381213123616975587504877514095101867977053303368801342975408738791908
170,305,1490153527880551044448998558427002842214597796494841,8355344682066154264145413435501775869399399430187725207801287719816812321097
170,305,1448360400843447290736048958485583642065507151183796,67387945155306806774957360444391176808982288608026114760547421112077095228221
170,305,813804480783657249551939233295562239763257614444983,103456309442501437507249070554407370671140655376478179015355901179188928694342
170,305,1481023893642377496389783135513154136019450865647134,36755887397025424402821164009842420783933992401725782163417477069760481004005
170,305,1019925621949076951893218433000082067763881798629051,106695910179041435338727918151432745582754235546556516877649342053989630176196
170,305,897307261460067517653319286176851639797652444578986,39031054780919001578983646467202302690081963137228845497587601038790883456915
170,305,770698421199690388385663189516049614779389945342026,89642874875705570613759622052963643594815771009121242584698791058274042676627
170,305,1439805540837834220305188212678059576554733471350315,112881631597206935649481755294145967393902545736717564075600682006086634877010
170,305,1023078928260167662506255638226745590914329898403835,40170374805678544178214596111833443393383120008386801179068986979558557108734
170,305,1450911333602439927952917754300552304238782094304891,95172820032986914835031638260416875183215307759224900253117475920108327004112
170,305,1315085830553681207506381277994184083778934443663029,91493957861660507147483021551002747135030311671466045800676197513448130903511
170,305,1425873377780959545245405114081362681347784647285578,75146235494992490718559891634146274569429525426546960593161220684186726140891
170,305,1259655844852680420642507291990747324265178862058339,80762167076833433025609322485720190796259213451081743017047410197868124559780
170,305,1186950654030452300134979616847014529338412726870920,51887890441669251579550077588614431144569883998145321874836758718875211043781
170,305,1289086758754519724626098923551549526475061071551318,41178837660143956536482303157514635523515561854910767313337620925543999472569
170,305,1456135700983421671793673798319924831741450909637801,65962666371958492249952188467171097936168149498331064507701064719460348030941
170,305,1344344358090048296445217740016011474537044994536941,80893617081680858965807866444923827930156122830921762153017678474575128503253
170,305,1108825920135180698005267671207390055713126207290195,84303842250712765205699257728548808174840496376472027576625728196313825812565
170,305,1215746935321132114724692065259189014352886757867528,72575117870298328310337484944823813882382456353783257213710795044594097761513
170,305,1368957546074806336885608817928867357639900508914716,103496177952839507397875109663684731771103362033285813338151087107947266261317
170,305,753547606889060840332252353948953078948183362621598,115604581478821688355937201384945714900663939803443421783355559446597479288914
170,305,1318172487097706971923425802723525573044791085528362,96985317552531743362838822414401050473105125460234477131494692413088520108080
170,305,1259788968674957151256319827559365177882065281528795,79692506575061954177398468607318326831922249945209684836552064871198032883268
170,305,1063818417019478579346829108032727244097545820590458,41620565842094829491929577935043232965361369598682755952544026309746476732441
170,305,1013698984908790111069820865731215750246611564111408,100358779579001590279365502626442767356069002797187818844688666234256595618127
170,305,880373626595113569804782768663045633593370504798270,47867580185496641157438880582279890133817452594863330041191122537353764340134
170,305,1358521865075324625808295026299698417017608045255760,50280913774622878123686779749069159602875757542869903442771505469367493258249
170,305,799030300391845148874819174897077261893973613541768,114531094865569720127835534429112115108163274526834124751198324612438338039796
170,305,1311020319959549176532630962781666371237934576284039,25674295207626630326768964638401821043698009569865336108543436834525893737410
170,305,1312113047033938956559259355364144965563350845359521,14977827409314848656195570891893536627828603914965643520865696559970613564164
170,305,1232018761779763122000366222306966184420690518634663,2610344568824941279165654104607698686938036002801002431859328117279325040794
170,305,853676463179306216741870689444808886856172759921935,64428533800672032097653760821152611805321479905222094410355256157208213732591
170,305,1295497409303810784878333923135751251149811929495842,24948428163064154185168827217723334547989727343290590111027275929369219963494
170,305,1410653596099762436345917963979229623682540762755273,99657542178533256107696715848038094687580785758889611989352261491546007382108
170,305,1471852608147528076834489899927595087200262518771010,75889115050301716546856640378751147666013212603941552257414877614840010445058
170,305,1397137879668105559475106055351082546917009454731830,109770879374573383789753761732477760835070427072973881779963926249720298705327
170,305,900440430161596269891341210010744800919112479254453,65721484196849117812730086771535425660931035977674244976647432654044338143634
170,305,1137440245959630613847757996588441771567904110356452,17984947437942298951287542966961662499065926033283464673879175204131556696580
170,305,1111624252484904290217347857275202771341312572692013,17117552883576336662871112591017633450515695674718749687601845723022187586067
170,305,866064391346850371814342492571588230517280027895321,72946174040877759902331115780660042125503928983683802707942936276331694958543
170,305,1169589297638050660320402332982701411170417749805309,25715284107957865847515680462368261024245814602827479492079144998181020363059
170,305,1129983414459472636258853989355187223283504513395810,65874338790068641719216832795965905576358289977885515179107604417788591609023
170,305,1392056628312290200414983582606866623602155512186749,1622671325770696963866605769035658859267320104839743079922064177654485978987
170,305,1218359074031922112691891938631939050995131719254941,109766564134146870970756153265712736732530084155333485622363270476759254730733
170,305,1107911259780229869740644723289953890956978834097873,30727527818559601584415876060094187063200962619824384062961835679702932797537
170,305,893829489852685550149313728464600333325190931965738,3859276080055290321335853687349646479275471982444135443580094659583861746097
170,305,1255883058090536124438973684886583024095384863793203,8680785781924733716517971243028126839830556207692837299827393046860305175728
170,305,1111911180320407896834328914771692903567032670746947,15100003494191341077741825373644534625418562861850923007601148632622010471324
170,305,1185567320528882074748402643992723872489145324174420,67475076619171189606639272455048844711183802280683831934211575176694061372566
170,305,1273718832157173751747727997648119930031147814179157,113238966885963219411170134328046117909417198673164280030290568547652284183062
170,305,763445849220003428987394878412169246979224856295509,70291956151941707720747406727058519762270553128624696802446595737711069102819
170,305,1319351583181022646345138928480696465138511277860309,100121707711429439732492178763947272997438901038619329942565896273571511367740
170,305,1183992499414190344331884103095975721790097731252741,43148769024759394028158147103183246740260874634501504613120341606324290544790
170,305,1168286045079837597608537081621823398852329870893613,4690949163728743771157113079515916167964962449838598080618528529552184061744
170,305,843548457665751789951214354038234287653093029961040,5487736841768769607104574926656583176994521533764036438075694626140373695683
170,305,964267475646575876495180932913517126626250466911962,5272096904473080885944624211190348621607726183465782485040021003897385869219
170,305,1354045730039801447921940521318894445422508183559590,103047315032236923746230526752384201437893900734840835454255455691324318322913
170,305,934771433531020004202724964917904619498182568542462,59911420560178525002349632599315174009514639246820105071063720898386550822650
170,305,982425984310778992470255423903806783843276410315544,24029992484315069562898500191030064938225784360590350673963051274727082399466
170,305,882191390721150267752322188970080522768925949183759,70220973488075959354815261827823622853160484208268712716526349615468425414927
170,305,777920065134103844105270093749097822675454558300532,58587295294012019655620879678071323301995612379490041194625658341348553438278
170,305,1486153766863610447084196860646048315860046529398839,82834998785086414573227032808881974585080945571043751044322271887016862453817
170,305,1339383259058022349979339921383256489704227932790720,3426055274023478290185522557753465438872082454833937836846684582648205110309
170,305,1101502156627656346341178686054688059363092723879489,85895407775179428310089102081975689232190736101994116785227782487001283516279
170,305,1283367651064669213476232573652932651788320542386022,34782218230157458146827531645846560997083301080594652590690910117747958781298
170,305,1093935961524212843080602973729994637760375412139319,83549043558934666585241959394399671436542418238317525481524550802838546083994
170,305,1108496394860380779761877471223183214594613556610653,115617537746905394772296040202344345971981986440730700935590224434403587395017
170,305,1204924274891708524374078355565786750403727146855554,80539137359238937343498277796560059424462550187103124841225493970674178352199
170,305,797686968285175455396753781440799815504075885571795,34187859601122077903354473103381115468878926815459299379540517316915913960484
170,305,1349042862365712597870028686094114485919976866879811,44525662770899625226405984744187153779894601939655372081914205265388608718281
170,305,802239615129407650727967215456118504556521873892587,22633712751753514055933291413281692035148002456919363206244749948564356263043
170,305,1094313752496041824542737964490172481679443211218361,54390149118080030119610806962993241308501355065880818029189100305836082366503
170,305,921591283463044665234801178259334381804487217550322,25682599454995996220596978880513378816396345946213568342263958439135113855517
170,305,1279826077818932965627244251702575410326799265936167,47159758006641505727413331291056000871106611063554645821145072932699297148418
170,305,1240535469327947264288021798740769843189761071607440,7492001449472369940800822362486317121933693902827495800437924787885783457985
170,305,1408106588346171043404018150182536209096376514438922,93324447989574372405035216984054374635178543201049290100836554735664977957047
170,305,1135692255151550838715811122274774681154106074131954,32410331482099775202308762374154626219260039029381559868912149013079579572520
170,305,1359934747733006786393209400494555072942037647089057,72438176547347103912299051031810725813551301911248471858637034278072697129355
170,305,890020987312482542075340050578105527919584300618980,23314420179478419595591546355444320079206799576079034240147860934145006929000
170,305,868639348436883340691518894006138069372135673704789,82406916374954849773375520797940499078635946617503883249457312693184741165266
170,305,1476624268070818722411801944069932694063541980758004,65699883431800141935386434460008310369377373596480685562895589697965391135230
170,305,1480725561099860146461758057085000262240274347252116,107786484978726496516560371031901619835253333858052729533471697275462123012625
170,305,1161078218878043842633535926712332384053224086304077,20133043175784163584268378340993047950117585577764321508620476311192821151054
170,305,1337341495452000481252157220419168727440462954161363,74762559367997180480966445834235045356693998591052253657345168628980504753445
170,305,1375795484445870660266593907140398292318035191040026,104202183901003279601042510834559549371598667750646414652577504049392352154969
170,305,879824986114742369612331783334426036736307897864309,73667847376039261530600074640958092237925403599995701219870454204485036429348
170,305,820327162935159907502214972726627866480983254839916,46948970101029963383145167311194080182256902807576695936496999716821005341918
170,305,1364216742848259374818212854132888086077326344740266,70674806449018005746768575503039655166789736650470658977806522593534013788788
170,305,1415472467658825976453701823050408268484359171842878,30394676361634775574426148563364034443475562502266677866122275641173245749503
170,305,858507737184272374887890560403331921324120973222148,77904393472283701138632813113631566201763231952923269409651617882824546874597
170,305,1099230594523591352666957829927587693797573510445893,96163639020014877054899135052993013505861988843183004230237680314860974182066
170,305,1238844398411966742408551677770275534624638857872978,14201226652290769028845253209797752025348930768987532540549152232100542071240
170,305,862913338767835354722946564433736784815527407648009,98018080085897258396583932375599233506657343811427852482424328128737291994730
170,305,1040190708348317608785055057165073440547995519406669,37257232394749500202830398442489480888864778733190430501382268919180217019716
170,305,837744292136963022539692889940451714466922120512064,99996809711705005210309673682637324631251008638990659489661704199374075509272
170,305,1369105026772276390362463706078191674096004738083611,108434021282881786045509949512835732215490327222852575204510643001665412463146
170,305,1174510361215912244238819170529726647600672617357453,113392004200761995976481449241669092610084288934680983305037804759889733653143
170,305,996673195544449901658008764651764664795668171097476,68659920229823678354914463789708277982546889190710230467392472897216098995449
170,305,1328404569793262368878413300176330312789031399734089,44328100197660643765798954001959140126851715008793814833359892290253578204927
170,305,1008998741483153531933880169448890800633873058393438,31852133107831770303426439499900600832700474994141597728971768815522351149766
170,305,829687044564985404170328793888213262086677025504461,95076812824112351823938654593347180276178802669985318621737296306737910143138
170,305,1362676837086485562295389114581570275231515666074684,31151529243151451773679500140337599518929571943075538879149816139110218484909
170,305,1316671372442536194904632591436336645009496846190720,55560831927408580442072379445319023614335848845063666947653834120329562385833
170,305,986766629040723822183233623807755575669453330593327,26146310352559915921732359043518298711220939340303057558158017372006799042830
170,305,1188537693859968822878994588624690092264493043507725,20587247990658591405097598941004261853623615509712271962578345928319807872656
170,305,1162707400139257665804514047952431596202212495205983,89452097795838854628988024225465916876528805216298478829641941345609016110053
170,305,790759406890796470567807136521759327718054188194710,77972442506848468750371890935175521973655235735615335610907025675804696254254
170,305,1004368014954777561313955133761552486927660685470655,102170663367865188360804964527599254757669986960807192764015543986862406191663
170,305,991104098291165162435276454353930782534305011253077,62684659954321569245198296458269433084308154647426241913207605978173092619850
170,305,754117049968027291214077198913972081323694091394485,47899971614370014624931862761017185226664530514541880912399752651948947593502
170,305,1109590580657920423441089497307786106629975264267364,48530976207816254820330916809048514216967439161832719439390530567094682944326
170,305,1257911178799532029137141502101486287537675657263625,34093379878146774332023608182423664329813131220845956184180144768494208339505
170,305,1038522035383012300772249201043452203849682981763294,4192042934637285950864972403096775755534168845791027743324244112274558434961
170,305,1202009740963058838848721534958103160010464277132710,4121311816810277385444463271434585488057241257632498472220626273838230850105
170,305,1247463833062256693787374629128491156456057778565895,65540732527605460047327724680783568404156005185873268140095330874711056409822
170,305,1058602804746078522868374026208190148358620627003871,63791335713947596554299014633257834365144336841717041267219000121599340762006
170,305,1078211330228994360313085987274140709872396089327020,12289703923111892417045717044350598501905089282353144560159989873187098016149
170,305,928850165106518905968460571645393259953914875643344,66573225576556805176890454546760814638983939048245554343954336121867364820312
170,305,1398359012916413968006289735170022157679373231320881,68088854802445728442113430311035277038739087562288238789322775299767684324663
170,305,1435114147776570804719506758130778561188963453240766,55019531391627946704240793920934011375975954374637968746788276454020094835664
170,305,1249382298585851137749551475932546172290960993036300,40752812054661290777993694392471423949265701329740548721659271020528429626313
170,305,1062153664189658217168905952737279487746893887978814,66536944724964803914525164706520105840126214125031825793481744717065642501614
170,305,995000578126882597174793377632587873410347721855471,52633420383330784398826842640809174173539201841396938450580389657928000798910
170,305,1435129708350321018204721194184386398617837766836777,59898067300873719883626008985343877935221489531281554419227236894041707546313
170,305,1376071968179888753630070959806420794954635006436139,37570995020848132985931296662049076082764883630468352173267483864059681443975
170,305,786783451681129489099438071252048396023426497145100,112220039001998706572295589731712842786200069210101652070540100611194636162704
170,305,1163022343832965811884447407781985858022506977508040,67253621586900243506398290815874388965189255789685422200191280620787753776577
170,305,1184892971704738090279275209862984409553249531111025,21590066819291582699283096272579479617616423501730661463613230667072850869886
170,305,1049907444222051952989121606872419385357381969489266,25679559933180570624468320524377621278818486286905085863697007911614074841427
170,305,1016175942973163626469236570339637499133926286699632,110565236416290204968211222696179988383635973637809368086329666818415039659239
170,305,899323354647907431646563728559459627871282502136845,52449281764395318974672527303892858116156598887577798410454168355253426137950
170,305,768851861311979411589607185746450677111894354487316,88092363198753659254988562821509533101832181262022542591006232534732952382087
170,305,1167731236075612225837145234412305289544977208091868,115121682073098831282281283379799623054037128230274294479113218466284620169728
170,305,753352773732697182738883144290920611859329473546922,106098197840138078375506236165044208860014385750632906430203878613962975356711
170,305,981410844436438907975490710096840250874020111128646,106521837739886266064360467758910676764345477193809060778607544604799976124308
170,305,1454156841021724553682552579203502606679576098281379,91864685173378656766262045787984928033685952503814237431102322714270096851912
170,305,1304487215033013014799301275528366533624513051315123,53052914034262116462639681573435698763095546176546980932127861684574555710955
170,305,1451485912903570627550552478814776280116987635377302,55190613171810835021252243534489511752274074578232080752942053255759780566891
170,305,977761435061951219053662238382958421796709832171998,56811966239649669527041413151013334325835076507306854977439492238457135816167
170,305,1217726421773162662901205144330187418913918355103504,3399958232046910188114730155867874231260143815404040131611579211559457751971
170,305,1207300278757224030373118367020382972044058290547078,14435318290587285959774572753467137258121866801139663009750135261983108841208
170,305,1196998334897539781833161707002745364454326692757546,71497209135907304287705242571857749080740755902686496423184198666969233984893
170,305,1340242684905712488212654497937705035967826899269802,59786442646086630549800057163874048771256892849876006544503137246646946464783
170,305,1231797812423344767626030916926474243422238201049073,21042442633211481476747097057035261923709866407331149416932748571657480864042
170,305,1380205186433423278200474114967992908117762089446324,38117456629143711460040077740778561847844664629492169240221704962901249778020
170,305,1202942895618355078659717504738940235201305430073803,81955495268714396603585979536143204922879377482911850349104794191132065112637
170,305,772223182170531994494731739344910204212528203181179,70832543036724933780154458022452044625308464546233411395929458563192326864100
170,305,1236762257693390073767170438760878149895584028114690,7459526642734824341010125174676170661493994488625168072372531032144596918812
170,305,988948225119068641462633736241717655963725518929077,92764532623983596301311390659595627352373808633552213162639326800802055261593
170,305,1015988925666949073117013414739723462900348004247641,16273552464576283555003157438020117083359279275574943604601560889183905228080
170,305,899417615633154921362805095176617164673792552824391,22009782108421023770902167401449695563879425528414183685817870633504157035206
170,305,799078576478005283095916592889094242214891124575380,105416246823589862103724910949230636957792967976563141283077175754156130966247
170,305,944561875502123469800504126007374994296598119993623,21239395074162025757324011198631600697410213205910824498310909686064541734924
170,305,1458689365475695012714669796686323657969500781302420,45211559100881529401342519966034223647205529833522647094432545567015520362451
170,305,1432241400338940268014193268679503374680114577314028,6864926347994353121755121830892058406717320297833915318186156370481447721425
170,305,1296459474595327012779050935018544667232912070326693,69152751810213280404914691573177041608706460924993607180291139634775294732438
170,305,1385055959825088698720238341210434116182963832293490,67593118345123625925657290855672914228292889675258925814801830170626870615084
170,305,1181544119968802962130483833521728958736299078453171,45508162976192140780106082101092209520192450803405551367720239757146248400489
170,305,965762316509726856828288096784843856593075148324827,82291218896033255164416734856310637413802028586237535064653899538596670788180
170,305,1262392687115538392589420398940238248074489346126178,15522944524190429989106958193644739495868978967149431115462491725962832411400
170,305,1103705532900386477889734276708354744187615724510672,81318728296125029358937641704984322459506100255739830243473808466546583587150
170,305,999088549853187050671059947012381184891664625713848,33584435205757147396428951898974547724507359064301997343705345331417441920754
170,305,1264304765149087974519450059563085225920469625031334,94634648077703573609219425549601324735082449150510295590464932219406612709828
170,305,1224519441232469845968725329156527435327167771972059,67161928854700584678188601090170369139925444995406785850096204211525115560666
170,305,863186291054079342913087306698580114219025536397104,70965024908658350772361128508032840986548799344430418680480541804637781922554
170,305,1145831217668608974495699942853163482963914011319082,23513390087447224326561753999950386529348550158296795470562811956968381841393
170,305,980184799833411577604219874898282650762204713358776,47932768820377578904820409731962404202054507520903706631269589492641949118602
170,305,1200706697575721253625496071608062824389307949934997,65027274709690528721806144878500815653950908848873101181546113219074310086302
170,305,1047582889870787755135334002839944684988134321291173,98578147631244034970959797649819064589836308393717533159443488440344823028774
170,305,785604936398769016932663147264906975226657571021190,26797949236306012366295640229822418694573201219467357827025568356680721720109
170,305,1070773598991222952554315600910096468300657490719605,70792097850069239040491572356581537445065431486405280642756633326718395993285
170,305,961547062688463780967918573892992484258997769664645,33989538334187842351318237277686448691937201486239539103781394042347583794392
170,305,956362192112158292484749190476631391701387141151003,74075546911471282146957810461079300689037043885377456640575604805643819604941
170,305,924742919538278868672384925576790362755681870749765,89748696764603054934083230823759928689759977632126515939292930554445185609784
170,305,1433349465788651671698285462999959716734777294976894,55244343297082163767663272049048383211104032436457969293886531995265103531770
170,305,1158134028882021713542038566456120160144286160333478,67140897638670445564532454600230026669031645607835547121845086609207966938559
170,305,1391539241525073942810195980105544147158781411235748,62229201350814512716296963787415285822830619634233214485447119815677344892318
170,305,752875168976439919752529447227907667541221166333646,110864034423367947781474193942945383274523216798133520548505824816252504677415
170,305,1203128233561123896026016597652474040716083312869329,106313375096660142116996418843842282839448218067314150185684768829978110358518
170,305,1192645340246783750516640407984653220506485771567420,112428304759289568175158308646273340882768854587075028213594706022977437651334
170,305,1477704300476672469701890051274967632903135312429717,35484696846942440279134233143610789435376476137297345194186015174018556636566
170,305,905318979202796816532237530619778226178104019997899,62240692318341796443082385703232397281324215742766590043657204288457447456837
170,305,1384527597130821404433846792825076692565136387839654,10230777615614474191761451899461551898939689441370175960586095376724188499568
170,305,1297676766215968450606495039334664485305046119041877,41231814739087132456083616812370284688342438696209730121189571252819712829317
170,305,1117089670743917812637093634711097759541458097567673,22899881775699810906263108282518383526432664247045169854646464790579282997777
170,305,1438171850743800791434168403628874932459543823193036,89590353157873657876133409242759387660961883388052367352848867001126998448214
170,305,1353342771275474317866471945553628755403647595590011,23117852035183699182311333407092207351412980441122531053793111555189937428719
170,305,1305312914509669253974870279076249113827251438535598,95887626051098531445627131824962004538233560974198172374719809700170066327648
170,305,1243090057096259484288357997231670731611060008190863,90175679766450435178792887189472205962348738584604544025874369334416796606373
170,305,828632165197722217604501422519354667445978225433087,8830147491848077178443201503092044316840243241192893973668046154148849281073
170,305,1047152572058356175272262115607208916915649310651543,23427449854425977992584477440609512924141981217964106476423497554712319437236
170,305,925315109230528054366614667511903456512711107017902,87780880885068322737651336333890321247752002875872599262449452605971995734692
170,305,1345125769628774711855849410746571168242530304548438,5690283489631153797355656666544297870798164255818019269397845587062390437599
170,305,768932399056600564018190783256695007416122109985796,81388444216100599556332966362309440868684192468990621729605433132536756174578
170,305,1217480903124177444979036360149578524283645910183476,64521791749140449635468811539577978121087732034218094090890839725725031809059
170,305,1171892640111930657556467261253363409248294356619350,110962105591794658404777865106822283235615923827433597754943152525968076764140
170,305,1092332553000763506898317275528927467683250197181394,104869224923187273103048474302585654382405013066917578500955989911511483123848
170,305,934618518323710530160952270847450709338967128930376,94806403678458401901388062796660322925450573453252840344564114049829749244841
170,305,1105295122803306846153887483873557721079108109974552,22223325888159413944523552373777027683785476402837128438441511432606601097695
170,305,918977592872986296894168148080101554972632724345858,64699084031474021240326393227850901934813102124487749840606464298000704395613
170,305,1218797196835808645857115798752375087869616721091514,22783994932369558304526240285388831627792497252624059197961662135370610720086
170,305,1168922455287003987269056759022724514294960892950078,2629166370296280045684690504935619537561782007700605626437120568719568339521
170,305,1103268893176336256397586843277695712886381578026413,26349123554852546088617488667353514780016545765075047287183350419453637131124
170,305,1049270807516907866900277781564590011444298328237183,109954361429690476181889829618237828872450700978645159295378217547277100298737
170,305,1181957419338448562511584988105062325858172374011709,15505503677953390451026009805437748207988632126932838353873432988407597629767
170,305,1403620369451867031460010766180429955215223154796976,93507870208518948004122266523280861749850862998153688344971686011461805093477
170,305,762008191513161099810838383589230805255696967980286,72083828887363156495904793274369396978161999724766332260571115703760503816084
170,305,853615551232695233818615628302205571802183152809492,46147573283018028081152508864446638658910030147591043164891202295336052154535
170,305,1184980066353425966037182122498469442644341683377380,33775138061287513852627802219733128573184229743684700279640003324900281259728
170,305,1207455628612051208846936796881630355418642893933233,106234532041175821197001828666363211862396723196952185841515404234042787367334
170,305,761379667814180657550602937640203103303743323670155,11410018839420884774150067982701612137003230462732962309518545844235632114568
170,305,916339974102731802625300785333803907178820274276551,67835711835036688306721203158088351029220628555447001693246574693887657052796
170,305,1036264186586903506289884776481166937329374689326922,113173989649383006934256470766339258776234856102739931144854847953779491995671
170,305,1404685636663478827779634366440080458948594668118799,5109627596371749873995051203605160635274502673879461825801061409905475998403
170,305,1137850659139856412638826627072671258767365453973490,28462279142773011486934306317487559712148652234221345461032024920811445939920
170,305,1104090456198115774432107789539106636337005750158765,36314662574857688785149114610498479633666295504958230131558066796694914749061
170,305,897096812121344043245287930477059416962541554592799,64596018705587390844747015072850353014746616639084672369521534305085295654378
170,305,1047672402197130455736895279252892819927485615366461,95353252388829786385367416568335487067447926146929239871396472204318504088700
170,305,1402977865697296849697932405669964171560259335793347,16980856403002835824422951780609978065466772385184746284642344233537698673863
170,305,1265226105270773402574175146095499010472063548719465,95356817220410668456395703817839904587846237414113257170284749688435930373160
170,305,1019333260783938402603372149358816322778265379473155,30012181081022663063641899053021152935301413163119395740545462763260759764177
170,305,1139352968269322685064570504039688294254357560026167,84536479235797155255921076896945761595012009291233954819436310937407172158073
170,305,1414450258211169232778813570935103779935272507940372,55691790950274976340361613942370046275972914699222427276943091900484179382712
170,305,816170400933900244110640457810423959800858798629113,79431494843190702017754464527632577851681912002459675134277686741291936336904
170,305,1207128357935701180991469543269290140380056669803251,26070992129779121441083807475678814378515765233494301256074886301120069366060
170,305,846983346153391128809040602169683075676259759000666,106444588103114915102058903564191733286226478462066485626823757090046748679070
170,305,873148570676271222895394222434825335730959452711739,71959892078360015752644348781628122716398191521290855171517693725877110164488
170,305,1380796319920144020356433305755254757827140127418970,109533847806630010345815236022554853986718413956047028651003444728586645179837
170,305,1324663908423563177772452376395205609038860693891778,18701256217806029224641196049752685500322118855553352904950003965822605580650
170,305,1292671735470005703441892753014167087602175914471248,47168772038536956431167139560576901222483507732649314474472734405715510897060
170,305,830460867042665187394879119939053401261530142433333,33883320249641844518049522418847983633993202257586523599753098123778600770870
170,305,1491890690600967464964232116268184900266662963467996,40234264736857347894995064924531116337953497488042253380663909765729469307264
170,305,1163782612832386021131852886441092582810369825882041,81126693148920730977467936830040221258889325176368902194330093722685489587853
170,305,1165203000698216110662140221303069652405808372282832,40039347518289026530505768217546454383838760266097895466279795187176751463642
170,305,1272293385706726411590515250338998327949316403924674,25239345834272727523762995056060943459194275721190519301647489075602150877828
170,305,797623069051003986659041021258616926347569978523447,604532449479999918266453199384773420916993351979303482483736196633949020928
170,305,1493420101377477621125440914836570393276323868845558,87441484131808791305319527344904595897738627306618455288694598675364110013301
170,305,1118096512023023088402017755275676131566530227550943,7449479328208491905905192109366080257648680574546966128803652319956946198363
170,305,1204905671453054767906530706298325983626669328069355,25051400382070763465331985423530266092363755903357850409316212911576333713301
170,305,1383045021788498923739238712213310690707981966120374,70556393984016094429392254374728191257768682841244549232012914425000602272138
170,305,1354610808373554620178917261389781020264950345834940,13939404916114906542080510985928059545089271467459257898067128333462323783675
170,305,1040953033478252625619130938852416043048708833996393,97156543840750428211120678096829261100390768754129522350962556738023684593312
170,305,1050200069277009979584832699857931885852821701891774,52741841523620483560473909581576844056260738662466856762663428247952743000753
170,305,1488773825704184716723055900806111970356129987732814,70538723636786569834338706323074461549178594180449714071163842841610560502127
170,305,965122917422798185076808872222734356303465232912332,42816513308603733813304215948721481922755006452574222895954103859474553376118
170,305,1068587057361056767606046237110452825784003654476056,101517183735978091531235497806233003667459025592388601245526783476758602878888
170,305,944814304227703355570070323679860515638427951438228,33320861445302281887828293295928871766159749422574834566758561762417745533973
170,305,1413681423643993351480033820162951685303782938823922,48577957569355836279765141769984597299211296701383839723141585510830768997964
170,305,782538101895644425272755160812401886495798458479349,73338193788235533437961919553123070896178414508718809866008239416628547869892
170,305,1261742579061764607873351589503353819034050719375707,92043467103092412866246220039571005983859443005384020223463333494099505949679
170,305,942890110116220167819770780315239444034076939381248,39415874736104458486813453749615719105365064868108730592960214704226641331745
170,305,965775766154592814845663001556006437671560911129803,1405078527373622460926705761649676057660473589840576415494404878687912667148
170,305,1110368143724836778766061160138458714191630529139955,67860604926883389479692038494280884617312750890860171789346713189598430781310
170,305,927264964781275539041881845511126680192487035082433,46728375255997774393210179388508781336968543617148722622731917144466539232716
170,305,918013537796956832099806003061162101697042093109196,63170491007353820653978477875643307556723173584638241037324602046440601268851
170,305,1215596813638262715795039222589168565006303782865473,114106084360207970272058514335268924441939071061308587621257151006794328216516
170,305,769545166324545187219461064249554348052153604010087,88161303818424034660786204177383902368639645983829531903158021283881932478807
170,305,1014969804305502742905437731802529286168774238762864,101367064065758436633990732477952705366959446111787876324976723347579349262748
170,305,1149738870002861096039859466671262075195611030243092,114787532741565297614880960127135227069156129468103498968709739625709351614224
170,305,1467848907405275483969747122465225454829883455528020,97800603839330511525105016067459701124302700462697704356618709037803051418254
170,305,811882027779906264064697802478019190129339196023973,87146798685247872162654682530077811398561934236794507198388070169431195403058
170,305,1214666145719037861824989649539324253739964977526325,13016859445593686957299517945853686082145655735394648608612619126062904292045
170,305,1347441257117309386250083538687148179832091611248023,35616523072293933697241386016656157888307747487114154823096113389371882811791
170,305,1474972720523486584393132957411484909580839661572348,79074117004646820618499444673722337245187855517901653307986070599375514663230
170,305,1236072415021701186333484229355733046781107497496578,18146477688744911385823531984884970383448457874908498564117363386277396874374
170,305,1489699891211181666156232678174439178981278372069018,107653561267900431993896720750359114408321280320651741115186295988084595573526
170,305,750785593532941276888386175943353645959044233444272,74456646307705206202458140978002252361634760086374344438721764574417890161649
170,305,1060760177481937747860829467520944122349376704592053,72836780139520724518334885003350535589848624292699451144029098794269468655768
170,305,771457666014830074410806075849350409192712732489694,30023394452148512826202073938505629131186369343255581790950550965958503880207
170,305,794412434770926527697477287315496728402054364143600,87727494022817796270644744920575915928279956482902570131523629039092762777870
170,305,918356092821239414737402976738483591754144025485820,82231598945129358645571549715016649528919128451020119139931494978308575425720
170,305,855401721500574090054679150219974019429873947682106,44420954751639457849317905992130177508314559654204035311963093033853382915536
170,305,847542573102958164458285330564205937715413008263531,6249207830985080418867220597708272781745622690497462227956555784605566184039
170,305,1462561378559295570195113361906405082241986265027814,108840293148319079594872416553150786344832727484476662772834009412327586529973
170,305,1080595727635075243422908435268462358086579737701363,108468773939230937017094745763043747826360048643081198561999605950441802169101
170,305,905467246432530682307456256585307948232951057592675,108577709282553454872137107128654228654331118959443387466946743317724309751299
170,305,1083592396438059170840370995284503901488600918689884,113370743641288343844749912907231852954544028804366914279300333279848654464952
170,305,758349765352479759570667423723659707834473584784069,100200224291359689515334161232868223427686868442220412657577610499984477192392
170,305,1412515515751909176025735133144320548965462470593833,109631322789726261767520715569127392432547745486924450481751662185533424790154
170,305,1276217662805189611322140451211440132461751514045198,15412556737258114507207918867852504416245627818830499029854070274262496956049
170,305,820536255395437306900904205894757384599494105626996,106365966690751975000638485241627644447574389272861250314063828058717924364766
170,305,1397609401503573294763891401992924583308342367845070,77030435852517711296353005021644968941650185756620768793243169812093579294192
170,305,1397558992760066965043721650023877926911353600064889,48299404144404472173385893541056953248522265000310845944869327770975207441814
170,305,1217744435540249561501302275309894716224689009149101,18984007599538494735012893998973221592656631387834473683342245086276921619499
170,305,1450189328405567348921115776433827902250715272047076,23692474233472142123662227681199144967780524844629089932748585146596733987478
170,305,875617754826736635956864937010205992772071689150845,110883505907579515347239158688195625770513424896212867845988526766734071050372
170,305,1066921087691046525963116157970577412980466556066988,16860600233273517118268184440216459223707465594269711871014955970154430296326
170,305,1449077794228612728393049830356194534882112974814557,85314217184466146480691103919745107637014326629851415409479848058106336960550
170,305,1342684795065727656868824126100752189239876094395723,70829164841365757500486131022970519509604159428761463221505904482330249188092
170,305,1100227408675634690059118908437584854100352811038270,12954877125504622585431427283514765206424588517059051218297395391427607106640
170,305,1289825269009289119533234736499972168245655094500251,115151873985580103384178548642687912407356387466834280020698601359886110758731
170,305,1234637097603185924125520424582170107169601928977942,7221605261335101478868120165526441115781030551966450523729385307984319746735
170,305,1213855208343058152364876383029056825696929032324321,115249945213471714246630203224912175329599391276985333212732250975330455972877
170,305,1303249610891210714015091799615566876171497123198510,11834458532164426618018423462935915951080627225800756355627253087483034731073
170,305,1461032432905428613451511993918269943774122047379064,56274864555739242221218760103938797178377241411108861600343295777741363979406
170,305,1210136559488618112903850768958969761143459587241816,16254622848330859365331055878118213531196651942088743201261204317954935420383
170,305,1445045220173933380595231811019319956502213526351105,114620304214476476823069224927453502261362072941223908170768161692562789125233
170,305,755764660797480096079332416509687296903457047317388,87515862002919481366952329805616881959884907243949563008857215323248361589103
170,305,1483960338400559015889880737521678463468221187917225,7497114931096749425958348838397277332192519397164397571867804684854658724459
170,305,790230049375244983491522848324521434361639846011379,113007210104440051570713733862294809095565882017981189941596261793874739815627
170,305,993999800708247599157535087992274870853762817842308,8234922606530230913659874364890310730593998524502136344119926998462364827449
170,305,889937699476759996294489799188632344559504158649638,25529375666552473576091041894071997319675362677043487915682874505178059695982
170,305,1088579335526976426212750689844936990649581339721993,105426379341725666339980515157937270447807824509574241173808257654174183640032
170,305,873932092128562023941956603583678410137059776305342,83793079450514678196290319763074563900642359303052293850303921818956293994004
170,305,1049935930182054268017533544758048884147889354662026,102743511113494240796247487549075180623826285067344831977997250369971399425266
170,305,880567041557046971492359147001730881593599809366703,75611412126309669751725335498675096237691989891634406143210613282622012369233
170,305,1089076152858366852180940327691309840405179322104205,111541950998334360374615935283328604171559880037257396276196333558421582610504
170,305,1451261750890789087462384463847117265312250248207088,58604068709316604193923059080483894531727582682779104010281683542486114715241
170,305,1415139784307347235875499571099852512704576573309611,99574254644295481847987083248148748718581457453278219794874759369913945694270
170,305,1071752018681052552873085413623592057686422808592137,62946528622531421396189499905175832065453252111764080850980847042483930107398
170,305,750307978414986617780072537670545300207669849901788,24061129044420866198136958158979542796600869338188817163816231281975291364378
170,305,1492718116134843390691848985456160164883546386658142,107599894692132976491520585630375954167112410109615891541597022026737541426021
170,305,1050810509678974891669065814142395105949463282055435,52956943651409595746612524144208324306075169841892628636781590480794579829523
170,305,1464543303617701702355542285083736982930689506400249,28749359702581507137328716203873985993521964391796845580228531933305898775212
170,305,1304626224899256565606143277251087057145737630926443,102758288962798467609735650700526227293650615657349560932116099033187698918860
170,305,1054199940773108599102190682823016583824278377740798,81604646822627346739549302200802683450349444931713018656341875773510674095548
170,305,992671845419317720423362548133982776377206607007604,54957850516732367865357242158819199100130279300712239291124967116666143189125
170,305,909453904413767824580297531857381956110145283297693,10850995077825984185302325881178040313206426875268518269908536447336334876040
170,305,1275808013937110816852948294786990638938457213484070,24915127516152703908114921213846467692608968267150314398907179380316129212733
170,305,869644040355389958013434859378224534571611845930437,112913477882829059275575386799555208913602601633795827389539894102634959298668
170,305,897741882065646467521759062017787021610890639796701,57346228229864478917925873393975958405077285901348367143301095523245598077477
170,305,1419547437238878546408000062959941302518813866137794,27923537143356802567193009474972428277122597504562967837653137080894923450464
170,305,980762188100303631752271395731034934901089387677139,78311761146414966310176302228235459412078849801176207230889486059644605943324
170,305,896668347003612676111983502075175501513992919222876,59868681969552060082051731552984277431073244511969803072095769316668534260121
170,305,1447280462058055455324691081678342530323141680662540,34243860064062194646795016048666395637558082713908484557299715525748813191709
170,305,1015337268833411464766025299678254016818206312125081,93648612057372551931802638289246088179276106950156487757066006945038254835244
170,305,1487421381637611139647262107377742251442514819463386,69640035201102354257046584945695999929978862212933031179801788053704043733072
170,305,800851150898162914168784486111489430322911973192270,19146978356897648375927376453798877372816878941513579962133330425984701346289
170,305,1375545282993787976165602392136747521806623090162498,34386391517599879384620197198688044686019599381552217754067735954771051106287
170,305,916751433328387206138899602017718080555494504537997,38687521388302139312680446367297338900325685404044237841247005762378393783434
170,305,815072129923118733524200979301164246216564810244632,40436362475513837891989375707844775771778861837934249853875555604032965120117
170,305,1375204123049929765507658781914443779692068939205376,29952899368251631821550886888331886477899624688541589802063737787233306454152
170,305,1107558011336058720561654675811830506797803329078874,34702549334645334274113056488850104239113092210525123942358296739480745326562
170,305,783409529822655811231679125234591388906140444211278,2202499757549476773965288791408962112974862375087535605395931405104882525927
170,305,1367383802759364709309083479892846616377579473024701,68784630522214365597000298361396705849153427789062092089701941207853857773385
170,305,1363473262190945261561005308420457237238214695223072,106625378490064269866123904633074324544257958954844597460783890567053955523029
170,305,995954949535893593663713907517199117230121576375349,59111923966730804408347838397070786840597432688652372117232315794037201394500
170,305,831421197187049860862997773100530396296629998812197,47364597808000945612155628963195517045249924838746173078488925708503462281462
170,305,1055995571150492980930780139907641207982200980509727,108413313995288872395598279675577805505597567325817317829071314599374215682938
170,305,1019103899336651844695767636738424263238319558887149,110862674888033362411912313500267902560531659074025881446825423974841102278182
170,305,1079016343843505146095725121984486819034589611689924,51887639854611519984012744422115528375654136935742121387229480991170908097371
170,305,819080981729401153453629722127138395232278947590483,59911198679973885789401174793096719827895306763276812053659035527421443862132
170,305,1495989127154691143029451719593123130756923398549039,3845310073836881386127668145981022266220680495756950214489923857020908211188
170,305,868663083660111723194849933592905382173272038206685,1486008329811782234880756860105833496475823267891889147729936171831285449881
170,305,1325080067577404470894578861511480241593360645931165,69769726015998735457426906213576983854281255439790941600885905690904727523783
170,305,786787554069691757112209063257689775934552012018748,69003372041639184024536084483717865282658863201917402110479859896629170643421
170,305,1465546324217046053142013141899346726174331262376100,111573708748075651408985495016350389726552895346378398459581377253944490375435
170,305,1203143991134552193287560765128955547378538839159282,41933149502001207877509847882550138525397951875263810117058072949897644265892
170,305,1172080379649627026560889867548549856896309330991099,3090230688068386785757521261858365802115731658681340402332248488776779238437
170,305,1453622162802008176434762288001451820892529108193648,85026146193333785542046427427626149627939346791184288518022685603661416881591
170,305,1086844137395131177430847533949731068147564908239688,75204469044515121154837942360253090243393168281189938602169688234627385566732
170,305,1094357578642470713104220707758523482779747680437012,65976522611539457344083817690576044568239913515822317485453028306070857962854
170,305,1022176854283542830304734042843879798406823214037011,68168132523542138357924699839143987920730766235454947960012734569713347742254
170,305,1341668137244525463623258624024664308426999741558255,86347863142681337534236319715772299035500517910702500635175337656036976005678
170,305,811174255755625766799223167809372894219501915271911,55259410478925864341932622000997877659989495748094334779088076199351711680656
170,305,1199889646941641534714095285969081093923160771893633,29182380090280201213264606477658915867488415382672191845049228545456952008041
170,305,1462820153910315125847767311368343720430512042930171,90386104517920861343354223232853511068884905478678778355799868350879932388280
170,305,937853895143384285889855910445015526964301970822858,53666525607983066851215467959743403234690560318439060433166778419553255407427
170,305,1137723962391263619051079725198144360774101744736162,67414986687166237029518993263949420578907015800428383228855118303122859201216
170,305,917782903282429249284421716590513971241727810514982,56136804275570134451428735789166124836081342128890560046958147116235973581141
170,305,804852990410567846825314243151364217607019056095393,108897378949230396150508260211261380733549184318288724631596773181426796643064
170,305,824604009248074584226956987472282925537704554176892,97371346937236897677209756827571710508953794436764751557512701605721176596906
170,305,1153493650020336759837601200873490538326884077366211,83209376646815948336121401514474895737669833597029998399206991007285577786805
170,305,1109020974518325111932184517345248228450992937613431,29689212075101036064637774968752945902314431489860466800623302949993349715506
170,305,758828431515071671925551159103653255482217930143953,64289490955333833277356530310660922218018517962361979063573997897942278875025
170,305,910549440137462994055041216931767745659838403691173,61528971849368395519186483540162826034737139729836781620130180957031046833951
170,305,1383227873936136240985703906683265386493015153698577,42020171842918542535790535732470503605438317965110438640629897668728480399736
170,305,1231120831569313560133460963873064112776957993635283,23559702173011308978912522613278833759317422216236137101176466671194927600046
170,305,1073549640610225440521857356984642040109721016685811,60925352022132163117418114329132275518951994081318511946865902387529071936167
170,305,1428827496714244657079665760662726715105959392840410,2487615437282275322800401910592576503962494866101381754030772398521095224143
170,305,1025633339968747659685363008110503011619663657506322,6947263188222936564125173445381394202844349547112649873741701301106875664593
170,305,1361837053470704924138786876566939702658484322359726,11178861591225215599866457110732459459452244031645648246258213100216775544101
170,305,789973491090502739143282834963773591576238937699473,111482320237975208281572989773909139804486900934218085775323795486592440136467
170,305,1088335734831946987775020962095422793119393498136730,66463081085215078157098791950674479418086515639400793588865780221333612725477
170,305,1214812350332434419656671029449586377589956563143117,37478244617355277665882878490057537512445644124786303929191542482311674900175
170,305,855663430111395040613703894755369491179897658815627,15580362441112818957185033360212749659799113161953747534203565772418489359244
170,305,946098850869252504080629617756854238933163491264131,52446943772790027304525602876042835562989183135925052589069697680211568339469
170,305,1263009140356798956836516896362438916902851986830630,96652003148005106561057171685013616419421729787922176289375904655123454852151
170,305,835268205297624810867198840110623395417295773168467,27245782314012915051215770561481228747047096036269699523549548210541477078991
170,305,1347540499993187274638476208055442287358121297706404,82549589021648266981493740954297731937100408506214152689388927750892112923456
170,305,1213686691929005428116916381358582822784746061768414,76630871670401607220837648491164834806729096029527656493384610858356570102924
170,305,764356570029341373440342130378181610924295476521877,87815611043351362689404883254277909822625676050676968047331447393918664366838
170,305,978532437159926854340499671626344380092011116972050,35210011183859529222360186431605565026697207853739562036912976831044136409546
170,305,880263820086233482455646146240594232452644653292779,97450656567468410127286167854478695477836844889268970783503566858912921206498
170,305,1228161935366529137351097301878471613596670425068740,103057760324559961157122347714836155040713654908922802906599649386084872271167
170,305,1017656129195652388356545801393566983424236748127003,1169522464150920000072350143447348289555537240580347908682411420841847705231
170,305,1395420077617284722693081356288157111012372686949969,48068826365979208400799480835902898685477049382801769133581865983410602087278
170,305,965277915741211144526429073865769986236283264650098,79044571406228761057932591535134144833008616141588049313067827325490191151674
170,305,899637104317691835115236093478768890258836394966360,17318902182822433402674412150664064885250693426599033794768070003974913969425
170,305,1065206262090717068671244739674817578344885340740083,71619220361949755182119186193809217977921834954411480936136147979455072902051
170,305,955062064173589891587266083448046187284154576553652,76417123879959868820383871575168316136018536396933185203745626148227050334266
170,305,1373019195205951908052298479586418896024479514945378,6237745113137903709940122811757609638580504098274041949280852818714921193199
170,305,1352417851746379706193972654216290102427362251644776,71039493759249236885981324102839508355043357808201667283852215205236787016581
170,305,1405677665344183916702650608324284041426025439884604,73074968122593251356994369431369835900706079641394479380865414025846568157322
170,305,917353926031949188767872388847812958737534020974801,36262684151337980643569855962937396687615674640004255650967235289197966154432
170,305,1263491275802246756838445352590901838019969248712929,18350914162992507332806350002167075986069313451645284821555164234488813988864
170,305,888270534125361302449699215982057725630096744928461,32926563615506125143420954091510474761954354721281559092878782329099989619947
170,305,992714005009213881113852985758114448845965479018942,73802267027955975198357806297013599180594505070295193236586357495743925388727
170,305,1026772276619324913008450430125110269010659936586582,82280498216933577353004686248309380704800950695932382316590396729784195416839
170,305,772300109965259656392986767247453318522325677486732,102905801850647561632551877482107313125376210883643615462022911917477156584272
170,305,1197324338567524579369985532398328557425501548404607,105442029085961951003436167214372230302706776863494675873116290452948132915257
170,305,992357702422279252016887175580784061853245210646984,61019682650696193486080269193356610327242140146422412099340345089998187722450
170,305,821048408550788800342251080883024360662019983319731,46769232651643496333783770622533812217773113238987751954844561190035008751590
170,305,1071069765547579983068567088116942447686613770081181,103395871359877068356736104941489144840199593093225193093849735888345210859982
170,305,1327026129604641343747292051609661502390534905830943,95884586011534198270826789094276203087718977758866248615695364930460591616835
170,305,886562809842871682831632061346716975966435055730344,110333580055828989364430230166018837660838670461252348561834698184506403471176
170,305,793159628141342321928091554095686779357740821305470,57713197242473430406839550633013985077431308504332993402703572259833435240092
170,305,804485040052999623253461058388964661029531845411745,97297678091235425400445978165736358880885713574040992930225459509250465401565
170,305,1261188065481490698181770208549925402695171759975296,33034118101062095253989868493405258207259827548408776987263192745345892137333
170,305,1467291387100218419684248030477177342429004245814854,35764244089460072596186229537146986889418342930076683959848591796359019374491
170,305,1271904592236721711875379949915938779108981770787156,87481603624184602930886570700923646012564558334898483359776635687532334758567
170,305,1310149202100148333463352136788762854713400101488314,112337271267200997131863690530168773190610236429313095217071478683799993605125
170,305,1303593650855110670254528172209700649028028557206236,41957763020366715190450794861329749622710837702024352457740733759536588021123
170,305,984481357128971923824132467153746506317972370074423,60088414118650651963105884823049455066575477165958512171046761026501979091834
170,305,999414825167887145161071018366852693924828741390562,30609157562022888539306181611581212629919249411498777438572791853912136287017
170,305,1113544833104074703521239319874631588439733837832213,110204133102970932921962140828312884954134133945050621790161185282393612201622
170,305,1142725685078767631337352220038824797666432661720503,16797741334442862423787263704678476060146545575915689713292831453505293934320
170,305,1185576416215090790076019943379657954300051743760067,44043263852633667363142931409360704977092221119491958069067164148878951218998
170,305,1367308218580623870413410232666995408222281879180974,27140486127735975633676851242514140829490803183448628998621180978237256749611
170,305,775625807480051096245098374627647383566896235257856,51183558435887292030139029223430248879657931236926268313464382696670637026441
170,305,1072752671610098595688043285890811963613992414760647,55524996737578971184408799401049704358083308375252615322467288146586042279471
170,305,1399427577017081768078290897468288486708358251786306,81414609862989552720734894416254564387268371900642209726976857378505832406144
170,305,1227730054454538562854057916996985551075944849635971,67081785322819639066895736519485395600555593125459183645628541731477881627243
170,305,1070624746118525168900446831388707901007030593297962,101751954418102396417347153933309122414305884525257470116212428368277526383916
170,305,955242820174792975567648962986506373399323482909159,29575049083550770165168779004384809071829155706691121845165971372591289005573
170,305,993831435056393395654091541821868796440580231526562,59314482138196045574166916100739589437257848235009292698597037018918524630194
170,305,817784160321422041371632273600905638468698173014738,72852328180061990811213495245193764444387479393690738731287490449236113885523
170,305,1069354814282843091655648076704951238867513991763846,71987977187193400117756229458848348248154642967681941428453806799834001854167
170,305,779510369410988832668837643004104217731170377764806,33091705407611440192636518468284475156225941778905358737760631551008299975024
170,305,1016627083135476303648891838635494523549972641162174,94606325724669916413636764415588701535868818823674382480894019958901575610099
170,305,787790950314145274667431603777391207493022991238943,53360500261084600154823684073521351315231031401046966405613620716511984105211
170,305,1200692677754175748349805571288374569985991315080631,44601470448634400749322315952190927389756296860924794840174749193917086033669
170,305,1496044632935227266235005326747662080801876255605615,16920046114026839302502933328582943645061640444223170412456019577201834073016
170,305,1339622686406857088043862960782074085270542789258394,46481474243108137638893093863516902508573881518868504994082814415265384376598
170,305,1288461048505281434955049530781614717244071041747059,95381771189338875969340083311022020895252418922366238548149244140091740319244
170,305,823664127453192432892845603833992860717827502574631,24207049810915333856599502041704528348895122231646062869407133726576523642323
170,305,1199677635795483643194988693431278060553643449608402,91183596582403478524464934005250239943741740358354123899249609492778510874968
170,305,1053418717718496274337975380682237062867960135725777,108301461297474979195200738760133201010475444829416202658884735336144321298677
170,305,1207791788513773910403895731848027660280539508000639,10462982609013704472400553112638916470449893466794245136465523306043464350516
170,305,974549566803062400991578660908923358566881453197036,64069287324450761538990540820950740255249513954237441441754182107347936319817
170,305,833908201592298488271923352366603906479470769037299,93288057754850742908482278333163757488777713970647401373157233712975582739041
170,305,753270698729829175813030928441647567042415794324084,48391899525528737487151113054829719406777768421511471631409909019739203566833
170,305,1431151212756104236459055445783241477047143463970237,97564484348454750097842303525492730886114389062128072061879924979345204058571
170,305,1181638104356338324083770321490683266407559813728486,42050635736320177236183454596203044449455275225380112626532471397158789430389
170,305,1252414239226045897806348716823941949344067215962953,63756323306348166906084282037489238342488754168063050165645495062147250166605
170,305,1196461566653939698426295771933652309646573422263531,100253255040370863710301654912825803358988496520322841221956001925497688849836
170,305,1268943107802706787098761531838929841545178030980074,76632813961816015004276383049839911751138331638766043840321155266528369678878
170,305,1033607208063258302123180623640798050718232293125700,6603260958909386902161986237459977044882394689266108047011685145344908007561
170,305,850919779702811678911624422662470316928778991361980,53461839628432375582254163967441644913119729342477722400092130958830699330873
170,305,1136449744162857097857764430926330293990917097340185,18645796066759022983050306318329953364613461043766579217020985401514460013635
170,305,917433961712212038206953824857240722720257225117180,78913732021947727172381100518235965703600454469839091562122816489366464165484
170,305,1050453412995559774669459761751311891896043468529656,109079784582103189194917691098335958823717407966855358032751074639509533835989
170,305,1317165045662250970150095362091427613012186814275605,6981462829343743453765120390328144613081761783932099656069973141015505432771
170,305,1356027953377334971011837315489386936485842970993051,99759088733020283930174679068433176695527908682096700374493232892506586528718
170,305,1400062309871485720125956580586942421489469014763743,57585325091930822829984375486157579867988813471364162273086154197413371714822
170,305,1126869764301004183055004789581871422707943817448334,64440060923636617371518491293491032680343145290960068111605902664039602736260
170,305,1233090180863663559171161855069702546413047082100065,11473773678599136700637950470302675481237196860663830260099606499156139825927
170,305,1248926539473618275369959181260091968761113834876497,44311201489173419573679748314311863192173764639542030160108988865733563082137
170,305,1044648802743891165299423961753087843077779219136835,26391017100324720193525903400759332744356222075451165971948952936444681479695
170,305,807275122491221394960107397757661093284283133070919,53245001451894834223316985379357823469254702892943082782130954163652314814331
170,305,1338650263158180107120103016523982966819505417958517,55326157134161680064455653956213837706899130104484592465137304259181224301076
170,305,1337523714325676719868642184715843212960815842283656,64614535527299154628626872263568080255915438045516414780138122463682914433019
170,305,1128600488414193112966318934623071427282193037900245,8005697973449025051256051235822538224606770099740980953117763555558979221146
170,305,859740543987026032530514472587352715736608236050602,56557801569750219933976158965202641252240278672560681594557110364203841461681
170,305,758253861288484550080995599925869110491863621081006,89044661883787932022383040312980201776225278580878127044057670851889078209277
170,305,951641966472938165882035608113550303750054652945319,17318464886219290799814678820084493521156600502432941896885849207971167993138
170,305,1296618865406207277646689432888586167662557520002601,89067405105703206677655549053570249239358292479783475569329894464465611977323
170,305,1145815949633138752313215301570280306612708870555529,62963137088897698504764772041729811815383571519166456071017602323762031679423
170,305,1311727929243616354444798014525835258284268611988621,13359440828807594233731048935639583671544483058369778659485070206346709731531
170,305,782489766865704737065895027601678858587551397032177,4593471484105715548100033048158002153142942654837123919009468159662018545266
170,305,1169696303617808277487604679364282443974082397402672,18959124662593611259367365024801135024076178276579115849937936051251910510538
170,305,1171759818570088719531570910328612492617020621054602,76338483994354982983289700232639947304264665283061187335669135242930972340554
170,305,800162820383041615836401634132048123523196463274587,41160269424126573844694730260724469430354747101772947555459856062750615644433
170,305,818410915297672110684095421185126635509773039696862,60051695602520300975778468799298936599390701835360630588186360586194289809301
170,305,779501150351399608389355982519641888417396010498035,49931237240837521742023159233382388148036568815372272221095459473797636478084
170,305,1081366643387922425997749065739688067827869126124925,19315344200377490900928665804059760187559249844138891787556566092698833676877
170,305,1323386026453560266408011559457362960805491102687029,102185111647617252053287782653041183201737668748799385469037991494216957418480
170,305,1394226963313481537052384196003117329467715525913322,17321326391837819376587812748907900851380393457552801548369320526092855925335
170,305,1339629096417491605443053386599287141147115149620463,11365124901806537747790283923521937060067002524306899593774833997912470752590
170,305,1482199983958425723386931750717501511604274887571236,110044065007656667346605703725547484713137608697924857690786990024843048155292
170,305,1467595080304040289849622641294401015888986220265284,87223624557182676669251305317223622002859165233455010880136031396402596239870
170,305,1106972136817394046604042868600486087638916813180350,94360764900944189799082047652271145169681252952503813323844958687703975184526
170,305,1141971413921257080104036409544399354408952580692961,18678909618562143116662570798001899271558684377701631137561099450431367458783
170,305,1154390171838418037101794546351427961240089426167496,115541630417875383303419475972254703560182852802568711244101302811981002577957
170,305,1124666901856270495671183588709625372276352627669183,39757357477016679232710549129900519795760295270240023023204815988215276479262
170,305,1014851052094505803154861568600234263168801139220265,16297289410934613761667449197950677861659312055917728342571791646649300688823
170,305,984569052492041642637061390734618651149159872013433,28467180641543594698595038082690948718459764840146216736858652320654453383368
170,305,792499705330556407270683676732783046238184415711554,114522860739445053116198477926231763080217311824371301572214764818538529520009
170,305,955039559306377823977632855599517736289422644640351,4182018493919042315050393593682456451637804259100828107310375467267730342789
170,305,1418903384310788071536193986999672094397306442364308,59355467096231285892712776572469283336686478900327317631004911232872235185773
170,305,1096630521725821943485570678520823560721604569277697,27376304897819114351880463609028207818977455396160599810527078752214860360207
170,305,1342245716270832540263047323772637705993597135162776,21074085558549221769372271044123661643492640804584084899890684473302655563237
170,305,1480451844968606282860637253117033364891845124395766,14487372768093010041496697626011953396321525288442025255963528396429864135958
170,305,884000348422809621682458879104972760396643749191010,105512327420447288532979684489635388439101526939132761798216453174154431941394
170,305,1404570210197797713582236967066783366943669309360146,89861673345618065205784067227658373304420960114944631277652543490263456481172
170,305,1005132551813337519880871042485541684646669844988352,68517359570848108086594069923346862369161615263664375082347335652335976402073
170,305,1405937352846526686355434572224944535730170210143580,102674605988862024819366017746118166775911176197012646033518117113702242918901
170,305,1307644547112948288140642166969167181292697099704010,80060472024188300111914308364210455984170200307872836631815891563481254304389
170,305,1489102046934890860264872854568770038253099433935752,110907030324909345764335634558433031639048224765767140600932467659858298000165
170,305,914199995957895604857312369927147613954397893003089,40752102597057367786786006115930530690054362681832009596718753219700573616591
170,305,794980873094828394445271999544355832076746270369552,10244129245708855712957283466391754091854646952575330782724885212337001718600
170,305,1196222725745112476529656111208958334508760516632686,101744057019319202977545099553399178982942352848023436897915912959378072329561
170,305,1001054311720624097284502001956217440980083538464191,37049436383206181889571611895320283358275627935867877439323425817728687821194
170,305,1448691990443468641915898384786497250391724380125586,45316500417461424758042675169182811225633302002819592570063959766595293969529
170,305,931255905719937648664467839534804222100909608527084,69374686605192706728481776114709928799634010122994392822367833138041938842668
170,305,1485357181737684829410093090482966601835596392384341,71345480590934139404986712242460461782235959224805907253155054342175767438765
170,305,1326826931857169993593935816957305190638604884933054,107498465720431915329935956285336186782818384294102211725124943986999446278170
170,305,838600571204325083318072225975670053012123679474899,80831977658495962813239780449750116605560909045316737031805416120395800466588
170,305,1111550946906516839979962826376982890141336101686582,12515670794694141583225042052740213194544654440738442686633388323094923649205
170,305,952384981187482027941530227724870168228101222907815,40291993116705804436893440959459095067406771187220051986157765661218508438780
170,305,1453655486584305218038266450641028739446917553225292,14124937930535914647423338225843985776525121292426188255107072908671314200011
170,305,1118976801922250110046883659728370712779247817033341,75218488287145342980236208209481851273654931264295901070496021096803303818715
170,305,1136474796717761596327206870638076019397456400716371,11205093037768122235083847500650065818923743669388677303305765841820755294685
170,305,1120254096994453651016882429140129379749468597701505,61258625003630496486363774347997618616011658902910296501249639762949975699360
170,305,771809805785766054538147985936819510200804726218729,91229400280220118336129830639407747845778403252820102699127809210424329729248
170,305,991628487986772913412755920395094506570788228284667,73760954086759539456537952942744281328196015991299968193060472307153644069724
170,305,893013431222238215646385855892697004159713007185598,105253615990889036038775450856064832775028488695752525226415247757507673679553
170,305,1448770801694318231173571238114369124256954659645593,28232397035309027793771586552253500228636678827578242144042521545489950427961
170,305,1174893695631944736118647148509192397977931624248064,91217510156254938837703085427284833285351118120467792680867089770400245889372
170,305,961398375719059551692529440579722276720895553828067,93580008765341150281136059555432578556578872529972680979952707487793453143317
170,305,910371159490827970339259669802832012531036279977613,11046297235210915803660594398291630582368642851879323535650498200250659948261
170,305,1051140507982693486991784489377542408190495594202420,113775733006468716689695727716522336228690705900087274269852404551439601181185
170,305,1488843143185944064948393073746526824939101659676037,75251368783575028171208193444632715858174466268087711302761932241858354916599
170,305,1204856719425540624614016491473386563309071298839716,27769879656114488999976952769498304879481323214270378729561110948685699789606
170,305,1187367331964450936907967025829668477155578059715197,60300184082879622628527633682024024756448087640843796235673277674959819840297
170,305,841727241549296467058299686707090293943990131615075,36624178464797652028704724687588428916305408857482050128899113063842422674114
170,305,1390349996653317024399404785876434547003483762081111,35193118073310898903276903240846462361197209132185626740120782988163319402446
170,305,1308445780717248695482746945566797502459974489625300,6135632824737530404242022557089258848454012524172294606579755663120500878682
170,305,1133945410931053225136838957431276431283809857376284,89273379342459317202416209310074566842551357103288183678710181087686393893989
170,305,1402734291082242198259419207418192756317072925613106,63489957919050179912223193032939183660466403964138822659575538877259007080375
170,305,1447687677246797126068565724040851628205642014747873,46856858171845229981997490186319181791468825169605542957716732857587309851272
170,305,945364759227935290221321690772537603948635595480907,52247210775090891382398698948126626638166305977267293035875406654810911277242
170,305,1209837111720157722666383896622540068531315913118040,52525442227975236099779298237972222429437304919197184545939879497676087525870
170,305,1292046286375968587976992833468942444188225077564831,8679540104355708040144096474759374468084375528922548995224110733305414929973
170,305,1387963629647018758590766326861989590998626556587652,45399135751586635216426774610042686272219743012394309830303575351059958527052
170,305,906340450877350546688530851605167791297430318994629,12418199683907960735083909299875486313369145054842418757171950014897531924145
170,305,1249423923594412173778893618702120397421146291402289,36104887380162876128584515531560162362712125003826583006925058965027863700462
170,305,1065612013681642001343431571747252026973605916072708,6747625351754137476666470507800880173366321230382247927422057032083450264390
170,305,1274272075935403470362996976024000655129553046114936,110839905537328208028986051485470889894344843503102694935169638603184017038773
170,305,1078717503712902878421038530224835179582428599916046,23685944108302758514509591153524564631929874867879559564496920704749851106805
170,305,1458343837030685517552616878518316445837043796353802,52374220687734493438034479440997867304006266128825318796732429090281513174810
170,305,1220920300609630832452723382053986977138362052866227,16483916815352419636608422860531218559154967989325593443806442815153818050533
170,305,1012572246446970409003633915196632047338087267162309,73587159754880499528751177431144337516146271980145157142643467461716151531960
170,305,919937286540015755840803338079102013580231071213222,48278725565440642055503424023272191560737441371052262399562329020428650240852
170,305,1486611084577844085497720040445757842538750535816072,115386266552708888970627582704376983059877344867263710606314525466275138338945
170,305,994755160552669837224538519730365508990583004342904,26773381145846748373771054025032874061083409508110496653408057137952836438154
170,305,855721535029474057398473382989584581915661889387699,105120191663582320727161692282251527686300467984890341866415000676026702322288
170,305,1345493652463563265325154222870592187101751368705248,114999403112726872609635275609493061858713824534946892841568595674918470740307
170,305,765073020406867016409437504178225216737499531894464,113740854029061133819780898615800425197161235489747692986965273480250008650971
170,305,828136210784698727797071622938014757047822013741382,108149538915846801375581817100675914425721758851425434879958445314595861870969
170,305,806606024541146151121947615650684813694636619155610,29284935410798572923242977779896900155442903776453127585236276121597108037349
170,305,861865901172209111245536824181979652351470345547386,83639194215767661341743918756919809668230713328541227026639238892338944241380
170,305,1437766271765800022473786000726681729702042253716044,96998492834610257410263704017068053994742728818577756754310900113377437749578
170,305,933026418725040152794637959012701947426445963441645,19695453338686139881765376448024458088959917148164129821388231365041898744839
170,305,1023245202870968200509549903393313324263470432764036,70706336075542600591087416645863051012194735226410845465383883605422869146845
170,305,1283833642532881578795943840302509499289703546363686,101729643975068184416934463347912654973199438492066713928843257108734067798524
170,305,1395452449501883786761275149321668043314918520239149,39551202488059448027792556845193263721138650423576766935679095895574324681502
170,305,749356149568298746681858818654680323772271523536228,52594504266722169471696954516858959082239510654082656842122177018366737756124
170,305,1359453849888473288147185061313713459360778670220939,28743083416174246047370422850084038267572858747707320820002292150932567233401
170,305,926970342256258003333823256699868450786584571793770,72215880473160760633202797100953134603118771704435122630013307022622330394674
170,305,1445022119955665143912440420240038228189274035422453,53461200547437064263241408984965517958321815499420490262983051803658927931547
170,305,879695710308772621220817401711566793531709958101194,42448807763296908383917246657049052795766837624387102448326847605815334073414
170,305,1431735445648931607387226356001649709445773763808133,7254325948284246056100073561709935226838419681835350348581064070603461682945
170,305,1335707019738361083044755819566004453567181034439850,100628872491663394801495655458581756977551417076192428622407502302109218877458
170,305,1442065365746249804728075405174034978854367335537612,41513518302208172962874508035888633223562075407852432450480776882324396182408
170,305,1064222010994393193639740761773593948844477142564037,59776566943268173689859389830414620127439685255539367439522342600098791538456
170,305,1106100609639236666619914992032234444894422382079783,35584823120324969511537444547359038038607286008841015725263874830766481840267
170,305,1290327358204528245266721822896692678658384739104709,75893568138110524561931461276270654949643524679483054868419344948395393097396
170,305,754460407116917881377425904726299404774411268512815,87734696381556045140721620447903808747134006161538171910529979811546163494559
170,305,1175528555101713117101745073975527028054496780399203,115625424279760960688842729525345503037829079620231557905141945655801532157907
170,305,853284630261886839039835639023114071367245419703963,99167277365569704754389208879058633613196725840059036107913154960370205607568
170,305,898569963819509371609475627793544224732787866099775,52019836679574003620124233531089205316827372954501468997155699348103068664054
170,305,1138959190748959511914655382163475521336009569283049,29078790342022425767250498298311485612446940602687444277181415461205630851609
170,305,1413939992550023982014116216265872642503467939268026,4794257390897262507663062623516073734757513468526392124362365833538765148237
170,305,1408608415053555664513467861349491077552000787370242,70320555805981309312038865941309516439533830144789769758363670574220480229431
170,305,979584299660726077586250838098655279735272333840551,59834561927935909484020109100243550861432518888210698375378695664325996370413
170,305,1427339713353706901473918209554364036479436676251945,107171660185326442488847135938023058519145085364905324758900712634493000609047
170,305,883759106860712199993620097242604049125516473525501,6672624259561278242921288162121172909544269493314071702898995967230404595551
170,305,793527729040657651259428678353000799297586261683384,106893062248868375378159977517111964260563656590831408088806896078871438783350
170,305,1489522532510231160270664960781034189166913121488377,48340510181445427324469644632719854392077124995410588363591452106426479483786
170,305,1164376575464957316661146278919473500436201487857839,28342853625314196306903505346192780285649139331160338467410864869154308331693
170,305,1216813329336739843536999550910768834211994199497626,20886990093198496105399315444396473762330326575446030025588274544395191120836
170,305,1484523323587387084433531381920964760607870924015836,35303142562421114854246952339778669422120752523322571798546954005374317553196
170,305,1133379266108352790881893196910073469320484984008285,102678253485121389760897839905680742545284098848298916250988026415882382858982
170,305,1390036833232282681174562817367835165167440799536821,9796775094310801488814696359450929492277226511505189606390647511268156659962
170,305,1061744486462433332767728775281869618719164676718435,91111011735000199170576221479636065279800805970271083658213396398261856530087
170,305,900227310697382645634690654907358034006644878398935,12073406763725353454705902525420921310284265671687013354085530066983664590865
170,305,923034609077522830120015861013698043969028153709938,99423464579236506320569984124965270646478289826392524810139835489130060779767
170,305,1154977498160363697248367161247069990383974000569266,73061622915756865828976400777483960891781164876643254632372679129360267480401
170,305,863402689952779279157082872584123650360948448940677,98129594993041951469806028365289149893508450724981063158054944455989687653964
170,305,872522434954534167561519183854224773049126111519661,65164543394487159709864146484009189327554172868313623458266686112812851434877
170,305,1285862177858181369668073226411645021108766406931025,87499410710915218469500380232317257048751441625108403764445390468138289165123
170,305,770536880556365658814074989419175685019325729399622,54688896293999106010217145708025028987607039458124734731020484483892047433195
170,305,1433471882068953070339130314026149289575406749838391,67499994091888135647324715574775817949528485056000183423762135042377911853509
170,305,1271567173282196559534004159804833277650625504214736,78486844736779962469718305162528482392408149054995858765735573866455152614313
170,305,778927322206113374512794613085663694804902381335792,96913403413334549181021786224054173645373050392661013309517133688730556497042
170,305,1055488425354646851233200201596409373288529328555256,112693454785313703192310409233871954336921749129119958824205682311572608218423
170,305,1068000801176526418036331587599576740742746045185666,42026779218651343500082899779806657162878131593656224415970888106729735805124
170,305,956270679418418457478771601720111028459708873061190,56050589552108159031862110009618074045894047384451695387559735524549865166846
170,305,1111436742917805296781179480634281703756182409666793,82599276401551462214110482298252936663912154584669988358868644446993602452752
170,305,1226583038682344839269804538604697488380080965835245,111305659344926966397049397073210064918154795447726695475967122942648738938482
170,305,1250841034997500495871683142458834362658836347786581,15292959448420939872494841283729283813497473453350315495914045672439285439438
170,305,959856955244785596412742978954345143260487719704806,27251307495238219152606233409969108213571401668674691078856870926980992331367
170,305,1119960791732503162058452548628085135258990083354121,104093302368260719156285514716915927916867479386859449136765809625611860846385
170,305,1087510115641335874165852461148050182365728693598940,99312753681594231115542094591508570359987596568589113724665392868903422393014
170,305,878889544820902860644586300957497856225172792348657,23654093291494632145641229140405262458986191399215584039826771814883994432434
170,305,1110996282835739584847826156167110211321194268217355,61646751107809676950260275417341168481026690475019150353934857982176075253890
170,305,766205662740568785811831804804284022467292017210525,11344657878222375959179290447562210254370620100465422660445396844903655927579
170,305,925869995417893932136973008361015235654074712424575,21639091483900303815887280584365788973956074712829451879113022228195180973433
170,305,1086477091567193664910781643403654327648341613266243,109601365595826409238758079260824675255268706394389911825815442802687618220617
170,305,900987885499437418951423253909709798443238912058074,75460678273939272563195326552895836815667617276907058399153433945815568724136
170,305,785147272143932132186994700448234437751847123151196,32749137087957284685089759775546693247601998891020088884964063372932370542384
170,305,935357279478665608640538065974355734324734869854975,67421836330890544440064376591945331149667742764592531225324700800916907341651
170,305,1219617562853636976853488306117844670867829105975459,28845839377657095593863830394358852999684655183866618271985268193857256281334
170,305,1438424901610739882878242779854317228950790360245797,86446874269290438909839714450430415375145690841993304305342569253044578126156
170,305,1051894443582190464084861451425540317951198693698222,46795315733564762845093684033156618215326740071792613504059815769126900385913
170,305,1081044625237544718626926712618097145526293217547649,22319228587179789409638129455627416770172545874010143247483861170505730840066
170,305,813139684296850012514903080709311548325076245754345,26143899394731162974706949834059927081476744338074628699797657346014525637528
170,305,1055057540503177647052796548809875297932973262297384,69735888313112493355739757392228902672724455374951523165255964399608132496479
170,305,1434109632750569518040391321836334011720355319068818,30456110819371389365914210848460644146144447946524898414665978952974221196126
170,305,1457784421245727486778135749824471887379725976747034,1943847462710948786273192064264164364831317467720925334294508124186059441540
170,305,1104417060042243461827428471963356010685872861107740,57609001500791198327060596768188545358782469535132026967832810227267406500381
170,305,923183066813137022122070424904627833619149588589859,100581378524907742657766104339010148087768591105218307485029149121747770272322
170,305,837047122322938887540284194014559285768978926114020,40906186176571385247380582671713952771936045310532602147157968983571138727502
170,305,1098382277597544279386763062897589728541022184850966,93123911464087361886959369431275755462319500648980720993531570458346374415064
170,305,945576177924059560066476181085926723428241957898663,104139761766998552929637653087925514166046110982447680550375029232926395251320
170,305,1317606361282066656420908423556130569353675673155620,64625778507956514411110887271501440771783572514840185186616983663319700242580
170,305,1014890417790092850754172358921125031706154096974173,98303043233772313249499823721557046930165368506566521256510196912262146471877
170,305,1398936676671285216701057453690786565859105517258005,47973541615095450634169179020394735568346542069338582819679275944855730672721
170,305,996230902168547548197429881256323256639980835190480,98979846001343618850622324164498602384566354244841056381654259526375793839606
170,305,1064070922072283527619780821752491635363044160301709,109318147412357720774045362658053287502806125497263384354349555122524137828260
170,305,803364322375656035287464209885530432525757358076792,65993323755270611025656229304084274335140160790811094874889927215718246756873
170,305,915165012308296801319784787520936099995873174223301,24324580205981767825953126734821393787431970015831402717679481394471226694146
170,305,858428269264079000284917768707915626301764489323376,92278616561564612136299316600628543537336541630306571619260506998732353955908
170,305,962389167966035862741212541816557543575658036631778,110332083886596214440755079794266196344278092345890788793009220115220402204405
170,305,974644344738322241643279264019961090839384298132235,76450242227678832176333308157132323490697832055403259178650043202375742446501
170,305,1404821562563430863666652909635548603477503799056818,103077866499209548016203547700402037437568414768699719378649858810718488944422
170,305,1092582461232801775165830516997123535247346010430326,48557853935013732672619850737855915818797097669138658352869372153128462367078
170,305,1470832731813421442486031989583404027837622614510310,34165689564877207836437502026443396041864480535096174043504948786199194590951
170,305,1411148225147609891240515157360670729725723953531703,57164174030132816376443598762572628961215993747376379118969263582103964742476
170,305,848542631186599849287042445509924259803201900083036,84704593096072761956676816751862126552694046352937540144684765389468308926797
170,305,943793798643367827174364418692849503308516796643319,16138321742170057521828231304114642793670136810780530614399410788508206101937
170,305,1108516225109587441191720483262018482997249903392663,12251305160194606114475925183235673756351492732542098924523648020504100895378
170,305,909121847952742018828071608648272647620045447921840,54742514031467823555504594014671163245233966531420444978947493309533207030485
170,305,981432811538543655943154510693826342775869819344841,87747747343632868698804763811091391481955640958782309129993632233485816847200
170,305,1360987346743466964329313639589220002111379716327033,30897596501108153457308647778957795038299600320285048096767447418670796098576
170,305,1189550041312983275429999865097247421618157802485531,55242835513654703863615918847456838500530230946739948287578851980031909878954
170,305,1148320656251346593781845511378589623767034925913358,52216055264110969273794899110025549711735700036118073242175702131288702321764
170,305,1402788631416514999118226518020825740192066381441972,23920023763303431370804540979557926767443152566530052762994989053155237420717
170,305,1380274501331065633986855471880271846983650523386382,13933317922594330256765850095621039715860777308415993968013375254477673556135
170,305,1330647081681782449291194478630718889712521759386304,100564881061060199367721475403372787575357987246480474279381882075524017258916
170,305,963925381098061555362411177010150464679752104408082,67497989228189257497586589929854157236793635027279011827479963120055888471217
170,305,1099176142205821088611335873680890015099990449663233,75330727916423051432062337829483080506811899260320954295308368556743934421121
170,305,1461075251572322111471193312933925748187305081537777,40119397858025912009621059692032289698703964722894413049570620404111091375322
170,305,905651256087326900858966799737881578144586289949969,34247439134219870779236073759900064293708624384239105808030123208858729834812
170,305,1015825388616290264928449447106032515829453083668387,72304103252959248026445434460027654488441963025361446418371713760486017579646
170,305,1173844846981573224486070578652999364373666623382896,90425712033281975772342008522795795356921474912097537237565513707839642886520
170,305,1256321002349515290451180363524226667424601295486492,42010343215142897452793744217033882945943333649015909034910099566130796677730
170,305,1335168754512029924122276310817019759005610911101206,62744388464268193405890894497819560925231681653167396918298597264037178241514
170,305,930026340868895958564349012107468365656784321431315,14164267820718718868395587167674347001238479307622944657134734195168890004323
170,305,770800898516664710911967713351758710048922555655514,57486265085789723032324495841507035563085728764984051920747850494671406765145
170,305,1339371844092013178266801832567798048746288007920354,78985953252844211796157705784034514359597297941520968742421778288901642580641
170,305,1398024064943570371517079779467278788524929872486244,53221943185162222447068623739125883733306677859246404687893172960649233272213
170,305,1103095627362982767542922486005410582408740734211369,71571195256972418893544416327970252010572237514218252453095351549149227334683
170,305,1293502417069751218384207976881977637246645537360089,44988310252140115451456766665316596555371186901345077778448369901805047400447
170,305,1037509859687305257984117434646246675317071989411672,21977964066269039050120688517097224054415733838550157372738349844293139497132
170,305,1187949339990804469546087888266790459996809277174251,98415388737713306955673907018360495596895732578045116797868059453163515557651
170,305,1363817064130492030249993316653626526362332250266030,29864566740676997833642509495562612431037040911994782919543488665043592229841
170,305,864295113701115788003930081697335535924351597886187,68367997373517003416893075349561717201374514897501487717252181655586200290335
170,305,1049639339163861260465885582605997951727331712097890,91121405888958205754408695204102958001950548684333473135808526664279497814077
170,305,894194902580763065027204174980590278896558871849645,15277956515480689354878648833855005026174914038717607866689839439619383819839
170,305,1062504676548344825762711667073972407977904036292739,74634136523329349235890044673385222755258934358266875733568211621736409181493
170,305,1301908325564000822319025297014975007765854750873304,88834821569741615488064660736015642220082293572026853840626837045672120635978
170,305,1170483221397820628908040544938429506078023672401148,33063168041175356198668230511799928123068530421752673930291888595099372500515
170,305,892733326181652546684715664343472856569031356781650,77624532165906512878593551285054555828872080972651633712383900777524473307095
170,305,862623850339226411389731189985381656248277160026562,53980009350416026918067119332901380269056500220328155289424230670344755444568
170,305,884996938809238302316103536796113115148949867892943,52364970523841856019268725551139600374474416150329084152462718334049129509429
170,305,1108365220610697622807346067062962004741832058336205,1114612195435434366440951094226228808591012792361058086602615203307267643354
170,305,1202371737905645284275966747898011174067150963340804,66156762866019602374677450857256471236072142033203190861969955547626479764111
170,305,1152413106597532247061985075957382362111335359856248,58436684395495951354741340291294094464725944369483699391860601558207860957902
170,305,1434859428704596212513978923032853358122053810179621,69982534148441244631183591049767462507155283341389324211286069392354458261677
170,305,774990160551566502245810468815471157093956069726359,21738386233278863653753119133305756035356432133705526152212597217975124221896
170,305,1193602405675567181042374325768378872343177727242377,59976653876406348197708708648824775135585281219620207844749833060219485825749
170,305,907758608835536332523674474373060515989458169701654,59207272580183426448327701652272951325997787041102260550374366422778873580880
170,305,962788295826026476494323070660979473507637101226595,109679073366440127710823545461352383917117410842147089758550480828769483385431
170,305,825945854757249041589436026634065688050238018367926,93293018796142385011848988966794288599344075122531839704425936042736557474706
170,305,1058854455588644111128872759065162856444858788617078,18337496553465156150078154809303243633108256303295669898082081353181444204485
170,305,934573326868435565588574451631317281427800256569587,62146123833579017672392666298998311832782536608680771810300584830392137528026
170,305,902695465740884082088026554021712560173040900354057,46477298559046961877751919897860638160335068385345924714274549807178256079955
170,305,1350406480710825991803328581278324318480500557865123,79287727874051388030298903110468875989083689951246144187984140663974077317805
170,305,1298485926921715209611696824191606340767121441995590,3955488287765532856538641794563971800143500195132439713703318146090574498377
170,305,1147484505095380477226077965686625581427406876001952,61420092408918856917765529429027565152495845804045505225449209322897259789257
170,305,1427716795126336525432779570675886276659937192201934,55703949397319974235349880393905175879691399837621415137917426075031803236550
170,305,933687014177195884925380824359605104089692681994416,27838655731991827869097858241340371708305984846222031879997973057105986242854
170,305,1249682571990303678880030901233830795211175111405606,16465438009509118194946690775080552165866839478893904407949741166594471991211
170,305,750614180705915468630770816107454974345761437305686,15636165790096681992259810287901741029508329606761706497094797817328325586331
170,305,1068866738663494665908634790852440997013368007845705,39315814718583152494638272767712680371234798734623851978279882885064453381052
170,305,1008022897244585922465120506567507913497192692866337,86967943240928629633816448434906804170460243101015180341791972980452995524768
170,305,980673373910948479853847980487173174537187031228617,22117224677602664526779142913876984654297165947047289598612412027449511122455
170,305,1023279579719018061140033633192649768427576084613819,101301798615646113606325447231488423569256200107759312206563692000022381968512
170,305,1241581845704890165128350934706367016614664665776382,76689533460831691254506428293757918692148328113818530350753385890274168392653
170,305,974470683188136524821949871812753472045558780387741,99728613428550958034865309567095162961639257393156465240988558287474368013862
170,305,889467333984100518295858888545578923424153954674585,107844003762914475127506160145174277275770442029517556313551098083531784199639
170,305,1481900387115234677979900391210668863442537724415632,5979699068113783322155549984620747447176718342877449320812012051777400040899
170,305,1296758285248254261744594617777442159204754741459055,81921831602348630664185376053314364540611466360499850996712299172980659878063
170,305,760970194344282297598327092081349584805451016576581,84511601495864816623425411326247507999437795150683735630455984076657211773500
170,305,942193522697739684046147100775717830000476007537758,60896820800178935456809921145757481716068109633156077971696909431687545050974
170,305,1404639842111808164859137131470542596892910162740410,30407129109969044579341832998096457215430794265471245196297768205233669982234
170,305,927734002322282237791269048495660347975158447992564,50571570914889268476095597073098776583844146932039103506892374309634313589207
170,305,897292699075795118587103229079537277203394687644404,39881667295630111135477305756448907235474756564239507954127305300211649503832
170,305,1315890294402345559371166695208225192778095151650851,57301273723884357079425581426205732240625912665965886630838113695722758901022
170,305,791345466830127253522081643771897672819622284393225,61463497373154758921384993567589318918564941757617435648004747563323119629927
170,305,1124201224297297111880949785410550240316404353187495,23699215084140240668939375505157127867194912825932957609141945622132306844037
170,305,811812634374456389429446242342910194214205628924054,26319036728609153062947611182931530727932478183148094912071622003893111472065
170,305,1318252555379337188144958404911088914176577016962494,55041561945769449967795249735407012162515776652378854242096516847409739134419
170,305,914890399144377967795438852188122517839876304643178,77065205189443839636702121343419638645723447535231701080438185655937391713535
170,305,904489824925210770693390071751635231632491753494643,60128720580898907783296336264403099918010320839367350387452185096820991660519
170,305,841247530592761438198079553680924765901649330611989,74889425386026832697675871605633319255006239656029681775465781378030895531392
170,305,1154833708868137732970497746765468981634882485960768,10916166133257950945857205033248208247780557245611169370979680749330174393128
170,305,1112726958492978200188013601986420265438383560153431,86113736406798072976119416709007704455827570317971967217865804171715843698610
170,305,1166039314139869852310890093802437704323279880881837,20995551203156669174987666399558443770664993585841777324791641415502290996334
170,305,932771096305965363385882735915230327134629847167824,6330249647347411949149784194426050474362211989366328843930538376820631009852
170,305,1189148604669582246893206803945125277854817300957686,31088192249666584621634829039084555475559528230064960760388543633775149135574
170,305,935296647173607267445106816068772218677249160953651,20516722996335062633414830159489852581703853111003055076612651633681905082095
170,305,886378664495967340044375540244106385755798277796605,47257033704982287899335078623106406737282303123494967315031784967150629765658
170,305,767463990668151760443019831043759795811840080226859,20556454876443638146935773341390659268348581164849957935869047694995363668727
170,305,1014191167073923457188185235486279720246508661992213,81045664452838640799912456561791098179941239012794187576761407940292834556281
170,305,1209507067564060282167854797811987589815533734398405,40859508248311458022181971726549934431169082774691929180681635914637354419225
170,305,1068613032796431537937009751002952951464758213187214,95824274090608567093687485615037965134705086567238327473595000625691482605494
170,305,1017223560367345915256143357037268146283464599576988,95929444397274996267032694605318588206495812935940835002286349769272529840858
170,305,937142618001445510442118872046704927282961077492420,110334554574349573834758225560742560030528661090282469611677436223656101313761
170,305,1388595333238741260532135240640765383010354019262077,80619757307570867208176548244363202456054021822529912498233529339219806114149
170,305,1395581290614650715879932270963658371998951124739564,25518653926848113757369938613081399765195243325197460167552034906729895951433
170,305,1459280513146885658097772111453805556706392581163475,48673039960423276814502225346412891930100921162059227680255390717748120569409
170,305,1228866437396070426523103599096888073671278536005214,104621209948536160688308970207480714741616434790758360578248084804316297519136
170,305,892270325972905934583518993706740352290750328535773,79712189324307198193771736392031405038517647234582056994865555916848500269327
170,305,1447687426191798669029538972669919432358251065275002,43057019101243662404632968960939646146512215408839314576420049247588873150975
170,305,1337756122227404277285786926725113092444850630146697,104035051454476975196676939336736522008447577380443301187419899384835184725052
170,305,829311967951614247120270683474140804245989666517542,15803364025229087682418626773486376864177034577598814490282876923004096556022
170,305,923842082391929133095541114176653724957621867638060,108769423191157502363206798050050537972366282068993720258090462014031084284657
170,305,1445959921858483354867225135942184785193788581995111,43011633988404750601435419957304438581638761261402178113357468457305186606834
170,305,1426327397548321267589762119268165511202352783737838,64997697404250333929305187370956971499056966147597324509851981727761553508001
170,305,1092519247792792753212615654494508335727418974278068,79570318477310297358834161468918662666536909723007884506293571443483780547214
170,305,857692678563955653965435335905500668624656311710428,103825560850870689572197449142067253637523486594965629927010174314037221549373
170,305,1179549506694042463298325384941600535214377768771108,110014200892642073205347937689136952058508579623040402286580434117930816547520
170,305,1166326489198907929016268906030081186174294932987681,24653095288244134079597010174720543412188599956479762200281426771375759560781
170,305,883198984752501890944532930762173336517834073032257,72848057659023216320003404504029798005659581651729310569545636341715713180400
170,305,1223968041856947962852021146185119975410075231483334,46681557322487923647747996972435192218272536300973021565921154096863050907025
170,305,797782340712900665273517136946936526989379094166921,8339307416462021126518362756287102481735504417881921066159181997233521666597
170,305,879694926866680657963727286541676766038842829485179,44046911961797100536532729874898452230549230494823860367244097941114769329051
170,305,1391484802627932092009703940095335356010708389776602,54528593611741367389160431646715044861409357147759635356066399743168978579906
170,305,1327122702879374368920337668192770755605595516106612,61198850936313209238296449594643382360154683571919022918592817130392843877015
170,305,1402970993021958074915447502639499926798591178649291,100552127191903431635797348948520103027213025193937854972774426600172717242611
170,305,828057233011036775901183902806370882405514810925656,81214979911451779545246910229119546383647218577169130950951787178405567351559
170,305,1195865209583840152436134881811743846296092782207444,108656663881203907606386815758949269719947223635137442783553578693729450512665
170,305,1337561230728995685485120147766813567609681565455371,62633490186407829249955821987756749850307198956191321782009718901250892056618
170,305,1427961336620839878135310666605874987162424080251686,61250191176135372208132820542739143089449082375179728962849446532934422321731
170,305,973222746522806318132674412255511763897088752556523,98377866762791331052890246214270110802742677124007363932631212489711102004326
170,305,1326879346765230796279859084807781912921840538757895,18666725819885317100408368748516357818488701764291057271023379087605188315316
170,305,1072331157205427267366207799125602809910248885564409,106698283818924204826677097314857504327643388638976043053348150225653747361084
170,305,1050275759311185953176031369422275020237953962268979,41077367298169270132896346265749504390127272699805083455597792487408458831743
170,305,1358917079655125885671629749741316018042436387232405,23437164409790802168524770932579983791203235548482493560461920403241342848901
170,305,1332947742784713619291860265719999108390240325630285,31713616138942636286433870114596623107838771768849887637096502063973767992520
170,305,976202445404503528370704041113608370423079832902484,28195046557967427028081470732786722264593607580459638040552986628967426553603
170,305,1403987411284965600456501584219686762878841124793151,55013724257052374597536078470855799931801141278883437625137317008708844405641
170,305,851211856331886359266375889521170768005603102581499,65176441167528660246210718036144908917661928583283376563312881004249504519045
170,305,1206327644202212743888441084225139223462003957766085,44943421502423166276650568195088929010493354104127709277166507807751505291315
170,305,1149236939815963665558620709967656595780571511636657,19508204518776594149475769913721691509120493380665249581272738003405398166407
170,305,1372674977518607498469265619982383519729189178419856,44594612372127600260396272550313266548052267079984558945179617600861280856963
170,305,1289193076000587476984739013217904704016240756457587,9332248225942477746010033132809549168268501820193168547600764779639725214921
170,305,1173647217200655016556479921342353575956168354351101,18846799760393915178025423292521559758954561882392817707001366290912153209015
170,305,1234325991663147111580528887729233668572489150375239,115591812648743372089266447784189530357379626705025932470144229812535129893793
170,305,1172876082519511518594987987039773174712448575385508,27839273980755894600549368869427929264006221707113391109862680814361442401392
170,305,1176539463063000774820727050173009885942625776110159,18160110763947641177955183822250884919238596650025160104728190290526831278925
170,305,912123369499118817086761955324667547289212939005842,71103744246882339556986998804438977559254344647211992028094844929452894046972
170,305,771353835592088511466101647419145555872431097439752,72533859095315907104420218102009872275385173585125027989895596326114280614723
170,305,1448749379956337329453749401448983873532011737059086,106875080080989845900716421046785681058992087646707326900714228337937023939984
170,305,967160392996098176266443910376425663675479925423887,78316441245565711149308177746002942311358756216310228956534882387713776012140
170,305,777648899956269174000083552053533241880626031082756,47819064749438696464632785587397691092080941590504432850735785621454718944863
170,305,1426445674908073547720736906276598774650348635036440,98095714251271415931706554673726722297971859042958863522754763031431817864211
170,305,1344790915871328031439248289297210269429636837615273,78074639768121489299001366644977765205445431036143945958509502439557022652967
170,305,1454490056433578341899891651401265135726196460972274,55363319885835327357949004794545761255353686334306441577608118941841747710919
170,305,822240731953927918216478232742447616748155811780547,55458301510333163094526300913900878715537162617357558381502325826199169232201
170,305,757632196628341298566978376897185124219012364993300,13272478058710500531080996955272147631243310724909366390792444164105172094706
170,305,1451593319453416789888004654022166828955604243605717,19072942563714070632716400967062299702566807752619486356929176125993624234293
170,305,1280743229087190228014310145561750128522008291031030,16833351589434704167580514540255959572518104318160510189080239094672940812373
170,305,1219313537081556342824288317004767821583413403482065,20315739923847871808404221655838258372955862194436097677714200789890262485736
170,305,1040072252337654974287869426806578293022002214171770,2332208073537393693948762681242335904823973397016416855074690948751355764022
170,305,1173345290072665824151823096834947965219216454439671,73489925795076037423224680949291139450359664632926251960532120663063805156226
170,305,1004687964028024177401837162426670627996380459892716,70368953451603713002514519620792602591594285018298122596477548668519191460442
170,305,921491349103426724632240124034467483795288424352853,34027587613838277742401479260242598518091018074338115466239660739730296961810
170,305,1464601313658919350905014211057591220167297022177708,101814878482083318629211111672191903680182022280585587036848159284149189679501
170,305,1217482286281276048367069645236120033519164199932834,82942325008080513708254811416095804852685654713288715221449691321132054981768
170,305,1145117186630131463782454560072553485896454753220030,55509166350795275801563879156990930767405629536948496125348925513825079653278
170,305,1380830636192722019353464914817029389282946210934729,21070190531552367345014021397806666116218646932763968029793785987310643144869
170,305,1233734807208548637740060346622308187109277354374977,87283782774317040291485036261886077615324824955537245630311476829324033521716
170,305,1041847037264141080866887434601707581178833992502332,110625070124438430300593155087651747297655236539401665288295378483182212751307
170,305,808459736208809734401167493787353421957331373608288,106708031659583912914816984797801235324756122329870394093029726459100203146958
170,305,1414821059418110555050373347649898697052390034676376,44364905140453473664920736630061272741965541183943096262508859106230807576524
170,305,1419084661585619153287100216888193015597373343509991,72839250532439281436012762410203845742448644292212130347628006903017575023048
170,305,1318174257325063798464256464756973189090888403768974,40666003947742421691612008172259743890451530330639964265133489303055916224896
170,305,1067047494912542840048929386719347167400675351261757,20566629180330654903943111074396865722721510730362854529925554391439670117305
170,305,1423650864294845914099392435092558036509689023663095,46698669699588776710773149110040522402026981069621251900156030573729026085035
170,305,1167110172943298024380904950743254257600565370027376,71297979377266412302000133088793368124644137933816364959410190569302689582086
170,305,1172102788801053831787823722182200398593036508043054,109257670199569775527632354884319087851690067219658822298982156870567471904055
170,305,1286042368403635401937493759811074737679386574836275,110199273816497368198310254428210189888903748924647911811124181869393705860551
170,305,1409622660964615731413707860800569167685006901698899,22911353624696485689772455398209111699098182901636238172053752596551520895179
170,305,1378703122275432838582229531423913281891710332895805,24832673701274782966355146589791268551391237662075954901703774113482613855604
170,305,943723278105402080973146980464605538254997345463278,11102590884972892230499732632939662460174373633668762553452114053974102995275
170,305,784876310100353151897983042813912099757572212955236,81015859104731997983412910834133931369587453945253156893910415268863601980424
170,305,867379363583180070083780555500324521185024343661587,89072725572485503930573512428452341910090694076154039655250741312398894442458
170,305,1407776190240336066972791142749366094315011993712364,73199391281245263933739998171553898526950296968245737531640484604970174205558
170,305,912083417212357559901362193531761702062950305101282,71025193204371541679571502092133891270394122275647483672189764117936811937445
170,305,1149020602367099583810470594197046316301599076254763,112820113252285743429041612478012979911935286263536034085125535670950342730213
170,305,941025926061935491936495876875127574714054292481596,82923052926878993684886870556850286538293615815170554059611736930662450637139
170,305,1349069550760702563190692395733690002101309277546582,93545300009158976710278505005608958021955775831065415339838868039749549257676
170,305,1083776982750116765433019468178261674486133278997901,89241203464144140083103395733496247004000233574179358092642592671028485404726
170,305,845733090105728671175905293374668226175961319910748,39062319290798104029033619381287811280699103222066968745678213240332578418240
170,305,887709719665791241859361547626524455414185773547504,94825018136399299866927377672433138430440679774216377349223733787119777538014
170,305,1493559459426801709035162106096224174914721204257126,28619778266381130061873060633760323269501517414250844403384914896591350289054
170,305,1283728777293469880710680331499528325453360906653618,69874710869346540656931553094526430095131023447103085326407175703139959753456
170,305,816575051447683533589552811457828367245511824027777,60962989537130894976249712282483706581244415447977203028575480058687123846813
170,305,1142943515504998375994154918816836125873788394144192,66800709143378055038206699297857394714378608213000348141661129547190947940267
170,305,954669344887481942392881182556064240189398260088558,102486794667719779875692673857513933100749566107845061900273488803843269784540
170,305,878533914221641377251620238378876773583750115451166,34647726792002569568043593007637122274888119025665836652206449098431109708897
170,305,1027213229303188275519151762845442527454844997584250,56888494415588607542179237236520174483159792274487443705203828131310084401655
170,305,1047644303361668648230370255469360564549210679694945,71049845421887662216145372929169366915799664460277597018169761968149369208847
170,305,1342742203715017156475613276592945729026737087116367,56926310547043803896600099134510292535155152402616288264710593153200148600927
170,305,1460262497416227358094720546441174127937812988548429,94042563622728281673032648365910683025136779940743646998926378940249273188489
170,305,987997440314671896290597697704700985138946657583200,14631088576428328305086139527662125061655866706125238524262612873210697274732
170,305,1267365553700383907056933167014864652927057427501980,32019466154373876602564327555216013916701955597764409789651321507111346994948
170,305,1286315389438544299527876040885533896436237813946085,2875723303020355245485664348177533140102650758716889996811355849622081113296
170,305,899357145416646200450252375217061311567672857725712,109769685995626789186157182891941790147984211615271114353362593994920785955493
170,305,750945575499987422210207194372250549177505519742757,105261683085853194374474719167721696082402570357007980087802203864203080595527
170,305,1243982252405641458707388831107141045545385208289121,31654910115330891535474127940465488360369931541719787994930445785015288006349
170,305,971204272626673216903542228230415564528887681308641,108755362002366732881836566542783753811430989397563711624507386236258613833298
170,305,1149145834432833687515642586271335733177632900688528,75949234667635518227675308200433767829624831464123119218724238900700464818172
170,305,1158747549470765348879692707734829245342847344453080,113173881250781147294200265979093999865732025723464698749356331570177827084122
170,305,1365115478287451778904713748449355668802205936178039,55163334271953196039904647159167896089999315902390719512973138524066377472086
170,305,1231701186472592569735415576975046383145640919627932,2489319085146176436103243209136161090953034813190196873433577527307157584142
170,305,1465080186159553950240543967052656619679329413623594,111165834497798678317609311773678044873993123894725125285929614841826243720352
170,305,1359795597666793647318655832651891892370959128860930,106789608847629697612235443975806595329377007486160169955030265263152730870253
170,305,860606661631852912600185266260188457965105527255465,31723481041444850562677714944934191941584863223451518822112816275561386648056
170,305,924473544549346904927836962766998611985538407695572,46774321188439158989109458157118864132459234226449068284919725765852726222191
170,305,1100496915620510690855477692140071386034392961191664,57299945349708798224485842761627174076803946739310133374230509030420314444065
170,305,1292250644999365492863708529947120329889046649468008,74233244559467277751910171154862136537587321707390401713492780565551074035991
170,305,1289770464403134682825124185798574798000997474791212,6088538694530661820529241977346566605490545253536442390013261989109818357693
170,305,886388958007108813558112168303811224593246115258411,69007390224258489115659131082717860304557778457660743953273913748541895118032
170,305,1291602738254403010503499886689462585246252308138570,14624454997724296956806579496637535658368235998586401272403580208153385679644
170,305,1310150755534379848238026973587159523149433126395945,77155687091789222613530197917936089733446954810592052673318786255546977606312
170,305,1011739302459156887075008956947072190502796814388131,49386853003237353269853764322082378414017913521769495202282585175080955519961
170,305,1196237654860407259440876823920777690860207823376033,22174272165329597664148593102947897897017898163109240148173488983250587645353
170,305,1076821850984490323730226344850806198896804214268063,80340235801969363567300216907941614544494470846386332337270119388460956252320
170,305,830716032609764284568198996568658482653576504959554,56710783074650200892558389683923352107006843523527101368079491569915427377359
170,305,976378277520648435822796797275310738216905830364949,66303916022937931177427879091365442845996138030682964210146694626202853675472
170,305,1223521719990684357500302589238115816495847643060462,8801181973231957229011290856839228448740696743776647499587310403194181067018
170,305,1305131050190679182853606155561486378543224264011079,59651152884736619337029846492564606862114722333013938691977076810549555692913
170,305,904192465814284090565915169520719042946904269291555,37087653076630156629697593313192354385891719798833509940730239135001697975029
170,305,1039797713577505753664030697807403829355230159688655,110257571783590839284718519804629627546093687322448454918805670913904656305894
170,305,749090797114076505838174594763228227089324121594716,37793316484822193788742931325408754501762992732494289759586598959892405216866
170,305,1255280588292006766338880242975431334398712086840272,62883564535936549422996021798301827679791094158269601879681009151775603982101
170,305,946351719486537768746457594065159751500413502059701,115665526083872423012972370390319241575589321246470158749043625377347282946071
170,305,1112404861107467329231159070512627791702746623958816,51745837379346052894547607921081135358049168659912343599243173766529489156005
170,305,1067643287840538171740922898117232413900829659081971,46118092807077373276354760181715885262601586272825204757270742961464396934833
170,305,1321569514396819195027516163186064344397265332147806,33449857180709414476891540587282783185007343959545574953238734397691161243676
170,305,866094540364968759814778930802854193120872288879935,93958865425974088212177488534101840975688602046518659602678137696542251888170
170,305,800801251098025144002295869756521464698829760619203,74388682842761580285558371975559565811951690588113836768718487868765475037759
170,305,993170598646055464576337353447277925992624779144157,87736129371413346430177682510345934690558089116924928860871378511710476762284
170,305,828498515288342181284104627559462091190540064087435,91773070250715900201105994912463022373088596920925406501792016406454972510188
170,305,1182453629630937741612719322289283074339979864475183,21966268196872433316131905479154006729529405756118439709255209221099691569808
170,305,1275958074506465033824801084027335308626096803097886,72177606373276421835987276650960773456761225040256403523281918935968435106082
170,305,995307433348488659711070499165740761956573830527119,70281272292183201370453440236265120868844818707324134710617934202782165508854
170,305,1289923679659167371913013667271368993822858479344086,44219271928571816928790117613143997397267043426294592702714248591079601121929
170,305,754720580303711114914942395541791915851441908500580,101335741167980419350965979024467753506127359577514459181210577269331885198127
170,305,989977661757843395365961743784404772000291477177630,40340912888634107553582685840867406771298101221036077910745298929567448796611
170,305,1044500840109106344035264476951117220810946403130162,26308271013411454788487715882025189084739308373200710409472538641810610592136
170,305,795168169588178128428017154222172058754645134333323,46778767764822268124686649990795552738101183991165883631730209140475251686777
170,305,1027827108643693218841038364493331556494860739556612,13296767724502453572764307667331467160272597716010835176733365445722973575141
170,305,1000333096154765874897636358948105602667584954731780,29540883213658903799032644053227290375452910051822885804136524260786110707416
170,305,1484292739637143016203168731493643601371413465835085,64271959844046227071735089922388054787900679311172499921799148777484891775624
170,305,1470897234541335889437602400208090483460711345451303,62026790015779873499360149991133195897756794106752492286636531201157330775609
170,305,1151518165284349848880729883061113896148487453317222,115783485828118129314035969212645333870831333302147816127405361628479583306405
170,305,1224922017696278410861770174722295226146641835722871,42305713325132337216302361951290309414154561461842094414053668429305835155483
170,305,1161868451320015947143273909216424883580248912365938,50114544332874782482383994156788873090303292126051246295184897802714106759304
170,305,1082942466204981434984004204876115256517543946941366,112100454054208920296537093878746801026015172130533833973153565296407108043529
170,305,1417868606279121103094609337352756587041360662815985,87898981916953202417089233987239679334149031882743584097526795922753328689515
170,305,1347280482909878226820805107356413063932113476190700,42591241775992864782357149976068852602868307669953477759099858225110289616170
170,305,1100383583659902663460251024467107743435186527526973,87370115562857624446994148181284983999080110883602767500496852315994872012542
170,305,969939721537821961373901557822861718997950537649863,86626376059393437788886447682775080397468606966870446591294307242307520593997
170,305,964428593286791311180738499334824268777034520422475,52203688709487069189876504773288446760201304039377622651475633992675835868085
170,305,1203207529892795646865974400289578438278163233990128,78160844011405486291506874250185180510290498677161553329226249012715217265611
170,305,1163463097614468501558239397479056232576103998548451,47175615724750567269761246887995434410582769068224766610664505145098235748193
170,305,1252395449648900105559558852985476676188081909365565,33223266816693948485936390301804999501143823651204298827309957092395174471731
170,305,1357637839735100647020682649216642741257747707031196,19049219628312592183612921296670301333041040928846008197580457289161279247705
170,305,1425116081414886869016421069801797557165455396219489,98835223062662441929656257125947253325721937916300269441291980185924597980897
170,305,866762993879699487319984928091898411963130820571502,69328742983517833295744903548806960855644885507509240249894232929897178448317
170,305,978269459182495347200406629427057124883628584009349,33911654567294972636436947815761217112991167457187128331015417629978328179768
170,305,1196251799196707712388291320474716503316587055681357,75280949342286966236520280241997604684163645405609286847623419171088108794802
170,305,996250821423610771319686023732718347814203866507640,1358319272339330111718243331631454654171721557486376949677181725017437405183
170,305,1076862833468343048601436031881269310596173846167141,4514673329347558400163554370092058082358139892350099255043095807177948814325
170,305,1139683081568879494277074769789708453593550583806324,28291557737127466387316558095681236250073879048354596064479265905851775751165
170,305,1095623646187382112272876381581200991640511831989618,12097946307843951955701318518825306545813988160340933738503976752087016338812
170,305,1052538172257722380137124712518542834854107536670990,16162728425934106328711728348526107119373857559008573014933863820937337381783
170,305,815567320223457182177130527169584523954096746794159,18881347633833588316806787483889217724914252271226787095918351034676363979376
170,305,1028567745200861336044701676007596054329279643995130,23864170268163901621789694807188553609592065174759625947578134614757093843238
170,305,1398475144189831010490617379236417840421727311848218,46420291338170541489325834645662699570005930670915968304669654521866999046667
170,305,922675185596221851586860678762869895292782716891289,37491162218754569711861675922901047534664895801749725510306432535102186745706
170,305,1077801286517498121978300779983046843516443057858913,109523321541847218149572102704580596326398896348952943444590023657254035936892
170,305,947661325627876088222972528843267914590163104225953,101315970499872486891463962101349337500824828712464016858555692881326917338584
170,305,842437302197812778608627267306029754577305622357597,88454964729358217094254384911163984353393932151379009802775248684916399996597
170,305,1437629468935395524344130084732093959599052514376472,15106712898463341622258356919748033037409718087649783756463291233348626544381
170,305,986524123462777162581715347124824125415536907510613,79090001538879265093918701699241101873689506448281894755244983342970104911304
170,305,1193670565344641283951883553608297943610178990453751,60788313155942220429298656853465673072745176280550449964808548239487461102808
170,305,949591771231420543702225990067323020656663896680388,115622632000060609064312252957336193241920114230077926468267340930073369529720
170,305,1319808000872297829510105894790426149559253851173807,61490157918628380903367106514313219605254924487389709218704541111644660921045
170,305,1138126651591703227110965138484120245622935911578033,85037039262057564907407169375025733466009922059570309612686092561239235859392
170,305,863214728904532928095926048486464727023396057112820,3569591138309706518477590263154679209282708571147508204386928080900645543629
170,305,925807051095660057534388070130974034431163442554484,66979795466534100216876734516138928939029483588344987423186591757071873426706
170,305,933874713486618845815600354944351054367772191337232,99868524551347340641786574039171513536627736287721181142011416990169322662045
170,305,1243002103910816032719497135387681757275539943849224,91158605050671278145801782207352565787438813502791713616260082004759873837060
170,305,834814681621839041455081440077688955133914824422436,115293830311573324438226500658613751024409248863761199038477742252105681521510
170,305,888650689551389106492162915780418173789094193689696,12893619460338764427669765184202493850788625086402084480174946053334131012310
170,305,1080772906702940234262490436828850294925586315610954,52044753860584618790221113815409746660604925495828875028077565150313255369587
170,305,1478032306203354478142269047839374125928432165368330,107466494922478652463357700930370130789035961581223386269007995225342433141541
170,305,769388179702370389204827176458794376193275856592357,99712577320343058817476225519034242299963518945251638834927690093345749166611
170,305,1017840072363163475353308079753476778953508255766093,46818996863141438235052401311773158388893447898737168751341046232888171215501
170,305,1016505030665409468070451233713714164136543041485740,71571361260879878349024868640174039936066910858513469090072588481195129193073
170,305,1059858245011458316196787487858417410289401860818510,35503926316355152739986291153263070615879249777388897429688054226788792082991
170,305,1120672673571068997834370534914522814857075106132310,113196452807895082777195800031674364291445275740724357968561318769733240969426
170,305,1210986181218794672217097670608444585888956964367624,48777528742424259786276191660315232283422505354861590896516999766656228763866
170,305,1033816683009692230736286269855123155282321583107305,103348939593265729632990727707103475241263025023836964759721795513124605222215
170,305,1002710633053111283852391747431233598422985047718669,6915319377900438156223751373925423780290483876431420855652214225054337728468
170,305,1056260800252255784807019639135589986030805173907665,59927337520821291294865278274647520132627279126700831012528319368225866318932
170,305,1461659472537094785857374197925110689806654151064597,35696789879898873152018823518356257844953711096727649929134714425310598724197
170,305,1423157169889043956355549226263459667097450679362445,44783685748538389415685411760332685664340096024768768094354257287431982748240
170,305,806130083648459294945145126833207095787234363959446,70369802148364021492834051579128056628113923976086241070220387737010984296571
170,305,1173815346120222202926896337193692507630391559830486,115742308982270202909551269911376478127823266362175112861797555061105127142613
170,305,796254566804323912400380234562850018495659053035545,6428344889288525224145723217047861957257630559120925259267934905585437461428
170,305,898890026983186531048309356967690150155958622496152,87922438689748980140627077225944794195126254822588125572507113466325128921390
170,305,919398605215665343095452891217769913706748634523578,62459712951349085870072538104242285649185198021066995997858135986435622588853
170,305,1312316474048693120124017192409887980632506914775264,40007550678772741044109052997363670545825443462561053522069274355979773069378
170,305,1033269087559690439952242919623315972184532001593024,51578609030613572883235020785050469952537201774560886983248139581412675440612
170,305,1073673060422493534432927278859938498813799172862137,16569195101132757132837762360506072235625874688775342343569205011928254218171
170,305,753119041515500775250572587595108501016223329452713,79551400682863519695645052326546258588135930512278897186891735554894568636479
170,305,1416494664157091733466594244579529422848122587003530,69464226241103028917211977761118828567581273884184869753278419909236401093651
170,305,1148147381493939755593703224131471224939100207366095,111585053134998275252148158653886045899923583669178191589861483422052947100103
170,305,1047041829717318000414805867141977034482336362878437,11261975255527609916006505661023728499073882074506966253328453482483714562994
170,305,1292592147192340461953538903176281149446589188523551,43582169065544620414432990889787308337041676287544994701751256062432878985094
170,305,1151886805998565645766634752930890930945780566291385,71010114474121116357516029739591919619105485885258303558411888167071752999742
170,305,1490331606625438376255453190473394043341565683753243,9845978339876060706043541594855162545385773814178066373184684740266324220862
170,305,1470266155200450081143186107661853449131110701625642,81295253124791362861161977702044042077475237832431432606806314024071331300145
170,305,1161254365849835863885288787841126997820813499821327,106685825376868042284437210717524155736258088947775977254355979502314119002907
170,305,1050065933440718555006887512398718898167304068888537,3794440883581897348324069727846297600745197473727910995562943702801163994739
170,305,1307405266183369819916689296423063757055653644045749,46463434216124489895535910543866636535317177030280743807508819018003783442441
170,305,1432490859352708356869795257284054605988147982408291,106419746977229240504984015418658127811017154467596836620110136420122333106816
170,305,1097916472279411047888970356789957373696058026444157,100879470762878526298374983401370727650486094144153438382241180321651772874626
170,305,845188736452418221419600787127550619980701427975391,100441606763264535697038388500023037453560386004673793294872504210939183023045
170,305,908044838889131305196985787492848650872101203580763,10568249190979394428955593057283094827215440420316185928035401058178599844936
170,305,834597542966375953602659697130239776125514483818731,62678003267297401017156845258115297892492672121740771393999669141303544332995
170,305,924731100937889859519361293795198163760351498752831,110475731626873061496239116718409576698118148156419655324574891066467991441868
170,305,1200391390514276843874997990048177642327658240719047,103317423572200651297500844768585636891825189138476275533295378523523806348353
170,305,1461882908224480116494815094265360354316717700531216,64849649036780565128733837380068358477639029581930330321949759252047825761345
170,305,959425241789947795429992431262472315890887778070966,65194033159764392611662201720901292888452787227250921547551331177654514095673
170,305,960679151249325538048146835542314845047270825954713,41982549941225049843682287290309812242649248357031531001064727295593446048119
170,305,1099991367311524428349509765738886554359425229839058,91312789321059440521316481387722634875621208946535502834777754263654665660714
170,305,1272171949605779161195361899689876556086369208819805,69816111034881238274283053483165627858077936390385616187210217861871828056984
170,305,1491244615536065235963636383116047070457663336974673,25070092701066906415642019353656920644376008788453090399709660920929786163295
170,305,1452494052889779822799780531008644048467268539384475,81597624656991480794867823000319276866343189475812062719424043984379206384599
170,305,920658387916237183365501456172197747401475408450911,36801819301053435008229595241668078454037707073105361749646829303666086083330
170,305,824899529724907980419998515771845697995305240666614,34680282336641983895951016583560566911539752599913425408740793388889635207907
170,305,1353824423279705596207896110609475491184491314073224,74910987986540225260670242149911700356754332058787312794194330720759406034486
170,305,1354030262257733435453562885419052823180892361936357,100455097377472175700253544323854820813792995068095624428980907790150232897063
170,305,1467641633607877999524598262216618915714581837079689,58449549806713723373752596237571064145306303038385375322990211664681414597811
170,305,1361181417299575534667672069580661587396314172553052,49559077318905175198734115717677727883021158033504328997641131516172391245642
170,305,1206261997495840061096791863983979800304945298287685,11959525943481652231445031052334837888949053958314179363727498741725658251328
170,305,882201998926615768566432547206554826684235790792085,35024036613515258754298483052938983315588430155436156385019398430946620834087
170,305,1105653177107227373299587463909129169309273137943889,14650417397372834397182860154201969067705288352673466069907449930231891693712
170,305,1214477153718868840649942208182352260208442681274119,68204388524078664791595689194103936382312285967827431027381688021348887755902
170,305,1463276117116207979968992067017119475203688364545880,59848712623105917525466635943748363458237863493709781933293605356099760472056
170,305,1031373034737168027821079680091065818616189442194273,89410271257389041868528612290429949145912798461164904478917008943222048733727
170,305,1451897109425518640956139314590808341808971886291877,7450028010320522407154993660845542139930820860449069380103845830246303016584
170,305,1076676547834007911131157909617749229481299262371880,81078615885391793855629984859653504214384818817168125086704415545933678533167
170,305,781408321970321766001242071272446595678823474604813,64146586430246714371265875933474803269145135111263261425391489550182260557579
170,305,760728251200930307538907482427637366293665907240411,88416233182414328355975078751130015833585095255407459000483481284221848554861
170,305,1260993643860209634289211110569518550654734752195144,104237093094520853560334448170922899719289090076905423125768256488771577273559
170,305,1016629396258244611055816717107487645863011848693864,35470952586121023244735404808677727262967093673474975910109913916806427891079
170,305,903753174471574434373566917103786047548979959257679,52683955890863463449893810956539319841128601822677480789646374663493913992439
170,305,1287752617604069716358163809069961418299641844819444,15511929409397250274889657663551841526746393649099222118206619014487586115694
170,305,941906754180824706079395860943042635200407375986408,87645656237255510033316768259519511147258125601215017770030240994569271372093
170,305,965381749313127450861182591672180454047278092433871,80301647168081943847989540945516789306858935098792092317075235067891421133752
170,305,1313768744179200935597537904080201600500680243684252,50752389633607314093117245330913051811603314581283297751617018397350877275378
170,305,992595452989240417855406744321759012362688251368159,20648113961063005500772713180324637071950520412055760874023114313036743919005
170,305,882783937349888991362939586363524476467925896116512,65851659903848610283132772338591303485237855089010853206249359944151059277693
170,305,1428196798238841453302807967295607622798235389428098,103640317288480153803462928475763268932936804454365393938083694467374893355395
170,305,1296257847153980621320758341373960855987098108507796,47160691606890746034683192034332162209480270321529927285081832756150970401579
170,305,960192755838805089829745632963833976089730088254719,6239410871317600774589265686845855076915779461421908545147442271872290156616
170,305,1433770543074952852086961691044622064636795863767198,96372210700518766353930003324004051062159399351781192719972767462198688260527
170,305,1316397098275851195801645926095421095539134281969716,97587452587590674375112675595987652345899423459354307927392328990703278277801
170,305,1191464926438879388513504699752130767387332041820876,85434387483701506286601457175998521540799139319931520676439000131506417704487
170,305,1300412727561917557886339847170036460908722939111175,106648318201794978179792364549567312877919606255261194166106388729906321156050
170,305,911246436949172830041348897062902712275134848919771,93616990842625679359327071606066181930287045847032979446869262555673178167179
170,305,873791424496970398723764175086453571362657295531315,89554390226840483258434535646193968080579101380624667220040008236887877114905
170,305,1092327956040398215303069254484223838935117178474832,25591460097940840568038672038771771166880273002034020736452466505782744476800
170,305,1182671566299924681636359381184208427003769943277479,34290322352075774900957099751131536245108862449559207438996148141935162822763
170,305,932133534633141659092280917561607012141451676378774,68340526860773066633191826744346388571614852475606820592085697043817184545190
170,305,1483977523758126980350708469696949162248224473310597,1309532010649025553369613058367534081321370168862401761981707763757348964589
170,305,1261822441068877019451145013211130618984445889519813,33194254933583317228683342718018954724637908300017916038798283492624664620086
170,305,825073421058127735975520853098722101119474536552881,22380712035108151251472558516763653070846199727573769889568855792912982864524
170,305,1147778636716956397260601486465838844539895459474333,72102389310641775240438383117736161163525508371032585738123015485185772031862
170,305,1464380342854992789530226718389950028761819301921996,45961374548296036967841152485961984797679865672234801192150511731676272721803
170,305,1137559153734529068141744034219832191744792271166605,113917559565872565400961142658046843416341912631383579548026933350440130441007
170,305,754234052468280868787358685330716882830382730490266,1380186691191171134678204321510958722356079153062778463059256224223695952106
170,305,1492599761957378151639059368553614349822259574875160,22346420735014897202293985912222688307518981950595386125576640178624351526264
170,305,1231482010929591853682895125948853797911090201955648,47311799031216010283230437934725941942951561527290542971625157918229126922400
170,305,1219667263918540694437143463732221138233222268203447,93169960242114008099527925832622696774828139592059341693273653598441349217055
170,305,1458948153148538189585553548423995683138775937173349,19588585500251002324304744939095297013681471760152672154458919100476118893688
170,305,1197246694442525421573110427159550086280659359689295,50636779477500032855309380131996848222600034146637421966998844159446713116578
170,305,1355035561590852283160784717828759099014141113900183,70883585343632868433577049583103407410657751072791128878823386954471700790328
170,305,881800132157382671116073976948911970969330149086803,3358350616802597446325337270970297853634703430538404570760692862540537885280
170,305,1056587708775844500468066817088930547047474107194975,56260779742658152027834607144523789590311569817509073060960256013077645528029
170,305,1432705064280044558300998899454505050150468902581950,29441522048555264727097085329534243919966018808758440739901068092027062941314
170,305,855223994403370723058925047853544389284498038669237,10363185023568172165297087172161020780640017542660386619665206593730640441922
170,305,984122964409175262649447751913487898640068784305224,36705804516102982086879128434909539943701977189896385754787504963220122457430
170,305,1290045306624726066937585702998063882592223988105317,23269341232397632982280188055864660713240286745342362415089985467672162627206
170,305,1209463219497233717155947207225426564179084925390297,61926450214197772500334312004198320692634140239120006978850436933523886430752
170,305,1264411559539876208794456326669478141775337867288054,98799649667755849414128960128992996920377822113003281488278194814203155315775
170,305,1022227249352494420061673461838534267012625272759809,79543669770450785009853265577342924095705991928448196863198802177712637064579
170,305,1453213102473773314161611462459493943980573450159058,112094989234338544347073706308035467133099722758802876198127528273644513493647
170,305,930998131751782432835602021307724130586861312387417,102184217435604933665415722447400951182920521346120482295278159176863821587247
170,305,1304674422915876713626837157784812271773909895875846,101061357827225371918785141209646211575253652577439493868349350063746047910587
170,305,834593335995641482307489971745228210090203929427580,40006566571745061713628271856024639642850974652730605270009792683294479554930
170,305,1224390989658083703287828375025348745124376217649696,115753051501076051960693226017166917180543301915637858257694083573024742400653
170,305,1073327755520908497465861570925743722439257099119136,22099338333952812433293888403355157490976464820087058588464693358496390899375
170,305,1217969701910365675250393160011910101196892185129564,13845208383723452869420902384148083065991771625856437004884561002289975587713
170,305,815958332888866611635068013168781189919655899297969,64677425586043999889073501081993681658047303382149375791142871910162685880695
170,305,1360794579357061639422969832756429939594036431710685,58058763296156643746502540151580106956510341996272310242037568824563760844827
170,305,1010679646803917246974871374134570106077627573693173,93433865937610370379557213453249835505765999239960491039375185180540917305486
170,305,1138309843743816621678159816230401560247728228729387,11607405820418454515386100976588216313243304557475749733816259357393293272926
170,305,1156683468456106928220783249956536966212639627656344,28813308968985500205669502405720463936896243925910657941585120529038232876113
170,305,1109129230742678939091787461128147380225851724725440,7550207693258188489231753240346144614596193958131901185597336581191789802373
170,305,1254890453998556583107301868434448488603854040276669,78316142602160090609323573682523473026030839808705764530234119622501154062012
170,305,891215493331378460822124335257409790749726427362962,65303218153829097603372307485603555108008754028104426194827948535299375951997
170,305,1492511371434213262904591053603969074401292783971252,50589016765736693934190260036744442752352239364450526435545555781897929960368
170,305,977697287885926591448613616328385937911619345994295,39842323250406941880976332594013427032418937147856193657546753241722435662394
170,305,919610924056157924402897288278919739613826300249873,31189192294048628766667277887106194082982861776614416038620249911243269511973
170,305,827432925218314484624743208262114550030398162620936,73579561584775324178590052854138108622769859722311974231809315953261435914598
170,305,844027264457810451828746323305205573736917267181184,58055527826595897838138598254527434103831157922591976719567414123480084006218
170,305,1062979906374922121487059880894557410523353018163438,70340812071095992004757488538595059850543770826648569360985498098696378923268
170,305,1031653285521199644246173838252386729260065302067210,17173555504793453624886230929769465477216239296719003511494769810689614698029
170,305,973275361431031112723393201277224735559583116980484,72541526697090364673648652757150200562567995528320448803288459345095818581617
170,305,1008462993453973775841820769012075412261130096920799,41159822013205819116595327752931705445594094084842779356441851032398718468721
170,305,818181893166218178773296337945270618557591052030701,21709523455349209582848743309790108663514128300072179597377812829613906048755
170,305,1349005230684267460691748935157259590642671448369921,32312847309985774294957458615957084832458458586511504812370849608538260709295
170,305,1104997730911978502644506398715204317310956004376765,87151116692228729253275334423588915094796054023305432573241843473469154822613
170,305,906103749203157855486560672572008659324570419442947,49666707420226458354960894224439307052226556049487740596446333574800643842203
170,305,1409758368993988926307408635026912273552477149109820,88131491718499143126166322231255789622448874691572333842032813930736038933644
170,305,1311080253382697520984192324596137355532669205124164,8262122106230427773591978428731171053278554548607734569837286425383977468828
170,305,1221588665948811625692174448248932252759353401016044,7941606732605435645658618286600302997572154639854297284319336696178800070113
170,305,1056417745103092149935616158608235767451672702132573,21068481034305742980903875385862274507183224074179663221613865582449921117090
170,305,1205550122879730032335865249461280688948239709915021,97077229765972157517075941662456908825004567700605924891007733850224322889634
170,305,1156599781564884976311475896425264935925621293178249,32042175369790291819920964048761435483887018824507469066720457822619213273387
170,305,1320325001304312063257366964652850251418504848051026,88820381568903160444155524099250920236839125993747422769729749443273373940347
170,305,1372703869385189465332627417252986925398791305095454,41899765230577463640744574331525669410324842597914660362795500543306606583471
170,305,1170500215492172682809186466712827113822955035223773,74894005129614490703963339575114018951796786731950987547797975051674479787092
170,305,1075878693767914371268424066263132743795910906609310,36878272620020355633119607988398349243548864078019477405728934258964815101508
170,305,771456019418914009619959628723515857720646051260344,77180651855070025952948864643958434828613625530648833867785489338702362964178
170,305,1041399273466728294927156541583125195711561958134626,51294252354451652437402967939024488239569325981977296200790782677015525962463
170,305,1443012343168041325419355934700875470970216858394893,3003444545107447760529998241182767086979107280940238957134953749535057366216
170,305,1399318806211132297113073407347833370011671937907288,9480210653718393992660946375932316565839672054286608382295203536639734615464
170,305,925318727514367446662205069011761342440903948571037,42217523965887621360297812921208768436932564022887617887497994624188636164473
170,305,757237616012455712925513676338387487824164288894352,90673676927264001880163495838198262462935017291664323234658495724732826715455
170,305,1362894058083908734170997467181373710796380493760350,106965033011973557282383165419941131521409172931419231543527707829494587226343
170,305,1189339716494531875560671749589442911765938883458241,90918858674755969634469717489688251507976769813077412873529817074894140336272
170,305,1339675196291755229032830558965252649622517411860698,101834838898781950558939251564408928953577577646842748457860831755438509166112
170,305,847001385838705916165418834498972196508754244763202,113934400344578343762728838637614481986831986411094519573612806500123460094205
170,305,1420745543442044127927645700541844149086360698853007,93166898474955972471091473851662677750748873026699779785069291061895840882682
170,305,753124188094371895915353400967038425059107600076114,58888456666948731248230609040452235475572662563331106292705160747253907943080
170,305,1493343200345452948906664470748791820251775036683730,105676241386730103670556580746766391506984673813932680469902391645130436886959
170,305,1160997436035951140673023512039967251342723249430825,104190795542434537567734469696399543635084012388937563563366992267163973803079
170,305,1467979385622527618829296811742389978774612041685407,107020362265544653258269764180597401062744862087385516992578381976546087068389
170,305,927276387676189949605766451508447206963587916335455,38393232552261765082315882459100339170814389465486999586544487048805192139822
170,305,757970227467984929381743702940319223509053690128995,78435865457563149859053888811521612066636434977337761903791506122532108364771
170,305,1168822954365535167559997372391026601641523286627209,48119138522725255424366919543733466283120624569396223355203355021244383028259
170,305,1221405194843210823976430671168852113821855930426859,85582804104803884315827564788592754808127779619965159600117372558303327290425
170,305,1023792822928324927571976305072276316107869809847841,54801110023524080856371134509117017335098781684154770238461146589786232564660
170,305,1329621680149182216220466324013353585498022772098661,107348834824284288191582105544228853459655225739222637687302354724941659412118
170,305,869157529637669707061947845512894266190044351981588,6074779202218532056482739113440988994192924361135316603274749599142555167013
170,305,930842139988775591229813076874502913090979041862226,43262065318814263049430169941714281030055708571578395724086678967487983762474
170,305,903235040124836833302171508305622751499881228796887,73978940073910688387119414526598621191038421260401558862825642565069009439724
170,305,1290057152986096983592512792184070836705741309167440,56212294836291721186237799429984192232292244888363667222741924701097787769759
170,305,1262559787181551591776394197693320170903900058939962,28070028519261426991661066753860002925959826208820587958004553743897369248141
170,305,1329045421001658108369890949685268009691007470649267,41630469653150018609766061330378547420841512081654736504300957662658000885979
170,305,1100790351871277058479610430642106519539904212733860,97745636544797734377301518162924112244141746978688536535458719100237935626834
170,305,862359285085860196153114341434536067069718570405292,32750946886932736207981828472213542713193426015775401103117949266028173812856
170,305,1495792024877342931326383328653851315293666032498111,16605885280160552444995123098927734797508160148193306745212223684542927880347
170,305,1295929265674249283192636477761790077855155457803881,19731799951584469292121992009774635081149548740104379757075164782357629660954
170,305,1115577385687387186540406442676281997163537973829938,82482294554194658355848696163875471569729490924513052590154424396849863480283
170,305,823583290272584417536425354935916503428627893879457,96843478439181050319386306935787084256631622161092501319873016056269191657484
170,305,1408118203859749633211896739435762865882854854744306,34798248762346380015873005290602152783007044748566695996027006601104829729336
170,305,845454815442326248861981755053109846316882755928883,39064911401274412782822063762060392775126009671516829369189716844838098120047
170,305,1144774489981449145021658612892635133896674298661281,16306846578746614695706947340892566648700344233448708198705912230466465447530
170,305,1062305249154975996270479321296353195422396735267023,10369616683995813321302685628810414301592734075506666728802007870199673562959
170,305,1244477292452066092193399813541583115598601290673618,28559018291615802139905449747787809897152718300589963537697293387787978404151
170,305,1075164809203898469920366432502746849472404705518046,93596377614144371579057234402980614525931359914075921327473127180042534953475
170,305,1247273600510898705937406869609929004897544378324408,103278162296255565136195370033101071117391237079189982135931089521639829805511
170,305,1014836638725846541009879185380991562523261244246124,70480032811813774618491356141535309670787003222562125135836497131123834268181
170,305,1322992487255512772290872446455616972784797956060045,66429998254362686195364299084939410749943454974663548646863602657202320174057
170,305,1336277568972000849821609950900931896722136784411269,96613530610655153287402933718829983263922168795016679356317000825644476411724
170,305,1268010159439180193640083097996329829238231024763280,11968418668564726034834839894440792352025682550081417052208555514415141717011
170,305,834743618517737728682510981980984714464779777299979,2874596064943756441280363251964165069128298049034918171624038089099246496719
170,305,1278750664814019224774402761010380687616748814154992,53987893920596638246315380056367840739580696484473092822878127747895103702959
170,305,834697550870292336052995571448592066549726901887591,73650439315907583239356458607695573529970155527775864841315329986093709245689
170,305,875202898303550931991902278969482641617300011154672,50686024056227524154666298131900724971674538273130794788245949190796274544807
170,305,1443443997009473470774526785248303002060341652158467,59120758712450637824620669139186455948410105056087546861828179777086901406619
170,305,1162177024985866628926972907136772515422710597129146,84062172243493468903079790365363956692266604440647222436872037347823483171118
170,305,1005938701757125532781519153284202088461514636303367,46884278504425734373780510947401961339225694567989089630886259400253125492475
170,305,1396986565977433215921569012609432276657191083363633,76854950098215496875279910926306008409332419526073736387166948800738120243473
170,305,1407782194950927414750618602154478707185599374791093,39217517571577987938772771025251722928664551120153792465852138363233777740375
170,305,1241171808468161584452763833136902333635042214525717,68894385152175214852522558350211436844506683124716596124502786472743445794353
170,305,775258857846199202663266175780257495522859435008426,12593267203536200445274490347412077798459767334438979624610671543596780035279
170,305,1304954189399383891589056178442409744776308482512635,54499845956689867203703332098943293383627287634624350994658703307352513456250
170,305,914483470320203731923926703738649965291943883262104,39210606153598626291278872934431276904870042984728219994504879647367736648568
170,305,1003800514257572158463321874042432739590248739128074,126485838775644889761180578648579124352406298046277059442952683315870536
170,305,974813991655613010204692238672103026410434873505728,70195699059483399459121824556299183324485948495138606295122191059245727556924
170,305,1368772133162471055038110473608269230732304337267062,74131504590403884528670171710218940491258509142112339866505722270785416840448
170,305,1020031859721431601484385681651365218231612558623459,19009960383064165197629360980558396096385184727629470531810919104698759055493
170,305,842027050591846772707832751154708098606894766889460,92495726511577361093064764650488903326137987720421247174946938685537239575970
170,305,1463249363040449223446127623578660583004255483306084,39467122326611650957437415994868829107158539652521349633307698687001603609033
170,305,1027596843404592688480132521708432462930543038105039,102645393911937148169954854060456252841029166892698973411651874564265417835670
170,305,1337749241587607770024388602202751158523879081408120,87379532287983334006695613409503578594920022733077252503683013654689600229483
170,305,1379309165747994898272579716720188190177403670616756,64603112901294497256266085647508082614752880962340692756310471546291683136205
170,305,770496464656878748406901585478091275321998377440638,37547572048334729690160972805868460634737044726018366010260642607977063393778
170,305,1300921508934604622345107854607869791833734609291631,28540210081384091482770321283419236182020702626271053280647430001612357442003
170,305,1017798328442140751258371022392245653402686570844438,91335855771166856678403609341747676837542179879856265730457951037266823998008
170,305,1260637354239812747181485351844107250077724245687366,11195468699237333732449336007788689447354755180928005915854796027965224569853
170,305,1135727535599050070560500769280698488801751583559223,114470540208599490783115254447344644905541913360312432194053464927818199723814
170,305,1191166117395632991556595370707992597174420848621459,39325907549107028549521008128457314890338396840178100983118609352736599673742
170,305,1165270989059592966880436435841937051294856207741982,59144684479273423270323679444693045955576803238613844105066965222378949886098
170,305,842483257631386389999662670495418980122442014826944,36251987664540033020625432156236138136863046205290451648511496364132411955491
170,305,938612463078599036590657089909577831703391116463046,66638794565561172839016657912407707592135414761089469715294823297529200172439
170,305,1192084780997420557235137351368961130107474151770771,38041972296264511403939718870506722241211919148611521645713254999327569870106
170,305,1438109218138397143452803434717113125963749338466452,27688976472067463663497443038949039682080229457936295649878244881511480013046
170,305,1233825462423501504083025455678116526446334421447616,78042225756615943823289374199213593170960039828793708657438991567077490010170
170,305,1362706779025105812357834489074689647053984642406222,81531263210135039675932554964187824435275547323825193407910410354805968722313
170,305,1156226458256436679107067512690899981735723710691860,12324235049383288419141732973733130117924727418116320987777443895201266818001
170,305,1473886103443902245692544748882615016098068630860565,111188747028685658300115839367139596431088674845934770428453322043771454853174
170,305,1103357398889250773026537170730447511574963376613905,70723647177213639429816332950260486101415767309863198570932254069679183301878
170,305,1224003126873323159746593826039563490979132906693842,51493108281759329974751666020115129001540108766065728039075953025408120836460
170,305,1181812907266619109354947368023481618361878111240561,42233947299827247968376032064887671703706488593997585834030180601822869238028
170,305,882145924602017039070620166626082238805031931177415,54872140463576077974375702406427350362710600442875389775138785505123919883969
170,305,1081852649760663128950173372093280600594987333974956,4647499131945773106556147397730340445941580296175255385293875512192034244947
170,305,873305390032784545804743825524027521680467978925791,111680324213765480781772364113805897364819710484949227541837960334567372762023
170,305,1071818840346678176176275376949815564106283512747781,81483935081651582331973761801134990685517258966219990017637608462344568200102
170,305,885311066506880840890708107285678765309735810868889,84604733116878831060674681775111857672062967954101220136245950245110470233113
170,305,785080629087330259954922033276377836243832421129006,61109197849875666410645641299896646122565722636615197658716695905590157192473
170,305,800250353389356734010080960029657583254728102165167,39169367649610039517163388771728006072797080390441195462516498638332219461802
170,305,1210832499051184097101204427883332658054233888872155,99349008852656390371310743288010838169809278670160013288536224013972248478469
170,305,781343588807344421506523993921497425082445817679484,85693607109410589186175831956907288133006270502847423607861940781863310991107
170,305,1383618492796783815641267203354496890265808890377861,113098747990133259510330068048360643715438221095464514740650854376920892082718
170,305,1217806252193544104747511698534837611259889088376085,91865211906148439927580727525380260187926661454024187642310526219067624155939
170,305,848301628188538344912756685753495266422730316526751,98503417167975652994650052239906150957870261917247797398417365307102646188485
170,305,1392897963527570798176105191767052695682157662673464,10368184948901868570820627859647534448265961141707804842044431461350339843534
170,305,1341302929376694265171654998923131564000022516631390,110655225803637139994227429949402704212343856495706574351569086484237837828440
170,305,880077544754548411945962506602685596454588767207162,4036493108254431940365600263921352727325479272681424181468148700366944689924
170,305,1471682136986929377615217997611912094931290738736035,44637534090861938359126424490587525498794400453661064077769458348104990932352
170,305,863335421522192262850526925598655437292436206610516,66209841225504664773038612619696272268108731604480068209506689425497711525745
170,305,1214917773493017927320401788313636942585836103269218,39901266049001106761929943701836491465561916960396730956926151516258244002603
170,305,877422268263847921620507186334810895482356772754857,107303026189593935304640556247292666093870081819950444580391470702149191777577
170,305,1399780524043900724163415330112617660615442062661527,87872548761886029065339338754366024569684667326488651621504145239555708522461
170,305,780861962694288268333439930757089422786319081025995,6078360258080947387099267767395987520424893664505855901241717480074152609481
170,305,1369349088457147040034060789156285274256559343226180,42441957102089280749888220495807816317984115973658817107219730556699924185023
170,305,867061002565732409798534400357452484974899819291131,41160882372284388787859604652557084062978612124434284940196384440449870771981
170,305,835661711409577062523877325285323698505096372228947,8410156011236096174151625685108585200613361604202118651170663402718728529911
170,305,1388044098587551656900211190304645996466577294898862,78776105770040131697180146193561630171957595374757261257743247379748571553552
170,305,1481965250257220436115624067803446362333112236229721,102871973081603614908600833554151371631693905134981847125590585910486073910412
170,305,1020974504819872196098859588464671687637329843874695,30583414480890338994531809801633969116926864161645100230733431204489488756867
170,305,1232323172750230862567227511348645524264018464090587,1471167933060553935650501037363989516893322011467900128487942627715665271569
170,305,1301527867774025675923992401868148911763510861771441,89826599771753556569287253138989252551293774454587449412165821054932859995536
170,305,1033901475601845386909834823135530753302404628476005,78437578664828058648009078542993386849771774441440623090102304070440164089472
170,305,1225695658982728585741664881308228637100149797675869,97321037581868372310037774136737773963827840202187471995416100229324608393325
170,305,1032367392828248985458655057617794910869920041335178,9355640904234337943699044274596168853226781455533295146037984167982340696596
170,305,1298698641141489296413516139116393020946973967010398,64328168620645552033463600047649214326925682330628675417348653759802579137359
170,305,1156685396916949372613750900099026869508320031399266,112082790034367512708621721517261691336446688509472392272231414496164355573836
170,305,976268575596453468433429525664708851858871145020669,61948411058152165277735087378131670996867658512925886542159851927743443064074
170,305,1172870360352496243085151414684047423529028809044894,115079203422159959970464544289374259853342994334892169084364059136251520621917
170,305,1024915180821647910236599501523455436285975655268692,114367504259358414133265573835960289657464868201577528568863438579372773719529
170,305,1390999382490939486221861729952302021958252022514959,47337252118845789948723595678810174940165316251204043642606099930971451501504
170,305,969708351874868429636900889866241472643854334764806,26038755097620100364425933056329693388408199756577877166015110963998657690463
170,305,1400584342702491190868406237439616519615591170813614,112529993959721933599656561597920628356127552420582430687757760165764641278858
170,305,862176182198094904242505044166765637668824524719140,58983401671607132972598838423971296916018567802388777392104673254562109956593
170,305,1247863263318482016240958985875698500465206256922840,612959746810648322790470584138605366341416817539935801198106587242224518553
170,305,857292282727135447858600931928289547263872308425527,36417711495680593139608775841209197109744178154121824720136579983134198888982
170,305,1193828184055146590552542416979941359459196311286732,16935542977951138235202478691309385972582014288262178658203235377788700989953
170,305,1242923226569212857051638894825301117616112616869958,106894363255287709375573996378113015628161809856752147503749077327443500001132
170,305,1195945777627541975568866490425694832891586696201348,64888575355598076251368070958413146805460432706413520845171725440126745266901
170,305,1152161623401871207878202989253877062306044305907708,53885667824387697856843224360325391832008664947080375040744629786614000407961
170,305,876179339780898895128802213507112344568549557364346,55010955621273550705150603656196732791550920636782826476173508513515397477208
170,305,813604481606494003506846576820034664763358609179310,114835056158250218988741535450378771988307934254697222981790306857684969317883
170,305,1019442824578362018174458802174233696640871278493556,71682304596014913482266740934767500432432282643772830552063754338798123526698
170,305,1055062468177875000050401321990054706117620674923848,190057372010147094849069103354268219284028220872396294170507282586322811660
170,305,985054006279092811680235888436493569545010352102870,25072577708068669383307182486958778286747169854706940168755451914228487908931
170,305,824222510127694988438362915051728016107444790222094,85783630960912566027101451492305604552958596209067180876836852132487800454725
170,305,769508594513124739665359062797558619102117444284979,46729434395943902871982554555587679733906518200190312424051153338087635718396
170,305,1072171162582954489129697194841846740208934881566200,105330556151675579285617047689932654829677204266694803623299800193811831325788
170,305,873513029381254098811016419116356621160915203729779,110752808704399825120128494371941382433098991662590108994476622470193314184048
170,305,871876574341131627801670911977308109308050854444641,107014666828075859046110745025145263242698322271333615650193244771913990478997
170,305,1156426709857927914638493738339519125817758324241920,81991329761030297172223434585430770608679442330482221949260352916106723739254
170,305,1400775828669064991810686844247169416296554191734418,51021722050288953631404558638103359506389920542572174971201220431409508845448
170,305,1397110172634414858162159121598045397604910209729642,30942626211355053883501981779973491013418917804107076892571771895442879188310
170,305,1261219989525520925768007555421367759615238317212125,19429001981524693682575240085255782434225443800279287599050023318443076433122
170,305,1401468509483396000865039818456227714951446625740370,50880827113663503398961074070086238729514474735875313962839664689210581756404
170,305,1072788488905155236009595231233626178093691526975213,8848110830200505907636748828041869026041478135346705124940198136897099046431
170,305,1086260082347665832092495973982661179610905872544529,76382671306088783346518693753291233775714556673497081483321203959528266196003
170,305,1062269455409620290763957274418199382779884264122568,114304250721219422632952637476401299318391198041481410137996730526629242765573
170,305,900783290503645331106282853220439927695117619305320,41009581664532407371909774483502178277656671528369166157432655650893151520952
170,305,1267119451265835509215379485686654300672035500766478,3797984028472758543198768820294914865903861595441843806368626612846774487547
170,305,903982027192138821270736563005603489147129216027617,106505223165994416643856613547608913007098969879917693991035200234323050956250
170,305,1042045619907127246639536315089674931969045305967754,49559903206015734152269546368987173836101341556349725501568283946481987325988
170,305,1480793255133049708400883263434041433860420483490667,21509880219590367962251925968963463905001848943583995112467389625528199304716
170,305,1183289731282949748886911845313528551588126087694875,7082725117065414581063793454672473009822991961394644766713357569973757735219
170,305,1248805945080324783691062179508071280213245072574444,95824520061309249037825843095651879506309809445969406318370709612129114884179
170,305,1000893573920641806909159119215382618614431104559532,8477471979188359817322681608041024509231091936371190599105048774420295551969
170,305,1076816893792385893050298718764689541770836335344744,73156770925638908533947311763258950379256671015415351523256661216284517092718
170,305,1405868501081556327334648177328938566740718548799601,12011011252995222745823514337095421240223958772393470325777227809014798375885
170,305,1078256993227160385729879809328933789677421457946077,5910049336145099409044720436094090844421916822859025086938803682228757820960
170,305,1119904174649167369821213415446125160486879006287838,112431892958471858348661157016634919132159858700692149552172618465699843826483
170,305,1210631519644388743732201403284133786209669093067127,103759547059330931316244431120219663904855584837856018605068564945804374828539
170,305,805007227469639078539070233697778985709038755795226,70403316776442539121865803666797135727720757333837258503805348089897264381783
170,305,914860993994548122770478302989884648435848753148750,102375391512881976384847371569220268282149814254552476192802787476932640525046
170,305,1055122099814010930625874252469707316349834116679234,63883932694918009367573725342967006363796300471426227524885554817490668685898
170,305,950332143436482290337691469051008410842802540374671,105646340468895256751970292190298065795925730328096980931188208947907664516042
170,305,1022739890968942657578164437613577530913224834599357,781898155136407401061676433807240714947424640717069391020436816553761781403
170,305,986867782825793368788691199823418600505124627898922,55423578644961246342764080712430032129553676971052122765554069051028314481475
170,305,1308572144036179803344898248936588499798684573137518,41444343132832298393396912471409125667953428727900122447894345674209789704281
170,305,1042428429937149627543857473280304541885818422282191,99009236671979459815917430188385458504006082232592066812369610895622509097224
170,305,811646773527938754660575910043708490409213338633696,96478923689901247849091368774465398616167297867064453290394964328967387917095
170,305,1282184056053364119137919053996207353224409619439642,59549370643485654812693276856683512345620158738738247188400161294259724710671
170,305,865187297052504799185899056215116396141488884664403,83061837974400290470678063443278078992218004128858628054050215857735066468911
170,305,809398375068229874294010477532159064658100365775743,72174403585918111113824906445032301989556645666237868138517277852490310626398
170,305,1243414765878359989386619658213692963849339299143216,39544659323688283209581005009370213080559867450494828608763969929460585233316
170,305,1005176827222004491321868911337794919609598966954490,44536487120753961769977877363289490683769712788656969286355391535635385273679
170,305,907956347564217210071458362030587965453832377584531,34608212233286776347012878366062614003539425453582558832666266910239078516708
170,305,1122573823748775888144542929110441387947856189875005,104216540567474412877062315718487223726746670576134800097276969936335178735664
170,305,1277775094558380944959946642329905726295532201799762,11004535090817143408356003569578948464675911590560095976431294308761889722419
170,305,1013786065128993961728288285070279244593359131772123,49103220642859455775948912193335003378233305960020489638983945810049061469598
170,305,1091218282312237053819855428399646671806471210496826,46062350065547775952510908205280213342005166100395872965857610343945095219803
170,305,1128515569002917164454316408300778695399238667872524,6047882457851992819481244466254409007692224212908126822233884612643693210644
170,305,971489748542190840416711961136369493359087854199249,20975968066153187023510381645345793223031175711672017396748259634905549866946
170,305,1284851964450699515088289095379507674073857749542037,101889024454358291568991943930925749288286078014067818574942738840757325151106
170,305,862440107610583278527605784932108470938005644862408,77640330823158665241662934904269252728563678301286984857971557700696119555444
170,305,1106925480557497987257123839524893707843459863398049,56966003369457954141759341141161745221177755882934590603354095993092542668469
170,305,1297446560888206102401177646858019115508681879350520,84328414795385641900544818663009847850901379901490443835235664585306607378906
170,305,1330821783730825297654933537556238290221593834067222,105743963025141033488951993504465329723614976183347050647090606286655897395432
170,305,1151995007035070234520062150079956959345864651216831,61213436690588954346001458316625511999139600774417417042383816981426591135074
170,305,1432875079948027534989692657942281514641103432949287,96665584101727641932183843158970395680575556617204969270371927242885407348695
170,305,966800404023976891610796287741883904750236312731070,73167201222835605260422079054354827422737220974514099326946100357047579163750
170,305,787477543906958589993043525080948975472533217892002,110248102748577394255576724903573318261053112750379595201278539855308776392845
170,305,1427054491725199461838932637414510397149938574792668,44198494737575240342529338966640511774643082467631408279726949053167104353839
170,305,1374401754834015086272702079606192207086352359481146,88484319876975616823060557166225134688649407097540551763346020144973873102657
170,305,1023195465075136050772190241287794776162680990997435,89571537516967543618093530872070104361072684913097681620577178406798401329610
170,305,917959838661134870725403269925965936126547152734126,21581995934813195227602978398217660828378365978512657942659948373125352384978
170,305,1242566332209594559694818685703414611774469901619989,97260828591061159080796866728816983674666266203118795839844205892190880394775
170,305,1403698500210538145807134239958368364021753251248681,73278939516794697997203123594460533046510287563908705224016893437068962079706
170,305,934994181185998128164090980355361336174813980538627,26393812916255872507623808570310877616042423342791551335697102257092793143327
170,305,1243121053313743081594507871652850116046964285061862,110366912135944152868611659391437624164614028038717832029297824075246331964370
170,305,974914326668936178790421600968955164879587574156498,8127131773432270689763614442037575230214231641513081338115978857512964668322
170,305,1069057612014059169491656424632885300363425341669442,88776413251197590928591699311361016087815389015061603951411960465374819748739
170,305,812075821535404794309593966417114432987472092345321,57082955743856679234454840958370732884185992205198005187823848024047428286213
170,305,1389003678938094521404984916860745593410844149577900,51259513987524649806035744958733582275390594224933560346748009795248405216465
170,305,850822714998544211751970500847329591839906189790398,50011980860854115478850513818620145448974497102156854478659239469830109699444
170,305,1398745384899347561365503121428539058132904807710261,100688235046472477894947004335058006311560570614766791339852833845139031009578
170,305,1150367136669371636988277570605088770749927461160202,88150242818187932073700738272841817938646356080708604230524800613369677255654
170,305,945643787105397780315668556753546972612250255378132,33003177592575959431838645734380840636717115662223080909198809233926160141472
170,305,1022190690963999450331759968608103102570231991073780,83402876090553734325875136605667743660282779478553070674847644144948464818160
170,305,1205895452919738037819888924530895791592316079607946,115188967279019308782789512954119785809465429096413179494363113389881169209696
170,305,1213560439848446644783223416147129791935037854129848,101799652999134876370211269096694534271020054886728079461646686881739566738672
170,305,1189512418616296317529962534687359744367141703718250,87456988968359839877700579530526848940705227358511782633216529393024568124522
170,305,1299011713005966434553683218051253838800864415016942,27467524551632520139351999989554087192718598425655455605431722495595600397813
170,305,1053310427248847663864277524421536292010196972850801,36884664887365503155142050244136266923784373556099338318257746898746664425811
170,305,1417851863113590188184085270006555965434297980136703,18870893551354644043506572042178715238783569541078069380664863366667673215109
170,305,1462787023757047917206130212755337904586136471099711,54278582320688813809150179251831348794157481297233460431630578187873433648406
170,305,1066401753578106585330379662832537390149751947907542,60211782083298163016512629465031605467949144759671985612412339487706151187843
170,305,1181951458774169396848549113466520703440856484563999,31523332734159724775421120397025698553373879823496522710669003711919243684833
170,305,945798846930342315826976245271658381481178941789057,34142804679802355057611979074027840501581452212053711605507406709775680183602
170,305,1168613987713356198859410224512997449508273149063160,84062482780086451964673778517999505104283542337489558466030738508208688654352
170,305,1478952519528983581964734688306298782805969679526711,2057821322947966383483845554665856795338461971545146087990785088493747996187
170,305,1307691905531233382273410118880173393895256306350187,86182221345556047037057110369386371701012821808125666172794638599058946021106
170,305,1068832165600789145482739942808292596976424447674061,92734120713107317408817490643003280532424406973856740290973357872302284318465
170,305,1481413376026503758019586278050226229588124535841897,19878471951042849023104482534227727551256864869999461737703794275971381782457
170,305,894553198092630863160550252250259025933061481863533,38156980276897663347124691478295105898317163127064009853207035985144887832110
170,305,986677765836616760112220175073186740889488733553878,77561911119657011010051161697331908019663236302891719940626584278858241221542
170,305,1449041000604864583968308440840569752066822680044534,20031595560736706633499467559098049381052838317231623057452378265426633024570
170,305,796980793259489557110972176032027940627147001988117,63917771170962987847639950641474550182866876280811715592551252691309724142333
170,305,1253121613089678297455227394487783149068786361464129,107888823614846526734015108708701704117115732581690852852203021756199256074195
170,305,958661490450260700170641971018063989833676298925994,7058433155416501447531622801076184462795560394626616807698583892165221996096
170,305,1484835609344049247577194531698691678650650479515114,56849305863702094665861090330877418126286713319557982347700163623335029297182
170,305,840554774370397106323469438252654719323215513155424,12157509688502867740888094047856967532133049447025860740823830499076200867349
170,305,1436799251987754635479737630536692057463247784146759,59095522073775280112907890563767129404713061498043533931071390034427959915146
170,305,1221298971133393391856596155504696011315177352124226,52642961508122268738279934073378130737214329641872278288202617185870998578807
170,305,1002601602742245513406646278758953052274005560881959,18701889137553264830153144686360392509768238823811940128056092373211126080457
170,305,819569167953112992266505723627008460453961670050416,60543608732603288167639972375685270508880360597826253858357415566347127457847
170,305,948100867030555208401790115670545398531903619790689,109187822281643680414455458334453531580622099230379253573897237059858752971878
170,305,1430450986860948866022818026106202555341360721371744,15119132285462905920643955860237414285218067883013867605622960123562792393163
170,305,1201215126937678592047052196127158085567674936076200,36697078763148490506520220854315166366088000378914934909465660921262623406436
170,305,817123787572790124968039243212637984963641557340124,59465705764321858775813553389931340803405405364381637953001702202695063288789
170,305,1127663472135242284924120506303193154686145017733981,16516488428220937860958953300645980117937020030024981776867783852501290767596
170,305,1115515980057492460745897964918776371247651169899845,94777166305524476869579118556288517101284189121670034642200359394358121974301
170,305,1393677271852786328510472670739614209556258062298841,19186095162616460106081962222097982534281593787604316731250076808677805858915
170,305,1000020140415013937977600130529564670064826098669648,20214495482385889644004215842732155268167195475386325439450403647749177393523
170,305,921791061373110186828792848900258335968355495641086,84306232156437825292796684031139922611979934617818608958549822309944187546143
170,305,910016023955809661211296264260874145618343560323882,64850137775209508469958920832997629000954253606429096423466458307372407513929
170,305,1343599597232975011558266101320809301544410963217813,71276671280549656474603613649086274279008397391986302438157308404989939216028
170,305,1434317545595944700341288993846621520925404723709323,85415616746577469947299652853669524921398785379980561400606379816497268444865
170,305,961770022398035132409992728510507453010864529946864,56839612541963236881433372688148130667705977068897120957219895288237802538606
170,305,830122401598956699931885964150871449295594615564100,26168701263600211210335367369754395896058373666113692162612180376551471657701
170,305,1152808307097310293516979494474814250852287460551095,8814555577482303429670193367319294621854892275184525169562452358700794407928
170,305,786871957668121698828702606410617668897661468842852,40625679036655109029877321377102808133527192148572387363590186550997660243693
170,305,918238641922662902304451129922447202643946207004697,112861991541997242851490562886566430690824293004615822804075192273927814719280
170,305,987005438058713274479228797727533548140915522234378,57640460842587570511086903705350807654873482762676928799996783939787106318
170,305,1289591570699217635747904537772278247945234047614599,89032750148046565150604507515751191333257478643387934303034617451264327868220
170,305,1150819746417577986270904466220581782639157819074688,80162440444861153932786783019462941510133251047382284251327385571611973750194
170,305,1029138203954338730042022609293902291891234809147007,44573575880130636652535370212191984462859379077053961611190528732178234378665
170,305,869881957831906701042543267144636436170821663621729,58336105139405152353275866486546817083825234860882739702944858082905621680383
170,305,868849834688836636429633090107290684321553286630338,47558796061534399063173130587393831437135129875482876845600041730217025007108
170,305,896331950964337472866025575861658643938136480940837,61185280894210498847902048598257817377419608773422394604190447987686438144728
170,305,911315607965191850362894809638894297236298630373359,108549059917378642199741552534223773078326569228429427713332206326364021469867
170,305,853853500304988869422956782759832560900508023744569,18340595148490878479984608074803834885440034639582845554846317884610153803403
170,305,1072381351487226877090144291664625050672061925119534,10644191194088019266030635677923800118463177861987240341444575297169043484765
170,305,769964929864147856452888601183498820245933462191769,29814211620740734596672673879190081628762541143724624932000791966848323844624
170,305,1204571765313871495149560374013761058241829442718405,110081109119753086457356766837287348867574594633794845739686587654031821266220
170,305,1339891528420702738826544845889747821590102392475118,24172337756033618428262780813232916903339783842412578950474129954070276772950
170,305,1248987404160517612266886626139145365694309371035509,79287067061354701493894858848010513275053517930818372219181372794858650108340
170,305,1410789841718660184650435324494456094787611084661603,82617826625438108023139259789239800274050071653271291624414435818928554982910
170,305,1355483228069404200914779888969653566191088575200383,4721059225672484827201871818824477373823300456413706441037449816133973341467
170,305,1367253322713218789268779450257222372846597088934379,71874602885369198016910212951036317269043740089062362315439701638455716823116
170,305,1172481494328611293754584130641985672142196970739262,68466715575909675046007836880424843126152333223550936786567793908315394651575
170,305,937622508653283724010335145443801519483297376694565,43175902470801382160989120715839064951339118732613544336716240817274373902731
170,305,1148974439844498324395801832277812991351377412395586,21342815311287716566762024180310959751497352348129464454192728596116855421298
170,305,783348843802727424414739027253969382064577263971784,110133866091339988015221726207771569486230384361541620513083179019250545048793
170,305,1482092925488408291335624942279899891109976385275534,16456622648840382123430351098538942607524376340947709803534116573026410542900
170,305,1477210530515097368128020202878202602167986115892911,35717704342218613771306976314708422799265717492109851981278312439906925446110
170,305,1211924699038895363591532848039340398034530291461052,89906337830767256742044958478064751065912397393639015757138711098251344569067
170,305,1401361039156291650055383797841344063959332695317604,8967109521102124172517091013562658541589184458499789925828081621831964625950
170,305,757899112901123981037747748448961974062695865327010,99904973983725853469048479609861711983852203152029617624866033181985845641644
170,305,1016632153339253261055133937514835924331306927830763,31909040979111106928350452531573096607624983597566353857334201889008663165254
170,305,1342227899514992732587247641620491779481012532653218,35848941695444368273582043150388542454333162785181048443438650340765678236796
170,305,1438451319476945843546132387137408015205194525570793,1510286244324150606868297992854979232017016055318128179837252315805911271381
170,305,1203972676143305372472868274770479114777581987911970,60471845000370365947593069477128327363451066005370366262895436199291714674123
170,305,1286667039662839261636784582631816963929526721336447,104329339969272783992965724297629257425705696960567423228761857643931290065088
170,305,1172343624747253902779441793551159276207698882204347,104164347266821655710672418042026463055030579022100746883846550725764991022404
170,305,1038731383713408720378693261974595433250471007751882,105319273661531610455058095582399926700142140601804585753970185814409409389279
170,305,853453565683753370302594606249653950727739265690003,115435579154744844575703552267773738357763450250738262850217739042157002559948
170,305,1221973302076590600782834532116501695335507997162112,6859187809059905499860127739839372537450906481456318440681134820601884110826
170,305,1406046739143948660041629827543911178018476804159278,44577369699950785914486764352281179499882213528122654633237903626318779118104
170,305,1105763030312628034421611661606528438757768518132762,41073249706983304652892691356861571021090352694756113732913226248324481224015
170,305,1100785160601006157519534601614219805545655133498999,33433317134873972228004768825216707758112602302862477658452292474546551797123
170,305,1017505131698596643446799497262691533136336612828473,99752321596377041167882670207822016491575750728834940764758349351331107591959
170,305,1221860815233569102671782794842500852862024732048925,103143760390333714594022541916119282964919888207868532219970040326816194981882
170,305,1439899710564140593899325218490752188227680437296393,27351656667717395872830750014631828535833106967712997315205984434607994600494
170,305,1008154051284001271065676887564086710511770379104759,3913554628095795025122434096739840060261358749146975482476353160220742713533
170,305,1217750860414500809239921542297364410610174140681212,72597349867509224155565545714023667273395684833925857205180150127603797768264
170,305,1115773951494413714560103680675231847989650488604624,11758284283334125380939681306336949615014303697385746822963593647481088702437
170,305,1051218606861487147555266185901686852160959273304524,50064242659897782242755202262315212875765038441496077842110066107214786346430
170,305,1162557886547054231010649397866817121649491137560360,30219769577549565809922494554507303916483643672360078839508860500004914262131
170,305,960461823471664908558616790308067892166152790098584,32657357117117541577381782363156331311311856168779836941934908970147589430046
170,305,1474099532679776950655410156359684323415218671815723,73077745810045296243131740545359833665651427841286299995281700863414041402633
170,305,839144791049014523799001300587047439873022739747320,114659512616491903408991408082496538680283975021488487387816829641932595146122
170,305,982394552644158114484678802374909171800083023774272,113110014657586489101144014550481177637791806562811203500213237801066447958444
170,305,1033422796459633775694931048318102412060758920284405,83521850946820115477434389678100389662351044391209215010830702141920183325565
170,305,1262616734739198785316156739219315349989069813926787,46965036445170456179247632376840473297672698492260138196375058701016240612146
170,305,1135773088055708035202760068373396351286987856056361,34226281251829163408875110442503888947389683720617911618991945406433829010136
170,305,1214562524333036846051970747823044744290062830714572,110041215641645834425564694863006746225369310266606634994580455682224946044113
170,305,935275262858739185478208628436807529872060411501159,110490893505693367197035190571994978991158967920829117175942108179962226479577
170,305,1108133318205194820696085087886996843429114875983667,110660386219176727702913128679355642646262696175276267187685479079001853475690
170,305,944070251618116674610983902128062406632120035945040,82623782430978474986972413190127300399088217382886198521122698407448035358191
170,305,1047039905385126192300792440827723630531777366962328,19426123487633011430651453810391447622988132959344441257557702915854226304890
170,305,862146539127772039348080001562407716980665493036077,89332138399059891534151132416312909546185121521928578002412310688342997085814
170,305,1491678887807346093030613024210721175096071351568203,84447413921697965796744764193067489317559585472127420469845576737834863430739
170,305,1201765034555929740811255109383970213755526593062446,45212140291232216215750109550264165165978506250510138716242020923949906536076
170,305,1258223361159944610726437684911139104145223686535586,88590411451719288058116784599612964678503430102035957796522625947776456101
170,305,1138790674403662798659850249659592257257296263601770,20293936620335298288342060382651570820339442892162262242649356687527343815941
170,305,1492720897805129275408831782903650885267482564586648,85287805181868328289879788939089354678334001227863336730681595674264014354704
170,305,918424950496916681024766321597372284337639430073589,44232259156915495606282656356031638536214786871655051523622654752596252378428
170,305,860072743165924459109906808359553524451563661795254,27125525563311789679887655232140479577629356270484594318534199090503090142799
170,305,1405918249177050771270930106415191545583932588441121,40741867972541139087315207171865825191578478176089927628237944962730780266720
170,305,1457481367000876122865178178825507651761485020919038,114303019734688397740141597172787565587074677535096167939964880446825050117571
170,305,1384568855344962507281205900523517669119821599084160,113509203445619660167206824603026856783511005066444945792865955661406161651202
170,305,983093680332276034549223439947224997447647455116357,34760406897529755095819250691325897095359217975514516670239055079626374858510
170,305,1456999582085690923711079462749326472784113442408229,66567044740996185507156157753950245922397091646817833947781559313211379852019
170,305,1183046575850452229551007784929604230520937214443572,76513263362411746766255947376498586819844244246413631973289081982132693756112
170,305,1095477083538385914988374543426958299295850169821976,14229703795824987929214261440903258147591660280671862312544986741681534235654
170,305,1032905123342345077919726409955150153350232295947830,35906773469183807305257626744686075522519919940748754029481864845523352757570
170,305,1000386344536319125419801738432533870281918017869285,17775668567892027462693795906399407271256388745190398099798527766169568293691
170,305,839619732764098627420496425043905054992671102507111,42670226975802406648592005684143466865391601854904182401427472689080638350932
170,305,1025682461940435728479239056482853633090788162977269,95398271433933403160731486897043227511034039016082302477898383362250833493298
170,305,1112215377954626685220398717896472505898542522518941,6015890842039702054529741516527551512856649901753186489213457905765177994109
170,305,957835649769557059278208554392619489830175076931436,75353064703465811504776119121660272225189303549830250076206564337782319164463
170,305,868844399376166569904936476740429383870460712734252,35288337355101482365482741066329692897157522614053311609587180210409626818554
170,305,892833912277447830376627227967235040543719606024934,16422885203017198639925243040301884982816796957212420817932101088221716341906
170,305,854429480829337782518133269223017276742883134882446,8137180424776326202726880667978012741157523607335356076994863842118837967095
170,305,937265133974616615345293924402808500950622020570974,91326512611478113526444268652612151368662731323217316928331238639393275496591
170,305,1003553562295374395119883685688148813725912241008502,81832604671404705081371292449594231845451285989688805814669930531060566645702
170,305,1245802913006410429691409620938032184083520296178688,43126201890171521598290269162701127906441683660494366755415432457541727738035
170,305,923023139573891819779252193570629640848198889202926,77420827772474086066324651470361144192562762236861958296628949612951566581795
170,305,1294974246507914642331224594191765586063565486173773,43392611054507243076927025840014679239404893333094499511591157039851864089901
170,305,960466972793044094294162871442293593106305978738361,38392378871832312506714375479875638109129840615433579723096519209049660867932
170,305,1043931598600612792012505017708112985775222425986764,24303976409898963357448942828531489896519297865768554492256163078168225935014
170,305,1025805135330168846887452862501187684394956458074073,28367523268395716916656468384755856508269124596302873934229187117778232148971
170,305,800061246144358363799455211460270325717285581477100,84827231757183519452471548164095126461609926202108525435683522703755319325200
170,305,1045388033184825996399189807073059899469807382122527,54293493326931189053539291830555243260816817364947713198188648503232114509497
170,305,1142603390321813629897010712867380828103414349146511,110128101434205565099809249089888610639453499535175972848629352488490718423697
170,305,1205778345519547235641308758952268262873788349175075,25556785543067391966500435243030948305635294476934660431969717738807303856625
170,305,1056701933938452889817589545542442661100052649981270,61860230061113809902947608598399230536735709657505859919119371073006715407454
170,305,1319225707486931165327865597446975650196207729464484,2612386425059598331715215990224380217622518251302068771565549912062982642652
170,305,988423197489169235232462779379032117084787189276223,51511430445727481520058612729467088925395754759977707910108756501217935742804
170,305,787662045793019672521349712754780552741950194157516,53119112316315517175676313141802243659603167858540313574416955302125437862884
170,305,1116803418954897914875659485640550843630108700615629,30453704044822445041484151241303538878480255734103135047175048677442463716881
170,305,1491291711818079654353263437411341445186142981738687,86666833931377259794587668929135629265877264416259817964834659360406607179513
170,305,1295541149054532076903768053762286996009881946575765,11849584651288378233370997086889639052651895873448912678360035375955310392504
170,305,1363516867526546238689733367855606724633110432073748,114418112145612379127974239880172794668768962761449164529061185407105423575801
170,305,1368670101501711577823565999611939090332414838646434,33931151250930909996138689737585447346036082478866350249890308577787356481190
170,305,948301646031037760332202200641275401770670477520634,98079580722365802017174078039089079679377056550712985819591532268869852318015
170,305,927465521457070121444752104876084137213648604808963,10031304378376389952814323328358240658902981396226111992305386863004499482003
170,305,954264727237017519936545882778988711321806946856280,45695183380371510097077678456828278743919374622431690360260423233327878761579
170,305,1098274248597870569483281820126469298734206255783763,99438366210909400694381232381818704428376553833211652785312820254108710044038
170,305,1153908722727594361603834495701449558435457008921805,27983816038864697231021417050606362055440875893006370607514197550518173664922
170,305,1116076589139653100661658756032065214173165707547694,73053908577255085721486994499322528663579763642686250661774545501774763809960
170,305,1486001715272791852712408768045141228883851169100213,2312297041936764308141455140118728446943074951314558123801956892808083633028
170,305,1115676142223020957198249618571712677299186761168879,54732210321982831527808478340672379763943233551972177322315048588751076398524
170,305,1192572922081560869582816899722769117262185937439802,76721338842585115304307468309446008196392444152746001331423481879890367176185
170,305,1158020637568978060128822258955864223819710515977175,46060947987580286752090519322275626827816580885382060777634855950313078334141
170,305,1045808590428225982563128491878167206918935086970848,80307770004616729197856222902697415888711625733614770937299462609415887188782
170,305,1089491920090472112500840286128559858964968018150397,79666313791602400442549381743375331283109043688963983588836461376230676533036
170,305,951036785020690718065994852280900682835471520890416,49226654288260976432403340818342121124027065183016851627286191522091540088622
170,305,1322429500055291159976257515593450179482285411501350,115205624410097281848048113141766969140642839435729439586561876326418829047106
170,305,1407411321402165575020863872468018679114830979775359,37218824216185664937525297594383827436116870772555599165458867152618315166213
170,305,955731834548515468137266375580544276526659650290824,92161118818756129906361710560124149824918925835619888878488601646733494852042
170,305,826797475571724037503429878867133053588914902184981,91002777543765612438866756507809633314024688066594971911683498852933494787778
170,305,1231923682448146995415064681660248830429949761859528,68820341648565290179127978671489124099810466318915040333355594357129331190721
170,305,911652455390432258263994702993844596957818641081521,108977338598180455035183087221680839957063162666972282087358074967417622794525
170,305,1351833124481608650811344728712840281786490921014015,90318362278392502480228334051093488734268639424300974178496107898346339491554
170,305,1345575967862588984516953393723237821000355383562462,44071848991147983236126853656447019491348958056982235365124538723160171990934
170,305,790988647766702542072767844266819470229992268518624,63184053091048551401806215841022492228720016173361925835524505677241677594035
170,305,1343747923785915060229471268256129481002091869624948,114664246367507975605565673737994566562423446338634140562298555501960418693472
170,305,801804936964577108334473166101341130788169914900894,50479605249655104632068052935918072636805121412362967307536308833025879400043
170,305,955662980757641704359786807789562574659941143923592,101238754028386627139542868349503114794003412066358240625686781787133860433116
170,305,1273286679599632090045883971047107334686139867749017,11237765048603987410509589762241903773561492635618580865981786684765372510161
170,305,1271013856588150825962344953761187018162301983052647,24160384378122464409493996420535499052976391717880740875482575447993909739597
170,305,1429134775068622550995264258015206654494053201487075,86324660123343640032700656831614258847702271262066925200635243789581234563771
170,305,909828069276690380189369413479787653204717156524927,34872430799293804074265861973668443101902518811131370496018392552599118011613
170,305,852852423051275279141516902616914189005505850319721,61041270772128163149700550284026385972639154259926576606050266988184736100596
170,305,1237774410731069894629487870012829332706870501487035,37908134079689238116639758614060600493928947828342909653280350953392261055746
170,305,767517006400846878867693076479221465442659846279598,72812081246779178682625141786151599613162082269462880524329364609113596029373
170,305,859527509147111373455711070921853811509618996962628,21795251299125654632744188290522302002078904099818988850540614385636131676951
170,305,1185804335537527617635392563311242338603957189268910,5264998121240933493707469732990762522805947770790487888047788826381718627593
170,305,953682042335409442819092046965832954911346693221671,50033314285437461272463251779849255745843236410913610016517500241350091662172
170,305,988507433340622890648503356055453084527653710272196,95042573831322841203887918943796146207602728981220411705235816573937958117772
170,305,1373299288035473236960793243569976579135097742689610,4524592382086758621579859573950966252781325199504974874025954075314914297550
170,305,1259882978436837451545858466814933054371268803949578,34811697833037424140548639201919401240015481706479634097788810911726025139706
170,305,830300492751460845554892111003731961692529863476067,16777210531357733720329085450150767541469990953780402688712292789802221990841
170,305,1294466528310473013274628791432359533227330472314073,50335533273417158271401225669020323531602887196224151457677526681386065636568
170,305,817350640863519364444408790085007497543840646721421,106311488714049357717933494494939663581328996309037574066518616968640283218396
170,305,1266533689687487440979422596535021334887349305082649,17854210684854496148940208947853912853579571262281814550622354597259764512104
170,305,1370502574718395103976295934524222074691383357362947,86160693157224469169454554825246312640128815937881602866283965916879914876969
170,305,801189597646440893278952302313825088314243848294709,9278707166788076740453816496856934952266700716296180314998739334924089022493
170,305,821283324686684930692793435630666305728196818493135,79405895975934360604434319028369313488004742137307984175874002408674731827031
170,305,1001580349081008657280271783634538616745466872225333,100278661263156242839118695425784282200703450379809454378326143801576532276577
170,305,991348015403178852300831325396684139986291752290640,3380258223569017355896526410587174370550406397988124099400211975388995986357
170,305,1073627796507406493108074995497914485839060323499376,52448846200407626412135952738622326421858992976412077483748517717281150411081
170,305,1130795156310177408532014322389848565015252538789016,7964020698805194668476007555017285913881635407563736394268209914714027714075
170,305,1329645635628492792660199450101668080512528558505617,8373376853370551399883790237482699626290874709984431122260139500548240527599
170,305,1080633123522583970527286385121458883111550312593440,38130266420426147741129700799444927772952333341112199822832524825314333404634
170,305,1412547162871460720050183511719815464074442593087767,78486528569436113140499081806334818908723755325873192813841517489462321883561
170,305,1367632434635729331327587582588299323820617537960615,19471950287239154270940985866501939652254964540918921608090269335899661992120
170,305,993634704085418646318614578709864913474013376386053,15276942913548880110768549012013621708515698809229421824665371102185532291104
170,305,1284576564487004659090237000218798654424627516650618,38856516688781551393029411784864010038902896517591720295613145550830664087270
170,305,938145218900920314786865983068377258204685010820439,55431553675714313097739548447399338281060093185497796480405646587461026132810
170,305,835922266872103834997252686522091004040344451803659,73419602547715460161304016800165966544016515384751406221755701031612803164596
170,305,758198320538990070372557613794598992892179946255365,96138121026956372565144851072979344093314739410577604701719377793545670408324
170,305,1416737730685260615723387856441189541568265996682041,82848486219872384856754632944929621281328363398470101167402906096783569398627
170,305,1351288218995935492709333162820232323596460371848349,26477123273516311558999874589791229575980329468941591115002066321926096954742
170,305,801085712968984145530200191574704817305776102877941,9536423721908788597844339953664112414933992106217687305200894343537650676207
170,305,951172974737052502635251943619818183591785301128877,69271204924831676121002031674672931092116952351361629143087073929967078902568
170,305,1023905417363051624060935602901045484757852500856291,106635780189873422440577534727153818029181819914288067945244293272601726545150
170,305,891359098190543707332261741859194139705432827747861,50651760645357935845289383488805981418914889794093838019119406196986715428620
170,305,1049004494458842752460519487832873772180458789808424,34842332447367137220428968387360652223141389732272391477638754474045075119403
170,305,748604610843296181125277181665173257021162457738299,103095296489152632385018717131382229234505215209115175262929686675873637866714
170,305,1101993095132779863216725874706503105958028404790275,20155503928081775589836983525295326115749564893549942736948276488408959347811
170,305,1184122125891098935644483901348246695040591724812832,85658253130301553683318517829650111632023283747488969007043765625467392590179
170,305,964073947735610705113024851818086155618832875191725,29292336565027713845363078977302288810657187180196410652314395564178550743035
170,305,947053549428247149304677805924962274076438877852549,27323050832194968891728119076973969194279310070192677559280320768616621650994
170,305,1487334842106687806342107268655802298551396303338069,82221089347158633405075559603933581087002772937123663009501750333037237148212
170,305,1259892843939288289570669888828035392782424447447446,101409732541945322515868651473964392167447695752060059961093134910458438890914
170,305,1330472870000219417749879891744609410532060337571203,90330279774028730601120330641395376711397786334461782624084753406173389273364
170,305,1167950489269275876709801337694544307463527676793060,50214511257990492997686379505508105824828699322635442810132444292773585053125
170,305,1079849493569810013692021725021397711202624390740753,99640306902213377186608842896987902950218354907135149854279587912238733758622
170,305,1273485358287672988460391711165668197471858865000511,94442107093627723496756227969422447198224997436540581333686531994657331709324
170,305,1315712435640260056478038595727150153319167153670649,81975862312134673187784622347548716092390687545799165255246759214619109924345
170,305,1215119904829574630564458342737650438914445542158945,40875600641728625779531071462592868916475936281813142988661607215005913854380
170,305,1310827168158709514670313602321340815532479610402085,27441143013921708864600512992616310429101852768090014492812212514683696610743
170,305,1259628115255610377710294654189347480629351288169189,112272897728537708340896927100806514201039482814372610974086423638367463279847
170,305,1000288030718913366751930555192141338706866461626059,63134283930414613587984389070230816725205123632667750573602182483463330886030
170,305,1266499896809466376448454904411579201406736684823899,10984632979172508307617634095404542569599800641086900219087556248879194609939
170,305,1140258914673717816768468661922995236387459358326253,59333283411382902094495001521510908148690498905891040446986470061867107696845
170,305,1082174434230283838001151631850485166495939409946456,53281639757062419998828514848945304371988291661600346274865264821611790190648
170,305,1004754438930553576636271084218286739626153300139811,84820451254349865469904418835927595421288319951285254472644694369624755508136
170,305,1434980304170830528656335333803389854057468274226983,75443373092328145742703646291863683128691736817511796619585340556114512487471
170,305,797596218247142959041148260171635119909754720473585,72200306753616030102991234808625801966227912839455222478444245684376650617364
170,305,1132246069025004699540285609596427285549168287042136,45842806488495698999751406286040432711453971201775268654924357437022344501462
170,305,1267212799037014574182692487714805637609872957091474,73829261869284146145421278967883720607109088196172328008557836073876233080133
170,305,1107609407793809225956747148381158012594038030576708,74806082980842576288997448790647961021085964158971992563757339223609794539668
170,305,850877780629952407661095926879790684423361123761564,61522016843026894537024169044336342939796951567144715727262895749618981191636
170,305,1366381374392484688667811130164335506387659096453863,111529070466488666094189483964505007773783397423448245032744128224874782786875
170,305,1227916060456840690663896230215546098963788101749502,112585927644822069561778540356251172123852886144440028731973992031477654086579
170,305,1290605793475412810922090721051564728644491013250686,64175991757333500517113939795822581154070837927559309248438870052901165959652
170,305,1135506372293723961070339699887880546086651926870039,13441888852848723078279302035795534439139393716805833480694738246512741038813
170,305,1245625135939627162533258645934275602741696726626430,6953595418273251641836237819755216730090335581099841216913810125213739670243
170,305,829291532762373874947918407192561711151010591001189,85718756627359313924185830990677485445495399005329530944888097096580308920950
170,305,1357491456692000557406323006574020102597894534335334,17110237891227533496989507102003433383601103405721988226553886894431880664536
170,305,1420563565935712856560472636978608385144447186246796,43294542297103964873364846017592065179931679632698950324391343668158593022190
170,305,782795048490429311356732530355164112288362234827324,34229916867092849269359540013886312291806787475271012316881405734430471409810
170,305,924687916650237471865164622020066175694558092494374,47596261402266608420419214271241646090686431722844124711387775217793964593972
170,305,1197184392762200156251701508599097743186672401704525,61482883864775307065546946916494380257730431002428913312622215953026101958229
170,305,1323918819983069665726191894858498539218459479985755,104308185007923145488922682488814268291723813656829642870655357120418226908034
170,305,800900400893019793200881597123326517531852763430494,3059993932974195158509372748925284005708698246192469092078243297847337917090
170,305,873234070195771346799073291152796128737537362008993,29358660485703143432875504565457591457519153882790256439625972284171867601204
170,305,950508788628449355850889865895398198138127513937715,78600168951306063789017790667468394751744201695334396280763735114284470426645
170,305,875149339771312512247880389689746107470260443172418,63068819295447174385588075162471013634868275739793869381399280680552328177382
170,305,935967341785220047434660813088312124859584877060600,5869457608780058110409274052445624647726177850312526784333244868369037514316
170,305,991263647058073854376633845839376113199715002797502,21292316001758318565646622374812787133418284119842184071284096354392375393036
170,305,821463246307354195528864735419354224276450662697980,70230005258586526911986129584661763816368670846842284954143505480005872024511
170,305,837526956129552269980870417055793327396514220729652,24440552116728453224101168455985387715707556979384555484950301037405955737530
170,305,1342977796965201607264089292620747565543272581876988,15813753409420592369924212989414442560603006268595601585868249886664346925233
170,305,757036408682226409159884895530703425772599751473771,67607734969701569516124991395200630267506871728221465167404220681715362303587
170,305,838599628387719684491220027075312533385653288475182,72875980878060781831923887086994544262973949361004837367129264381310823886862
170,305,1185388734189535017179951606309913954994719158490774,105402529755381563905932456222517056212583132796065088699066896335123293809614
170,305,926351252391128081608996062795010545599731617903779,33742234080360002034375291655784984888336667581574339909586908898070317622634
170,305,1187900631420982391147232765683473648082921573130401,35805589712226635392145934514590762454700803281562477908512294575523500289378
170,305,854337977746847424064802096479182488184218588176395,91679280336160930431014942541756123461494084580462691461526979093628374859048
170,305,989262352893088988341171035962769297171383366756677,62401326867746834431090443392619031538364568958594010163018334561383662051796
170,305,909397968195047543655028583203946909987176267914223,33998575282111038851970171268118328636904365034658712491943899728590780340551
170,305,925236946975871934740422106262475370042228261682898,82795983477209161915201375581377020208266997514621009376146300403582789816290
170,305,1313165281613829692956369848092530379646176643114435,19035034729973921240300058978896713702699994398513719290909067431286290216133
170,305,749351980083705513936240241188708967088389327092461,99307828208469753178173127347900823704474059383142176903333039238816393684080
170,305,806186453900910277731423448491941168470659079478203,103915479412940981600050862270137515224633855157824785552797717164539064261374
170,305,1496150952843793913860757207919520233494155196547707,76107080276587541483960440066821800387751052154770004772332037026365315872872
170,305,1453200437876834955276792810334215963362977930148946,53134117387643301378159586642531241765208358866887282841430764546189827912683
170,305,1183047797600484290960999878412034563919324306839337,3019504133302775414967719433750881069387747480600009330106766575005887118441
170,305,809461395490297111637970149204466895855124085608384,52019904260539513900045597448180805600929450256763988130683264547960190969562
170,305,751616797556331460544356657629224114783483091055358,111642207929371631427803394619086025021548525623040287382439367111526738801079
170,305,1104538510670355826513983187703303289546117731595395,9925955895095400991661353040729473247157094759728939457602207369542924548788
170,305,1255039726190226410283883516794810583345494519372912,110128317162241226115509699488152579266379234733846163436992597401202234759191
170,305,909040043843535356362848638083534575352359590113657,85620068680571687266540021284190642405894571910875786564803455916405162604375
170,305,1381804476350769168947662899526936636614437565756649,17307265507913297983103316585430091308501595985468301525833804621756323449892
170,305,1050138846295797502069599814253588865303619971875467,23115755825599211189826707470073555800464714085067979945920183618388586917561
170,305,832786078830065466399508523463734193988411415362303,97056209380762153794137920663559234741661230840914722439373027426655875530992
170,305,1187803671704607447769585197071253379764508545008794,106824303733136345339932194646967968129627922345483888876102341179277742995747
170,305,766778355642997084911263092074251475401455345437044,86865366325152542944122402103725532761937268147423173286939835254357651804511
170,305,1399785269000672602079001494652859245635060054606000,44545174863055128499143733584815248234748977669315682937079393332723601205589
170,305,859730273894812334300566425947372785603585127374792,75085753571886259271865612371819897090146477276906691462087942298014611737568
170,305,1335933861843151865547738296391987478479809365782160,11224254588817007616826914427182097665325085307783515196490656576103434883671
170,305,1244484976878987748751586433592227496144332326597733,39256709161793795317146264498583217179292376809847214546901690753892402795210
170,305,1113696064185744283451597319159296953499464788834459,21147707494729875110733108362499603041505147842633938429583994107929321625329
170,305,957474218232769323857311941240936820645961723880563,45976593739992553268863819710773158919615621951589753734996670712634685191344
170,305,1178391909757179838523101736004411140627114827371853,43277457587592198771807867439807011052690244876570096179984528975073222599789
170,305,1367563477705082853692721419995420989928186870320079,43113023686857997112590738276709632494194330734469839004129637913642934623584
170,305,1160850170905263747778139115256367040888686703571585,51704489523734405238983749000157845792566995610432382719998868557783399191427
170,305,915028218214033326721231940154889178558854955582306,37490354332741552338482200409414945157680144220778011930034775351979494729366
170,305,767293874823980606011092799610273636004393236663223,86537755784536605980799436098781271040340532041986464259086789880795582947319
170,305,896882418058174845018122254320137404715330271495645,101947445745940410476686478663507315364287750529852238909081218042246557456970
170,305,955187049443864038129768226810111517440069517142052,16386300010341521808266154219006855664458073508341282170720819116120154695911
170,305,1203083437726842927395186848756064142189511783893663,103208032682431992500741298396188875597141933329278200118182834953328034207316
170,305,854314342083321194782656337501567485152106468967249,6957420097470869170015072333444035395881614911308681982555243973987056974676
170,305,1280868896957839547651115755935387157038047809098449,62701790157500195256770588573473674619738990293049931505438233306309687467721
170,305,750810100134416878562401148329001404686979003238631,29548487385558613595388959283881173261861853028093982356183356029663891097571
170,305,870406055062772730466511850835184598898115141916054,66710801240971415728665748250009473417054598829087727652493022809637197642083
170,305,1090310476109793154361548418029506221561559034707305,101711349330877453289409800772958161663298844491739498318448988420949916877473
170,305,1011903506276126675509094164508254827015051209519227,110658937194380066481198837302033088333729620846333612042643526847810861694244
170,305,1220762452419553110791546787846532225948677144325441,14550678512385265889688587504184050492649510905366009483086951149712342402499
170,305,904380050407945382809913205354725713099748475593949,77577223660678345086407928032734708575565403305617425869401794860911313416412
170,305,867345426011013357047894141188716793298210013174990,24656956694036313996727232531538846455549641967347860425442761502978346654466
170,305,837681176277138932437010091000197423174160962976238,14627794329528256062715394527629064331171431947229921996705581605176431763922
170,305,861819678662398690342616130874119378305050982243646,61477296690357584529832658295841124461676162828415503642496735451571485897681
170,305,878393779490483535177553805440631994386736020294696,111071687259387686943561240511605359772327651497629770300386054473125397445426
170,305,1301235931022221311175364690449394432787705261418341,81058648600523708837934495362407739960964639055215274671082347385901800773471
170,305,1249423380284327887011190597427024941868133804420452,96667539324896824061019899324637641482162121119082345752589488853816605918911
170,305,1374237773158021569631506559087125133442464497149842,107153668277403293719235048349775812686086538300697654437136858306872260539815
170,305,1213536449088667834788493828435494989048699413367950,69565473743266386546654511666432888637152835362353982792801148082812145174239
170,305,937202420423792113946539643656488935561618218601034,61942750344920453922626657078598334859699225856162507212964223640975960092454
170,305,1195174793288524137423738653940438137676685892493173,107179222761022929176239086750338302601817601313694093090063811346127664043064
170,305,779514928723471019705017216657820447800921158240168,91506264653687511595024792243599616321446703189865258867637709337716172878905
170,305,1065655990620811186180928827054718041575466238484719,70697783021062247127570192129009678973518431265339625447440693885725014206152
170,305,1169156803626919928533729961063584576847501152200355,53425534671968163224985859952863247899911260872077618780973470888872043931630
170,305,1447375800955462623405427129516890449890762407025648,85260006412627378959123495471027390559199495354601970947837817094869538588639
170,305,1403072300212790142614806716750821881111929227168683,55987732006311968578040161822595203810013239504016829139422775176196298528307
170,305,1285876224251945936330362387019230829699850448616572,100323298571720022001559691245114382282189322622689947356919643663297694142342
170,305,770792979540596300607526023789529360319689190012875,97189593385757323707173859468065307285255341245358941275386935030909175722401
170,305,1022695249722148117519088932544761323785392951071017,82727858632379259821037845586785949668529177686990495740698289879221702913386
170,305,901189562617992652943211529070052232706718086262822,48958417974797691783736793045137530668928918295476440193170416346335465526525
170,305,1191835790030133284865848655195482628974780659306664,59697478245703076267598134329248632529206412119040953831931191301839559642410
170,305,1377321990024856906054702642226073947204865981094804,108086359923791063729477428142237739034002905707395760240875946251264445579651
170,305,1225354591400738839871645343382755369062807757661351,104583214398976651808876214917986950735809199177001919696277764695377698369013
170,305,1475027500351465572975581292250262195949480499286163,43980379199847914004396668848537438149702484655529924336954439132422356751306
170,305,867666966128326684214977935858205874279790708100341,48174534842669707003443004970319800833255754942123637223523024833450428555812
170,305,1489636723189133454691373347175117168856399726475410,91496607684763261788348801826694513700674789296168066823466700066045947391716
170,305,1104047595897178234211553724524570708453258013693330,90473580700979735968661504628062957570309837954780629716319158634109157288769
170,305,1473874170558869947383608285042947539271569456061544,2626073301801285714185498249708827435707749673034027138233127391118684343029
170,305,1003099702323375609253627290213081620999380730602443,35004103254750009193617687968023989553436957463870222251691332084481600391826
170,305,902868160128971743799499572947145578351856906383615,16287746581649824737995131427836410030152884630762605153815000754616335925472
170,305,1417494963840020909518894080030725971762554524297217,54690678622341420172027354578207033162637846136326006168011549717206104211775
170,305,1006128844785238968176839369265215298888676554740756,3428956396230440657855154951066853923156791486164439912967278234651509453901
170,305,1404869478358065691440465245363179778328594488933781,74888819933244112947967098601421540903432437327139312113877943619821111323659
170,305,1170213307298773994525234689107397742286868048058810,20896506212616136251070581131634401729301304531201579031630039403561861931998
170,305,766145132082768598700104786275465991310373158582777,77580434192839555197450360431889965532243451990028886932062357063040931013632
170,305,1325876460022283126275603344861752918503928636656798,38681054489517009054249622296509626678562200207723947373858593429554172953671
170,305,1042613424405231879729442780937518270207709917275587,34726105424953922535409259866781733186360031651115733828858891550369642899569
170,305,1341303444160148564656971531319210747392137676636631,63751355701535705557423098417256439886210220702450628860913399893705452759903
170,305,1243791317316268775906647747519564684207200464371312,37133292205064001014488858247964794246796782899625890447205569285169723065475
170,305,1064202927604781857992240151626069376934993213471588,59021024197069107295592490277786033021892734680260312571778000501730791137622
170,305,1259927643553172119932085946871574377088901581557635,887296277236306685758202282479790246236885116934596319149937626025858056359
170,305,1495688342106617077986449920546523445723444375313509,58959115958905195552210895270729164553599198909337062924089330090329559253716
170,305,1112723202779889567469983386281844814765966242271064,20539061666404443965063868339459134967968609357115479813352684942717868038668
170,305,887263145943953064689884857429295323105375466650967,17272135688812442798030168831427117382238187576835384654096223563630207995069
170,305,897036553022143141911103844756927675857494296445767,22460230201800963445712706329478012924241166178224605131714543360655258185177
170,305,882661507694507646316117932345476025597446240211621,103352632472554101520911235296211388438505465815749312204311299277067762726366
170,305,1140280764294572715879592472361908800232771371631674,80371765116982583017499334179754952778166631078355178133843260298989869777995
170,305,1462781284350195629008470400561074521892942219861061,100398589415028286069402001563808866847233659521547211173175264993219373006136
170,305,1216503431077724978176100568160630407111279625985112,60125204341379239990825333149666971951417343055324550550847336073723751491544
170,305,1272642493827928090782613423191886719068762586303250,40599477270294913996034174552243060733991186703816843613452353934014004095518
170,305,1008739730622925655633216218774497591806497017070902,70432645884659181244732484255502803213105242537697125896942228295355515162463
170,305,998728082742138089138744451441409215813216967867865,17225756073575369054341967683817060504107850825984192304135390342808239745114
170,305,1486934125182330382363064610697969278262566606084221,54909610009499508860073804852988431772627639033843709880409098378530395688120
170,305,976645680848331331685680818260942150630854200412754,82226599072155567322864971645862734061258275625463039551005998945236962429348
170,305,983795599769798074991842340750577810088141421528579,99493040938548304938208841218298892574229353363739019124828514804843862148397
170,305,1178079364257530495125017475709294261572088855209792,43662252816650727893668686923333923787433062477893455950244607560774227928712
170,305,1199665853094779810809614147853604859979293182976133,44311973237916671483196158138298912594995449720812237024165075589776574694866
170,305,1217306364363642322701183075355402848875983712204038,112588898803489461979942375382147514866054451601152569980356044511938525096444
170,305,766331128906096986796694961131493782580770377550833,75681273493683427195938018117064733131257174415257080520535948726898638872444
170,305,1382896444732509420184158685971512156347604990504125,76378796456505022661961283024022159604359394995817005336654406583325402062900
170,305,1321887579597163892361451587426787641782809139538072,57010375821982069534489219148016216157967330220383172071735728959545004842429
170,305,1462226121094337396008141898954299999046106788556264,79233672132968846934781506495203298225033667429677664953741260556445750175956
170,305,1216508550739244825708172366964416567951120221239147,111281489380313258712244037368413571078184821378499959563878058849237316309011
170,305,1481571777346365997850961481906863577245947752509462,93160158470058852598091982079053296100793357933537765265966449262052104413968
170,305,1401790577154120598959926405507411167468496314720363,44767250631417155955736270249177293808064526461372430937835416398353355840129
170,305,1278738429421302967496688671330330597712772252920214,56250298652906529299386039492029332939828924400285411580046281210479092520766
170,305,874136804159133766334688478021487419259837831714036,72005000104668211146849655498835534585172639094400667836894759062516815029087
170,305,1489695866297928783508060770945323818192412642631498,55356898860295480051400085752355975715466342925837951173210505259631288131901
170,305,1418414881699399910375157555569933976005245993345856,80371765208318058688283002197634146871929924259719801359034029272860673715500
170,305,791769019407340224464980441427433045266767338284176,107045846682660758243725120745455975563744645299464234667956396492056940559536
170,305,1403560928010292495506710457765474908185179812340336,12951966753348300298177628688584005023344431890730325964228318797294176840855
170,305,1330240458858305459622620177501326434270159341924139,77770290306923473077671339530902587155378149162901504434864221019343392607977
170,305,985579020854774499110277509309688613972121374970624,44275402923329761495302323089887509074562708208982910501592836153400188594230
170,305,846328732769948296058521110763166970752937659446160,11468975699337186915708094409018308961593133995155885693310687670420157091592
170,305,846173248168397091326458399462777812509844762171018,64625299137432556624497428767382208878941096797922887626383860537432073769793
170,305,1051596384016871190630963921156993994418082900829631,30619179103819619316970833735466125979201495985888362773249262198648179639892
170,305,1354955386444476887965311864212984394887403272422809,62302587955439416041780181035886767233949074184656621253202801762380182107257
170,305,1251447113359114675036711741214130719165410397004171,38581008219618433862360078875463428385912381902019834278980756700447705522606
170,305,1188275692159796856326896707348870917995936950234442,96936088623375327794851506603872357758773241983095945666825568702475853841709
170,305,1254653580453515669204951946504022726900451473248090,38165717515310017965418300656595927617998965046290984169541733950654899868618
170,305,1433711258835371486946322549457618104195581873328576,7481663082674434839767056394580903289761424271959436088500267084328359535761
170,305,806301384293017372258395560069049274803918303232766,83772296617535466758311616419597297950381352864963730231075384147463703549064
170,305,819366530148055022070795467885129929777433930892954,86396538497592361139429535758431740137523835191753795730346444051795126529773
170,305,1018894534502559351292619806659398572840139878082955,50254289854054318320373979512644821370652157394790902300374019770302982411384
170,305,1391217351127649117427157281929781123644005042855406,22458805121634319453355598733706338834892504276639951495732989872032939105615
170,305,792636746379974694711381033507074553969406788549642,44957971448188671823689143252382735619883350812525030172126205078526001479444
170,305,1003906691750796816650290691985673541403488512618074,41955647719622815915001956741563826051580796882926565238876396140742661850296
170,305,1346643292290779074339542692151869846182146423983793,37490721406143683484262546060912021940298236354415956852994812904008002677985
170,305,1178449216037031099197197702248342843736303608936454,93426773029791615729747794335692951587803151929081437574812187822937051456619
170,305,1468119227038938223539044583034952613194103344519606,13917256887362400432072900216894707024096462067297813991434934034569400362072
170,305,1245529586563076343735825700046396589622212516429089,110377547966851348275431330494241829495917551627931807633094305284790981483874
170,305,930335338320355497207644093076369853205789811885182,61889650905709614557815325256177476365100540403901132235072200185750262851220
170,305,1419804535388291641677256621440263147342274235511452,58252944124415055108358023687374616567541985046196420644246350124307089532226
170,305,897577373326283796996713527528835769190842705415964,10431148676505405763129110695412844622744227668798530267836404065725995745513
170,305,930103729230119849431576031375928342054994014941512,63309007912928281655454839673867759151697465803277401428516338093429097646053
170,305,1109990795265853323428724687241483431033667826082987,69543339355280427120194988115562096254313606569761008056573960695770461680072
170,305,1295186436090416743618607077235945774445615797909528,20855243936286204710666900393955824258829845365610385381292913961139615867684
170,305,782074302801237224682431570729825147691935339526987,17238835333334419835174338646538283044560952571139554249227285787471940889583
170,305,1210156876204390455801605740156601214101752879842406,92796318413142151604630805678819857020828987145414674034447556964141260412623
170,305,994913336093311812167609520040192691539951880272144,73834161451324521952162047058123337138198999731439650109079607994312817134839
170,305,899138059959668220423780542579883058674303663591440,106284543973317599947019653413181873216985126854659392163623230810752740253786
170,305,900598398102602074280445512673994357045222127148886,89433500572145323349027049010920195726313927103582108471400628229274077463680
170,305,1391603995489317720285878630993905948744534987784144,19175503127946584983370338799107176657127598501699744656809067096420469877141
170,305,1222393244477802037373823917396245270453527197889714,102715612160215652383218788841274877972947753226090406027679569103635986497567
170,305,1193101823870365930279461678872995623562648746555709,38727024355405689063971247395145095024656762588610202260625356226085520155600
170,305,1007265478395791508023034691739037053370793214006174,2757412100053502962194603413551526759782392075134227183221238637582434930713
170,305,1423611168411166014650186770945680385818631622541446,3355252353946037873543253637391365868121738125109291793289990938247237976748
170,305,1106341679349288841593405836682149230128785056526104,93887341872052212135506282114148713241460109879112873087860919051245867869516
170,305,1039882520475732217567669584438400350216144379230390,78959649527540448713870328331961939308608678022538569266758344267060303591024
170,305,870416253373794635969637272913267211071692589946827,101980053001437569472868597821192155385184218880110894197099221137887668707256
170,305,1376290365668937934084195978157493018226357768402885,42644417054602127101516624165786841616145670330267388724670238675770757910850
170,305,911491784911573739923323001549150246308093462451702,41463708374550484215187804305451591923568604527017011237595538866029889576787
170,305,1179583381584598205230191476220707502589286421891403,115118058342879149945169490175556595220784060036544811038673342973552506916339
170,305,865239226267735359290118410635442983448100500078666,29429140343345571234180625398035183663186314920412292892304943813148622268587
170,305,865421380187406928529436404553694309890567018838190,12247327824558756333287315876222651886030244813188757608084030201871323900893
170,305,1045313647994864349618544460113868633577756987959101,14884085391749247203988311661135973627287195998979772970233063571986207768541
170,305,1459837421663271090304294651624986888163667584721752,18142625048033338422010894098459851858283378283289165766016506096864338853166
170,305,1285403973528802532595466259670999606564353976081853,107855282748521704670016662261362486864674981622771194000087277322699088764478
170,305,1442275364464160204972242731420872992048006472997729,34090660905927285900628270824975768168511140389061911512104976653725692124929
170,305,1475666974086928800324925224826203019077012464008100,47460698851669144771673749044235830126518138997781743767069650688489094682391
170,305,1436996815211634667141847315455068356607676361339055,59295530199022194509418675700877854673769413400669319050092852311235978751545
170,305,1352557950809588258729665263419161352871122245125772,90558197560224965480306522993684052774932234387802114898252672470438313227800
170,305,1096706889940952109889521627497529067352556666138579,47439782421917028908018790368305255965455641041743695727080182596673020419189
170,305,1489603364037425611089611377675125104795540465519805,96551970896325691065129029597953490533071204347358289369318146436334217530044
170,305,1221369461920822828343295468426311482060333828783277,31421856765753104387224501859070573354347500736086389746386403721175905731296
170,305,1080570867158827633143923087651654918328840995003381,100418455201241836898921841014301631671907767950395468645540161532500056032198
170,305,757361854427785671869182592001976053005868088875521,45648315668772721823261778946136031978144536586231192870838333579289693402404
170,305,1030666956034261138124543389663033522388863625743992,20562657117069284505495588597151984183628096352796923546720365795175170316344
170,305,1025605646674360325553127313634035326837393527920285,97137597296125556796393078861259163372415164011693987613356851014456016705258
170,305,1327958351538794960397220608862269336442186709536919,35085322397575517891002292229623584446206739508371261480965184921162250967785
170,305,1288073463992209737250730163063795275930493285837526,77035502279816039891995867475085884961457996740117026336205016939924205789962
170,305,883812576535512388883376340163243677799120588339358,96286293003502483219404644247320432282686438962708343028847810348113426027066
170,305,807985290239847410132214322778886932558517216213523,43252316450760981985105584336616638838040753775234653528132922410874937498575
170,305,1208246029076709667866934867864272920573519184546599,110528506700288698365695421196934644287841255955048342710948106478728575299810
170,305,1367453856336810126255423890240302655956273142116855,65190294329460841237367232551799286955063225799829139086345780113391446633087
170,305,1243325481346772031279372837718213734999107944337974,20457613822135133254308004389973393870441359196069885710968223099024990770799
170,305,1083473361375934202307081012307495065978157709094024,112871938959761385026466821144785713567955625155865004974915445920665132091226
170,305,1023613220932239248030260109742187822557157428584694,9068966308388900550053489616010396553756792324643878357858783179484338340161
170,305,839770592048278759350746084462779727364648945359336,32460702443572720284559637290243229732212220125905299181078736665571881090143
170,305,820887761164070082516355299525533949828869985369965,5518079497375765197207804293528684485190012954241719856746968760660148580070
170,305,1251185188296061409719699396871388110321687645197878,30192356857553734562783234387398169820079454397686667249340080852852046456652
170,305,950215588090686550469043596365693578965853437052633,15891041316490540051275000493793991319419486699125860697958974295745224104163
170,305,780143510141324642586268318805440177214809822562673,102051599518265357198118632984068175740559971718519709222668103188496530077274
170,305,897646372239047677095857590564485265308500596876577,83933768985366686409303960796121054422486994346003951564415933225084073354483
170,305,925227026364039814825313963202736678803864124666007,29622109537318436468785146846549122356196047694527026874807309064749079220563
170,305,897602325831220273661645722040977231594882275270744,19972719271465161976704577076451524066788821107868332290605887796071187748917
170,305,922079314969483658495319833876969698192179664631110,16216379282633987555058885174376030809274427789683838009576633287336002800795
170,305,1377248281437088175667220691488444003654877688651476,76041930499002916531931296455839759140979332963421346812308018227483390228374
170,305,1323696819163920899586029197859803197898648788777336,81765366039337790531561754788764460010604951150014460826161147492137583558767
170,305,788266468489466206403765091577355627064164113520053,63946657901096666784798508643203086712975110464250912008015385375857152997673
170,305,843023780014797679823310699499853947592346340066433,6388364014062899783718406748526378302061441770170525458205519775247240854183
170,305,781159949475215171756393293265788139170841169256237,3034561370933935670014000308386068495434154871648912698925989829592449158884
170,305,1356631957443073866578325564875249188178711159056869,34442128404969503359703188414539428060095162723966350480173409277617423054614
170,305,1369988421983822806687461320189548500782401950132005,99752104989572098591034675040532553242151442098366322246684945648450821596841
170,305,1256418302676753158008452555411332586140115644788128,41251082301774274607779730932770247180002527718438990841514935212128626675613
170,305,778665883739296803804893762574810187418521870017016,77705657173888282073845822771778515745535745613399568125827518841853036023434
170,305,878961256031349383724138611244016759426574547644782,71948921238735554510576622897548897559092990124458670747609121502613963751524
170,305,947663629876847637070790161626690910302553804908364,47539933650058197668694627470569079550187039439053208551795081394759156714577
170,305,1318448189862617369635578751216648395024184023097630,68355794873854099695267018670010452547823458547069519726030477617281033306212
170,305,1431757970070022071760578474065268121372999951199440,70878479838722902693730732877653743125130597406753588698497174083590483989597
170,305,1210068574505273660021608342119450369775372480284738,7376255185822303827807934470621307664440869199088667465334957064429158180882
170,305,1041372418752306394030444755210116821338746986740321,90536982917906294840230145701874661405592477226536654962773159675710555744457
170,305,1203545097055080673293846844113928298396106790379944,35879502689413820441944525167978024562251290765432039828176418005754546250852
170,305,1161999817931275148044696058470389052620568921743708,75029631823348950916357163822118522370635810276306550211777867271905923467508
170,305,875940933239486725291949467624479039376181194201732,42615145018391832521981264048453473994887989856080812073424574562196780954564
170,305,830088474402652150121652073735241195876463652710119,84226367057944979496678359821346250221669100760280535190525073949029832512435
170,305,1097783535986692383185595775817786111412196200024925,46437081439601019725875323716380022083436891772983222365369280174657468287137
170,305,826034518930772975771015694053000840584755004394728,79400270205922250948341296881911430432800113491464561415154219289967907143892
170,305,928819754273905641412411292827042731680209121944636,88991819141024837343047849446763582921053995547059188289524037213433305385229
170,305,1115437884019776653354303023601552325610341832755070,73538081285127888259115832847026328075243603377532212931726071277909348149129
170,305,1095749069655322571661285010830457739741445659206734,23040789546545107497036770800759824794681903403441653054220623622805665459373
170,305,1270949754638929280491265183539905694126266116041747,59155988870125606444804311449296610458229508765545999928627088606879266245406
170,305,1030730263408882749959297898749338556799086471496325,106235511424599411685517820994180024132256355468177165589272206355323708873768
170,305,986521483745481999276797980459346342313877764521468,3802978930987021156181251686439698552919678495323127401534702286576362716789
170,305,1277085262920480791748049325094307716673868698956001,102196281943946128844599436595687277917219897468561136446661052412066445970420
170,305,1182844148277363460856541598196207048742343861826081,54049011218939491479586091646511852238860751964568669106018459595744733490890
170,305,1348025433307450162508908373264446184933591708710542,56583969586770609385539355143044207535578897547971042100116039915700801571068
170,305,905507804785964045427888257410735543020529334699055,84885058398840817391905120965536494929791230299083923109803043039850042111851
170,305,1347017427156075558452306320164489656466849433104971,53526155458303999770424019589862485767874749639908238101909296566019165453638
170,305,984075070413725465215686754298235955558958695483940,60891587926098174999043708789453220116290002270908555879268058653844166237070
170,305,1219503099054772518136508337518275374027360295279525,71716089677112027201146136512372023002373953235274797136873566424083535546720
170,305,1011356360128814579933303388354884413174741738212416,5156565119062698092933026102541667972468022949759852930361087688120030328479
170,305,874658314406401371468409083101200341448080571163298,107603952546585510089853889926287597435521453681826332581157524915327284814040
170,305,826491149797103317234217664625467130360327822635454,98178629038354304690022887016740086695928773308992823687647605407007062924781
170,305,980157364812001966203549477209450013344010565293507,14601992556547907994383907078180189947922675843076983495976582871861075897059
170,305,1431828449983079596602874335809664268590465613529803,26019346339762861365528675355929899199070511658998976664167602621982544341347
170,305,1077088261198643217785311970707997979609456774245858,112853142354165985446543922117780775385401161805298094172097785941880802322754
170,305,853834176358741838589478858191764820372913933984351,70561015942990885863437345131829038894594963447393247344209326307361242581077
170,305,1296661681331219228832355727670926333453216478196762,69202556183984735358120815323526838119423850197543390132604501777218744743792
170,305,1244641294069064190837389701103489153812841184779290,83547719717427961353835491122971495244068776219617018537058886893692498148574
170,305,837328440744349509038081464104391834027783236073361,90065578707906850231450781847068300949765551486412313893427291121899580315275
170,305,773631014151430811694772015090627425308580154058658,20380351545839631415658736884329509960210712155152666016470296957432409406873
170,305,1473788291109703169758836846398870332821688089772642,90791175032212073782980683499624320402488096982716144230780369589102150305802
